"Task ID","Root Entity","Size of ontology TBox","Size of ontology ABox","Task Type","Answer Type","SPARQL Query","Predicate","Answer","Min Tag Length","Max Tag Length"
"1hop-AnchoviesTopping_AnchoviesTopping_dynamic_1_AnchoviesTopping_dynamic_1-AnchoviesTopping_dynamic_1-isToppingOf-MC","AnchoviesTopping_AnchoviesTopping_dynamic_1",117,31,"Property Assertion","MC","SELECT ?x WHERE { <http://www.example.com/genealogy.owl#AnchoviesTopping_dynamic_1> <http://www.example.com/genealogy.owl#isToppingOf> ?x }","isToppingOf","Capricciosa_0; Capricciosa_22; Capricciosa_27; Capricciosa_29; Capricciosa_32; FourSeasons_26; FourSeasons_43; FourSeasons_67; FourSeasons_71; FourSeasons_77; FourSeasons_88; FourSeasons_92; FourSeasons_94; Napoletana_2; Napoletana_21; Napoletana_25; Napoletana_27; Napoletana_29; Napoletana_30; Napoletana_51; Napoletana_53; Napoletana_6; Napoletana_84; Siciliana_13; Siciliana_40; Siciliana_45; Siciliana_47; Siciliana_5; Siciliana_54; Siciliana_61",2,2
"1hop-AnchoviesTopping_AnchoviesTopping_dynamic_1_AnchoviesTopping_dynamic_1-AnchoviesTopping_dynamic_1-isToppingOf-Capricciosa_0-BIN","AnchoviesTopping_AnchoviesTopping_dynamic_1",117,31,"Property Assertion","BIN","ASK WHERE { <http://www.example.com/genealogy.owl#AnchoviesTopping_dynamic_1> <http://www.example.com/genealogy.owl#isToppingOf> <http://www.example.com/genealogy.owl#Capricciosa_0> }","isToppingOf","TRUE",2,2
"1hop-AnchoviesTopping_AnchoviesTopping_dynamic_1_AnchoviesTopping_dynamic_1-AnchoviesTopping_dynamic_1-isToppingOf-AnchoviesTopping_dynamic_1-NEG-BIN","AnchoviesTopping_AnchoviesTopping_dynamic_1",117,31,"Property Assertion","BIN","ASK WHERE { <http://www.example.com/genealogy.owl#AnchoviesTopping_dynamic_1> <http://www.example.com/genealogy.owl#isToppingOf> <http://www.example.com/genealogy.owl#AnchoviesTopping_dynamic_1> }","isToppingOf","FALSE",2,2
"1hop-AnchoviesTopping_AnchoviesTopping_dynamic_1_AnchoviesTopping_dynamic_1-AnchoviesTopping_dynamic_1-rdf:type-FishTopping-BIN","AnchoviesTopping_AnchoviesTopping_dynamic_1",117,31,"Membership","BIN","ASK WHERE { <http://www.example.com/genealogy.owl#AnchoviesTopping_dynamic_1> <http://www.w3.org/1999/02/22-rdf-syntax-ns#type> <http://www.example.com/genealogy.owl#FishTopping> }","rdf:type","TRUE",2,2
"1hop-AnchoviesTopping_AnchoviesTopping_dynamic_1_AnchoviesTopping_dynamic_1-AnchoviesTopping_dynamic_1-rdf:type-American-NEG-BIN","AnchoviesTopping_AnchoviesTopping_dynamic_1",117,31,"Membership","BIN","ASK WHERE { <http://www.example.com/genealogy.owl#AnchoviesTopping_dynamic_1> <http://www.w3.org/1999/02/22-rdf-syntax-ns#type> <http://www.example.com/genealogy.owl#American> }","rdf:type","FALSE",2,2
"1hop-AnchoviesTopping_AnchoviesTopping_dynamic_1_AnchoviesTopping_dynamic_1-AnchoviesTopping_dynamic_1-rdf:type-MC","AnchoviesTopping_AnchoviesTopping_dynamic_1",117,31,"Membership","MC","SELECT ?x WHERE { <http://www.example.com/genealogy.owl#AnchoviesTopping_dynamic_1> <http://www.w3.org/1999/02/22-rdf-syntax-ns#type> ?x }","rdf:type","DomainConcept; FishTopping; Food; PizzaTopping",2,2
"1hop-ArtichokeTopping_ArtichokeTopping_dynamic_1_ArtichokeTopping_dynamic_1-ArtichokeTopping_dynamic_1-rdf:type-MC","ArtichokeTopping_ArtichokeTopping_dynamic_1",117,8,"Membership","MC","SELECT ?x WHERE { <http://www.example.com/genealogy.owl#ArtichokeTopping_dynamic_1> <http://www.w3.org/1999/02/22-rdf-syntax-ns#type> ?x }","rdf:type","DomainConcept; Food; PizzaTopping; VegetableTopping",2,2
"1hop-ArtichokeTopping_ArtichokeTopping_dynamic_1_ArtichokeTopping_dynamic_1-ArtichokeTopping_dynamic_1-isToppingOf-MC","ArtichokeTopping_ArtichokeTopping_dynamic_1",117,8,"Property Assertion","MC","SELECT ?x WHERE { <http://www.example.com/genealogy.owl#ArtichokeTopping_dynamic_1> <http://www.example.com/genealogy.owl#isToppingOf> ?x }","isToppingOf","Siciliana_13; Siciliana_40; Siciliana_45; Siciliana_47; Siciliana_5; Siciliana_54; Siciliana_61",2,2
"1hop-ArtichokeTopping_ArtichokeTopping_dynamic_1_ArtichokeTopping_dynamic_1-ArtichokeTopping_dynamic_1-isToppingOf-Siciliana_13-BIN","ArtichokeTopping_ArtichokeTopping_dynamic_1",117,8,"Property Assertion","BIN","ASK WHERE { <http://www.example.com/genealogy.owl#ArtichokeTopping_dynamic_1> <http://www.example.com/genealogy.owl#isToppingOf> <http://www.example.com/genealogy.owl#Siciliana_13> }","isToppingOf","TRUE",2,2
"1hop-ArtichokeTopping_ArtichokeTopping_dynamic_1_ArtichokeTopping_dynamic_1-ArtichokeTopping_dynamic_1-isToppingOf-ArtichokeTopping_dynamic_1-NEG-BIN","ArtichokeTopping_ArtichokeTopping_dynamic_1",117,8,"Property Assertion","BIN","ASK WHERE { <http://www.example.com/genealogy.owl#ArtichokeTopping_dynamic_1> <http://www.example.com/genealogy.owl#isToppingOf> <http://www.example.com/genealogy.owl#ArtichokeTopping_dynamic_1> }","isToppingOf","FALSE",2,2
"1hop-ArtichokeTopping_ArtichokeTopping_dynamic_1_ArtichokeTopping_dynamic_1-ArtichokeTopping_dynamic_1-rdf:type-Food-BIN","ArtichokeTopping_ArtichokeTopping_dynamic_1",117,8,"Membership","BIN","ASK WHERE { <http://www.example.com/genealogy.owl#ArtichokeTopping_dynamic_1> <http://www.w3.org/1999/02/22-rdf-syntax-ns#type> <http://www.example.com/genealogy.owl#Food> }","rdf:type","TRUE",4,4
"1hop-ArtichokeTopping_ArtichokeTopping_dynamic_1_ArtichokeTopping_dynamic_1-ArtichokeTopping_dynamic_1-rdf:type-American-NEG-BIN","ArtichokeTopping_ArtichokeTopping_dynamic_1",117,8,"Membership","BIN","ASK WHERE { <http://www.example.com/genealogy.owl#ArtichokeTopping_dynamic_1> <http://www.w3.org/1999/02/22-rdf-syntax-ns#type> <http://www.example.com/genealogy.owl#American> }","rdf:type","FALSE",4,4
"1hop-AsparagusTopping_AsparagusTopping_dynamic_1_AsparagusTopping_dynamic_1-AsparagusTopping_dynamic_1-rdf:type-MC","AsparagusTopping_AsparagusTopping_dynamic_1",117,9,"Membership","MC","SELECT ?x WHERE { <http://www.example.com/genealogy.owl#AsparagusTopping_dynamic_1> <http://www.w3.org/1999/02/22-rdf-syntax-ns#type> ?x }","rdf:type","DomainConcept; Food; PizzaTopping; VegetableTopping",2,2
"1hop-AsparagusTopping_AsparagusTopping_dynamic_1_AsparagusTopping_dynamic_1-AsparagusTopping_dynamic_1-isToppingOf-MC","AsparagusTopping_AsparagusTopping_dynamic_1",117,9,"Property Assertion","MC","SELECT ?x WHERE { <http://www.example.com/genealogy.owl#AsparagusTopping_dynamic_1> <http://www.example.com/genealogy.owl#isToppingOf> ?x }","isToppingOf","Parmense_0; Parmense_11; Parmense_18; Parmense_64; Parmense_71; Parmense_76; Parmense_77; Parmense_87",2,2
"1hop-AsparagusTopping_AsparagusTopping_dynamic_1_AsparagusTopping_dynamic_1-AsparagusTopping_dynamic_1-rdf:type-Food-BIN","AsparagusTopping_AsparagusTopping_dynamic_1",117,9,"Membership","BIN","ASK WHERE { <http://www.example.com/genealogy.owl#AsparagusTopping_dynamic_1> <http://www.w3.org/1999/02/22-rdf-syntax-ns#type> <http://www.example.com/genealogy.owl#Food> }","rdf:type","TRUE",4,4
"1hop-AsparagusTopping_AsparagusTopping_dynamic_1_AsparagusTopping_dynamic_1-AsparagusTopping_dynamic_1-rdf:type-American-NEG-BIN","AsparagusTopping_AsparagusTopping_dynamic_1",117,9,"Membership","BIN","ASK WHERE { <http://www.example.com/genealogy.owl#AsparagusTopping_dynamic_1> <http://www.w3.org/1999/02/22-rdf-syntax-ns#type> <http://www.example.com/genealogy.owl#American> }","rdf:type","FALSE",4,4
"1hop-AsparagusTopping_AsparagusTopping_dynamic_1_AsparagusTopping_dynamic_1-AsparagusTopping_dynamic_1-isToppingOf-Parmense_0-BIN","AsparagusTopping_AsparagusTopping_dynamic_1",117,9,"Property Assertion","BIN","ASK WHERE { <http://www.example.com/genealogy.owl#AsparagusTopping_dynamic_1> <http://www.example.com/genealogy.owl#isToppingOf> <http://www.example.com/genealogy.owl#Parmense_0> }","isToppingOf","TRUE",2,2
"1hop-AsparagusTopping_AsparagusTopping_dynamic_1_AsparagusTopping_dynamic_1-AsparagusTopping_dynamic_1-isToppingOf-AsparagusTopping_dynamic_1-NEG-BIN","AsparagusTopping_AsparagusTopping_dynamic_1",117,9,"Property Assertion","BIN","ASK WHERE { <http://www.example.com/genealogy.owl#AsparagusTopping_dynamic_1> <http://www.example.com/genealogy.owl#isToppingOf> <http://www.example.com/genealogy.owl#AsparagusTopping_dynamic_1> }","isToppingOf","FALSE",2,2
"1hop-CajunSpiceTopping_CajunSpiceTopping_dynamic_1_CajunSpiceTopping_dynamic_1-CajunSpiceTopping_dynamic_1-rdf:type-MC","CajunSpiceTopping_CajunSpiceTopping_dynamic_1",117,10,"Membership","MC","SELECT ?x WHERE { <http://www.example.com/genealogy.owl#CajunSpiceTopping_dynamic_1> <http://www.w3.org/1999/02/22-rdf-syntax-ns#type> ?x }","rdf:type","DomainConcept; Food; HerbSpiceTopping; PizzaTopping",2,2
"1hop-CajunSpiceTopping_CajunSpiceTopping_dynamic_1_CajunSpiceTopping_dynamic_1-CajunSpiceTopping_dynamic_1-isToppingOf-MC","CajunSpiceTopping_CajunSpiceTopping_dynamic_1",117,10,"Property Assertion","MC","SELECT ?x WHERE { <http://www.example.com/genealogy.owl#CajunSpiceTopping_dynamic_1> <http://www.example.com/genealogy.owl#isToppingOf> ?x }","isToppingOf","PolloAdAstra_23; PolloAdAstra_30; PolloAdAstra_38; PolloAdAstra_39; PolloAdAstra_62; PolloAdAstra_70; PolloAdAstra_80; PolloAdAstra_81; PolloAdAstra_9",2,2
"1hop-CajunSpiceTopping_CajunSpiceTopping_dynamic_1_CajunSpiceTopping_dynamic_1-CajunSpiceTopping_dynamic_1-rdf:type-Food-BIN","CajunSpiceTopping_CajunSpiceTopping_dynamic_1",117,10,"Membership","BIN","ASK WHERE { <http://www.example.com/genealogy.owl#CajunSpiceTopping_dynamic_1> <http://www.w3.org/1999/02/22-rdf-syntax-ns#type> <http://www.example.com/genealogy.owl#Food> }","rdf:type","TRUE",4,4
"1hop-CajunSpiceTopping_CajunSpiceTopping_dynamic_1_CajunSpiceTopping_dynamic_1-CajunSpiceTopping_dynamic_1-rdf:type-American-NEG-BIN","CajunSpiceTopping_CajunSpiceTopping_dynamic_1",117,10,"Membership","BIN","ASK WHERE { <http://www.example.com/genealogy.owl#CajunSpiceTopping_dynamic_1> <http://www.w3.org/1999/02/22-rdf-syntax-ns#type> <http://www.example.com/genealogy.owl#American> }","rdf:type","FALSE",4,4
"1hop-CajunSpiceTopping_CajunSpiceTopping_dynamic_1_CajunSpiceTopping_dynamic_1-CajunSpiceTopping_dynamic_1-isToppingOf-PolloAdAstra_23-BIN","CajunSpiceTopping_CajunSpiceTopping_dynamic_1",117,10,"Property Assertion","BIN","ASK WHERE { <http://www.example.com/genealogy.owl#CajunSpiceTopping_dynamic_1> <http://www.example.com/genealogy.owl#isToppingOf> <http://www.example.com/genealogy.owl#PolloAdAstra_23> }","isToppingOf","TRUE",2,2
"1hop-CajunSpiceTopping_CajunSpiceTopping_dynamic_1_CajunSpiceTopping_dynamic_1-CajunSpiceTopping_dynamic_1-isToppingOf-CajunSpiceTopping_dynamic_1-NEG-BIN","CajunSpiceTopping_CajunSpiceTopping_dynamic_1",117,10,"Property Assertion","BIN","ASK WHERE { <http://www.example.com/genealogy.owl#CajunSpiceTopping_dynamic_1> <http://www.example.com/genealogy.owl#isToppingOf> <http://www.example.com/genealogy.owl#CajunSpiceTopping_dynamic_1> }","isToppingOf","FALSE",2,2
"1hop-CaperTopping_CaperTopping_dynamic_1_CaperTopping_dynamic_1-CaperTopping_dynamic_1-isToppingOf-MC","CaperTopping_CaperTopping_dynamic_1",117,32,"Property Assertion","MC","SELECT ?x WHERE { <http://www.example.com/genealogy.owl#CaperTopping_dynamic_1> <http://www.example.com/genealogy.owl#isToppingOf> ?x }","isToppingOf","Capricciosa_0; Capricciosa_22; Capricciosa_27; Capricciosa_29; Capricciosa_32; FourSeasons_26; FourSeasons_43; FourSeasons_67; FourSeasons_71; FourSeasons_77; FourSeasons_88; FourSeasons_92; FourSeasons_94; Napoletana_2; Napoletana_21; Napoletana_25; Napoletana_27; Napoletana_29; Napoletana_30; Napoletana_51; Napoletana_53; Napoletana_6; Napoletana_84; Veneziana_3; Veneziana_45; Veneziana_48; Veneziana_59; Veneziana_8; Veneziana_87; Veneziana_91; Veneziana_97",2,2
"1hop-CaperTopping_CaperTopping_dynamic_1_CaperTopping_dynamic_1-CaperTopping_dynamic_1-rdf:type-MC","CaperTopping_CaperTopping_dynamic_1",117,32,"Membership","MC","SELECT ?x WHERE { <http://www.example.com/genealogy.owl#CaperTopping_dynamic_1> <http://www.w3.org/1999/02/22-rdf-syntax-ns#type> ?x }","rdf:type","DomainConcept; Food; PizzaTopping; VegetableTopping",2,2
"1hop-CaperTopping_CaperTopping_dynamic_1_CaperTopping_dynamic_1-CaperTopping_dynamic_1-isToppingOf-Capricciosa_0-BIN","CaperTopping_CaperTopping_dynamic_1",117,32,"Property Assertion","BIN","ASK WHERE { <http://www.example.com/genealogy.owl#CaperTopping_dynamic_1> <http://www.example.com/genealogy.owl#isToppingOf> <http://www.example.com/genealogy.owl#Capricciosa_0> }","isToppingOf","TRUE",2,2
"1hop-CaperTopping_CaperTopping_dynamic_1_CaperTopping_dynamic_1-CaperTopping_dynamic_1-isToppingOf-CaperTopping_dynamic_1-NEG-BIN","CaperTopping_CaperTopping_dynamic_1",117,32,"Property Assertion","BIN","ASK WHERE { <http://www.example.com/genealogy.owl#CaperTopping_dynamic_1> <http://www.example.com/genealogy.owl#isToppingOf> <http://www.example.com/genealogy.owl#CaperTopping_dynamic_1> }","isToppingOf","FALSE",2,2
"1hop-CaperTopping_CaperTopping_dynamic_1_CaperTopping_dynamic_1-CaperTopping_dynamic_1-rdf:type-Food-BIN","CaperTopping_CaperTopping_dynamic_1",117,32,"Membership","BIN","ASK WHERE { <http://www.example.com/genealogy.owl#CaperTopping_dynamic_1> <http://www.w3.org/1999/02/22-rdf-syntax-ns#type> <http://www.example.com/genealogy.owl#Food> }","rdf:type","TRUE",4,4
"1hop-CaperTopping_CaperTopping_dynamic_1_CaperTopping_dynamic_1-CaperTopping_dynamic_1-rdf:type-American-NEG-BIN","CaperTopping_CaperTopping_dynamic_1",117,32,"Membership","BIN","ASK WHERE { <http://www.example.com/genealogy.owl#CaperTopping_dynamic_1> <http://www.w3.org/1999/02/22-rdf-syntax-ns#type> <http://www.example.com/genealogy.owl#American> }","rdf:type","FALSE",4,4
"1hop-ChickenTopping_ChickenTopping_dynamic_1_ChickenTopping_dynamic_1-ChickenTopping_dynamic_1-isToppingOf-MC","ChickenTopping_ChickenTopping_dynamic_1",117,10,"Property Assertion","MC","SELECT ?x WHERE { <http://www.example.com/genealogy.owl#ChickenTopping_dynamic_1> <http://www.example.com/genealogy.owl#isToppingOf> ?x }","isToppingOf","PolloAdAstra_23; PolloAdAstra_30; PolloAdAstra_38; PolloAdAstra_39; PolloAdAstra_62; PolloAdAstra_70; PolloAdAstra_80; PolloAdAstra_81; PolloAdAstra_9",2,2
"1hop-ChickenTopping_ChickenTopping_dynamic_1_ChickenTopping_dynamic_1-ChickenTopping_dynamic_1-rdf:type-MC","ChickenTopping_ChickenTopping_dynamic_1",117,10,"Membership","MC","SELECT ?x WHERE { <http://www.example.com/genealogy.owl#ChickenTopping_dynamic_1> <http://www.w3.org/1999/02/22-rdf-syntax-ns#type> ?x }","rdf:type","DomainConcept; Food; MeatTopping; PizzaTopping",2,3
"1hop-ChickenTopping_ChickenTopping_dynamic_1_ChickenTopping_dynamic_1-ChickenTopping_dynamic_1-isToppingOf-PolloAdAstra_23-BIN","ChickenTopping_ChickenTopping_dynamic_1",117,10,"Property Assertion","BIN","ASK WHERE { <http://www.example.com/genealogy.owl#ChickenTopping_dynamic_1> <http://www.example.com/genealogy.owl#isToppingOf> <http://www.example.com/genealogy.owl#PolloAdAstra_23> }","isToppingOf","TRUE",2,2
"1hop-ChickenTopping_ChickenTopping_dynamic_1_ChickenTopping_dynamic_1-ChickenTopping_dynamic_1-isToppingOf-ChickenTopping_dynamic_1-NEG-BIN","ChickenTopping_ChickenTopping_dynamic_1",117,10,"Property Assertion","BIN","ASK WHERE { <http://www.example.com/genealogy.owl#ChickenTopping_dynamic_1> <http://www.example.com/genealogy.owl#isToppingOf> <http://www.example.com/genealogy.owl#ChickenTopping_dynamic_1> }","isToppingOf","FALSE",2,2
"1hop-ChickenTopping_ChickenTopping_dynamic_1_ChickenTopping_dynamic_1-ChickenTopping_dynamic_1-rdf:type-Food-BIN","ChickenTopping_ChickenTopping_dynamic_1",117,10,"Membership","BIN","ASK WHERE { <http://www.example.com/genealogy.owl#ChickenTopping_dynamic_1> <http://www.w3.org/1999/02/22-rdf-syntax-ns#type> <http://www.example.com/genealogy.owl#Food> }","rdf:type","TRUE",4,4
"1hop-ChickenTopping_ChickenTopping_dynamic_1_ChickenTopping_dynamic_1-ChickenTopping_dynamic_1-rdf:type-American-NEG-BIN","ChickenTopping_ChickenTopping_dynamic_1",117,10,"Membership","BIN","ASK WHERE { <http://www.example.com/genealogy.owl#ChickenTopping_dynamic_1> <http://www.w3.org/1999/02/22-rdf-syntax-ns#type> <http://www.example.com/genealogy.owl#American> }","rdf:type","FALSE",4,4
"1hop-FourCheesesTopping_FourCheesesTopping_dynamic_1_FourCheesesTopping_dynamic_1-FourCheesesTopping_dynamic_1-isToppingOf-QuattroFormaggi_37-BIN","FourCheesesTopping_FourCheesesTopping_dynamic_1",117,11,"Property Assertion","BIN","ASK WHERE { <http://www.example.com/genealogy.owl#FourCheesesTopping_dynamic_1> <http://www.example.com/genealogy.owl#isToppingOf> <http://www.example.com/genealogy.owl#QuattroFormaggi_37> }","isToppingOf","TRUE",2,2
"1hop-FourCheesesTopping_FourCheesesTopping_dynamic_1_FourCheesesTopping_dynamic_1-FourCheesesTopping_dynamic_1-isToppingOf-FourCheesesTopping_dynamic_1-NEG-BIN","FourCheesesTopping_FourCheesesTopping_dynamic_1",117,11,"Property Assertion","BIN","ASK WHERE { <http://www.example.com/genealogy.owl#FourCheesesTopping_dynamic_1> <http://www.example.com/genealogy.owl#isToppingOf> <http://www.example.com/genealogy.owl#FourCheesesTopping_dynamic_1> }","isToppingOf","FALSE",2,2
"1hop-FourCheesesTopping_FourCheesesTopping_dynamic_1_FourCheesesTopping_dynamic_1-FourCheesesTopping_dynamic_1-isToppingOf-MC","FourCheesesTopping_FourCheesesTopping_dynamic_1",117,11,"Property Assertion","MC","SELECT ?x WHERE { <http://www.example.com/genealogy.owl#FourCheesesTopping_dynamic_1> <http://www.example.com/genealogy.owl#isToppingOf> ?x }","isToppingOf","QuattroFormaggi_37; QuattroFormaggi_4; QuattroFormaggi_42; QuattroFormaggi_61; QuattroFormaggi_65; QuattroFormaggi_69; QuattroFormaggi_79; QuattroFormaggi_89; QuattroFormaggi_94; QuattroFormaggi_95",2,2
"1hop-FourCheesesTopping_FourCheesesTopping_dynamic_1_FourCheesesTopping_dynamic_1-FourCheesesTopping_dynamic_1-rdf:type-MC","FourCheesesTopping_FourCheesesTopping_dynamic_1",117,11,"Membership","MC","SELECT ?x WHERE { <http://www.example.com/genealogy.owl#FourCheesesTopping_dynamic_1> <http://www.w3.org/1999/02/22-rdf-syntax-ns#type> ?x }","rdf:type","CheeseTopping; DomainConcept; Food; PizzaTopping",5,5
"1hop-FourCheesesTopping_FourCheesesTopping_dynamic_1_FourCheesesTopping_dynamic_1-FourCheesesTopping_dynamic_1-rdf:type-CheeseTopping-BIN","FourCheesesTopping_FourCheesesTopping_dynamic_1",117,11,"Membership","BIN","ASK WHERE { <http://www.example.com/genealogy.owl#FourCheesesTopping_dynamic_1> <http://www.w3.org/1999/02/22-rdf-syntax-ns#type> <http://www.example.com/genealogy.owl#CheeseTopping> }","rdf:type","TRUE",2,2
"1hop-FourCheesesTopping_FourCheesesTopping_dynamic_1_FourCheesesTopping_dynamic_1-FourCheesesTopping_dynamic_1-rdf:type-American-NEG-BIN","FourCheesesTopping_FourCheesesTopping_dynamic_1",117,11,"Membership","BIN","ASK WHERE { <http://www.example.com/genealogy.owl#FourCheesesTopping_dynamic_1> <http://www.w3.org/1999/02/22-rdf-syntax-ns#type> <http://www.example.com/genealogy.owl#American> }","rdf:type","FALSE",2,2
"1hop-GarlicTopping_GarlicTopping_dynamic_1_GarlicTopping_dynamic_1-GarlicTopping_dynamic_1-isToppingOf-MC","GarlicTopping_GarlicTopping_dynamic_1",117,41,"Property Assertion","MC","SELECT ?x WHERE { <http://www.example.com/genealogy.owl#GarlicTopping_dynamic_1> <http://www.example.com/genealogy.owl#isToppingOf> ?x }","isToppingOf","Fiorentina_10; Fiorentina_22; Fiorentina_41; Fiorentina_44; Fiorentina_52; Fiorentina_6; Fiorentina_78; Fiorentina_95; FruttiDiMare_13; FruttiDiMare_15; FruttiDiMare_33; FruttiDiMare_36; FruttiDiMare_74; FruttiDiMare_75; FruttiDiMare_93; FruttiDiMare_96; PolloAdAstra_23; PolloAdAstra_30; PolloAdAstra_38; PolloAdAstra_39; PolloAdAstra_62; PolloAdAstra_70; PolloAdAstra_80; PolloAdAstra_81; PolloAdAstra_9; Siciliana_13; Siciliana_40; Siciliana_45; Siciliana_47; Siciliana_5; Siciliana_54; Siciliana_61; Soho_24; Soho_35; Soho_5; Soho_50; Soho_70; Soho_73; Soho_8; Soho_82",2,2
"1hop-GarlicTopping_GarlicTopping_dynamic_1_GarlicTopping_dynamic_1-GarlicTopping_dynamic_1-rdf:type-MC","GarlicTopping_GarlicTopping_dynamic_1",117,41,"Membership","MC","SELECT ?x WHERE { <http://www.example.com/genealogy.owl#GarlicTopping_dynamic_1> <http://www.w3.org/1999/02/22-rdf-syntax-ns#type> ?x }","rdf:type","DomainConcept; Food; PizzaTopping; VegetableTopping",2,2
"1hop-GarlicTopping_GarlicTopping_dynamic_1_GarlicTopping_dynamic_1-GarlicTopping_dynamic_1-rdf:type-Food-BIN","GarlicTopping_GarlicTopping_dynamic_1",117,41,"Membership","BIN","ASK WHERE { <http://www.example.com/genealogy.owl#GarlicTopping_dynamic_1> <http://www.w3.org/1999/02/22-rdf-syntax-ns#type> <http://www.example.com/genealogy.owl#Food> }","rdf:type","TRUE",4,4
"1hop-GarlicTopping_GarlicTopping_dynamic_1_GarlicTopping_dynamic_1-GarlicTopping_dynamic_1-rdf:type-American-NEG-BIN","GarlicTopping_GarlicTopping_dynamic_1",117,41,"Membership","BIN","ASK WHERE { <http://www.example.com/genealogy.owl#GarlicTopping_dynamic_1> <http://www.w3.org/1999/02/22-rdf-syntax-ns#type> <http://www.example.com/genealogy.owl#American> }","rdf:type","FALSE",4,4
"1hop-GarlicTopping_GarlicTopping_dynamic_1_GarlicTopping_dynamic_1-GarlicTopping_dynamic_1-isToppingOf-Fiorentina_10-BIN","GarlicTopping_GarlicTopping_dynamic_1",117,41,"Property Assertion","BIN","ASK WHERE { <http://www.example.com/genealogy.owl#GarlicTopping_dynamic_1> <http://www.example.com/genealogy.owl#isToppingOf> <http://www.example.com/genealogy.owl#Fiorentina_10> }","isToppingOf","TRUE",2,2
"1hop-GarlicTopping_GarlicTopping_dynamic_1_GarlicTopping_dynamic_1-GarlicTopping_dynamic_1-isToppingOf-GarlicTopping_dynamic_1-NEG-BIN","GarlicTopping_GarlicTopping_dynamic_1",117,41,"Property Assertion","BIN","ASK WHERE { <http://www.example.com/genealogy.owl#GarlicTopping_dynamic_1> <http://www.example.com/genealogy.owl#isToppingOf> <http://www.example.com/genealogy.owl#GarlicTopping_dynamic_1> }","isToppingOf","FALSE",2,2
"1hop-GoatsCheeseTopping_GoatsCheeseTopping_dynamic_1_GoatsCheeseTopping_dynamic_1-GoatsCheeseTopping_dynamic_1-rdf:type-MC","GoatsCheeseTopping_GoatsCheeseTopping_dynamic_1",117,13,"Membership","MC","SELECT ?x WHERE { <http://www.example.com/genealogy.owl#GoatsCheeseTopping_dynamic_1> <http://www.w3.org/1999/02/22-rdf-syntax-ns#type> ?x }","rdf:type","CheeseTopping; DomainConcept; Food; PizzaTopping",4,4
"1hop-GoatsCheeseTopping_GoatsCheeseTopping_dynamic_1_GoatsCheeseTopping_dynamic_1-GoatsCheeseTopping_dynamic_1-isToppingOf-Caprina_25-BIN","GoatsCheeseTopping_GoatsCheeseTopping_dynamic_1",117,13,"Property Assertion","BIN","ASK WHERE { <http://www.example.com/genealogy.owl#GoatsCheeseTopping_dynamic_1> <http://www.example.com/genealogy.owl#isToppingOf> <http://www.example.com/genealogy.owl#Caprina_25> }","isToppingOf","TRUE",2,2
"1hop-GoatsCheeseTopping_GoatsCheeseTopping_dynamic_1_GoatsCheeseTopping_dynamic_1-GoatsCheeseTopping_dynamic_1-isToppingOf-GoatsCheeseTopping_dynamic_1-NEG-BIN","GoatsCheeseTopping_GoatsCheeseTopping_dynamic_1",117,13,"Property Assertion","BIN","ASK WHERE { <http://www.example.com/genealogy.owl#GoatsCheeseTopping_dynamic_1> <http://www.example.com/genealogy.owl#isToppingOf> <http://www.example.com/genealogy.owl#GoatsCheeseTopping_dynamic_1> }","isToppingOf","FALSE",2,2
"1hop-GoatsCheeseTopping_GoatsCheeseTopping_dynamic_1_GoatsCheeseTopping_dynamic_1-GoatsCheeseTopping_dynamic_1-isToppingOf-MC","GoatsCheeseTopping_GoatsCheeseTopping_dynamic_1",117,13,"Property Assertion","MC","SELECT ?x WHERE { <http://www.example.com/genealogy.owl#GoatsCheeseTopping_dynamic_1> <http://www.example.com/genealogy.owl#isToppingOf> ?x }","isToppingOf","Caprina_25; Caprina_26; Caprina_31; Caprina_42; Caprina_46; Caprina_55; Caprina_64; Caprina_67; Caprina_72; Caprina_81; Caprina_82; Caprina_98",2,2
"1hop-GoatsCheeseTopping_GoatsCheeseTopping_dynamic_1_GoatsCheeseTopping_dynamic_1-GoatsCheeseTopping_dynamic_1-rdf:type-CheeseTopping-BIN","GoatsCheeseTopping_GoatsCheeseTopping_dynamic_1",117,13,"Membership","BIN","ASK WHERE { <http://www.example.com/genealogy.owl#GoatsCheeseTopping_dynamic_1> <http://www.w3.org/1999/02/22-rdf-syntax-ns#type> <http://www.example.com/genealogy.owl#CheeseTopping> }","rdf:type","TRUE",2,2
"1hop-GoatsCheeseTopping_GoatsCheeseTopping_dynamic_1_GoatsCheeseTopping_dynamic_1-GoatsCheeseTopping_dynamic_1-rdf:type-American-NEG-BIN","GoatsCheeseTopping_GoatsCheeseTopping_dynamic_1",117,13,"Membership","BIN","ASK WHERE { <http://www.example.com/genealogy.owl#GoatsCheeseTopping_dynamic_1> <http://www.w3.org/1999/02/22-rdf-syntax-ns#type> <http://www.example.com/genealogy.owl#American> }","rdf:type","FALSE",2,2
"1hop-GorgonzolaTopping_GorgonzolaTopping_dynamic_1_GorgonzolaTopping_dynamic_1-GorgonzolaTopping_dynamic_1-isToppingOf-MC","GorgonzolaTopping_GorgonzolaTopping_dynamic_1",117,8,"Property Assertion","MC","SELECT ?x WHERE { <http://www.example.com/genealogy.owl#GorgonzolaTopping_dynamic_1> <http://www.example.com/genealogy.owl#isToppingOf> ?x }","isToppingOf","Rosa_12; Rosa_60; Rosa_68; Rosa_83; Rosa_90; Rosa_91; Rosa_96",2,2
"1hop-GorgonzolaTopping_GorgonzolaTopping_dynamic_1_GorgonzolaTopping_dynamic_1-GorgonzolaTopping_dynamic_1-rdf:type-CheeseTopping-BIN","GorgonzolaTopping_GorgonzolaTopping_dynamic_1",117,8,"Membership","BIN","ASK WHERE { <http://www.example.com/genealogy.owl#GorgonzolaTopping_dynamic_1> <http://www.w3.org/1999/02/22-rdf-syntax-ns#type> <http://www.example.com/genealogy.owl#CheeseTopping> }","rdf:type","TRUE",2,2
"1hop-GorgonzolaTopping_GorgonzolaTopping_dynamic_1_GorgonzolaTopping_dynamic_1-GorgonzolaTopping_dynamic_1-rdf:type-American-NEG-BIN","GorgonzolaTopping_GorgonzolaTopping_dynamic_1",117,8,"Membership","BIN","ASK WHERE { <http://www.example.com/genealogy.owl#GorgonzolaTopping_dynamic_1> <http://www.w3.org/1999/02/22-rdf-syntax-ns#type> <http://www.example.com/genealogy.owl#American> }","rdf:type","FALSE",2,2
"1hop-GorgonzolaTopping_GorgonzolaTopping_dynamic_1_GorgonzolaTopping_dynamic_1-GorgonzolaTopping_dynamic_1-rdf:type-MC","GorgonzolaTopping_GorgonzolaTopping_dynamic_1",117,8,"Membership","MC","SELECT ?x WHERE { <http://www.example.com/genealogy.owl#GorgonzolaTopping_dynamic_1> <http://www.w3.org/1999/02/22-rdf-syntax-ns#type> ?x }","rdf:type","CheeseTopping; DomainConcept; Food; PizzaTopping",2,2
"1hop-GorgonzolaTopping_GorgonzolaTopping_dynamic_1_GorgonzolaTopping_dynamic_1-GorgonzolaTopping_dynamic_1-isToppingOf-Rosa_12-BIN","GorgonzolaTopping_GorgonzolaTopping_dynamic_1",117,8,"Property Assertion","BIN","ASK WHERE { <http://www.example.com/genealogy.owl#GorgonzolaTopping_dynamic_1> <http://www.example.com/genealogy.owl#isToppingOf> <http://www.example.com/genealogy.owl#Rosa_12> }","isToppingOf","TRUE",2,2
"1hop-GorgonzolaTopping_GorgonzolaTopping_dynamic_1_GorgonzolaTopping_dynamic_1-GorgonzolaTopping_dynamic_1-isToppingOf-GorgonzolaTopping_dynamic_1-NEG-BIN","GorgonzolaTopping_GorgonzolaTopping_dynamic_1",117,8,"Property Assertion","BIN","ASK WHERE { <http://www.example.com/genealogy.owl#GorgonzolaTopping_dynamic_1> <http://www.example.com/genealogy.owl#isToppingOf> <http://www.example.com/genealogy.owl#GorgonzolaTopping_dynamic_1> }","isToppingOf","FALSE",2,2
"1hop-GreenPepperTopping_GreenPepperTopping_dynamic_1_GreenPepperTopping_dynamic_1-GreenPepperTopping_dynamic_1-rdf:type-Food-BIN","GreenPepperTopping_GreenPepperTopping_dynamic_1",117,8,"Membership","BIN","ASK WHERE { <http://www.example.com/genealogy.owl#GreenPepperTopping_dynamic_1> <http://www.w3.org/1999/02/22-rdf-syntax-ns#type> <http://www.example.com/genealogy.owl#Food> }","rdf:type","TRUE",5,5
"1hop-GreenPepperTopping_GreenPepperTopping_dynamic_1_GreenPepperTopping_dynamic_1-GreenPepperTopping_dynamic_1-rdf:type-American-NEG-BIN","GreenPepperTopping_GreenPepperTopping_dynamic_1",117,8,"Membership","BIN","ASK WHERE { <http://www.example.com/genealogy.owl#GreenPepperTopping_dynamic_1> <http://www.w3.org/1999/02/22-rdf-syntax-ns#type> <http://www.example.com/genealogy.owl#American> }","rdf:type","FALSE",5,5
"1hop-GreenPepperTopping_GreenPepperTopping_dynamic_1_GreenPepperTopping_dynamic_1-GreenPepperTopping_dynamic_1-rdf:type-MC","GreenPepperTopping_GreenPepperTopping_dynamic_1",117,8,"Membership","MC","SELECT ?x WHERE { <http://www.example.com/genealogy.owl#GreenPepperTopping_dynamic_1> <http://www.w3.org/1999/02/22-rdf-syntax-ns#type> ?x }","rdf:type","DomainConcept; Food; PepperTopping; PizzaTopping; VegetableTopping",5,5
"1hop-GreenPepperTopping_GreenPepperTopping_dynamic_1_GreenPepperTopping_dynamic_1-GreenPepperTopping_dynamic_1-isToppingOf-MC","GreenPepperTopping_GreenPepperTopping_dynamic_1",117,8,"Property Assertion","MC","SELECT ?x WHERE { <http://www.example.com/genealogy.owl#GreenPepperTopping_dynamic_1> <http://www.example.com/genealogy.owl#isToppingOf> ?x }","isToppingOf","SloppyGiuseppe_1; SloppyGiuseppe_11; SloppyGiuseppe_15; SloppyGiuseppe_17; SloppyGiuseppe_23; SloppyGiuseppe_98; SloppyGiuseppe_99",2,2
"1hop-GreenPepperTopping_GreenPepperTopping_dynamic_1_GreenPepperTopping_dynamic_1-GreenPepperTopping_dynamic_1-isToppingOf-SloppyGiuseppe_1-BIN","GreenPepperTopping_GreenPepperTopping_dynamic_1",117,8,"Property Assertion","BIN","ASK WHERE { <http://www.example.com/genealogy.owl#GreenPepperTopping_dynamic_1> <http://www.example.com/genealogy.owl#isToppingOf> <http://www.example.com/genealogy.owl#SloppyGiuseppe_1> }","isToppingOf","TRUE",2,2
"1hop-GreenPepperTopping_GreenPepperTopping_dynamic_1_GreenPepperTopping_dynamic_1-GreenPepperTopping_dynamic_1-isToppingOf-GreenPepperTopping_dynamic_1-NEG-BIN","GreenPepperTopping_GreenPepperTopping_dynamic_1",117,8,"Property Assertion","BIN","ASK WHERE { <http://www.example.com/genealogy.owl#GreenPepperTopping_dynamic_1> <http://www.example.com/genealogy.owl#isToppingOf> <http://www.example.com/genealogy.owl#GreenPepperTopping_dynamic_1> }","isToppingOf","FALSE",2,2
"1hop-HamTopping_HamTopping_dynamic_1_HamTopping_dynamic_1-HamTopping_dynamic_1-rdf:type-MC","HamTopping_HamTopping_dynamic_1",117,30,"Membership","MC","SELECT ?x WHERE { <http://www.example.com/genealogy.owl#HamTopping_dynamic_1> <http://www.w3.org/1999/02/22-rdf-syntax-ns#type> ?x }","rdf:type","DomainConcept; Food; MeatTopping; PizzaTopping",2,2
"1hop-HamTopping_HamTopping_dynamic_1_HamTopping_dynamic_1-HamTopping_dynamic_1-isToppingOf-MC","HamTopping_HamTopping_dynamic_1",117,30,"Property Assertion","MC","SELECT ?x WHERE { <http://www.example.com/genealogy.owl#HamTopping_dynamic_1> <http://www.example.com/genealogy.owl#isToppingOf> ?x }","isToppingOf","Capricciosa_0; Capricciosa_22; Capricciosa_27; Capricciosa_29; Capricciosa_32; LaReine_14; LaReine_16; LaReine_18; LaReine_58; LaReine_65; LaReine_66; LaReine_75; LaReine_78; LaReine_86; Parmense_0; Parmense_11; Parmense_18; Parmense_64; Parmense_71; Parmense_76; Parmense_77; Parmense_87; Siciliana_13; Siciliana_40; Siciliana_45; Siciliana_47; Siciliana_5; Siciliana_54; Siciliana_61",2,2
"1hop-HamTopping_HamTopping_dynamic_1_HamTopping_dynamic_1-HamTopping_dynamic_1-isToppingOf-Capricciosa_0-BIN","HamTopping_HamTopping_dynamic_1",117,30,"Property Assertion","BIN","ASK WHERE { <http://www.example.com/genealogy.owl#HamTopping_dynamic_1> <http://www.example.com/genealogy.owl#isToppingOf> <http://www.example.com/genealogy.owl#Capricciosa_0> }","isToppingOf","TRUE",2,2
"1hop-HamTopping_HamTopping_dynamic_1_HamTopping_dynamic_1-HamTopping_dynamic_1-isToppingOf-HamTopping_dynamic_1-NEG-BIN","HamTopping_HamTopping_dynamic_1",117,30,"Property Assertion","BIN","ASK WHERE { <http://www.example.com/genealogy.owl#HamTopping_dynamic_1> <http://www.example.com/genealogy.owl#isToppingOf> <http://www.example.com/genealogy.owl#HamTopping_dynamic_1> }","isToppingOf","FALSE",2,2
"1hop-HamTopping_HamTopping_dynamic_1_HamTopping_dynamic_1-HamTopping_dynamic_1-rdf:type-Food-BIN","HamTopping_HamTopping_dynamic_1",117,30,"Membership","BIN","ASK WHERE { <http://www.example.com/genealogy.owl#HamTopping_dynamic_1> <http://www.w3.org/1999/02/22-rdf-syntax-ns#type> <http://www.example.com/genealogy.owl#Food> }","rdf:type","TRUE",4,4
"1hop-HamTopping_HamTopping_dynamic_1_HamTopping_dynamic_1-HamTopping_dynamic_1-rdf:type-American-NEG-BIN","HamTopping_HamTopping_dynamic_1",117,30,"Membership","BIN","ASK WHERE { <http://www.example.com/genealogy.owl#HamTopping_dynamic_1> <http://www.w3.org/1999/02/22-rdf-syntax-ns#type> <http://www.example.com/genealogy.owl#American> }","rdf:type","FALSE",4,4
"1hop-HotGreenPepperTopping_HotGreenPepperTopping_dynamic_1_HotGreenPepperTopping_dynamic_1-HotGreenPepperTopping_dynamic_1-rdf:type-MC","HotGreenPepperTopping_HotGreenPepperTopping_dynamic_1",117,7,"Membership","MC","SELECT ?x WHERE { <http://www.example.com/genealogy.owl#HotGreenPepperTopping_dynamic_1> <http://www.w3.org/1999/02/22-rdf-syntax-ns#type> ?x }","rdf:type","DomainConcept; Food; GreenPepperTopping; PepperTopping; PizzaTopping; VegetableTopping",2,5
"1hop-HotGreenPepperTopping_HotGreenPepperTopping_dynamic_1_HotGreenPepperTopping_dynamic_1-HotGreenPepperTopping_dynamic_1-isToppingOf-MC","HotGreenPepperTopping_HotGreenPepperTopping_dynamic_1",117,7,"Property Assertion","MC","SELECT ?x WHERE { <http://www.example.com/genealogy.owl#HotGreenPepperTopping_dynamic_1> <http://www.example.com/genealogy.owl#isToppingOf> ?x }","isToppingOf","AmericanHot_1; AmericanHot_28; AmericanHot_56; AmericanHot_57; AmericanHot_72; AmericanHot_73",2,2
"1hop-HotGreenPepperTopping_HotGreenPepperTopping_dynamic_1_HotGreenPepperTopping_dynamic_1-HotGreenPepperTopping_dynamic_1-isToppingOf-AmericanHot_1-BIN","HotGreenPepperTopping_HotGreenPepperTopping_dynamic_1",117,7,"Property Assertion","BIN","ASK WHERE { <http://www.example.com/genealogy.owl#HotGreenPepperTopping_dynamic_1> <http://www.example.com/genealogy.owl#isToppingOf> <http://www.example.com/genealogy.owl#AmericanHot_1> }","isToppingOf","TRUE",2,2
"1hop-HotGreenPepperTopping_HotGreenPepperTopping_dynamic_1_HotGreenPepperTopping_dynamic_1-HotGreenPepperTopping_dynamic_1-isToppingOf-HotGreenPepperTopping_dynamic_1-NEG-BIN","HotGreenPepperTopping_HotGreenPepperTopping_dynamic_1",117,7,"Property Assertion","BIN","ASK WHERE { <http://www.example.com/genealogy.owl#HotGreenPepperTopping_dynamic_1> <http://www.example.com/genealogy.owl#isToppingOf> <http://www.example.com/genealogy.owl#HotGreenPepperTopping_dynamic_1> }","isToppingOf","FALSE",2,2
"1hop-HotGreenPepperTopping_HotGreenPepperTopping_dynamic_1_HotGreenPepperTopping_dynamic_1-HotGreenPepperTopping_dynamic_1-rdf:type-Food-BIN","HotGreenPepperTopping_HotGreenPepperTopping_dynamic_1",117,7,"Membership","BIN","ASK WHERE { <http://www.example.com/genealogy.owl#HotGreenPepperTopping_dynamic_1> <http://www.w3.org/1999/02/22-rdf-syntax-ns#type> <http://www.example.com/genealogy.owl#Food> }","rdf:type","TRUE",6,6
"1hop-HotGreenPepperTopping_HotGreenPepperTopping_dynamic_1_HotGreenPepperTopping_dynamic_1-HotGreenPepperTopping_dynamic_1-rdf:type-American-NEG-BIN","HotGreenPepperTopping_HotGreenPepperTopping_dynamic_1",117,7,"Membership","BIN","ASK WHERE { <http://www.example.com/genealogy.owl#HotGreenPepperTopping_dynamic_1> <http://www.w3.org/1999/02/22-rdf-syntax-ns#type> <http://www.example.com/genealogy.owl#American> }","rdf:type","FALSE",6,6
"1hop-HotSpicedBeefTopping_HotSpicedBeefTopping_dynamic_1_HotSpicedBeefTopping_dynamic_1-HotSpicedBeefTopping_dynamic_1-isToppingOf-MC","HotSpicedBeefTopping_HotSpicedBeefTopping_dynamic_1",117,8,"Property Assertion","MC","SELECT ?x WHERE { <http://www.example.com/genealogy.owl#HotSpicedBeefTopping_dynamic_1> <http://www.example.com/genealogy.owl#isToppingOf> ?x }","isToppingOf","SloppyGiuseppe_1; SloppyGiuseppe_11; SloppyGiuseppe_15; SloppyGiuseppe_17; SloppyGiuseppe_23; SloppyGiuseppe_98; SloppyGiuseppe_99",2,2
"1hop-HotSpicedBeefTopping_HotSpicedBeefTopping_dynamic_1_HotSpicedBeefTopping_dynamic_1-HotSpicedBeefTopping_dynamic_1-isToppingOf-SloppyGiuseppe_1-BIN","HotSpicedBeefTopping_HotSpicedBeefTopping_dynamic_1",117,8,"Property Assertion","BIN","ASK WHERE { <http://www.example.com/genealogy.owl#HotSpicedBeefTopping_dynamic_1> <http://www.example.com/genealogy.owl#isToppingOf> <http://www.example.com/genealogy.owl#SloppyGiuseppe_1> }","isToppingOf","TRUE",2,2
"1hop-HotSpicedBeefTopping_HotSpicedBeefTopping_dynamic_1_HotSpicedBeefTopping_dynamic_1-HotSpicedBeefTopping_dynamic_1-isToppingOf-HotSpicedBeefTopping_dynamic_1-NEG-BIN","HotSpicedBeefTopping_HotSpicedBeefTopping_dynamic_1",117,8,"Property Assertion","BIN","ASK WHERE { <http://www.example.com/genealogy.owl#HotSpicedBeefTopping_dynamic_1> <http://www.example.com/genealogy.owl#isToppingOf> <http://www.example.com/genealogy.owl#HotSpicedBeefTopping_dynamic_1> }","isToppingOf","FALSE",2,2
"1hop-HotSpicedBeefTopping_HotSpicedBeefTopping_dynamic_1_HotSpicedBeefTopping_dynamic_1-HotSpicedBeefTopping_dynamic_1-rdf:type-MC","HotSpicedBeefTopping_HotSpicedBeefTopping_dynamic_1",117,8,"Membership","MC","SELECT ?x WHERE { <http://www.example.com/genealogy.owl#HotSpicedBeefTopping_dynamic_1> <http://www.w3.org/1999/02/22-rdf-syntax-ns#type> ?x }","rdf:type","DomainConcept; Food; MeatTopping; PizzaTopping",2,2
"1hop-HotSpicedBeefTopping_HotSpicedBeefTopping_dynamic_1_HotSpicedBeefTopping_dynamic_1-HotSpicedBeefTopping_dynamic_1-rdf:type-Food-BIN","HotSpicedBeefTopping_HotSpicedBeefTopping_dynamic_1",117,8,"Membership","BIN","ASK WHERE { <http://www.example.com/genealogy.owl#HotSpicedBeefTopping_dynamic_1> <http://www.w3.org/1999/02/22-rdf-syntax-ns#type> <http://www.example.com/genealogy.owl#Food> }","rdf:type","TRUE",4,4
"1hop-HotSpicedBeefTopping_HotSpicedBeefTopping_dynamic_1_HotSpicedBeefTopping_dynamic_1-HotSpicedBeefTopping_dynamic_1-rdf:type-American-NEG-BIN","HotSpicedBeefTopping_HotSpicedBeefTopping_dynamic_1",117,8,"Membership","BIN","ASK WHERE { <http://www.example.com/genealogy.owl#HotSpicedBeefTopping_dynamic_1> <http://www.w3.org/1999/02/22-rdf-syntax-ns#type> <http://www.example.com/genealogy.owl#American> }","rdf:type","FALSE",4,4
"1hop-JalapenoPepperTopping_JalapenoPepperTopping_dynamic_1_JalapenoPepperTopping_dynamic_1-JalapenoPepperTopping_dynamic_1-rdf:type-MC","JalapenoPepperTopping_JalapenoPepperTopping_dynamic_1",117,7,"Membership","MC","SELECT ?x WHERE { <http://www.example.com/genealogy.owl#JalapenoPepperTopping_dynamic_1> <http://www.w3.org/1999/02/22-rdf-syntax-ns#type> ?x }","rdf:type","DomainConcept; Food; PepperTopping; PizzaTopping; VegetableTopping",6,6
"1hop-JalapenoPepperTopping_JalapenoPepperTopping_dynamic_1_JalapenoPepperTopping_dynamic_1-JalapenoPepperTopping_dynamic_1-isToppingOf-MC","JalapenoPepperTopping_JalapenoPepperTopping_dynamic_1",117,7,"Property Assertion","MC","SELECT ?x WHERE { <http://www.example.com/genealogy.owl#JalapenoPepperTopping_dynamic_1> <http://www.example.com/genealogy.owl#isToppingOf> ?x }","isToppingOf","AmericanHot_1; AmericanHot_28; AmericanHot_56; AmericanHot_57; AmericanHot_72; AmericanHot_73",2,2
"1hop-JalapenoPepperTopping_JalapenoPepperTopping_dynamic_1_JalapenoPepperTopping_dynamic_1-JalapenoPepperTopping_dynamic_1-isToppingOf-AmericanHot_1-BIN","JalapenoPepperTopping_JalapenoPepperTopping_dynamic_1",117,7,"Property Assertion","BIN","ASK WHERE { <http://www.example.com/genealogy.owl#JalapenoPepperTopping_dynamic_1> <http://www.example.com/genealogy.owl#isToppingOf> <http://www.example.com/genealogy.owl#AmericanHot_1> }","isToppingOf","TRUE",2,2
"1hop-JalapenoPepperTopping_JalapenoPepperTopping_dynamic_1_JalapenoPepperTopping_dynamic_1-JalapenoPepperTopping_dynamic_1-isToppingOf-JalapenoPepperTopping_dynamic_1-NEG-BIN","JalapenoPepperTopping_JalapenoPepperTopping_dynamic_1",117,7,"Property Assertion","BIN","ASK WHERE { <http://www.example.com/genealogy.owl#JalapenoPepperTopping_dynamic_1> <http://www.example.com/genealogy.owl#isToppingOf> <http://www.example.com/genealogy.owl#JalapenoPepperTopping_dynamic_1> }","isToppingOf","FALSE",2,2
"1hop-JalapenoPepperTopping_JalapenoPepperTopping_dynamic_1_JalapenoPepperTopping_dynamic_1-JalapenoPepperTopping_dynamic_1-rdf:type-Food-BIN","JalapenoPepperTopping_JalapenoPepperTopping_dynamic_1",117,7,"Membership","BIN","ASK WHERE { <http://www.example.com/genealogy.owl#JalapenoPepperTopping_dynamic_1> <http://www.w3.org/1999/02/22-rdf-syntax-ns#type> <http://www.example.com/genealogy.owl#Food> }","rdf:type","TRUE",5,5
"1hop-JalapenoPepperTopping_JalapenoPepperTopping_dynamic_1_JalapenoPepperTopping_dynamic_1-JalapenoPepperTopping_dynamic_1-rdf:type-American-NEG-BIN","JalapenoPepperTopping_JalapenoPepperTopping_dynamic_1",117,7,"Membership","BIN","ASK WHERE { <http://www.example.com/genealogy.owl#JalapenoPepperTopping_dynamic_1> <http://www.w3.org/1999/02/22-rdf-syntax-ns#type> <http://www.example.com/genealogy.owl#American> }","rdf:type","FALSE",5,5
"1hop-LeekTopping_LeekTopping_dynamic_1_LeekTopping_dynamic_1-LeekTopping_dynamic_1-isToppingOf-MC","LeekTopping_LeekTopping_dynamic_1",117,20,"Property Assertion","MC","SELECT ?x WHERE { <http://www.example.com/genealogy.owl#LeekTopping_dynamic_1> <http://www.example.com/genealogy.owl#isToppingOf> ?x }","isToppingOf","Giardiniera_17; Giardiniera_19; Giardiniera_56; Giardiniera_79; Giardiniera_89; Giardiniera_92; PrinceCarlo_24; PrinceCarlo_31; PrinceCarlo_32; PrinceCarlo_37; PrinceCarlo_38; PrinceCarlo_4; PrinceCarlo_44; PrinceCarlo_66; PrinceCarlo_74; PrinceCarlo_76; PrinceCarlo_90; PrinceCarlo_97; PrinceCarlo_99",2,2
"1hop-LeekTopping_LeekTopping_dynamic_1_LeekTopping_dynamic_1-LeekTopping_dynamic_1-isToppingOf-Giardiniera_17-BIN","LeekTopping_LeekTopping_dynamic_1",117,20,"Property Assertion","BIN","ASK WHERE { <http://www.example.com/genealogy.owl#LeekTopping_dynamic_1> <http://www.example.com/genealogy.owl#isToppingOf> <http://www.example.com/genealogy.owl#Giardiniera_17> }","isToppingOf","TRUE",2,2
"1hop-LeekTopping_LeekTopping_dynamic_1_LeekTopping_dynamic_1-LeekTopping_dynamic_1-isToppingOf-LeekTopping_dynamic_1-NEG-BIN","LeekTopping_LeekTopping_dynamic_1",117,20,"Property Assertion","BIN","ASK WHERE { <http://www.example.com/genealogy.owl#LeekTopping_dynamic_1> <http://www.example.com/genealogy.owl#isToppingOf> <http://www.example.com/genealogy.owl#LeekTopping_dynamic_1> }","isToppingOf","FALSE",2,2
"1hop-LeekTopping_LeekTopping_dynamic_1_LeekTopping_dynamic_1-LeekTopping_dynamic_1-rdf:type-MC","LeekTopping_LeekTopping_dynamic_1",117,20,"Membership","MC","SELECT ?x WHERE { <http://www.example.com/genealogy.owl#LeekTopping_dynamic_1> <http://www.w3.org/1999/02/22-rdf-syntax-ns#type> ?x }","rdf:type","DomainConcept; Food; PizzaTopping; VegetableTopping",2,2
"1hop-LeekTopping_LeekTopping_dynamic_1_LeekTopping_dynamic_1-LeekTopping_dynamic_1-rdf:type-Food-BIN","LeekTopping_LeekTopping_dynamic_1",117,20,"Membership","BIN","ASK WHERE { <http://www.example.com/genealogy.owl#LeekTopping_dynamic_1> <http://www.w3.org/1999/02/22-rdf-syntax-ns#type> <http://www.example.com/genealogy.owl#Food> }","rdf:type","TRUE",4,4
"1hop-LeekTopping_LeekTopping_dynamic_1_LeekTopping_dynamic_1-LeekTopping_dynamic_1-rdf:type-American-NEG-BIN","LeekTopping_LeekTopping_dynamic_1",117,20,"Membership","BIN","ASK WHERE { <http://www.example.com/genealogy.owl#LeekTopping_dynamic_1> <http://www.w3.org/1999/02/22-rdf-syntax-ns#type> <http://www.example.com/genealogy.owl#American> }","rdf:type","FALSE",4,4
"1hop-MixedSeafoodTopping_MixedSeafoodTopping_dynamic_1_MixedSeafoodTopping_dynamic_1-MixedSeafoodTopping_dynamic_1-rdf:type-FishTopping-BIN","MixedSeafoodTopping_MixedSeafoodTopping_dynamic_1",117,9,"Membership","BIN","ASK WHERE { <http://www.example.com/genealogy.owl#MixedSeafoodTopping_dynamic_1> <http://www.w3.org/1999/02/22-rdf-syntax-ns#type> <http://www.example.com/genealogy.owl#FishTopping> }","rdf:type","TRUE",2,2
"1hop-MixedSeafoodTopping_MixedSeafoodTopping_dynamic_1_MixedSeafoodTopping_dynamic_1-MixedSeafoodTopping_dynamic_1-rdf:type-American-NEG-BIN","MixedSeafoodTopping_MixedSeafoodTopping_dynamic_1",117,9,"Membership","BIN","ASK WHERE { <http://www.example.com/genealogy.owl#MixedSeafoodTopping_dynamic_1> <http://www.w3.org/1999/02/22-rdf-syntax-ns#type> <http://www.example.com/genealogy.owl#American> }","rdf:type","FALSE",2,2
"1hop-MixedSeafoodTopping_MixedSeafoodTopping_dynamic_1_MixedSeafoodTopping_dynamic_1-MixedSeafoodTopping_dynamic_1-rdf:type-MC","MixedSeafoodTopping_MixedSeafoodTopping_dynamic_1",117,9,"Membership","MC","SELECT ?x WHERE { <http://www.example.com/genealogy.owl#MixedSeafoodTopping_dynamic_1> <http://www.w3.org/1999/02/22-rdf-syntax-ns#type> ?x }","rdf:type","DomainConcept; FishTopping; Food; PizzaTopping",2,2
"1hop-MixedSeafoodTopping_MixedSeafoodTopping_dynamic_1_MixedSeafoodTopping_dynamic_1-MixedSeafoodTopping_dynamic_1-isToppingOf-MC","MixedSeafoodTopping_MixedSeafoodTopping_dynamic_1",117,9,"Property Assertion","MC","SELECT ?x WHERE { <http://www.example.com/genealogy.owl#MixedSeafoodTopping_dynamic_1> <http://www.example.com/genealogy.owl#isToppingOf> ?x }","isToppingOf","FruttiDiMare_13; FruttiDiMare_15; FruttiDiMare_33; FruttiDiMare_36; FruttiDiMare_74; FruttiDiMare_75; FruttiDiMare_93; FruttiDiMare_96",2,2
"1hop-MixedSeafoodTopping_MixedSeafoodTopping_dynamic_1_MixedSeafoodTopping_dynamic_1-MixedSeafoodTopping_dynamic_1-isToppingOf-FruttiDiMare_13-BIN","MixedSeafoodTopping_MixedSeafoodTopping_dynamic_1",117,9,"Property Assertion","BIN","ASK WHERE { <http://www.example.com/genealogy.owl#MixedSeafoodTopping_dynamic_1> <http://www.example.com/genealogy.owl#isToppingOf> <http://www.example.com/genealogy.owl#FruttiDiMare_13> }","isToppingOf","TRUE",2,2
"1hop-MixedSeafoodTopping_MixedSeafoodTopping_dynamic_1_MixedSeafoodTopping_dynamic_1-MixedSeafoodTopping_dynamic_1-isToppingOf-MixedSeafoodTopping_dynamic_1-NEG-BIN","MixedSeafoodTopping_MixedSeafoodTopping_dynamic_1",117,9,"Property Assertion","BIN","ASK WHERE { <http://www.example.com/genealogy.owl#MixedSeafoodTopping_dynamic_1> <http://www.example.com/genealogy.owl#isToppingOf> <http://www.example.com/genealogy.owl#MixedSeafoodTopping_dynamic_1> }","isToppingOf","FALSE",2,2
"1hop-MozzarellaTopping_MozzarellaTopping_dynamic_1_MozzarellaTopping_dynamic_1-MozzarellaTopping_dynamic_1-isToppingOf-MC","MozzarellaTopping_MozzarellaTopping_dynamic_1",117,178,"Property Assertion","MC","SELECT ?x WHERE { <http://www.example.com/genealogy.owl#MozzarellaTopping_dynamic_1> <http://www.example.com/genealogy.owl#isToppingOf> ?x }","isToppingOf","AmericanHot_1; AmericanHot_28; AmericanHot_56; AmericanHot_57; AmericanHot_72; AmericanHot_73; American_10; American_19; American_2; American_28; American_34; American_43; American_46; American_49; American_54; American_55; American_57; American_63; American_7; American_83; American_85; American_88; American_9; Cajun_14; Cajun_20; Cajun_33; Cajun_49; Cajun_84; Cajun_86; Capricciosa_0; Capricciosa_22; Capricciosa_27; Capricciosa_29; Capricciosa_32; Caprina_25; Caprina_26; Caprina_31; Caprina_42; Caprina_46; Caprina_55; Caprina_64; Caprina_67; Caprina_72; Caprina_81; Caprina_82; Caprina_98; Fiorentina_10; Fiorentina_22; Fiorentina_41; Fiorentina_44; Fiorentina_52; Fiorentina_6; Fiorentina_78; Fiorentina_95; FourSeasons_26; FourSeasons_43; FourSeasons_67; FourSeasons_71; FourSeasons_77; FourSeasons_88; FourSeasons_92; FourSeasons_94; Giardiniera_17; Giardiniera_19; Giardiniera_56; Giardiniera_79; Giardiniera_89; Giardiniera_92; LaReine_14; LaReine_16; LaReine_18; LaReine_58; LaReine_65; LaReine_66; LaReine_75; LaReine_78; LaReine_86; Margherita_20; Margherita_21; Margherita_34; Margherita_35; Margherita_36; Margherita_40; Margherita_48; Margherita_50; Margherita_53; Margherita_58; Margherita_59; Margherita_60; Margherita_62; Margherita_68; Margherita_69; Mushroom_12; Mushroom_3; Mushroom_41; Mushroom_51; Mushroom_52; Mushroom_63; Mushroom_7; Mushroom_93; Napoletana_2; Napoletana_21; Napoletana_25; Napoletana_27; Napoletana_29; Napoletana_30; Napoletana_51; Napoletana_53; Napoletana_6; Napoletana_84; Parmense_0; Parmense_11; Parmense_18; Parmense_64; Parmense_71; Parmense_76; Parmense_77; Parmense_87; PolloAdAstra_23; PolloAdAstra_30; PolloAdAstra_38; PolloAdAstra_39; PolloAdAstra_62; PolloAdAstra_70; PolloAdAstra_80; PolloAdAstra_81; PolloAdAstra_9; PrinceCarlo_24; PrinceCarlo_31; PrinceCarlo_32; PrinceCarlo_37; PrinceCarlo_38; PrinceCarlo_4; PrinceCarlo_44; PrinceCarlo_66; PrinceCarlo_74; PrinceCarlo_76; PrinceCarlo_90; PrinceCarlo_97; PrinceCarlo_99; Rosa_12; Rosa_60; Rosa_68; Rosa_83; Rosa_90; Rosa_91; Rosa_96; Siciliana_13; Siciliana_40; Siciliana_45; Siciliana_47; Siciliana_5; Siciliana_54; Siciliana_61; SloppyGiuseppe_1; SloppyGiuseppe_11; SloppyGiuseppe_15; SloppyGiuseppe_17; SloppyGiuseppe_23; SloppyGiuseppe_98; SloppyGiuseppe_99; Soho_24; Soho_35; Soho_5; Soho_50; Soho_70; Soho_73; Soho_8; Soho_82; Veneziana_3; Veneziana_45; Veneziana_48; Veneziana_59; Veneziana_8; Veneziana_87; Veneziana_91; Veneziana_97",2,2
"1hop-MozzarellaTopping_MozzarellaTopping_dynamic_1_MozzarellaTopping_dynamic_1-MozzarellaTopping_dynamic_1-rdf:type-MC","MozzarellaTopping_MozzarellaTopping_dynamic_1",117,178,"Membership","MC","SELECT ?x WHERE { <http://www.example.com/genealogy.owl#MozzarellaTopping_dynamic_1> <http://www.w3.org/1999/02/22-rdf-syntax-ns#type> ?x }","rdf:type","CheeseTopping; DomainConcept; Food; PizzaTopping",5,5
"1hop-MozzarellaTopping_MozzarellaTopping_dynamic_1_MozzarellaTopping_dynamic_1-MozzarellaTopping_dynamic_1-rdf:type-CheeseTopping-BIN","MozzarellaTopping_MozzarellaTopping_dynamic_1",117,178,"Membership","BIN","ASK WHERE { <http://www.example.com/genealogy.owl#MozzarellaTopping_dynamic_1> <http://www.w3.org/1999/02/22-rdf-syntax-ns#type> <http://www.example.com/genealogy.owl#CheeseTopping> }","rdf:type","TRUE",2,2
"1hop-MozzarellaTopping_MozzarellaTopping_dynamic_1_MozzarellaTopping_dynamic_1-MozzarellaTopping_dynamic_1-rdf:type-American-NEG-BIN","MozzarellaTopping_MozzarellaTopping_dynamic_1",117,178,"Membership","BIN","ASK WHERE { <http://www.example.com/genealogy.owl#MozzarellaTopping_dynamic_1> <http://www.w3.org/1999/02/22-rdf-syntax-ns#type> <http://www.example.com/genealogy.owl#American> }","rdf:type","FALSE",2,2
"1hop-MozzarellaTopping_MozzarellaTopping_dynamic_1_MozzarellaTopping_dynamic_1-MozzarellaTopping_dynamic_1-isToppingOf-AmericanHot_1-BIN","MozzarellaTopping_MozzarellaTopping_dynamic_1",117,178,"Property Assertion","BIN","ASK WHERE { <http://www.example.com/genealogy.owl#MozzarellaTopping_dynamic_1> <http://www.example.com/genealogy.owl#isToppingOf> <http://www.example.com/genealogy.owl#AmericanHot_1> }","isToppingOf","TRUE",2,2
"1hop-MozzarellaTopping_MozzarellaTopping_dynamic_1_MozzarellaTopping_dynamic_1-MozzarellaTopping_dynamic_1-isToppingOf-MozzarellaTopping_dynamic_1-NEG-BIN","MozzarellaTopping_MozzarellaTopping_dynamic_1",117,178,"Property Assertion","BIN","ASK WHERE { <http://www.example.com/genealogy.owl#MozzarellaTopping_dynamic_1> <http://www.example.com/genealogy.owl#isToppingOf> <http://www.example.com/genealogy.owl#MozzarellaTopping_dynamic_1> }","isToppingOf","FALSE",2,2
"1hop-MushroomTopping_MushroomTopping_dynamic_1_MushroomTopping_dynamic_1-MushroomTopping_dynamic_1-isToppingOf-MC","MushroomTopping_MushroomTopping_dynamic_1",117,32,"Property Assertion","MC","SELECT ?x WHERE { <http://www.example.com/genealogy.owl#MushroomTopping_dynamic_1> <http://www.example.com/genealogy.owl#isToppingOf> ?x }","isToppingOf","FourSeasons_26; FourSeasons_43; FourSeasons_67; FourSeasons_71; FourSeasons_77; FourSeasons_88; FourSeasons_92; FourSeasons_94; Giardiniera_17; Giardiniera_19; Giardiniera_56; Giardiniera_79; Giardiniera_89; Giardiniera_92; LaReine_14; LaReine_16; LaReine_18; LaReine_58; LaReine_65; LaReine_66; LaReine_75; LaReine_78; LaReine_86; Mushroom_12; Mushroom_3; Mushroom_41; Mushroom_51; Mushroom_52; Mushroom_63; Mushroom_7; Mushroom_93",2,2
"1hop-MushroomTopping_MushroomTopping_dynamic_1_MushroomTopping_dynamic_1-MushroomTopping_dynamic_1-rdf:type-MC","MushroomTopping_MushroomTopping_dynamic_1",117,32,"Membership","MC","SELECT ?x WHERE { <http://www.example.com/genealogy.owl#MushroomTopping_dynamic_1> <http://www.w3.org/1999/02/22-rdf-syntax-ns#type> ?x }","rdf:type","DomainConcept; Food; PizzaTopping; VegetableTopping",5,5
"1hop-MushroomTopping_MushroomTopping_dynamic_1_MushroomTopping_dynamic_1-MushroomTopping_dynamic_1-rdf:type-Food-BIN","MushroomTopping_MushroomTopping_dynamic_1",117,32,"Membership","BIN","ASK WHERE { <http://www.example.com/genealogy.owl#MushroomTopping_dynamic_1> <http://www.w3.org/1999/02/22-rdf-syntax-ns#type> <http://www.example.com/genealogy.owl#Food> }","rdf:type","TRUE",4,4
"1hop-MushroomTopping_MushroomTopping_dynamic_1_MushroomTopping_dynamic_1-MushroomTopping_dynamic_1-rdf:type-American-NEG-BIN","MushroomTopping_MushroomTopping_dynamic_1",117,32,"Membership","BIN","ASK WHERE { <http://www.example.com/genealogy.owl#MushroomTopping_dynamic_1> <http://www.w3.org/1999/02/22-rdf-syntax-ns#type> <http://www.example.com/genealogy.owl#American> }","rdf:type","FALSE",4,4
"1hop-MushroomTopping_MushroomTopping_dynamic_1_MushroomTopping_dynamic_1-MushroomTopping_dynamic_1-isToppingOf-FourSeasons_26-BIN","MushroomTopping_MushroomTopping_dynamic_1",117,32,"Property Assertion","BIN","ASK WHERE { <http://www.example.com/genealogy.owl#MushroomTopping_dynamic_1> <http://www.example.com/genealogy.owl#isToppingOf> <http://www.example.com/genealogy.owl#FourSeasons_26> }","isToppingOf","TRUE",2,2
"1hop-MushroomTopping_MushroomTopping_dynamic_1_MushroomTopping_dynamic_1-MushroomTopping_dynamic_1-isToppingOf-MushroomTopping_dynamic_1-NEG-BIN","MushroomTopping_MushroomTopping_dynamic_1",117,32,"Property Assertion","BIN","ASK WHERE { <http://www.example.com/genealogy.owl#MushroomTopping_dynamic_1> <http://www.example.com/genealogy.owl#isToppingOf> <http://www.example.com/genealogy.owl#MushroomTopping_dynamic_1> }","isToppingOf","FALSE",2,2
"1hop-NamedPizza_AmericanHot_1_AmericanHot_1-AmericanHot_1-hasTopping-HotGreenPepperTopping_dynamic_1-BIN","NamedPizza_AmericanHot_1",117,6,"Property Assertion","BIN","ASK WHERE { <http://www.example.com/genealogy.owl#AmericanHot_1> <http://www.example.com/genealogy.owl#hasTopping> <http://www.example.com/genealogy.owl#HotGreenPepperTopping_dynamic_1> }","hasTopping","TRUE",1,1
"1hop-NamedPizza_AmericanHot_1_AmericanHot_1-AmericanHot_1-hasTopping-AmericanHot_1-NEG-BIN","NamedPizza_AmericanHot_1",117,6,"Property Assertion","BIN","ASK WHERE { <http://www.example.com/genealogy.owl#AmericanHot_1> <http://www.example.com/genealogy.owl#hasTopping> <http://www.example.com/genealogy.owl#AmericanHot_1> }","hasTopping","FALSE",1,1
"1hop-NamedPizza_AmericanHot_1_AmericanHot_1-AmericanHot_1-hasTopping-MC","NamedPizza_AmericanHot_1",117,6,"Property Assertion","MC","SELECT ?x WHERE { <http://www.example.com/genealogy.owl#AmericanHot_1> <http://www.example.com/genealogy.owl#hasTopping> ?x }","hasTopping","HotGreenPepperTopping_dynamic_1; JalapenoPepperTopping_dynamic_1; MozzarellaTopping_dynamic_1; PeperoniSausageTopping_dynamic_1; TomatoTopping_dynamic_1",1,1
"1hop-NamedPizza_AmericanHot_1_AmericanHot_1-AmericanHot_1-rdf:type-MC","NamedPizza_AmericanHot_1",117,6,"Membership","MC","SELECT ?x WHERE { <http://www.example.com/genealogy.owl#AmericanHot_1> <http://www.w3.org/1999/02/22-rdf-syntax-ns#type> ?x }","rdf:type","DomainConcept; Food; Pizza",4,4
"1hop-NamedPizza_AmericanHot_1_AmericanHot_1-AmericanHot_1-hasIngredient-MC","NamedPizza_AmericanHot_1",117,6,"Property Assertion","MC","SELECT ?x WHERE { <http://www.example.com/genealogy.owl#AmericanHot_1> <http://www.example.com/genealogy.owl#hasIngredient> ?x }","hasIngredient","HotGreenPepperTopping_dynamic_1; JalapenoPepperTopping_dynamic_1; MozzarellaTopping_dynamic_1; PeperoniSausageTopping_dynamic_1; TomatoTopping_dynamic_1",2,2
"1hop-NamedPizza_AmericanHot_1_AmericanHot_1-AmericanHot_1-rdf:type-Food-BIN","NamedPizza_AmericanHot_1",117,6,"Membership","BIN","ASK WHERE { <http://www.example.com/genealogy.owl#AmericanHot_1> <http://www.w3.org/1999/02/22-rdf-syntax-ns#type> <http://www.example.com/genealogy.owl#Food> }","rdf:type","TRUE",3,3
"1hop-NamedPizza_AmericanHot_1_AmericanHot_1-AmericanHot_1-rdf:type-American-NEG-BIN","NamedPizza_AmericanHot_1",117,6,"Membership","BIN","ASK WHERE { <http://www.example.com/genealogy.owl#AmericanHot_1> <http://www.w3.org/1999/02/22-rdf-syntax-ns#type> <http://www.example.com/genealogy.owl#American> }","rdf:type","FALSE",3,3
"1hop-NamedPizza_AmericanHot_1_AmericanHot_1-AmericanHot_1-hasIngredient-HotGreenPepperTopping_dynamic_1-BIN","NamedPizza_AmericanHot_1",117,6,"Property Assertion","BIN","ASK WHERE { <http://www.example.com/genealogy.owl#AmericanHot_1> <http://www.example.com/genealogy.owl#hasIngredient> <http://www.example.com/genealogy.owl#HotGreenPepperTopping_dynamic_1> }","hasIngredient","TRUE",2,2
"1hop-NamedPizza_AmericanHot_1_AmericanHot_1-AmericanHot_1-hasIngredient-AmericanHot_1-NEG-BIN","NamedPizza_AmericanHot_1",117,6,"Property Assertion","BIN","ASK WHERE { <http://www.example.com/genealogy.owl#AmericanHot_1> <http://www.example.com/genealogy.owl#hasIngredient> <http://www.example.com/genealogy.owl#AmericanHot_1> }","hasIngredient","FALSE",2,2
"1hop-NamedPizza_AmericanHot_28_AmericanHot_28-AmericanHot_28-hasTopping-MC","NamedPizza_AmericanHot_28",117,6,"Property Assertion","MC","SELECT ?x WHERE { <http://www.example.com/genealogy.owl#AmericanHot_28> <http://www.example.com/genealogy.owl#hasTopping> ?x }","hasTopping","HotGreenPepperTopping_dynamic_1; JalapenoPepperTopping_dynamic_1; MozzarellaTopping_dynamic_1; PeperoniSausageTopping_dynamic_1; TomatoTopping_dynamic_1",1,1
"1hop-NamedPizza_AmericanHot_28_AmericanHot_28-AmericanHot_28-rdf:type-MC","NamedPizza_AmericanHot_28",117,6,"Membership","MC","SELECT ?x WHERE { <http://www.example.com/genealogy.owl#AmericanHot_28> <http://www.w3.org/1999/02/22-rdf-syntax-ns#type> ?x }","rdf:type","DomainConcept; Food; Pizza",2,2
"1hop-NamedPizza_AmericanHot_28_AmericanHot_28-AmericanHot_28-hasIngredient-MC","NamedPizza_AmericanHot_28",117,6,"Property Assertion","MC","SELECT ?x WHERE { <http://www.example.com/genealogy.owl#AmericanHot_28> <http://www.example.com/genealogy.owl#hasIngredient> ?x }","hasIngredient","HotGreenPepperTopping_dynamic_1; JalapenoPepperTopping_dynamic_1; MozzarellaTopping_dynamic_1; PeperoniSausageTopping_dynamic_1; TomatoTopping_dynamic_1",2,2
"1hop-NamedPizza_AmericanHot_28_AmericanHot_28-AmericanHot_28-hasTopping-HotGreenPepperTopping_dynamic_1-BIN","NamedPizza_AmericanHot_28",117,6,"Property Assertion","BIN","ASK WHERE { <http://www.example.com/genealogy.owl#AmericanHot_28> <http://www.example.com/genealogy.owl#hasTopping> <http://www.example.com/genealogy.owl#HotGreenPepperTopping_dynamic_1> }","hasTopping","TRUE",1,1
"1hop-NamedPizza_AmericanHot_28_AmericanHot_28-AmericanHot_28-hasTopping-AmericanHot_28-NEG-BIN","NamedPizza_AmericanHot_28",117,6,"Property Assertion","BIN","ASK WHERE { <http://www.example.com/genealogy.owl#AmericanHot_28> <http://www.example.com/genealogy.owl#hasTopping> <http://www.example.com/genealogy.owl#AmericanHot_28> }","hasTopping","FALSE",1,1
"1hop-NamedPizza_AmericanHot_28_AmericanHot_28-AmericanHot_28-rdf:type-Food-BIN","NamedPizza_AmericanHot_28",117,6,"Membership","BIN","ASK WHERE { <http://www.example.com/genealogy.owl#AmericanHot_28> <http://www.w3.org/1999/02/22-rdf-syntax-ns#type> <http://www.example.com/genealogy.owl#Food> }","rdf:type","TRUE",3,3
"1hop-NamedPizza_AmericanHot_28_AmericanHot_28-AmericanHot_28-rdf:type-American-NEG-BIN","NamedPizza_AmericanHot_28",117,6,"Membership","BIN","ASK WHERE { <http://www.example.com/genealogy.owl#AmericanHot_28> <http://www.w3.org/1999/02/22-rdf-syntax-ns#type> <http://www.example.com/genealogy.owl#American> }","rdf:type","FALSE",3,3
"1hop-NamedPizza_AmericanHot_28_AmericanHot_28-AmericanHot_28-hasIngredient-HotGreenPepperTopping_dynamic_1-BIN","NamedPizza_AmericanHot_28",117,6,"Property Assertion","BIN","ASK WHERE { <http://www.example.com/genealogy.owl#AmericanHot_28> <http://www.example.com/genealogy.owl#hasIngredient> <http://www.example.com/genealogy.owl#HotGreenPepperTopping_dynamic_1> }","hasIngredient","TRUE",2,2
"1hop-NamedPizza_AmericanHot_28_AmericanHot_28-AmericanHot_28-hasIngredient-AmericanHot_28-NEG-BIN","NamedPizza_AmericanHot_28",117,6,"Property Assertion","BIN","ASK WHERE { <http://www.example.com/genealogy.owl#AmericanHot_28> <http://www.example.com/genealogy.owl#hasIngredient> <http://www.example.com/genealogy.owl#AmericanHot_28> }","hasIngredient","FALSE",2,2
"1hop-NamedPizza_AmericanHot_56_AmericanHot_56-AmericanHot_56-hasIngredient-MC","NamedPizza_AmericanHot_56",117,6,"Property Assertion","MC","SELECT ?x WHERE { <http://www.example.com/genealogy.owl#AmericanHot_56> <http://www.example.com/genealogy.owl#hasIngredient> ?x }","hasIngredient","HotGreenPepperTopping_dynamic_1; JalapenoPepperTopping_dynamic_1; MozzarellaTopping_dynamic_1; PeperoniSausageTopping_dynamic_1; TomatoTopping_dynamic_1",2,2
"1hop-NamedPizza_AmericanHot_56_AmericanHot_56-AmericanHot_56-hasIngredient-HotGreenPepperTopping_dynamic_1-BIN","NamedPizza_AmericanHot_56",117,6,"Property Assertion","BIN","ASK WHERE { <http://www.example.com/genealogy.owl#AmericanHot_56> <http://www.example.com/genealogy.owl#hasIngredient> <http://www.example.com/genealogy.owl#HotGreenPepperTopping_dynamic_1> }","hasIngredient","TRUE",2,2
"1hop-NamedPizza_AmericanHot_56_AmericanHot_56-AmericanHot_56-hasIngredient-AmericanHot_56-NEG-BIN","NamedPizza_AmericanHot_56",117,6,"Property Assertion","BIN","ASK WHERE { <http://www.example.com/genealogy.owl#AmericanHot_56> <http://www.example.com/genealogy.owl#hasIngredient> <http://www.example.com/genealogy.owl#AmericanHot_56> }","hasIngredient","FALSE",2,2
"1hop-NamedPizza_AmericanHot_56_AmericanHot_56-AmericanHot_56-rdf:type-Food-BIN","NamedPizza_AmericanHot_56",117,6,"Membership","BIN","ASK WHERE { <http://www.example.com/genealogy.owl#AmericanHot_56> <http://www.w3.org/1999/02/22-rdf-syntax-ns#type> <http://www.example.com/genealogy.owl#Food> }","rdf:type","TRUE",3,3
"1hop-NamedPizza_AmericanHot_56_AmericanHot_56-AmericanHot_56-rdf:type-American-NEG-BIN","NamedPizza_AmericanHot_56",117,6,"Membership","BIN","ASK WHERE { <http://www.example.com/genealogy.owl#AmericanHot_56> <http://www.w3.org/1999/02/22-rdf-syntax-ns#type> <http://www.example.com/genealogy.owl#American> }","rdf:type","FALSE",3,3
"1hop-NamedPizza_AmericanHot_56_AmericanHot_56-AmericanHot_56-rdf:type-MC","NamedPizza_AmericanHot_56",117,6,"Membership","MC","SELECT ?x WHERE { <http://www.example.com/genealogy.owl#AmericanHot_56> <http://www.w3.org/1999/02/22-rdf-syntax-ns#type> ?x }","rdf:type","DomainConcept; Food; Pizza",3,3
"1hop-NamedPizza_AmericanHot_56_AmericanHot_56-AmericanHot_56-hasTopping-MC","NamedPizza_AmericanHot_56",117,6,"Property Assertion","MC","SELECT ?x WHERE { <http://www.example.com/genealogy.owl#AmericanHot_56> <http://www.example.com/genealogy.owl#hasTopping> ?x }","hasTopping","HotGreenPepperTopping_dynamic_1; JalapenoPepperTopping_dynamic_1; MozzarellaTopping_dynamic_1; PeperoniSausageTopping_dynamic_1; TomatoTopping_dynamic_1",1,1
"1hop-NamedPizza_AmericanHot_56_AmericanHot_56-AmericanHot_56-hasTopping-HotGreenPepperTopping_dynamic_1-BIN","NamedPizza_AmericanHot_56",117,6,"Property Assertion","BIN","ASK WHERE { <http://www.example.com/genealogy.owl#AmericanHot_56> <http://www.example.com/genealogy.owl#hasTopping> <http://www.example.com/genealogy.owl#HotGreenPepperTopping_dynamic_1> }","hasTopping","TRUE",1,1
"1hop-NamedPizza_AmericanHot_56_AmericanHot_56-AmericanHot_56-hasTopping-AmericanHot_56-NEG-BIN","NamedPizza_AmericanHot_56",117,6,"Property Assertion","BIN","ASK WHERE { <http://www.example.com/genealogy.owl#AmericanHot_56> <http://www.example.com/genealogy.owl#hasTopping> <http://www.example.com/genealogy.owl#AmericanHot_56> }","hasTopping","FALSE",1,1
"1hop-NamedPizza_AmericanHot_57_AmericanHot_57-AmericanHot_57-rdf:type-Food-BIN","NamedPizza_AmericanHot_57",117,6,"Membership","BIN","ASK WHERE { <http://www.example.com/genealogy.owl#AmericanHot_57> <http://www.w3.org/1999/02/22-rdf-syntax-ns#type> <http://www.example.com/genealogy.owl#Food> }","rdf:type","TRUE",3,3
"1hop-NamedPizza_AmericanHot_57_AmericanHot_57-AmericanHot_57-rdf:type-American-NEG-BIN","NamedPizza_AmericanHot_57",117,6,"Membership","BIN","ASK WHERE { <http://www.example.com/genealogy.owl#AmericanHot_57> <http://www.w3.org/1999/02/22-rdf-syntax-ns#type> <http://www.example.com/genealogy.owl#American> }","rdf:type","FALSE",3,3
"1hop-NamedPizza_AmericanHot_57_AmericanHot_57-AmericanHot_57-rdf:type-MC","NamedPizza_AmericanHot_57",117,6,"Membership","MC","SELECT ?x WHERE { <http://www.example.com/genealogy.owl#AmericanHot_57> <http://www.w3.org/1999/02/22-rdf-syntax-ns#type> ?x }","rdf:type","DomainConcept; Food; Pizza",3,3
"1hop-NamedPizza_AmericanHot_57_AmericanHot_57-AmericanHot_57-hasTopping-HotGreenPepperTopping_dynamic_1-BIN","NamedPizza_AmericanHot_57",117,6,"Property Assertion","BIN","ASK WHERE { <http://www.example.com/genealogy.owl#AmericanHot_57> <http://www.example.com/genealogy.owl#hasTopping> <http://www.example.com/genealogy.owl#HotGreenPepperTopping_dynamic_1> }","hasTopping","TRUE",1,1
"1hop-NamedPizza_AmericanHot_57_AmericanHot_57-AmericanHot_57-hasTopping-AmericanHot_57-NEG-BIN","NamedPizza_AmericanHot_57",117,6,"Property Assertion","BIN","ASK WHERE { <http://www.example.com/genealogy.owl#AmericanHot_57> <http://www.example.com/genealogy.owl#hasTopping> <http://www.example.com/genealogy.owl#AmericanHot_57> }","hasTopping","FALSE",1,1
"1hop-NamedPizza_AmericanHot_57_AmericanHot_57-AmericanHot_57-hasTopping-MC","NamedPizza_AmericanHot_57",117,6,"Property Assertion","MC","SELECT ?x WHERE { <http://www.example.com/genealogy.owl#AmericanHot_57> <http://www.example.com/genealogy.owl#hasTopping> ?x }","hasTopping","HotGreenPepperTopping_dynamic_1; JalapenoPepperTopping_dynamic_1; MozzarellaTopping_dynamic_1; PeperoniSausageTopping_dynamic_1; TomatoTopping_dynamic_1",1,1
"1hop-NamedPizza_AmericanHot_57_AmericanHot_57-AmericanHot_57-hasIngredient-MC","NamedPizza_AmericanHot_57",117,6,"Property Assertion","MC","SELECT ?x WHERE { <http://www.example.com/genealogy.owl#AmericanHot_57> <http://www.example.com/genealogy.owl#hasIngredient> ?x }","hasIngredient","HotGreenPepperTopping_dynamic_1; JalapenoPepperTopping_dynamic_1; MozzarellaTopping_dynamic_1; PeperoniSausageTopping_dynamic_1; TomatoTopping_dynamic_1",2,2
"1hop-NamedPizza_AmericanHot_57_AmericanHot_57-AmericanHot_57-hasIngredient-HotGreenPepperTopping_dynamic_1-BIN","NamedPizza_AmericanHot_57",117,6,"Property Assertion","BIN","ASK WHERE { <http://www.example.com/genealogy.owl#AmericanHot_57> <http://www.example.com/genealogy.owl#hasIngredient> <http://www.example.com/genealogy.owl#HotGreenPepperTopping_dynamic_1> }","hasIngredient","TRUE",2,2
"1hop-NamedPizza_AmericanHot_57_AmericanHot_57-AmericanHot_57-hasIngredient-AmericanHot_57-NEG-BIN","NamedPizza_AmericanHot_57",117,6,"Property Assertion","BIN","ASK WHERE { <http://www.example.com/genealogy.owl#AmericanHot_57> <http://www.example.com/genealogy.owl#hasIngredient> <http://www.example.com/genealogy.owl#AmericanHot_57> }","hasIngredient","FALSE",2,2
"1hop-NamedPizza_AmericanHot_72_AmericanHot_72-AmericanHot_72-hasIngredient-MC","NamedPizza_AmericanHot_72",117,6,"Property Assertion","MC","SELECT ?x WHERE { <http://www.example.com/genealogy.owl#AmericanHot_72> <http://www.example.com/genealogy.owl#hasIngredient> ?x }","hasIngredient","HotGreenPepperTopping_dynamic_1; JalapenoPepperTopping_dynamic_1; MozzarellaTopping_dynamic_1; PeperoniSausageTopping_dynamic_1; TomatoTopping_dynamic_1",2,2
"1hop-NamedPizza_AmericanHot_72_AmericanHot_72-AmericanHot_72-hasTopping-MC","NamedPizza_AmericanHot_72",117,6,"Property Assertion","MC","SELECT ?x WHERE { <http://www.example.com/genealogy.owl#AmericanHot_72> <http://www.example.com/genealogy.owl#hasTopping> ?x }","hasTopping","HotGreenPepperTopping_dynamic_1; JalapenoPepperTopping_dynamic_1; MozzarellaTopping_dynamic_1; PeperoniSausageTopping_dynamic_1; TomatoTopping_dynamic_1",1,1
"1hop-NamedPizza_AmericanHot_72_AmericanHot_72-AmericanHot_72-rdf:type-Food-BIN","NamedPizza_AmericanHot_72",117,6,"Membership","BIN","ASK WHERE { <http://www.example.com/genealogy.owl#AmericanHot_72> <http://www.w3.org/1999/02/22-rdf-syntax-ns#type> <http://www.example.com/genealogy.owl#Food> }","rdf:type","TRUE",3,3
"1hop-NamedPizza_AmericanHot_72_AmericanHot_72-AmericanHot_72-rdf:type-American-NEG-BIN","NamedPizza_AmericanHot_72",117,6,"Membership","BIN","ASK WHERE { <http://www.example.com/genealogy.owl#AmericanHot_72> <http://www.w3.org/1999/02/22-rdf-syntax-ns#type> <http://www.example.com/genealogy.owl#American> }","rdf:type","FALSE",3,3
"1hop-NamedPizza_AmericanHot_72_AmericanHot_72-AmericanHot_72-rdf:type-MC","NamedPizza_AmericanHot_72",117,6,"Membership","MC","SELECT ?x WHERE { <http://www.example.com/genealogy.owl#AmericanHot_72> <http://www.w3.org/1999/02/22-rdf-syntax-ns#type> ?x }","rdf:type","DomainConcept; Food; Pizza",3,3
"1hop-NamedPizza_AmericanHot_72_AmericanHot_72-AmericanHot_72-hasIngredient-HotGreenPepperTopping_dynamic_1-BIN","NamedPizza_AmericanHot_72",117,6,"Property Assertion","BIN","ASK WHERE { <http://www.example.com/genealogy.owl#AmericanHot_72> <http://www.example.com/genealogy.owl#hasIngredient> <http://www.example.com/genealogy.owl#HotGreenPepperTopping_dynamic_1> }","hasIngredient","TRUE",2,2
"1hop-NamedPizza_AmericanHot_72_AmericanHot_72-AmericanHot_72-hasIngredient-AmericanHot_72-NEG-BIN","NamedPizza_AmericanHot_72",117,6,"Property Assertion","BIN","ASK WHERE { <http://www.example.com/genealogy.owl#AmericanHot_72> <http://www.example.com/genealogy.owl#hasIngredient> <http://www.example.com/genealogy.owl#AmericanHot_72> }","hasIngredient","FALSE",2,2
"1hop-NamedPizza_AmericanHot_72_AmericanHot_72-AmericanHot_72-hasTopping-HotGreenPepperTopping_dynamic_1-BIN","NamedPizza_AmericanHot_72",117,6,"Property Assertion","BIN","ASK WHERE { <http://www.example.com/genealogy.owl#AmericanHot_72> <http://www.example.com/genealogy.owl#hasTopping> <http://www.example.com/genealogy.owl#HotGreenPepperTopping_dynamic_1> }","hasTopping","TRUE",1,1
"1hop-NamedPizza_AmericanHot_72_AmericanHot_72-AmericanHot_72-hasTopping-AmericanHot_72-NEG-BIN","NamedPizza_AmericanHot_72",117,6,"Property Assertion","BIN","ASK WHERE { <http://www.example.com/genealogy.owl#AmericanHot_72> <http://www.example.com/genealogy.owl#hasTopping> <http://www.example.com/genealogy.owl#AmericanHot_72> }","hasTopping","FALSE",1,1
"1hop-NamedPizza_AmericanHot_73_AmericanHot_73-AmericanHot_73-hasIngredient-MC","NamedPizza_AmericanHot_73",117,6,"Property Assertion","MC","SELECT ?x WHERE { <http://www.example.com/genealogy.owl#AmericanHot_73> <http://www.example.com/genealogy.owl#hasIngredient> ?x }","hasIngredient","HotGreenPepperTopping_dynamic_1; JalapenoPepperTopping_dynamic_1; MozzarellaTopping_dynamic_1; PeperoniSausageTopping_dynamic_1; TomatoTopping_dynamic_1",2,2
"1hop-NamedPizza_AmericanHot_73_AmericanHot_73-AmericanHot_73-hasTopping-HotGreenPepperTopping_dynamic_1-BIN","NamedPizza_AmericanHot_73",117,6,"Property Assertion","BIN","ASK WHERE { <http://www.example.com/genealogy.owl#AmericanHot_73> <http://www.example.com/genealogy.owl#hasTopping> <http://www.example.com/genealogy.owl#HotGreenPepperTopping_dynamic_1> }","hasTopping","TRUE",1,1
"1hop-NamedPizza_AmericanHot_73_AmericanHot_73-AmericanHot_73-hasTopping-AmericanHot_73-NEG-BIN","NamedPizza_AmericanHot_73",117,6,"Property Assertion","BIN","ASK WHERE { <http://www.example.com/genealogy.owl#AmericanHot_73> <http://www.example.com/genealogy.owl#hasTopping> <http://www.example.com/genealogy.owl#AmericanHot_73> }","hasTopping","FALSE",1,1
"1hop-NamedPizza_AmericanHot_73_AmericanHot_73-AmericanHot_73-hasTopping-MC","NamedPizza_AmericanHot_73",117,6,"Property Assertion","MC","SELECT ?x WHERE { <http://www.example.com/genealogy.owl#AmericanHot_73> <http://www.example.com/genealogy.owl#hasTopping> ?x }","hasTopping","HotGreenPepperTopping_dynamic_1; JalapenoPepperTopping_dynamic_1; MozzarellaTopping_dynamic_1; PeperoniSausageTopping_dynamic_1; TomatoTopping_dynamic_1",1,1
"1hop-NamedPizza_AmericanHot_73_AmericanHot_73-AmericanHot_73-hasIngredient-HotGreenPepperTopping_dynamic_1-BIN","NamedPizza_AmericanHot_73",117,6,"Property Assertion","BIN","ASK WHERE { <http://www.example.com/genealogy.owl#AmericanHot_73> <http://www.example.com/genealogy.owl#hasIngredient> <http://www.example.com/genealogy.owl#HotGreenPepperTopping_dynamic_1> }","hasIngredient","TRUE",2,2
"1hop-NamedPizza_AmericanHot_73_AmericanHot_73-AmericanHot_73-hasIngredient-AmericanHot_73-NEG-BIN","NamedPizza_AmericanHot_73",117,6,"Property Assertion","BIN","ASK WHERE { <http://www.example.com/genealogy.owl#AmericanHot_73> <http://www.example.com/genealogy.owl#hasIngredient> <http://www.example.com/genealogy.owl#AmericanHot_73> }","hasIngredient","FALSE",2,2
"1hop-NamedPizza_AmericanHot_73_AmericanHot_73-AmericanHot_73-rdf:type-Food-BIN","NamedPizza_AmericanHot_73",117,6,"Membership","BIN","ASK WHERE { <http://www.example.com/genealogy.owl#AmericanHot_73> <http://www.w3.org/1999/02/22-rdf-syntax-ns#type> <http://www.example.com/genealogy.owl#Food> }","rdf:type","TRUE",3,3
"1hop-NamedPizza_AmericanHot_73_AmericanHot_73-AmericanHot_73-rdf:type-American-NEG-BIN","NamedPizza_AmericanHot_73",117,6,"Membership","BIN","ASK WHERE { <http://www.example.com/genealogy.owl#AmericanHot_73> <http://www.w3.org/1999/02/22-rdf-syntax-ns#type> <http://www.example.com/genealogy.owl#American> }","rdf:type","FALSE",3,3
"1hop-NamedPizza_AmericanHot_73_AmericanHot_73-AmericanHot_73-rdf:type-MC","NamedPizza_AmericanHot_73",117,6,"Membership","MC","SELECT ?x WHERE { <http://www.example.com/genealogy.owl#AmericanHot_73> <http://www.w3.org/1999/02/22-rdf-syntax-ns#type> ?x }","rdf:type","DomainConcept; Food; Pizza",3,3
"1hop-NamedPizza_American_10_American_10-American_10-rdf:type-Food-BIN","NamedPizza_American_10",117,4,"Membership","BIN","ASK WHERE { <http://www.example.com/genealogy.owl#American_10> <http://www.w3.org/1999/02/22-rdf-syntax-ns#type> <http://www.example.com/genealogy.owl#Food> }","rdf:type","TRUE",3,3
"1hop-NamedPizza_American_10_American_10-American_10-rdf:type-American-NEG-BIN","NamedPizza_American_10",117,4,"Membership","BIN","ASK WHERE { <http://www.example.com/genealogy.owl#American_10> <http://www.w3.org/1999/02/22-rdf-syntax-ns#type> <http://www.example.com/genealogy.owl#American> }","rdf:type","FALSE",3,3
"1hop-NamedPizza_American_10_American_10-American_10-rdf:type-MC","NamedPizza_American_10",117,4,"Membership","MC","SELECT ?x WHERE { <http://www.example.com/genealogy.owl#American_10> <http://www.w3.org/1999/02/22-rdf-syntax-ns#type> ?x }","rdf:type","DomainConcept; Food; Pizza",3,3
"1hop-NamedPizza_American_10_American_10-American_10-hasIngredient-MozzarellaTopping_dynamic_1-BIN","NamedPizza_American_10",117,4,"Property Assertion","BIN","ASK WHERE { <http://www.example.com/genealogy.owl#American_10> <http://www.example.com/genealogy.owl#hasIngredient> <http://www.example.com/genealogy.owl#MozzarellaTopping_dynamic_1> }","hasIngredient","TRUE",2,2
"1hop-NamedPizza_American_10_American_10-American_10-hasIngredient-American_10-NEG-BIN","NamedPizza_American_10",117,4,"Property Assertion","BIN","ASK WHERE { <http://www.example.com/genealogy.owl#American_10> <http://www.example.com/genealogy.owl#hasIngredient> <http://www.example.com/genealogy.owl#American_10> }","hasIngredient","FALSE",2,2
"1hop-NamedPizza_American_10_American_10-American_10-hasIngredient-MC","NamedPizza_American_10",117,4,"Property Assertion","MC","SELECT ?x WHERE { <http://www.example.com/genealogy.owl#American_10> <http://www.example.com/genealogy.owl#hasIngredient> ?x }","hasIngredient","MozzarellaTopping_dynamic_1; PeperoniSausageTopping_dynamic_1; TomatoTopping_dynamic_1",2,2
"1hop-NamedPizza_American_10_American_10-American_10-hasTopping-MozzarellaTopping_dynamic_1-BIN","NamedPizza_American_10",117,4,"Property Assertion","BIN","ASK WHERE { <http://www.example.com/genealogy.owl#American_10> <http://www.example.com/genealogy.owl#hasTopping> <http://www.example.com/genealogy.owl#MozzarellaTopping_dynamic_1> }","hasTopping","TRUE",1,1
"1hop-NamedPizza_American_10_American_10-American_10-hasTopping-American_10-NEG-BIN","NamedPizza_American_10",117,4,"Property Assertion","BIN","ASK WHERE { <http://www.example.com/genealogy.owl#American_10> <http://www.example.com/genealogy.owl#hasTopping> <http://www.example.com/genealogy.owl#American_10> }","hasTopping","FALSE",1,1
"1hop-NamedPizza_American_10_American_10-American_10-hasTopping-MC","NamedPizza_American_10",117,4,"Property Assertion","MC","SELECT ?x WHERE { <http://www.example.com/genealogy.owl#American_10> <http://www.example.com/genealogy.owl#hasTopping> ?x }","hasTopping","MozzarellaTopping_dynamic_1; PeperoniSausageTopping_dynamic_1; TomatoTopping_dynamic_1",1,1
"1hop-NamedPizza_American_19_American_19-American_19-hasIngredient-MC","NamedPizza_American_19",117,4,"Property Assertion","MC","SELECT ?x WHERE { <http://www.example.com/genealogy.owl#American_19> <http://www.example.com/genealogy.owl#hasIngredient> ?x }","hasIngredient","MozzarellaTopping_dynamic_1; PeperoniSausageTopping_dynamic_1; TomatoTopping_dynamic_1",2,2
"1hop-NamedPizza_American_19_American_19-American_19-rdf:type-MC","NamedPizza_American_19",117,4,"Membership","MC","SELECT ?x WHERE { <http://www.example.com/genealogy.owl#American_19> <http://www.w3.org/1999/02/22-rdf-syntax-ns#type> ?x }","rdf:type","DomainConcept; Food; Pizza",4,4
"1hop-NamedPizza_American_19_American_19-American_19-hasTopping-MC","NamedPizza_American_19",117,4,"Property Assertion","MC","SELECT ?x WHERE { <http://www.example.com/genealogy.owl#American_19> <http://www.example.com/genealogy.owl#hasTopping> ?x }","hasTopping","MozzarellaTopping_dynamic_1; PeperoniSausageTopping_dynamic_1; TomatoTopping_dynamic_1",1,1
"1hop-NamedPizza_American_19_American_19-American_19-rdf:type-Food-BIN","NamedPizza_American_19",117,4,"Membership","BIN","ASK WHERE { <http://www.example.com/genealogy.owl#American_19> <http://www.w3.org/1999/02/22-rdf-syntax-ns#type> <http://www.example.com/genealogy.owl#Food> }","rdf:type","TRUE",3,3
"1hop-NamedPizza_American_19_American_19-American_19-rdf:type-American-NEG-BIN","NamedPizza_American_19",117,4,"Membership","BIN","ASK WHERE { <http://www.example.com/genealogy.owl#American_19> <http://www.w3.org/1999/02/22-rdf-syntax-ns#type> <http://www.example.com/genealogy.owl#American> }","rdf:type","FALSE",3,3
"1hop-NamedPizza_American_19_American_19-American_19-hasTopping-MozzarellaTopping_dynamic_1-BIN","NamedPizza_American_19",117,4,"Property Assertion","BIN","ASK WHERE { <http://www.example.com/genealogy.owl#American_19> <http://www.example.com/genealogy.owl#hasTopping> <http://www.example.com/genealogy.owl#MozzarellaTopping_dynamic_1> }","hasTopping","TRUE",1,1
"1hop-NamedPizza_American_19_American_19-American_19-hasTopping-American_19-NEG-BIN","NamedPizza_American_19",117,4,"Property Assertion","BIN","ASK WHERE { <http://www.example.com/genealogy.owl#American_19> <http://www.example.com/genealogy.owl#hasTopping> <http://www.example.com/genealogy.owl#American_19> }","hasTopping","FALSE",1,1
"1hop-NamedPizza_American_19_American_19-American_19-hasIngredient-MozzarellaTopping_dynamic_1-BIN","NamedPizza_American_19",117,4,"Property Assertion","BIN","ASK WHERE { <http://www.example.com/genealogy.owl#American_19> <http://www.example.com/genealogy.owl#hasIngredient> <http://www.example.com/genealogy.owl#MozzarellaTopping_dynamic_1> }","hasIngredient","TRUE",2,2
"1hop-NamedPizza_American_19_American_19-American_19-hasIngredient-American_19-NEG-BIN","NamedPizza_American_19",117,4,"Property Assertion","BIN","ASK WHERE { <http://www.example.com/genealogy.owl#American_19> <http://www.example.com/genealogy.owl#hasIngredient> <http://www.example.com/genealogy.owl#American_19> }","hasIngredient","FALSE",2,2
"1hop-NamedPizza_American_2_American_2-American_2-hasTopping-MC","NamedPizza_American_2",117,4,"Property Assertion","MC","SELECT ?x WHERE { <http://www.example.com/genealogy.owl#American_2> <http://www.example.com/genealogy.owl#hasTopping> ?x }","hasTopping","MozzarellaTopping_dynamic_1; PeperoniSausageTopping_dynamic_1; TomatoTopping_dynamic_1",1,1
"1hop-NamedPizza_American_2_American_2-American_2-rdf:type-MC","NamedPizza_American_2",117,4,"Membership","MC","SELECT ?x WHERE { <http://www.example.com/genealogy.owl#American_2> <http://www.w3.org/1999/02/22-rdf-syntax-ns#type> ?x }","rdf:type","DomainConcept; Food; Pizza",2,2
"1hop-NamedPizza_American_2_American_2-American_2-hasTopping-MozzarellaTopping_dynamic_1-BIN","NamedPizza_American_2",117,4,"Property Assertion","BIN","ASK WHERE { <http://www.example.com/genealogy.owl#American_2> <http://www.example.com/genealogy.owl#hasTopping> <http://www.example.com/genealogy.owl#MozzarellaTopping_dynamic_1> }","hasTopping","TRUE",1,1
"1hop-NamedPizza_American_2_American_2-American_2-hasTopping-American_2-NEG-BIN","NamedPizza_American_2",117,4,"Property Assertion","BIN","ASK WHERE { <http://www.example.com/genealogy.owl#American_2> <http://www.example.com/genealogy.owl#hasTopping> <http://www.example.com/genealogy.owl#American_2> }","hasTopping","FALSE",1,1
"1hop-NamedPizza_American_2_American_2-American_2-hasIngredient-MozzarellaTopping_dynamic_1-BIN","NamedPizza_American_2",117,4,"Property Assertion","BIN","ASK WHERE { <http://www.example.com/genealogy.owl#American_2> <http://www.example.com/genealogy.owl#hasIngredient> <http://www.example.com/genealogy.owl#MozzarellaTopping_dynamic_1> }","hasIngredient","TRUE",2,2
"1hop-NamedPizza_American_2_American_2-American_2-hasIngredient-American_2-NEG-BIN","NamedPizza_American_2",117,4,"Property Assertion","BIN","ASK WHERE { <http://www.example.com/genealogy.owl#American_2> <http://www.example.com/genealogy.owl#hasIngredient> <http://www.example.com/genealogy.owl#American_2> }","hasIngredient","FALSE",2,2
"1hop-NamedPizza_American_2_American_2-American_2-hasIngredient-MC","NamedPizza_American_2",117,4,"Property Assertion","MC","SELECT ?x WHERE { <http://www.example.com/genealogy.owl#American_2> <http://www.example.com/genealogy.owl#hasIngredient> ?x }","hasIngredient","MozzarellaTopping_dynamic_1; PeperoniSausageTopping_dynamic_1; TomatoTopping_dynamic_1",2,2
"1hop-NamedPizza_American_2_American_2-American_2-rdf:type-Food-BIN","NamedPizza_American_2",117,4,"Membership","BIN","ASK WHERE { <http://www.example.com/genealogy.owl#American_2> <http://www.w3.org/1999/02/22-rdf-syntax-ns#type> <http://www.example.com/genealogy.owl#Food> }","rdf:type","TRUE",3,3
"1hop-NamedPizza_American_2_American_2-American_2-rdf:type-American-NEG-BIN","NamedPizza_American_2",117,4,"Membership","BIN","ASK WHERE { <http://www.example.com/genealogy.owl#American_2> <http://www.w3.org/1999/02/22-rdf-syntax-ns#type> <http://www.example.com/genealogy.owl#American> }","rdf:type","FALSE",3,3
"1hop-NamedPizza_American_28_American_28-American_28-hasIngredient-MozzarellaTopping_dynamic_1-BIN","NamedPizza_American_28",117,4,"Property Assertion","BIN","ASK WHERE { <http://www.example.com/genealogy.owl#American_28> <http://www.example.com/genealogy.owl#hasIngredient> <http://www.example.com/genealogy.owl#MozzarellaTopping_dynamic_1> }","hasIngredient","TRUE",2,2
"1hop-NamedPizza_American_28_American_28-American_28-hasIngredient-American_28-NEG-BIN","NamedPizza_American_28",117,4,"Property Assertion","BIN","ASK WHERE { <http://www.example.com/genealogy.owl#American_28> <http://www.example.com/genealogy.owl#hasIngredient> <http://www.example.com/genealogy.owl#American_28> }","hasIngredient","FALSE",2,2
"1hop-NamedPizza_American_28_American_28-American_28-hasIngredient-MC","NamedPizza_American_28",117,4,"Property Assertion","MC","SELECT ?x WHERE { <http://www.example.com/genealogy.owl#American_28> <http://www.example.com/genealogy.owl#hasIngredient> ?x }","hasIngredient","MozzarellaTopping_dynamic_1; PeperoniSausageTopping_dynamic_1; TomatoTopping_dynamic_1",2,2
"1hop-NamedPizza_American_28_American_28-American_28-rdf:type-MC","NamedPizza_American_28",117,4,"Membership","MC","SELECT ?x WHERE { <http://www.example.com/genealogy.owl#American_28> <http://www.w3.org/1999/02/22-rdf-syntax-ns#type> ?x }","rdf:type","DomainConcept; Food; Pizza",2,2
"1hop-NamedPizza_American_28_American_28-American_28-hasTopping-MozzarellaTopping_dynamic_1-BIN","NamedPizza_American_28",117,4,"Property Assertion","BIN","ASK WHERE { <http://www.example.com/genealogy.owl#American_28> <http://www.example.com/genealogy.owl#hasTopping> <http://www.example.com/genealogy.owl#MozzarellaTopping_dynamic_1> }","hasTopping","TRUE",1,1
"1hop-NamedPizza_American_28_American_28-American_28-hasTopping-American_28-NEG-BIN","NamedPizza_American_28",117,4,"Property Assertion","BIN","ASK WHERE { <http://www.example.com/genealogy.owl#American_28> <http://www.example.com/genealogy.owl#hasTopping> <http://www.example.com/genealogy.owl#American_28> }","hasTopping","FALSE",1,1
"1hop-NamedPizza_American_28_American_28-American_28-hasTopping-MC","NamedPizza_American_28",117,4,"Property Assertion","MC","SELECT ?x WHERE { <http://www.example.com/genealogy.owl#American_28> <http://www.example.com/genealogy.owl#hasTopping> ?x }","hasTopping","MozzarellaTopping_dynamic_1; PeperoniSausageTopping_dynamic_1; TomatoTopping_dynamic_1",1,1
"1hop-NamedPizza_American_28_American_28-American_28-rdf:type-Food-BIN","NamedPizza_American_28",117,4,"Membership","BIN","ASK WHERE { <http://www.example.com/genealogy.owl#American_28> <http://www.w3.org/1999/02/22-rdf-syntax-ns#type> <http://www.example.com/genealogy.owl#Food> }","rdf:type","TRUE",3,3
"1hop-NamedPizza_American_28_American_28-American_28-rdf:type-American-NEG-BIN","NamedPizza_American_28",117,4,"Membership","BIN","ASK WHERE { <http://www.example.com/genealogy.owl#American_28> <http://www.w3.org/1999/02/22-rdf-syntax-ns#type> <http://www.example.com/genealogy.owl#American> }","rdf:type","FALSE",3,3
"1hop-NamedPizza_American_34_American_34-American_34-rdf:type-MC","NamedPizza_American_34",117,4,"Membership","MC","SELECT ?x WHERE { <http://www.example.com/genealogy.owl#American_34> <http://www.w3.org/1999/02/22-rdf-syntax-ns#type> ?x }","rdf:type","DomainConcept; Food; Pizza",4,4
"1hop-NamedPizza_American_34_American_34-American_34-hasIngredient-MC","NamedPizza_American_34",117,4,"Property Assertion","MC","SELECT ?x WHERE { <http://www.example.com/genealogy.owl#American_34> <http://www.example.com/genealogy.owl#hasIngredient> ?x }","hasIngredient","MozzarellaTopping_dynamic_1; PeperoniSausageTopping_dynamic_1; TomatoTopping_dynamic_1",2,2
"1hop-NamedPizza_American_34_American_34-American_34-rdf:type-Food-BIN","NamedPizza_American_34",117,4,"Membership","BIN","ASK WHERE { <http://www.example.com/genealogy.owl#American_34> <http://www.w3.org/1999/02/22-rdf-syntax-ns#type> <http://www.example.com/genealogy.owl#Food> }","rdf:type","TRUE",3,3
"1hop-NamedPizza_American_34_American_34-American_34-rdf:type-American-NEG-BIN","NamedPizza_American_34",117,4,"Membership","BIN","ASK WHERE { <http://www.example.com/genealogy.owl#American_34> <http://www.w3.org/1999/02/22-rdf-syntax-ns#type> <http://www.example.com/genealogy.owl#American> }","rdf:type","FALSE",3,3
"1hop-NamedPizza_American_34_American_34-American_34-hasTopping-MozzarellaTopping_dynamic_1-BIN","NamedPizza_American_34",117,4,"Property Assertion","BIN","ASK WHERE { <http://www.example.com/genealogy.owl#American_34> <http://www.example.com/genealogy.owl#hasTopping> <http://www.example.com/genealogy.owl#MozzarellaTopping_dynamic_1> }","hasTopping","TRUE",1,1
"1hop-NamedPizza_American_34_American_34-American_34-hasTopping-American_34-NEG-BIN","NamedPizza_American_34",117,4,"Property Assertion","BIN","ASK WHERE { <http://www.example.com/genealogy.owl#American_34> <http://www.example.com/genealogy.owl#hasTopping> <http://www.example.com/genealogy.owl#American_34> }","hasTopping","FALSE",1,1
"1hop-NamedPizza_American_34_American_34-American_34-hasTopping-MC","NamedPizza_American_34",117,4,"Property Assertion","MC","SELECT ?x WHERE { <http://www.example.com/genealogy.owl#American_34> <http://www.example.com/genealogy.owl#hasTopping> ?x }","hasTopping","MozzarellaTopping_dynamic_1; PeperoniSausageTopping_dynamic_1; TomatoTopping_dynamic_1",1,1
"1hop-NamedPizza_American_34_American_34-American_34-hasIngredient-MozzarellaTopping_dynamic_1-BIN","NamedPizza_American_34",117,4,"Property Assertion","BIN","ASK WHERE { <http://www.example.com/genealogy.owl#American_34> <http://www.example.com/genealogy.owl#hasIngredient> <http://www.example.com/genealogy.owl#MozzarellaTopping_dynamic_1> }","hasIngredient","TRUE",2,2
"1hop-NamedPizza_American_34_American_34-American_34-hasIngredient-American_34-NEG-BIN","NamedPizza_American_34",117,4,"Property Assertion","BIN","ASK WHERE { <http://www.example.com/genealogy.owl#American_34> <http://www.example.com/genealogy.owl#hasIngredient> <http://www.example.com/genealogy.owl#American_34> }","hasIngredient","FALSE",2,2
"1hop-NamedPizza_American_43_American_43-American_43-hasTopping-MC","NamedPizza_American_43",117,4,"Property Assertion","MC","SELECT ?x WHERE { <http://www.example.com/genealogy.owl#American_43> <http://www.example.com/genealogy.owl#hasTopping> ?x }","hasTopping","MozzarellaTopping_dynamic_1; PeperoniSausageTopping_dynamic_1; TomatoTopping_dynamic_1",1,1
"1hop-NamedPizza_American_43_American_43-American_43-rdf:type-MC","NamedPizza_American_43",117,4,"Membership","MC","SELECT ?x WHERE { <http://www.example.com/genealogy.owl#American_43> <http://www.w3.org/1999/02/22-rdf-syntax-ns#type> ?x }","rdf:type","DomainConcept; Food; Pizza",2,2
"1hop-NamedPizza_American_43_American_43-American_43-rdf:type-Food-BIN","NamedPizza_American_43",117,4,"Membership","BIN","ASK WHERE { <http://www.example.com/genealogy.owl#American_43> <http://www.w3.org/1999/02/22-rdf-syntax-ns#type> <http://www.example.com/genealogy.owl#Food> }","rdf:type","TRUE",3,3
"1hop-NamedPizza_American_43_American_43-American_43-rdf:type-American-NEG-BIN","NamedPizza_American_43",117,4,"Membership","BIN","ASK WHERE { <http://www.example.com/genealogy.owl#American_43> <http://www.w3.org/1999/02/22-rdf-syntax-ns#type> <http://www.example.com/genealogy.owl#American> }","rdf:type","FALSE",3,3
"1hop-NamedPizza_American_43_American_43-American_43-hasTopping-MozzarellaTopping_dynamic_1-BIN","NamedPizza_American_43",117,4,"Property Assertion","BIN","ASK WHERE { <http://www.example.com/genealogy.owl#American_43> <http://www.example.com/genealogy.owl#hasTopping> <http://www.example.com/genealogy.owl#MozzarellaTopping_dynamic_1> }","hasTopping","TRUE",1,1
"1hop-NamedPizza_American_43_American_43-American_43-hasTopping-American_43-NEG-BIN","NamedPizza_American_43",117,4,"Property Assertion","BIN","ASK WHERE { <http://www.example.com/genealogy.owl#American_43> <http://www.example.com/genealogy.owl#hasTopping> <http://www.example.com/genealogy.owl#American_43> }","hasTopping","FALSE",1,1
"1hop-NamedPizza_American_43_American_43-American_43-hasIngredient-MC","NamedPizza_American_43",117,4,"Property Assertion","MC","SELECT ?x WHERE { <http://www.example.com/genealogy.owl#American_43> <http://www.example.com/genealogy.owl#hasIngredient> ?x }","hasIngredient","MozzarellaTopping_dynamic_1; PeperoniSausageTopping_dynamic_1; TomatoTopping_dynamic_1",2,2
"1hop-NamedPizza_American_43_American_43-American_43-hasIngredient-MozzarellaTopping_dynamic_1-BIN","NamedPizza_American_43",117,4,"Property Assertion","BIN","ASK WHERE { <http://www.example.com/genealogy.owl#American_43> <http://www.example.com/genealogy.owl#hasIngredient> <http://www.example.com/genealogy.owl#MozzarellaTopping_dynamic_1> }","hasIngredient","TRUE",2,2
"1hop-NamedPizza_American_43_American_43-American_43-hasIngredient-American_43-NEG-BIN","NamedPizza_American_43",117,4,"Property Assertion","BIN","ASK WHERE { <http://www.example.com/genealogy.owl#American_43> <http://www.example.com/genealogy.owl#hasIngredient> <http://www.example.com/genealogy.owl#American_43> }","hasIngredient","FALSE",2,2
"1hop-NamedPizza_American_46_American_46-American_46-hasIngredient-MC","NamedPizza_American_46",117,4,"Property Assertion","MC","SELECT ?x WHERE { <http://www.example.com/genealogy.owl#American_46> <http://www.example.com/genealogy.owl#hasIngredient> ?x }","hasIngredient","MozzarellaTopping_dynamic_1; PeperoniSausageTopping_dynamic_1; TomatoTopping_dynamic_1",2,2
"1hop-NamedPizza_American_46_American_46-American_46-hasTopping-MC","NamedPizza_American_46",117,4,"Property Assertion","MC","SELECT ?x WHERE { <http://www.example.com/genealogy.owl#American_46> <http://www.example.com/genealogy.owl#hasTopping> ?x }","hasTopping","MozzarellaTopping_dynamic_1; PeperoniSausageTopping_dynamic_1; TomatoTopping_dynamic_1",1,1
"1hop-NamedPizza_American_46_American_46-American_46-rdf:type-MC","NamedPizza_American_46",117,4,"Membership","MC","SELECT ?x WHERE { <http://www.example.com/genealogy.owl#American_46> <http://www.w3.org/1999/02/22-rdf-syntax-ns#type> ?x }","rdf:type","DomainConcept; Food; Pizza",2,2
"1hop-NamedPizza_American_46_American_46-American_46-hasIngredient-MozzarellaTopping_dynamic_1-BIN","NamedPizza_American_46",117,4,"Property Assertion","BIN","ASK WHERE { <http://www.example.com/genealogy.owl#American_46> <http://www.example.com/genealogy.owl#hasIngredient> <http://www.example.com/genealogy.owl#MozzarellaTopping_dynamic_1> }","hasIngredient","TRUE",2,2
"1hop-NamedPizza_American_46_American_46-American_46-hasIngredient-American_46-NEG-BIN","NamedPizza_American_46",117,4,"Property Assertion","BIN","ASK WHERE { <http://www.example.com/genealogy.owl#American_46> <http://www.example.com/genealogy.owl#hasIngredient> <http://www.example.com/genealogy.owl#American_46> }","hasIngredient","FALSE",2,2
"1hop-NamedPizza_American_46_American_46-American_46-rdf:type-Food-BIN","NamedPizza_American_46",117,4,"Membership","BIN","ASK WHERE { <http://www.example.com/genealogy.owl#American_46> <http://www.w3.org/1999/02/22-rdf-syntax-ns#type> <http://www.example.com/genealogy.owl#Food> }","rdf:type","TRUE",3,3
"1hop-NamedPizza_American_46_American_46-American_46-rdf:type-American-NEG-BIN","NamedPizza_American_46",117,4,"Membership","BIN","ASK WHERE { <http://www.example.com/genealogy.owl#American_46> <http://www.w3.org/1999/02/22-rdf-syntax-ns#type> <http://www.example.com/genealogy.owl#American> }","rdf:type","FALSE",3,3
"1hop-NamedPizza_American_46_American_46-American_46-hasTopping-MozzarellaTopping_dynamic_1-BIN","NamedPizza_American_46",117,4,"Property Assertion","BIN","ASK WHERE { <http://www.example.com/genealogy.owl#American_46> <http://www.example.com/genealogy.owl#hasTopping> <http://www.example.com/genealogy.owl#MozzarellaTopping_dynamic_1> }","hasTopping","TRUE",1,1
"1hop-NamedPizza_American_46_American_46-American_46-hasTopping-American_46-NEG-BIN","NamedPizza_American_46",117,4,"Property Assertion","BIN","ASK WHERE { <http://www.example.com/genealogy.owl#American_46> <http://www.example.com/genealogy.owl#hasTopping> <http://www.example.com/genealogy.owl#American_46> }","hasTopping","FALSE",1,1
"1hop-NamedPizza_American_49_American_49-American_49-rdf:type-MC","NamedPizza_American_49",117,4,"Membership","MC","SELECT ?x WHERE { <http://www.example.com/genealogy.owl#American_49> <http://www.w3.org/1999/02/22-rdf-syntax-ns#type> ?x }","rdf:type","DomainConcept; Food; Pizza",2,2
"1hop-NamedPizza_American_49_American_49-American_49-hasTopping-MC","NamedPizza_American_49",117,4,"Property Assertion","MC","SELECT ?x WHERE { <http://www.example.com/genealogy.owl#American_49> <http://www.example.com/genealogy.owl#hasTopping> ?x }","hasTopping","MozzarellaTopping_dynamic_1; PeperoniSausageTopping_dynamic_1; TomatoTopping_dynamic_1",1,1
"1hop-NamedPizza_American_49_American_49-American_49-hasIngredient-MC","NamedPizza_American_49",117,4,"Property Assertion","MC","SELECT ?x WHERE { <http://www.example.com/genealogy.owl#American_49> <http://www.example.com/genealogy.owl#hasIngredient> ?x }","hasIngredient","MozzarellaTopping_dynamic_1; PeperoniSausageTopping_dynamic_1; TomatoTopping_dynamic_1",2,2
"1hop-NamedPizza_American_49_American_49-American_49-rdf:type-Food-BIN","NamedPizza_American_49",117,4,"Membership","BIN","ASK WHERE { <http://www.example.com/genealogy.owl#American_49> <http://www.w3.org/1999/02/22-rdf-syntax-ns#type> <http://www.example.com/genealogy.owl#Food> }","rdf:type","TRUE",3,3
"1hop-NamedPizza_American_49_American_49-American_49-rdf:type-American-NEG-BIN","NamedPizza_American_49",117,4,"Membership","BIN","ASK WHERE { <http://www.example.com/genealogy.owl#American_49> <http://www.w3.org/1999/02/22-rdf-syntax-ns#type> <http://www.example.com/genealogy.owl#American> }","rdf:type","FALSE",3,3
"1hop-NamedPizza_American_49_American_49-American_49-hasTopping-MozzarellaTopping_dynamic_1-BIN","NamedPizza_American_49",117,4,"Property Assertion","BIN","ASK WHERE { <http://www.example.com/genealogy.owl#American_49> <http://www.example.com/genealogy.owl#hasTopping> <http://www.example.com/genealogy.owl#MozzarellaTopping_dynamic_1> }","hasTopping","TRUE",1,1
"1hop-NamedPizza_American_49_American_49-American_49-hasTopping-American_49-NEG-BIN","NamedPizza_American_49",117,4,"Property Assertion","BIN","ASK WHERE { <http://www.example.com/genealogy.owl#American_49> <http://www.example.com/genealogy.owl#hasTopping> <http://www.example.com/genealogy.owl#American_49> }","hasTopping","FALSE",1,1
"1hop-NamedPizza_American_49_American_49-American_49-hasIngredient-MozzarellaTopping_dynamic_1-BIN","NamedPizza_American_49",117,4,"Property Assertion","BIN","ASK WHERE { <http://www.example.com/genealogy.owl#American_49> <http://www.example.com/genealogy.owl#hasIngredient> <http://www.example.com/genealogy.owl#MozzarellaTopping_dynamic_1> }","hasIngredient","TRUE",2,2
"1hop-NamedPizza_American_49_American_49-American_49-hasIngredient-American_49-NEG-BIN","NamedPizza_American_49",117,4,"Property Assertion","BIN","ASK WHERE { <http://www.example.com/genealogy.owl#American_49> <http://www.example.com/genealogy.owl#hasIngredient> <http://www.example.com/genealogy.owl#American_49> }","hasIngredient","FALSE",2,2
"1hop-NamedPizza_American_54_American_54-American_54-rdf:type-MC","NamedPizza_American_54",117,4,"Membership","MC","SELECT ?x WHERE { <http://www.example.com/genealogy.owl#American_54> <http://www.w3.org/1999/02/22-rdf-syntax-ns#type> ?x }","rdf:type","DomainConcept; Food; Pizza",4,4
"1hop-NamedPizza_American_54_American_54-American_54-hasIngredient-MozzarellaTopping_dynamic_1-BIN","NamedPizza_American_54",117,4,"Property Assertion","BIN","ASK WHERE { <http://www.example.com/genealogy.owl#American_54> <http://www.example.com/genealogy.owl#hasIngredient> <http://www.example.com/genealogy.owl#MozzarellaTopping_dynamic_1> }","hasIngredient","TRUE",2,2
"1hop-NamedPizza_American_54_American_54-American_54-hasIngredient-American_54-NEG-BIN","NamedPizza_American_54",117,4,"Property Assertion","BIN","ASK WHERE { <http://www.example.com/genealogy.owl#American_54> <http://www.example.com/genealogy.owl#hasIngredient> <http://www.example.com/genealogy.owl#American_54> }","hasIngredient","FALSE",2,2
"1hop-NamedPizza_American_54_American_54-American_54-hasIngredient-MC","NamedPizza_American_54",117,4,"Property Assertion","MC","SELECT ?x WHERE { <http://www.example.com/genealogy.owl#American_54> <http://www.example.com/genealogy.owl#hasIngredient> ?x }","hasIngredient","MozzarellaTopping_dynamic_1; PeperoniSausageTopping_dynamic_1; TomatoTopping_dynamic_1",2,2
"1hop-NamedPizza_American_54_American_54-American_54-hasTopping-MC","NamedPizza_American_54",117,4,"Property Assertion","MC","SELECT ?x WHERE { <http://www.example.com/genealogy.owl#American_54> <http://www.example.com/genealogy.owl#hasTopping> ?x }","hasTopping","MozzarellaTopping_dynamic_1; PeperoniSausageTopping_dynamic_1; TomatoTopping_dynamic_1",1,1
"1hop-NamedPizza_American_54_American_54-American_54-hasTopping-MozzarellaTopping_dynamic_1-BIN","NamedPizza_American_54",117,4,"Property Assertion","BIN","ASK WHERE { <http://www.example.com/genealogy.owl#American_54> <http://www.example.com/genealogy.owl#hasTopping> <http://www.example.com/genealogy.owl#MozzarellaTopping_dynamic_1> }","hasTopping","TRUE",1,1
"1hop-NamedPizza_American_54_American_54-American_54-hasTopping-American_54-NEG-BIN","NamedPizza_American_54",117,4,"Property Assertion","BIN","ASK WHERE { <http://www.example.com/genealogy.owl#American_54> <http://www.example.com/genealogy.owl#hasTopping> <http://www.example.com/genealogy.owl#American_54> }","hasTopping","FALSE",1,1
"1hop-NamedPizza_American_54_American_54-American_54-rdf:type-Food-BIN","NamedPizza_American_54",117,4,"Membership","BIN","ASK WHERE { <http://www.example.com/genealogy.owl#American_54> <http://www.w3.org/1999/02/22-rdf-syntax-ns#type> <http://www.example.com/genealogy.owl#Food> }","rdf:type","TRUE",3,3
"1hop-NamedPizza_American_54_American_54-American_54-rdf:type-American-NEG-BIN","NamedPizza_American_54",117,4,"Membership","BIN","ASK WHERE { <http://www.example.com/genealogy.owl#American_54> <http://www.w3.org/1999/02/22-rdf-syntax-ns#type> <http://www.example.com/genealogy.owl#American> }","rdf:type","FALSE",3,3
"1hop-NamedPizza_American_55_American_55-American_55-rdf:type-Food-BIN","NamedPizza_American_55",117,4,"Membership","BIN","ASK WHERE { <http://www.example.com/genealogy.owl#American_55> <http://www.w3.org/1999/02/22-rdf-syntax-ns#type> <http://www.example.com/genealogy.owl#Food> }","rdf:type","TRUE",3,3
"1hop-NamedPizza_American_55_American_55-American_55-rdf:type-American-NEG-BIN","NamedPizza_American_55",117,4,"Membership","BIN","ASK WHERE { <http://www.example.com/genealogy.owl#American_55> <http://www.w3.org/1999/02/22-rdf-syntax-ns#type> <http://www.example.com/genealogy.owl#American> }","rdf:type","FALSE",3,3
"1hop-NamedPizza_American_55_American_55-American_55-rdf:type-MC","NamedPizza_American_55",117,4,"Membership","MC","SELECT ?x WHERE { <http://www.example.com/genealogy.owl#American_55> <http://www.w3.org/1999/02/22-rdf-syntax-ns#type> ?x }","rdf:type","DomainConcept; Food; Pizza",3,3
"1hop-NamedPizza_American_55_American_55-American_55-hasIngredient-MC","NamedPizza_American_55",117,4,"Property Assertion","MC","SELECT ?x WHERE { <http://www.example.com/genealogy.owl#American_55> <http://www.example.com/genealogy.owl#hasIngredient> ?x }","hasIngredient","MozzarellaTopping_dynamic_1; PeperoniSausageTopping_dynamic_1; TomatoTopping_dynamic_1",2,2
"1hop-NamedPizza_American_55_American_55-American_55-hasIngredient-MozzarellaTopping_dynamic_1-BIN","NamedPizza_American_55",117,4,"Property Assertion","BIN","ASK WHERE { <http://www.example.com/genealogy.owl#American_55> <http://www.example.com/genealogy.owl#hasIngredient> <http://www.example.com/genealogy.owl#MozzarellaTopping_dynamic_1> }","hasIngredient","TRUE",2,2
"1hop-NamedPizza_American_55_American_55-American_55-hasIngredient-American_55-NEG-BIN","NamedPizza_American_55",117,4,"Property Assertion","BIN","ASK WHERE { <http://www.example.com/genealogy.owl#American_55> <http://www.example.com/genealogy.owl#hasIngredient> <http://www.example.com/genealogy.owl#American_55> }","hasIngredient","FALSE",2,2
"1hop-NamedPizza_American_55_American_55-American_55-hasTopping-MC","NamedPizza_American_55",117,4,"Property Assertion","MC","SELECT ?x WHERE { <http://www.example.com/genealogy.owl#American_55> <http://www.example.com/genealogy.owl#hasTopping> ?x }","hasTopping","MozzarellaTopping_dynamic_1; PeperoniSausageTopping_dynamic_1; TomatoTopping_dynamic_1",1,1
"1hop-NamedPizza_American_55_American_55-American_55-hasTopping-MozzarellaTopping_dynamic_1-BIN","NamedPizza_American_55",117,4,"Property Assertion","BIN","ASK WHERE { <http://www.example.com/genealogy.owl#American_55> <http://www.example.com/genealogy.owl#hasTopping> <http://www.example.com/genealogy.owl#MozzarellaTopping_dynamic_1> }","hasTopping","TRUE",1,1
"1hop-NamedPizza_American_55_American_55-American_55-hasTopping-American_55-NEG-BIN","NamedPizza_American_55",117,4,"Property Assertion","BIN","ASK WHERE { <http://www.example.com/genealogy.owl#American_55> <http://www.example.com/genealogy.owl#hasTopping> <http://www.example.com/genealogy.owl#American_55> }","hasTopping","FALSE",1,1
"1hop-NamedPizza_American_57_American_57-American_57-rdf:type-MC","NamedPizza_American_57",117,4,"Membership","MC","SELECT ?x WHERE { <http://www.example.com/genealogy.owl#American_57> <http://www.w3.org/1999/02/22-rdf-syntax-ns#type> ?x }","rdf:type","DomainConcept; Food; Pizza",4,4
"1hop-NamedPizza_American_57_American_57-American_57-hasIngredient-MozzarellaTopping_dynamic_1-BIN","NamedPizza_American_57",117,4,"Property Assertion","BIN","ASK WHERE { <http://www.example.com/genealogy.owl#American_57> <http://www.example.com/genealogy.owl#hasIngredient> <http://www.example.com/genealogy.owl#MozzarellaTopping_dynamic_1> }","hasIngredient","TRUE",2,2
"1hop-NamedPizza_American_57_American_57-American_57-hasIngredient-American_57-NEG-BIN","NamedPizza_American_57",117,4,"Property Assertion","BIN","ASK WHERE { <http://www.example.com/genealogy.owl#American_57> <http://www.example.com/genealogy.owl#hasIngredient> <http://www.example.com/genealogy.owl#American_57> }","hasIngredient","FALSE",2,2
"1hop-NamedPizza_American_57_American_57-American_57-hasIngredient-MC","NamedPizza_American_57",117,4,"Property Assertion","MC","SELECT ?x WHERE { <http://www.example.com/genealogy.owl#American_57> <http://www.example.com/genealogy.owl#hasIngredient> ?x }","hasIngredient","MozzarellaTopping_dynamic_1; PeperoniSausageTopping_dynamic_1; TomatoTopping_dynamic_1",2,2
"1hop-NamedPizza_American_57_American_57-American_57-hasTopping-MozzarellaTopping_dynamic_1-BIN","NamedPizza_American_57",117,4,"Property Assertion","BIN","ASK WHERE { <http://www.example.com/genealogy.owl#American_57> <http://www.example.com/genealogy.owl#hasTopping> <http://www.example.com/genealogy.owl#MozzarellaTopping_dynamic_1> }","hasTopping","TRUE",1,1
"1hop-NamedPizza_American_57_American_57-American_57-hasTopping-American_57-NEG-BIN","NamedPizza_American_57",117,4,"Property Assertion","BIN","ASK WHERE { <http://www.example.com/genealogy.owl#American_57> <http://www.example.com/genealogy.owl#hasTopping> <http://www.example.com/genealogy.owl#American_57> }","hasTopping","FALSE",1,1
"1hop-NamedPizza_American_57_American_57-American_57-hasTopping-MC","NamedPizza_American_57",117,4,"Property Assertion","MC","SELECT ?x WHERE { <http://www.example.com/genealogy.owl#American_57> <http://www.example.com/genealogy.owl#hasTopping> ?x }","hasTopping","MozzarellaTopping_dynamic_1; PeperoniSausageTopping_dynamic_1; TomatoTopping_dynamic_1",1,1
"1hop-NamedPizza_American_57_American_57-American_57-rdf:type-Food-BIN","NamedPizza_American_57",117,4,"Membership","BIN","ASK WHERE { <http://www.example.com/genealogy.owl#American_57> <http://www.w3.org/1999/02/22-rdf-syntax-ns#type> <http://www.example.com/genealogy.owl#Food> }","rdf:type","TRUE",3,3
"1hop-NamedPizza_American_57_American_57-American_57-rdf:type-American-NEG-BIN","NamedPizza_American_57",117,4,"Membership","BIN","ASK WHERE { <http://www.example.com/genealogy.owl#American_57> <http://www.w3.org/1999/02/22-rdf-syntax-ns#type> <http://www.example.com/genealogy.owl#American> }","rdf:type","FALSE",3,3
"1hop-NamedPizza_American_63_American_63-American_63-rdf:type-MC","NamedPizza_American_63",117,4,"Membership","MC","SELECT ?x WHERE { <http://www.example.com/genealogy.owl#American_63> <http://www.w3.org/1999/02/22-rdf-syntax-ns#type> ?x }","rdf:type","DomainConcept; Food; Pizza",2,2
"1hop-NamedPizza_American_63_American_63-American_63-hasIngredient-MC","NamedPizza_American_63",117,4,"Property Assertion","MC","SELECT ?x WHERE { <http://www.example.com/genealogy.owl#American_63> <http://www.example.com/genealogy.owl#hasIngredient> ?x }","hasIngredient","MozzarellaTopping_dynamic_1; PeperoniSausageTopping_dynamic_1; TomatoTopping_dynamic_1",2,2
"1hop-NamedPizza_American_63_American_63-American_63-hasIngredient-MozzarellaTopping_dynamic_1-BIN","NamedPizza_American_63",117,4,"Property Assertion","BIN","ASK WHERE { <http://www.example.com/genealogy.owl#American_63> <http://www.example.com/genealogy.owl#hasIngredient> <http://www.example.com/genealogy.owl#MozzarellaTopping_dynamic_1> }","hasIngredient","TRUE",2,2
"1hop-NamedPizza_American_63_American_63-American_63-hasIngredient-American_63-NEG-BIN","NamedPizza_American_63",117,4,"Property Assertion","BIN","ASK WHERE { <http://www.example.com/genealogy.owl#American_63> <http://www.example.com/genealogy.owl#hasIngredient> <http://www.example.com/genealogy.owl#American_63> }","hasIngredient","FALSE",2,2
"1hop-NamedPizza_American_63_American_63-American_63-rdf:type-Food-BIN","NamedPizza_American_63",117,4,"Membership","BIN","ASK WHERE { <http://www.example.com/genealogy.owl#American_63> <http://www.w3.org/1999/02/22-rdf-syntax-ns#type> <http://www.example.com/genealogy.owl#Food> }","rdf:type","TRUE",3,3
"1hop-NamedPizza_American_63_American_63-American_63-rdf:type-American-NEG-BIN","NamedPizza_American_63",117,4,"Membership","BIN","ASK WHERE { <http://www.example.com/genealogy.owl#American_63> <http://www.w3.org/1999/02/22-rdf-syntax-ns#type> <http://www.example.com/genealogy.owl#American> }","rdf:type","FALSE",3,3
"1hop-NamedPizza_American_63_American_63-American_63-hasTopping-MozzarellaTopping_dynamic_1-BIN","NamedPizza_American_63",117,4,"Property Assertion","BIN","ASK WHERE { <http://www.example.com/genealogy.owl#American_63> <http://www.example.com/genealogy.owl#hasTopping> <http://www.example.com/genealogy.owl#MozzarellaTopping_dynamic_1> }","hasTopping","TRUE",1,1
"1hop-NamedPizza_American_63_American_63-American_63-hasTopping-American_63-NEG-BIN","NamedPizza_American_63",117,4,"Property Assertion","BIN","ASK WHERE { <http://www.example.com/genealogy.owl#American_63> <http://www.example.com/genealogy.owl#hasTopping> <http://www.example.com/genealogy.owl#American_63> }","hasTopping","FALSE",1,1
"1hop-NamedPizza_American_63_American_63-American_63-hasTopping-MC","NamedPizza_American_63",117,4,"Property Assertion","MC","SELECT ?x WHERE { <http://www.example.com/genealogy.owl#American_63> <http://www.example.com/genealogy.owl#hasTopping> ?x }","hasTopping","MozzarellaTopping_dynamic_1; PeperoniSausageTopping_dynamic_1; TomatoTopping_dynamic_1",1,1
"1hop-NamedPizza_American_7_American_7-American_7-hasTopping-MC","NamedPizza_American_7",117,4,"Property Assertion","MC","SELECT ?x WHERE { <http://www.example.com/genealogy.owl#American_7> <http://www.example.com/genealogy.owl#hasTopping> ?x }","hasTopping","MozzarellaTopping_dynamic_1; PeperoniSausageTopping_dynamic_1; TomatoTopping_dynamic_1",1,1
"1hop-NamedPizza_American_7_American_7-American_7-hasIngredient-MC","NamedPizza_American_7",117,4,"Property Assertion","MC","SELECT ?x WHERE { <http://www.example.com/genealogy.owl#American_7> <http://www.example.com/genealogy.owl#hasIngredient> ?x }","hasIngredient","MozzarellaTopping_dynamic_1; PeperoniSausageTopping_dynamic_1; TomatoTopping_dynamic_1",2,2
"1hop-NamedPizza_American_7_American_7-American_7-hasTopping-MozzarellaTopping_dynamic_1-BIN","NamedPizza_American_7",117,4,"Property Assertion","BIN","ASK WHERE { <http://www.example.com/genealogy.owl#American_7> <http://www.example.com/genealogy.owl#hasTopping> <http://www.example.com/genealogy.owl#MozzarellaTopping_dynamic_1> }","hasTopping","TRUE",1,1
"1hop-NamedPizza_American_7_American_7-American_7-hasTopping-American_7-NEG-BIN","NamedPizza_American_7",117,4,"Property Assertion","BIN","ASK WHERE { <http://www.example.com/genealogy.owl#American_7> <http://www.example.com/genealogy.owl#hasTopping> <http://www.example.com/genealogy.owl#American_7> }","hasTopping","FALSE",1,1
"1hop-NamedPizza_American_7_American_7-American_7-rdf:type-MC","NamedPizza_American_7",117,4,"Membership","MC","SELECT ?x WHERE { <http://www.example.com/genealogy.owl#American_7> <http://www.w3.org/1999/02/22-rdf-syntax-ns#type> ?x }","rdf:type","DomainConcept; Food; Pizza",2,2
"1hop-NamedPizza_American_7_American_7-American_7-hasIngredient-MozzarellaTopping_dynamic_1-BIN","NamedPizza_American_7",117,4,"Property Assertion","BIN","ASK WHERE { <http://www.example.com/genealogy.owl#American_7> <http://www.example.com/genealogy.owl#hasIngredient> <http://www.example.com/genealogy.owl#MozzarellaTopping_dynamic_1> }","hasIngredient","TRUE",2,2
"1hop-NamedPizza_American_7_American_7-American_7-hasIngredient-American_7-NEG-BIN","NamedPizza_American_7",117,4,"Property Assertion","BIN","ASK WHERE { <http://www.example.com/genealogy.owl#American_7> <http://www.example.com/genealogy.owl#hasIngredient> <http://www.example.com/genealogy.owl#American_7> }","hasIngredient","FALSE",2,2
"1hop-NamedPizza_American_7_American_7-American_7-rdf:type-Food-BIN","NamedPizza_American_7",117,4,"Membership","BIN","ASK WHERE { <http://www.example.com/genealogy.owl#American_7> <http://www.w3.org/1999/02/22-rdf-syntax-ns#type> <http://www.example.com/genealogy.owl#Food> }","rdf:type","TRUE",3,3
"1hop-NamedPizza_American_7_American_7-American_7-rdf:type-American-NEG-BIN","NamedPizza_American_7",117,4,"Membership","BIN","ASK WHERE { <http://www.example.com/genealogy.owl#American_7> <http://www.w3.org/1999/02/22-rdf-syntax-ns#type> <http://www.example.com/genealogy.owl#American> }","rdf:type","FALSE",3,3
"1hop-NamedPizza_American_83_American_83-American_83-hasIngredient-MozzarellaTopping_dynamic_1-BIN","NamedPizza_American_83",117,4,"Property Assertion","BIN","ASK WHERE { <http://www.example.com/genealogy.owl#American_83> <http://www.example.com/genealogy.owl#hasIngredient> <http://www.example.com/genealogy.owl#MozzarellaTopping_dynamic_1> }","hasIngredient","TRUE",2,2
"1hop-NamedPizza_American_83_American_83-American_83-hasIngredient-American_83-NEG-BIN","NamedPizza_American_83",117,4,"Property Assertion","BIN","ASK WHERE { <http://www.example.com/genealogy.owl#American_83> <http://www.example.com/genealogy.owl#hasIngredient> <http://www.example.com/genealogy.owl#American_83> }","hasIngredient","FALSE",2,2
"1hop-NamedPizza_American_83_American_83-American_83-hasIngredient-MC","NamedPizza_American_83",117,4,"Property Assertion","MC","SELECT ?x WHERE { <http://www.example.com/genealogy.owl#American_83> <http://www.example.com/genealogy.owl#hasIngredient> ?x }","hasIngredient","MozzarellaTopping_dynamic_1; PeperoniSausageTopping_dynamic_1; TomatoTopping_dynamic_1",2,2
"1hop-NamedPizza_American_83_American_83-American_83-hasTopping-MC","NamedPizza_American_83",117,4,"Property Assertion","MC","SELECT ?x WHERE { <http://www.example.com/genealogy.owl#American_83> <http://www.example.com/genealogy.owl#hasTopping> ?x }","hasTopping","MozzarellaTopping_dynamic_1; PeperoniSausageTopping_dynamic_1; TomatoTopping_dynamic_1",1,1
"1hop-NamedPizza_American_83_American_83-American_83-rdf:type-Food-BIN","NamedPizza_American_83",117,4,"Membership","BIN","ASK WHERE { <http://www.example.com/genealogy.owl#American_83> <http://www.w3.org/1999/02/22-rdf-syntax-ns#type> <http://www.example.com/genealogy.owl#Food> }","rdf:type","TRUE",3,3
"1hop-NamedPizza_American_83_American_83-American_83-rdf:type-American-NEG-BIN","NamedPizza_American_83",117,4,"Membership","BIN","ASK WHERE { <http://www.example.com/genealogy.owl#American_83> <http://www.w3.org/1999/02/22-rdf-syntax-ns#type> <http://www.example.com/genealogy.owl#American> }","rdf:type","FALSE",3,3
"1hop-NamedPizza_American_83_American_83-American_83-rdf:type-MC","NamedPizza_American_83",117,4,"Membership","MC","SELECT ?x WHERE { <http://www.example.com/genealogy.owl#American_83> <http://www.w3.org/1999/02/22-rdf-syntax-ns#type> ?x }","rdf:type","DomainConcept; Food; Pizza",3,3
"1hop-NamedPizza_American_83_American_83-American_83-hasTopping-MozzarellaTopping_dynamic_1-BIN","NamedPizza_American_83",117,4,"Property Assertion","BIN","ASK WHERE { <http://www.example.com/genealogy.owl#American_83> <http://www.example.com/genealogy.owl#hasTopping> <http://www.example.com/genealogy.owl#MozzarellaTopping_dynamic_1> }","hasTopping","TRUE",1,1
"1hop-NamedPizza_American_83_American_83-American_83-hasTopping-American_83-NEG-BIN","NamedPizza_American_83",117,4,"Property Assertion","BIN","ASK WHERE { <http://www.example.com/genealogy.owl#American_83> <http://www.example.com/genealogy.owl#hasTopping> <http://www.example.com/genealogy.owl#American_83> }","hasTopping","FALSE",1,1
"1hop-NamedPizza_American_85_American_85-American_85-rdf:type-MC","NamedPizza_American_85",117,4,"Membership","MC","SELECT ?x WHERE { <http://www.example.com/genealogy.owl#American_85> <http://www.w3.org/1999/02/22-rdf-syntax-ns#type> ?x }","rdf:type","DomainConcept; Food; Pizza",4,4
"1hop-NamedPizza_American_85_American_85-American_85-hasIngredient-MozzarellaTopping_dynamic_1-BIN","NamedPizza_American_85",117,4,"Property Assertion","BIN","ASK WHERE { <http://www.example.com/genealogy.owl#American_85> <http://www.example.com/genealogy.owl#hasIngredient> <http://www.example.com/genealogy.owl#MozzarellaTopping_dynamic_1> }","hasIngredient","TRUE",2,2
"1hop-NamedPizza_American_85_American_85-American_85-hasIngredient-American_85-NEG-BIN","NamedPizza_American_85",117,4,"Property Assertion","BIN","ASK WHERE { <http://www.example.com/genealogy.owl#American_85> <http://www.example.com/genealogy.owl#hasIngredient> <http://www.example.com/genealogy.owl#American_85> }","hasIngredient","FALSE",2,2
"1hop-NamedPizza_American_85_American_85-American_85-hasIngredient-MC","NamedPizza_American_85",117,4,"Property Assertion","MC","SELECT ?x WHERE { <http://www.example.com/genealogy.owl#American_85> <http://www.example.com/genealogy.owl#hasIngredient> ?x }","hasIngredient","MozzarellaTopping_dynamic_1; PeperoniSausageTopping_dynamic_1; TomatoTopping_dynamic_1",2,2
"1hop-NamedPizza_American_85_American_85-American_85-rdf:type-Food-BIN","NamedPizza_American_85",117,4,"Membership","BIN","ASK WHERE { <http://www.example.com/genealogy.owl#American_85> <http://www.w3.org/1999/02/22-rdf-syntax-ns#type> <http://www.example.com/genealogy.owl#Food> }","rdf:type","TRUE",3,3
"1hop-NamedPizza_American_85_American_85-American_85-rdf:type-American-NEG-BIN","NamedPizza_American_85",117,4,"Membership","BIN","ASK WHERE { <http://www.example.com/genealogy.owl#American_85> <http://www.w3.org/1999/02/22-rdf-syntax-ns#type> <http://www.example.com/genealogy.owl#American> }","rdf:type","FALSE",3,3
"1hop-NamedPizza_American_85_American_85-American_85-hasTopping-MozzarellaTopping_dynamic_1-BIN","NamedPizza_American_85",117,4,"Property Assertion","BIN","ASK WHERE { <http://www.example.com/genealogy.owl#American_85> <http://www.example.com/genealogy.owl#hasTopping> <http://www.example.com/genealogy.owl#MozzarellaTopping_dynamic_1> }","hasTopping","TRUE",1,1
"1hop-NamedPizza_American_85_American_85-American_85-hasTopping-American_85-NEG-BIN","NamedPizza_American_85",117,4,"Property Assertion","BIN","ASK WHERE { <http://www.example.com/genealogy.owl#American_85> <http://www.example.com/genealogy.owl#hasTopping> <http://www.example.com/genealogy.owl#American_85> }","hasTopping","FALSE",1,1
"1hop-NamedPizza_American_85_American_85-American_85-hasTopping-MC","NamedPizza_American_85",117,4,"Property Assertion","MC","SELECT ?x WHERE { <http://www.example.com/genealogy.owl#American_85> <http://www.example.com/genealogy.owl#hasTopping> ?x }","hasTopping","MozzarellaTopping_dynamic_1; PeperoniSausageTopping_dynamic_1; TomatoTopping_dynamic_1",1,1
"1hop-NamedPizza_American_88_American_88-American_88-hasTopping-MC","NamedPizza_American_88",117,4,"Property Assertion","MC","SELECT ?x WHERE { <http://www.example.com/genealogy.owl#American_88> <http://www.example.com/genealogy.owl#hasTopping> ?x }","hasTopping","MozzarellaTopping_dynamic_1; PeperoniSausageTopping_dynamic_1; TomatoTopping_dynamic_1",1,1
"1hop-NamedPizza_American_88_American_88-American_88-rdf:type-MC","NamedPizza_American_88",117,4,"Membership","MC","SELECT ?x WHERE { <http://www.example.com/genealogy.owl#American_88> <http://www.w3.org/1999/02/22-rdf-syntax-ns#type> ?x }","rdf:type","DomainConcept; Food; Pizza",2,2
"1hop-NamedPizza_American_88_American_88-American_88-hasIngredient-MozzarellaTopping_dynamic_1-BIN","NamedPizza_American_88",117,4,"Property Assertion","BIN","ASK WHERE { <http://www.example.com/genealogy.owl#American_88> <http://www.example.com/genealogy.owl#hasIngredient> <http://www.example.com/genealogy.owl#MozzarellaTopping_dynamic_1> }","hasIngredient","TRUE",2,2
"1hop-NamedPizza_American_88_American_88-American_88-hasIngredient-American_88-NEG-BIN","NamedPizza_American_88",117,4,"Property Assertion","BIN","ASK WHERE { <http://www.example.com/genealogy.owl#American_88> <http://www.example.com/genealogy.owl#hasIngredient> <http://www.example.com/genealogy.owl#American_88> }","hasIngredient","FALSE",2,2
"1hop-NamedPizza_American_88_American_88-American_88-hasIngredient-MC","NamedPizza_American_88",117,4,"Property Assertion","MC","SELECT ?x WHERE { <http://www.example.com/genealogy.owl#American_88> <http://www.example.com/genealogy.owl#hasIngredient> ?x }","hasIngredient","MozzarellaTopping_dynamic_1; PeperoniSausageTopping_dynamic_1; TomatoTopping_dynamic_1",2,2
"1hop-NamedPizza_American_88_American_88-American_88-hasTopping-MozzarellaTopping_dynamic_1-BIN","NamedPizza_American_88",117,4,"Property Assertion","BIN","ASK WHERE { <http://www.example.com/genealogy.owl#American_88> <http://www.example.com/genealogy.owl#hasTopping> <http://www.example.com/genealogy.owl#MozzarellaTopping_dynamic_1> }","hasTopping","TRUE",1,1
"1hop-NamedPizza_American_88_American_88-American_88-hasTopping-American_88-NEG-BIN","NamedPizza_American_88",117,4,"Property Assertion","BIN","ASK WHERE { <http://www.example.com/genealogy.owl#American_88> <http://www.example.com/genealogy.owl#hasTopping> <http://www.example.com/genealogy.owl#American_88> }","hasTopping","FALSE",1,1
"1hop-NamedPizza_American_88_American_88-American_88-rdf:type-Food-BIN","NamedPizza_American_88",117,4,"Membership","BIN","ASK WHERE { <http://www.example.com/genealogy.owl#American_88> <http://www.w3.org/1999/02/22-rdf-syntax-ns#type> <http://www.example.com/genealogy.owl#Food> }","rdf:type","TRUE",3,3
"1hop-NamedPizza_American_88_American_88-American_88-rdf:type-American-NEG-BIN","NamedPizza_American_88",117,4,"Membership","BIN","ASK WHERE { <http://www.example.com/genealogy.owl#American_88> <http://www.w3.org/1999/02/22-rdf-syntax-ns#type> <http://www.example.com/genealogy.owl#American> }","rdf:type","FALSE",3,3
"1hop-NamedPizza_American_9_American_9-American_9-rdf:type-MC","NamedPizza_American_9",117,4,"Membership","MC","SELECT ?x WHERE { <http://www.example.com/genealogy.owl#American_9> <http://www.w3.org/1999/02/22-rdf-syntax-ns#type> ?x }","rdf:type","DomainConcept; Food; Pizza",2,2
"1hop-NamedPizza_American_9_American_9-American_9-hasIngredient-MC","NamedPizza_American_9",117,4,"Property Assertion","MC","SELECT ?x WHERE { <http://www.example.com/genealogy.owl#American_9> <http://www.example.com/genealogy.owl#hasIngredient> ?x }","hasIngredient","MozzarellaTopping_dynamic_1; PeperoniSausageTopping_dynamic_1; TomatoTopping_dynamic_1",2,2
"1hop-NamedPizza_American_9_American_9-American_9-hasIngredient-MozzarellaTopping_dynamic_1-BIN","NamedPizza_American_9",117,4,"Property Assertion","BIN","ASK WHERE { <http://www.example.com/genealogy.owl#American_9> <http://www.example.com/genealogy.owl#hasIngredient> <http://www.example.com/genealogy.owl#MozzarellaTopping_dynamic_1> }","hasIngredient","TRUE",2,2
"1hop-NamedPizza_American_9_American_9-American_9-hasIngredient-American_9-NEG-BIN","NamedPizza_American_9",117,4,"Property Assertion","BIN","ASK WHERE { <http://www.example.com/genealogy.owl#American_9> <http://www.example.com/genealogy.owl#hasIngredient> <http://www.example.com/genealogy.owl#American_9> }","hasIngredient","FALSE",2,2
"1hop-NamedPizza_American_9_American_9-American_9-hasTopping-MC","NamedPizza_American_9",117,4,"Property Assertion","MC","SELECT ?x WHERE { <http://www.example.com/genealogy.owl#American_9> <http://www.example.com/genealogy.owl#hasTopping> ?x }","hasTopping","MozzarellaTopping_dynamic_1; PeperoniSausageTopping_dynamic_1; TomatoTopping_dynamic_1",1,1
"1hop-NamedPizza_American_9_American_9-American_9-rdf:type-Food-BIN","NamedPizza_American_9",117,4,"Membership","BIN","ASK WHERE { <http://www.example.com/genealogy.owl#American_9> <http://www.w3.org/1999/02/22-rdf-syntax-ns#type> <http://www.example.com/genealogy.owl#Food> }","rdf:type","TRUE",3,3
"1hop-NamedPizza_American_9_American_9-American_9-rdf:type-American-NEG-BIN","NamedPizza_American_9",117,4,"Membership","BIN","ASK WHERE { <http://www.example.com/genealogy.owl#American_9> <http://www.w3.org/1999/02/22-rdf-syntax-ns#type> <http://www.example.com/genealogy.owl#American> }","rdf:type","FALSE",3,3
"1hop-NamedPizza_American_9_American_9-American_9-hasTopping-MozzarellaTopping_dynamic_1-BIN","NamedPizza_American_9",117,4,"Property Assertion","BIN","ASK WHERE { <http://www.example.com/genealogy.owl#American_9> <http://www.example.com/genealogy.owl#hasTopping> <http://www.example.com/genealogy.owl#MozzarellaTopping_dynamic_1> }","hasTopping","TRUE",1,1
"1hop-NamedPizza_American_9_American_9-American_9-hasTopping-American_9-NEG-BIN","NamedPizza_American_9",117,4,"Property Assertion","BIN","ASK WHERE { <http://www.example.com/genealogy.owl#American_9> <http://www.example.com/genealogy.owl#hasTopping> <http://www.example.com/genealogy.owl#American_9> }","hasTopping","FALSE",1,1
"1hop-NamedPizza_Cajun_14_Cajun_14-Cajun_14-hasTopping-MC","NamedPizza_Cajun_14",117,7,"Property Assertion","MC","SELECT ?x WHERE { <http://www.example.com/genealogy.owl#Cajun_14> <http://www.example.com/genealogy.owl#hasTopping> ?x }","hasTopping","MozzarellaTopping_dynamic_1; OnionTopping_dynamic_1; PeperonataTopping_dynamic_1; PrawnsTopping_dynamic_1; TobascoPepperSauce_dynamic_1; TomatoTopping_dynamic_1",1,1
"1hop-NamedPizza_Cajun_14_Cajun_14-Cajun_14-hasIngredient-MC","NamedPizza_Cajun_14",117,7,"Property Assertion","MC","SELECT ?x WHERE { <http://www.example.com/genealogy.owl#Cajun_14> <http://www.example.com/genealogy.owl#hasIngredient> ?x }","hasIngredient","MozzarellaTopping_dynamic_1; OnionTopping_dynamic_1; PeperonataTopping_dynamic_1; PrawnsTopping_dynamic_1; TobascoPepperSauce_dynamic_1; TomatoTopping_dynamic_1",2,2
"1hop-NamedPizza_Cajun_14_Cajun_14-Cajun_14-rdf:type-MC","NamedPizza_Cajun_14",117,7,"Membership","MC","SELECT ?x WHERE { <http://www.example.com/genealogy.owl#Cajun_14> <http://www.w3.org/1999/02/22-rdf-syntax-ns#type> ?x }","rdf:type","DomainConcept; Food; Pizza",4,4
"1hop-NamedPizza_Cajun_14_Cajun_14-Cajun_14-rdf:type-Food-BIN","NamedPizza_Cajun_14",117,7,"Membership","BIN","ASK WHERE { <http://www.example.com/genealogy.owl#Cajun_14> <http://www.w3.org/1999/02/22-rdf-syntax-ns#type> <http://www.example.com/genealogy.owl#Food> }","rdf:type","TRUE",3,3
"1hop-NamedPizza_Cajun_14_Cajun_14-Cajun_14-rdf:type-American-NEG-BIN","NamedPizza_Cajun_14",117,7,"Membership","BIN","ASK WHERE { <http://www.example.com/genealogy.owl#Cajun_14> <http://www.w3.org/1999/02/22-rdf-syntax-ns#type> <http://www.example.com/genealogy.owl#American> }","rdf:type","FALSE",3,3
"1hop-NamedPizza_Cajun_14_Cajun_14-Cajun_14-hasIngredient-MozzarellaTopping_dynamic_1-BIN","NamedPizza_Cajun_14",117,7,"Property Assertion","BIN","ASK WHERE { <http://www.example.com/genealogy.owl#Cajun_14> <http://www.example.com/genealogy.owl#hasIngredient> <http://www.example.com/genealogy.owl#MozzarellaTopping_dynamic_1> }","hasIngredient","TRUE",2,2
"1hop-NamedPizza_Cajun_14_Cajun_14-Cajun_14-hasIngredient-Cajun_14-NEG-BIN","NamedPizza_Cajun_14",117,7,"Property Assertion","BIN","ASK WHERE { <http://www.example.com/genealogy.owl#Cajun_14> <http://www.example.com/genealogy.owl#hasIngredient> <http://www.example.com/genealogy.owl#Cajun_14> }","hasIngredient","FALSE",2,2
"1hop-NamedPizza_Cajun_14_Cajun_14-Cajun_14-hasTopping-MozzarellaTopping_dynamic_1-BIN","NamedPizza_Cajun_14",117,7,"Property Assertion","BIN","ASK WHERE { <http://www.example.com/genealogy.owl#Cajun_14> <http://www.example.com/genealogy.owl#hasTopping> <http://www.example.com/genealogy.owl#MozzarellaTopping_dynamic_1> }","hasTopping","TRUE",1,1
"1hop-NamedPizza_Cajun_14_Cajun_14-Cajun_14-hasTopping-Cajun_14-NEG-BIN","NamedPizza_Cajun_14",117,7,"Property Assertion","BIN","ASK WHERE { <http://www.example.com/genealogy.owl#Cajun_14> <http://www.example.com/genealogy.owl#hasTopping> <http://www.example.com/genealogy.owl#Cajun_14> }","hasTopping","FALSE",1,1
"1hop-NamedPizza_Cajun_20_Cajun_20-Cajun_20-rdf:type-Food-BIN","NamedPizza_Cajun_20",117,7,"Membership","BIN","ASK WHERE { <http://www.example.com/genealogy.owl#Cajun_20> <http://www.w3.org/1999/02/22-rdf-syntax-ns#type> <http://www.example.com/genealogy.owl#Food> }","rdf:type","TRUE",3,3
"1hop-NamedPizza_Cajun_20_Cajun_20-Cajun_20-rdf:type-American-NEG-BIN","NamedPizza_Cajun_20",117,7,"Membership","BIN","ASK WHERE { <http://www.example.com/genealogy.owl#Cajun_20> <http://www.w3.org/1999/02/22-rdf-syntax-ns#type> <http://www.example.com/genealogy.owl#American> }","rdf:type","FALSE",3,3
"1hop-NamedPizza_Cajun_20_Cajun_20-Cajun_20-rdf:type-MC","NamedPizza_Cajun_20",117,7,"Membership","MC","SELECT ?x WHERE { <http://www.example.com/genealogy.owl#Cajun_20> <http://www.w3.org/1999/02/22-rdf-syntax-ns#type> ?x }","rdf:type","DomainConcept; Food; Pizza",3,3
"1hop-NamedPizza_Cajun_20_Cajun_20-Cajun_20-hasIngredient-MC","NamedPizza_Cajun_20",117,7,"Property Assertion","MC","SELECT ?x WHERE { <http://www.example.com/genealogy.owl#Cajun_20> <http://www.example.com/genealogy.owl#hasIngredient> ?x }","hasIngredient","MozzarellaTopping_dynamic_1; OnionTopping_dynamic_1; PeperonataTopping_dynamic_1; PrawnsTopping_dynamic_1; TobascoPepperSauce_dynamic_1; TomatoTopping_dynamic_1",2,2
"1hop-NamedPizza_Cajun_20_Cajun_20-Cajun_20-hasIngredient-MozzarellaTopping_dynamic_1-BIN","NamedPizza_Cajun_20",117,7,"Property Assertion","BIN","ASK WHERE { <http://www.example.com/genealogy.owl#Cajun_20> <http://www.example.com/genealogy.owl#hasIngredient> <http://www.example.com/genealogy.owl#MozzarellaTopping_dynamic_1> }","hasIngredient","TRUE",2,2
"1hop-NamedPizza_Cajun_20_Cajun_20-Cajun_20-hasIngredient-Cajun_20-NEG-BIN","NamedPizza_Cajun_20",117,7,"Property Assertion","BIN","ASK WHERE { <http://www.example.com/genealogy.owl#Cajun_20> <http://www.example.com/genealogy.owl#hasIngredient> <http://www.example.com/genealogy.owl#Cajun_20> }","hasIngredient","FALSE",2,2
"1hop-NamedPizza_Cajun_20_Cajun_20-Cajun_20-hasTopping-MC","NamedPizza_Cajun_20",117,7,"Property Assertion","MC","SELECT ?x WHERE { <http://www.example.com/genealogy.owl#Cajun_20> <http://www.example.com/genealogy.owl#hasTopping> ?x }","hasTopping","MozzarellaTopping_dynamic_1; OnionTopping_dynamic_1; PeperonataTopping_dynamic_1; PrawnsTopping_dynamic_1; TobascoPepperSauce_dynamic_1; TomatoTopping_dynamic_1",1,1
"1hop-NamedPizza_Cajun_20_Cajun_20-Cajun_20-hasTopping-MozzarellaTopping_dynamic_1-BIN","NamedPizza_Cajun_20",117,7,"Property Assertion","BIN","ASK WHERE { <http://www.example.com/genealogy.owl#Cajun_20> <http://www.example.com/genealogy.owl#hasTopping> <http://www.example.com/genealogy.owl#MozzarellaTopping_dynamic_1> }","hasTopping","TRUE",1,1
"1hop-NamedPizza_Cajun_20_Cajun_20-Cajun_20-hasTopping-Cajun_20-NEG-BIN","NamedPizza_Cajun_20",117,7,"Property Assertion","BIN","ASK WHERE { <http://www.example.com/genealogy.owl#Cajun_20> <http://www.example.com/genealogy.owl#hasTopping> <http://www.example.com/genealogy.owl#Cajun_20> }","hasTopping","FALSE",1,1
"1hop-NamedPizza_Cajun_33_Cajun_33-Cajun_33-rdf:type-MC","NamedPizza_Cajun_33",117,7,"Membership","MC","SELECT ?x WHERE { <http://www.example.com/genealogy.owl#Cajun_33> <http://www.w3.org/1999/02/22-rdf-syntax-ns#type> ?x }","rdf:type","DomainConcept; Food; Pizza",2,2
"1hop-NamedPizza_Cajun_33_Cajun_33-Cajun_33-rdf:type-Food-BIN","NamedPizza_Cajun_33",117,7,"Membership","BIN","ASK WHERE { <http://www.example.com/genealogy.owl#Cajun_33> <http://www.w3.org/1999/02/22-rdf-syntax-ns#type> <http://www.example.com/genealogy.owl#Food> }","rdf:type","TRUE",3,3
"1hop-NamedPizza_Cajun_33_Cajun_33-Cajun_33-rdf:type-American-NEG-BIN","NamedPizza_Cajun_33",117,7,"Membership","BIN","ASK WHERE { <http://www.example.com/genealogy.owl#Cajun_33> <http://www.w3.org/1999/02/22-rdf-syntax-ns#type> <http://www.example.com/genealogy.owl#American> }","rdf:type","FALSE",3,3
"1hop-NamedPizza_Cajun_33_Cajun_33-Cajun_33-hasIngredient-MC","NamedPizza_Cajun_33",117,7,"Property Assertion","MC","SELECT ?x WHERE { <http://www.example.com/genealogy.owl#Cajun_33> <http://www.example.com/genealogy.owl#hasIngredient> ?x }","hasIngredient","MozzarellaTopping_dynamic_1; OnionTopping_dynamic_1; PeperonataTopping_dynamic_1; PrawnsTopping_dynamic_1; TobascoPepperSauce_dynamic_1; TomatoTopping_dynamic_1",2,2
"1hop-NamedPizza_Cajun_33_Cajun_33-Cajun_33-hasTopping-MC","NamedPizza_Cajun_33",117,7,"Property Assertion","MC","SELECT ?x WHERE { <http://www.example.com/genealogy.owl#Cajun_33> <http://www.example.com/genealogy.owl#hasTopping> ?x }","hasTopping","MozzarellaTopping_dynamic_1; OnionTopping_dynamic_1; PeperonataTopping_dynamic_1; PrawnsTopping_dynamic_1; TobascoPepperSauce_dynamic_1; TomatoTopping_dynamic_1",1,1
"1hop-NamedPizza_Cajun_33_Cajun_33-Cajun_33-hasTopping-MozzarellaTopping_dynamic_1-BIN","NamedPizza_Cajun_33",117,7,"Property Assertion","BIN","ASK WHERE { <http://www.example.com/genealogy.owl#Cajun_33> <http://www.example.com/genealogy.owl#hasTopping> <http://www.example.com/genealogy.owl#MozzarellaTopping_dynamic_1> }","hasTopping","TRUE",1,1
"1hop-NamedPizza_Cajun_33_Cajun_33-Cajun_33-hasTopping-Cajun_33-NEG-BIN","NamedPizza_Cajun_33",117,7,"Property Assertion","BIN","ASK WHERE { <http://www.example.com/genealogy.owl#Cajun_33> <http://www.example.com/genealogy.owl#hasTopping> <http://www.example.com/genealogy.owl#Cajun_33> }","hasTopping","FALSE",1,1
"1hop-NamedPizza_Cajun_33_Cajun_33-Cajun_33-hasIngredient-MozzarellaTopping_dynamic_1-BIN","NamedPizza_Cajun_33",117,7,"Property Assertion","BIN","ASK WHERE { <http://www.example.com/genealogy.owl#Cajun_33> <http://www.example.com/genealogy.owl#hasIngredient> <http://www.example.com/genealogy.owl#MozzarellaTopping_dynamic_1> }","hasIngredient","TRUE",2,2
"1hop-NamedPizza_Cajun_33_Cajun_33-Cajun_33-hasIngredient-Cajun_33-NEG-BIN","NamedPizza_Cajun_33",117,7,"Property Assertion","BIN","ASK WHERE { <http://www.example.com/genealogy.owl#Cajun_33> <http://www.example.com/genealogy.owl#hasIngredient> <http://www.example.com/genealogy.owl#Cajun_33> }","hasIngredient","FALSE",2,2
"1hop-NamedPizza_Cajun_49_Cajun_49-Cajun_49-hasIngredient-MozzarellaTopping_dynamic_1-BIN","NamedPizza_Cajun_49",117,7,"Property Assertion","BIN","ASK WHERE { <http://www.example.com/genealogy.owl#Cajun_49> <http://www.example.com/genealogy.owl#hasIngredient> <http://www.example.com/genealogy.owl#MozzarellaTopping_dynamic_1> }","hasIngredient","TRUE",2,2
"1hop-NamedPizza_Cajun_49_Cajun_49-Cajun_49-hasIngredient-Cajun_49-NEG-BIN","NamedPizza_Cajun_49",117,7,"Property Assertion","BIN","ASK WHERE { <http://www.example.com/genealogy.owl#Cajun_49> <http://www.example.com/genealogy.owl#hasIngredient> <http://www.example.com/genealogy.owl#Cajun_49> }","hasIngredient","FALSE",2,2
"1hop-NamedPizza_Cajun_49_Cajun_49-Cajun_49-hasIngredient-MC","NamedPizza_Cajun_49",117,7,"Property Assertion","MC","SELECT ?x WHERE { <http://www.example.com/genealogy.owl#Cajun_49> <http://www.example.com/genealogy.owl#hasIngredient> ?x }","hasIngredient","MozzarellaTopping_dynamic_1; OnionTopping_dynamic_1; PeperonataTopping_dynamic_1; PrawnsTopping_dynamic_1; TobascoPepperSauce_dynamic_1; TomatoTopping_dynamic_1",2,2
"1hop-NamedPizza_Cajun_49_Cajun_49-Cajun_49-hasTopping-MC","NamedPizza_Cajun_49",117,7,"Property Assertion","MC","SELECT ?x WHERE { <http://www.example.com/genealogy.owl#Cajun_49> <http://www.example.com/genealogy.owl#hasTopping> ?x }","hasTopping","MozzarellaTopping_dynamic_1; OnionTopping_dynamic_1; PeperonataTopping_dynamic_1; PrawnsTopping_dynamic_1; TobascoPepperSauce_dynamic_1; TomatoTopping_dynamic_1",1,1
"1hop-NamedPizza_Cajun_49_Cajun_49-Cajun_49-rdf:type-Food-BIN","NamedPizza_Cajun_49",117,7,"Membership","BIN","ASK WHERE { <http://www.example.com/genealogy.owl#Cajun_49> <http://www.w3.org/1999/02/22-rdf-syntax-ns#type> <http://www.example.com/genealogy.owl#Food> }","rdf:type","TRUE",3,3
"1hop-NamedPizza_Cajun_49_Cajun_49-Cajun_49-rdf:type-American-NEG-BIN","NamedPizza_Cajun_49",117,7,"Membership","BIN","ASK WHERE { <http://www.example.com/genealogy.owl#Cajun_49> <http://www.w3.org/1999/02/22-rdf-syntax-ns#type> <http://www.example.com/genealogy.owl#American> }","rdf:type","FALSE",3,3
"1hop-NamedPizza_Cajun_49_Cajun_49-Cajun_49-rdf:type-MC","NamedPizza_Cajun_49",117,7,"Membership","MC","SELECT ?x WHERE { <http://www.example.com/genealogy.owl#Cajun_49> <http://www.w3.org/1999/02/22-rdf-syntax-ns#type> ?x }","rdf:type","DomainConcept; Food; Pizza",3,3
"1hop-NamedPizza_Cajun_49_Cajun_49-Cajun_49-hasTopping-MozzarellaTopping_dynamic_1-BIN","NamedPizza_Cajun_49",117,7,"Property Assertion","BIN","ASK WHERE { <http://www.example.com/genealogy.owl#Cajun_49> <http://www.example.com/genealogy.owl#hasTopping> <http://www.example.com/genealogy.owl#MozzarellaTopping_dynamic_1> }","hasTopping","TRUE",1,1
"1hop-NamedPizza_Cajun_49_Cajun_49-Cajun_49-hasTopping-Cajun_49-NEG-BIN","NamedPizza_Cajun_49",117,7,"Property Assertion","BIN","ASK WHERE { <http://www.example.com/genealogy.owl#Cajun_49> <http://www.example.com/genealogy.owl#hasTopping> <http://www.example.com/genealogy.owl#Cajun_49> }","hasTopping","FALSE",1,1
"1hop-NamedPizza_Cajun_84_Cajun_84-Cajun_84-rdf:type-MC","NamedPizza_Cajun_84",117,7,"Membership","MC","SELECT ?x WHERE { <http://www.example.com/genealogy.owl#Cajun_84> <http://www.w3.org/1999/02/22-rdf-syntax-ns#type> ?x }","rdf:type","DomainConcept; Food; Pizza",2,2
"1hop-NamedPizza_Cajun_84_Cajun_84-Cajun_84-hasIngredient-MC","NamedPizza_Cajun_84",117,7,"Property Assertion","MC","SELECT ?x WHERE { <http://www.example.com/genealogy.owl#Cajun_84> <http://www.example.com/genealogy.owl#hasIngredient> ?x }","hasIngredient","MozzarellaTopping_dynamic_1; OnionTopping_dynamic_1; PeperonataTopping_dynamic_1; PrawnsTopping_dynamic_1; TobascoPepperSauce_dynamic_1; TomatoTopping_dynamic_1",2,2
"1hop-NamedPizza_Cajun_84_Cajun_84-Cajun_84-hasTopping-MozzarellaTopping_dynamic_1-BIN","NamedPizza_Cajun_84",117,7,"Property Assertion","BIN","ASK WHERE { <http://www.example.com/genealogy.owl#Cajun_84> <http://www.example.com/genealogy.owl#hasTopping> <http://www.example.com/genealogy.owl#MozzarellaTopping_dynamic_1> }","hasTopping","TRUE",1,1
"1hop-NamedPizza_Cajun_84_Cajun_84-Cajun_84-hasTopping-Cajun_84-NEG-BIN","NamedPizza_Cajun_84",117,7,"Property Assertion","BIN","ASK WHERE { <http://www.example.com/genealogy.owl#Cajun_84> <http://www.example.com/genealogy.owl#hasTopping> <http://www.example.com/genealogy.owl#Cajun_84> }","hasTopping","FALSE",1,1
"1hop-NamedPizza_Cajun_84_Cajun_84-Cajun_84-hasTopping-MC","NamedPizza_Cajun_84",117,7,"Property Assertion","MC","SELECT ?x WHERE { <http://www.example.com/genealogy.owl#Cajun_84> <http://www.example.com/genealogy.owl#hasTopping> ?x }","hasTopping","MozzarellaTopping_dynamic_1; OnionTopping_dynamic_1; PeperonataTopping_dynamic_1; PrawnsTopping_dynamic_1; TobascoPepperSauce_dynamic_1; TomatoTopping_dynamic_1",1,1
"1hop-NamedPizza_Cajun_84_Cajun_84-Cajun_84-hasIngredient-MozzarellaTopping_dynamic_1-BIN","NamedPizza_Cajun_84",117,7,"Property Assertion","BIN","ASK WHERE { <http://www.example.com/genealogy.owl#Cajun_84> <http://www.example.com/genealogy.owl#hasIngredient> <http://www.example.com/genealogy.owl#MozzarellaTopping_dynamic_1> }","hasIngredient","TRUE",2,2
"1hop-NamedPizza_Cajun_84_Cajun_84-Cajun_84-hasIngredient-Cajun_84-NEG-BIN","NamedPizza_Cajun_84",117,7,"Property Assertion","BIN","ASK WHERE { <http://www.example.com/genealogy.owl#Cajun_84> <http://www.example.com/genealogy.owl#hasIngredient> <http://www.example.com/genealogy.owl#Cajun_84> }","hasIngredient","FALSE",2,2
"1hop-NamedPizza_Cajun_84_Cajun_84-Cajun_84-rdf:type-Food-BIN","NamedPizza_Cajun_84",117,7,"Membership","BIN","ASK WHERE { <http://www.example.com/genealogy.owl#Cajun_84> <http://www.w3.org/1999/02/22-rdf-syntax-ns#type> <http://www.example.com/genealogy.owl#Food> }","rdf:type","TRUE",3,3
"1hop-NamedPizza_Cajun_84_Cajun_84-Cajun_84-rdf:type-American-NEG-BIN","NamedPizza_Cajun_84",117,7,"Membership","BIN","ASK WHERE { <http://www.example.com/genealogy.owl#Cajun_84> <http://www.w3.org/1999/02/22-rdf-syntax-ns#type> <http://www.example.com/genealogy.owl#American> }","rdf:type","FALSE",3,3
"1hop-NamedPizza_Cajun_86_Cajun_86-Cajun_86-rdf:type-MC","NamedPizza_Cajun_86",117,7,"Membership","MC","SELECT ?x WHERE { <http://www.example.com/genealogy.owl#Cajun_86> <http://www.w3.org/1999/02/22-rdf-syntax-ns#type> ?x }","rdf:type","DomainConcept; Food; Pizza",2,2
"1hop-NamedPizza_Cajun_86_Cajun_86-Cajun_86-hasTopping-MC","NamedPizza_Cajun_86",117,7,"Property Assertion","MC","SELECT ?x WHERE { <http://www.example.com/genealogy.owl#Cajun_86> <http://www.example.com/genealogy.owl#hasTopping> ?x }","hasTopping","MozzarellaTopping_dynamic_1; OnionTopping_dynamic_1; PeperonataTopping_dynamic_1; PrawnsTopping_dynamic_1; TobascoPepperSauce_dynamic_1; TomatoTopping_dynamic_1",1,1
"1hop-NamedPizza_Cajun_86_Cajun_86-Cajun_86-hasIngredient-MC","NamedPizza_Cajun_86",117,7,"Property Assertion","MC","SELECT ?x WHERE { <http://www.example.com/genealogy.owl#Cajun_86> <http://www.example.com/genealogy.owl#hasIngredient> ?x }","hasIngredient","MozzarellaTopping_dynamic_1; OnionTopping_dynamic_1; PeperonataTopping_dynamic_1; PrawnsTopping_dynamic_1; TobascoPepperSauce_dynamic_1; TomatoTopping_dynamic_1",2,2
"1hop-NamedPizza_Cajun_86_Cajun_86-Cajun_86-rdf:type-Food-BIN","NamedPizza_Cajun_86",117,7,"Membership","BIN","ASK WHERE { <http://www.example.com/genealogy.owl#Cajun_86> <http://www.w3.org/1999/02/22-rdf-syntax-ns#type> <http://www.example.com/genealogy.owl#Food> }","rdf:type","TRUE",3,3
"1hop-NamedPizza_Cajun_86_Cajun_86-Cajun_86-rdf:type-American-NEG-BIN","NamedPizza_Cajun_86",117,7,"Membership","BIN","ASK WHERE { <http://www.example.com/genealogy.owl#Cajun_86> <http://www.w3.org/1999/02/22-rdf-syntax-ns#type> <http://www.example.com/genealogy.owl#American> }","rdf:type","FALSE",3,3
"1hop-NamedPizza_Cajun_86_Cajun_86-Cajun_86-hasTopping-MozzarellaTopping_dynamic_1-BIN","NamedPizza_Cajun_86",117,7,"Property Assertion","BIN","ASK WHERE { <http://www.example.com/genealogy.owl#Cajun_86> <http://www.example.com/genealogy.owl#hasTopping> <http://www.example.com/genealogy.owl#MozzarellaTopping_dynamic_1> }","hasTopping","TRUE",1,1
"1hop-NamedPizza_Cajun_86_Cajun_86-Cajun_86-hasTopping-Cajun_86-NEG-BIN","NamedPizza_Cajun_86",117,7,"Property Assertion","BIN","ASK WHERE { <http://www.example.com/genealogy.owl#Cajun_86> <http://www.example.com/genealogy.owl#hasTopping> <http://www.example.com/genealogy.owl#Cajun_86> }","hasTopping","FALSE",1,1
"1hop-NamedPizza_Cajun_86_Cajun_86-Cajun_86-hasIngredient-MozzarellaTopping_dynamic_1-BIN","NamedPizza_Cajun_86",117,7,"Property Assertion","BIN","ASK WHERE { <http://www.example.com/genealogy.owl#Cajun_86> <http://www.example.com/genealogy.owl#hasIngredient> <http://www.example.com/genealogy.owl#MozzarellaTopping_dynamic_1> }","hasIngredient","TRUE",2,2
"1hop-NamedPizza_Cajun_86_Cajun_86-Cajun_86-hasIngredient-Cajun_86-NEG-BIN","NamedPizza_Cajun_86",117,7,"Property Assertion","BIN","ASK WHERE { <http://www.example.com/genealogy.owl#Cajun_86> <http://www.example.com/genealogy.owl#hasIngredient> <http://www.example.com/genealogy.owl#Cajun_86> }","hasIngredient","FALSE",2,2
"1hop-NamedPizza_Capricciosa_0_Capricciosa_0-Capricciosa_0-rdf:type-Food-BIN","NamedPizza_Capricciosa_0",117,8,"Membership","BIN","ASK WHERE { <http://www.example.com/genealogy.owl#Capricciosa_0> <http://www.w3.org/1999/02/22-rdf-syntax-ns#type> <http://www.example.com/genealogy.owl#Food> }","rdf:type","TRUE",3,3
"1hop-NamedPizza_Capricciosa_0_Capricciosa_0-Capricciosa_0-rdf:type-American-NEG-BIN","NamedPizza_Capricciosa_0",117,8,"Membership","BIN","ASK WHERE { <http://www.example.com/genealogy.owl#Capricciosa_0> <http://www.w3.org/1999/02/22-rdf-syntax-ns#type> <http://www.example.com/genealogy.owl#American> }","rdf:type","FALSE",3,3
"1hop-NamedPizza_Capricciosa_0_Capricciosa_0-Capricciosa_0-rdf:type-MC","NamedPizza_Capricciosa_0",117,8,"Membership","MC","SELECT ?x WHERE { <http://www.example.com/genealogy.owl#Capricciosa_0> <http://www.w3.org/1999/02/22-rdf-syntax-ns#type> ?x }","rdf:type","DomainConcept; Food; Pizza",3,3
"1hop-NamedPizza_Capricciosa_0_Capricciosa_0-Capricciosa_0-hasIngredient-AnchoviesTopping_dynamic_1-BIN","NamedPizza_Capricciosa_0",117,8,"Property Assertion","BIN","ASK WHERE { <http://www.example.com/genealogy.owl#Capricciosa_0> <http://www.example.com/genealogy.owl#hasIngredient> <http://www.example.com/genealogy.owl#AnchoviesTopping_dynamic_1> }","hasIngredient","TRUE",2,2
"1hop-NamedPizza_Capricciosa_0_Capricciosa_0-Capricciosa_0-hasIngredient-Capricciosa_0-NEG-BIN","NamedPizza_Capricciosa_0",117,8,"Property Assertion","BIN","ASK WHERE { <http://www.example.com/genealogy.owl#Capricciosa_0> <http://www.example.com/genealogy.owl#hasIngredient> <http://www.example.com/genealogy.owl#Capricciosa_0> }","hasIngredient","FALSE",2,2
"1hop-NamedPizza_Capricciosa_0_Capricciosa_0-Capricciosa_0-hasIngredient-MC","NamedPizza_Capricciosa_0",117,8,"Property Assertion","MC","SELECT ?x WHERE { <http://www.example.com/genealogy.owl#Capricciosa_0> <http://www.example.com/genealogy.owl#hasIngredient> ?x }","hasIngredient","AnchoviesTopping_dynamic_1; CaperTopping_dynamic_1; HamTopping_dynamic_1; MozzarellaTopping_dynamic_1; OliveTopping_dynamic_1; PeperonataTopping_dynamic_1; TomatoTopping_dynamic_1",2,2
"1hop-NamedPizza_Capricciosa_0_Capricciosa_0-Capricciosa_0-hasTopping-MC","NamedPizza_Capricciosa_0",117,8,"Property Assertion","MC","SELECT ?x WHERE { <http://www.example.com/genealogy.owl#Capricciosa_0> <http://www.example.com/genealogy.owl#hasTopping> ?x }","hasTopping","AnchoviesTopping_dynamic_1; CaperTopping_dynamic_1; HamTopping_dynamic_1; MozzarellaTopping_dynamic_1; OliveTopping_dynamic_1; PeperonataTopping_dynamic_1; TomatoTopping_dynamic_1",1,1
"1hop-NamedPizza_Capricciosa_0_Capricciosa_0-Capricciosa_0-hasTopping-AnchoviesTopping_dynamic_1-BIN","NamedPizza_Capricciosa_0",117,8,"Property Assertion","BIN","ASK WHERE { <http://www.example.com/genealogy.owl#Capricciosa_0> <http://www.example.com/genealogy.owl#hasTopping> <http://www.example.com/genealogy.owl#AnchoviesTopping_dynamic_1> }","hasTopping","TRUE",1,1
"1hop-NamedPizza_Capricciosa_0_Capricciosa_0-Capricciosa_0-hasTopping-Capricciosa_0-NEG-BIN","NamedPizza_Capricciosa_0",117,8,"Property Assertion","BIN","ASK WHERE { <http://www.example.com/genealogy.owl#Capricciosa_0> <http://www.example.com/genealogy.owl#hasTopping> <http://www.example.com/genealogy.owl#Capricciosa_0> }","hasTopping","FALSE",1,1
"1hop-NamedPizza_Capricciosa_22_Capricciosa_22-Capricciosa_22-hasIngredient-MC","NamedPizza_Capricciosa_22",117,8,"Property Assertion","MC","SELECT ?x WHERE { <http://www.example.com/genealogy.owl#Capricciosa_22> <http://www.example.com/genealogy.owl#hasIngredient> ?x }","hasIngredient","AnchoviesTopping_dynamic_1; CaperTopping_dynamic_1; HamTopping_dynamic_1; MozzarellaTopping_dynamic_1; OliveTopping_dynamic_1; PeperonataTopping_dynamic_1; TomatoTopping_dynamic_1",2,2
"1hop-NamedPizza_Capricciosa_22_Capricciosa_22-Capricciosa_22-hasTopping-MC","NamedPizza_Capricciosa_22",117,8,"Property Assertion","MC","SELECT ?x WHERE { <http://www.example.com/genealogy.owl#Capricciosa_22> <http://www.example.com/genealogy.owl#hasTopping> ?x }","hasTopping","AnchoviesTopping_dynamic_1; CaperTopping_dynamic_1; HamTopping_dynamic_1; MozzarellaTopping_dynamic_1; OliveTopping_dynamic_1; PeperonataTopping_dynamic_1; TomatoTopping_dynamic_1",1,1
"1hop-NamedPizza_Capricciosa_22_Capricciosa_22-Capricciosa_22-rdf:type-Food-BIN","NamedPizza_Capricciosa_22",117,8,"Membership","BIN","ASK WHERE { <http://www.example.com/genealogy.owl#Capricciosa_22> <http://www.w3.org/1999/02/22-rdf-syntax-ns#type> <http://www.example.com/genealogy.owl#Food> }","rdf:type","TRUE",3,3
"1hop-NamedPizza_Capricciosa_22_Capricciosa_22-Capricciosa_22-rdf:type-American-NEG-BIN","NamedPizza_Capricciosa_22",117,8,"Membership","BIN","ASK WHERE { <http://www.example.com/genealogy.owl#Capricciosa_22> <http://www.w3.org/1999/02/22-rdf-syntax-ns#type> <http://www.example.com/genealogy.owl#American> }","rdf:type","FALSE",3,3
"1hop-NamedPizza_Capricciosa_22_Capricciosa_22-Capricciosa_22-rdf:type-MC","NamedPizza_Capricciosa_22",117,8,"Membership","MC","SELECT ?x WHERE { <http://www.example.com/genealogy.owl#Capricciosa_22> <http://www.w3.org/1999/02/22-rdf-syntax-ns#type> ?x }","rdf:type","DomainConcept; Food; Pizza",3,3
"1hop-NamedPizza_Capricciosa_22_Capricciosa_22-Capricciosa_22-hasIngredient-AnchoviesTopping_dynamic_1-BIN","NamedPizza_Capricciosa_22",117,8,"Property Assertion","BIN","ASK WHERE { <http://www.example.com/genealogy.owl#Capricciosa_22> <http://www.example.com/genealogy.owl#hasIngredient> <http://www.example.com/genealogy.owl#AnchoviesTopping_dynamic_1> }","hasIngredient","TRUE",2,2
"1hop-NamedPizza_Capricciosa_22_Capricciosa_22-Capricciosa_22-hasIngredient-Capricciosa_22-NEG-BIN","NamedPizza_Capricciosa_22",117,8,"Property Assertion","BIN","ASK WHERE { <http://www.example.com/genealogy.owl#Capricciosa_22> <http://www.example.com/genealogy.owl#hasIngredient> <http://www.example.com/genealogy.owl#Capricciosa_22> }","hasIngredient","FALSE",2,2
"1hop-NamedPizza_Capricciosa_22_Capricciosa_22-Capricciosa_22-hasTopping-AnchoviesTopping_dynamic_1-BIN","NamedPizza_Capricciosa_22",117,8,"Property Assertion","BIN","ASK WHERE { <http://www.example.com/genealogy.owl#Capricciosa_22> <http://www.example.com/genealogy.owl#hasTopping> <http://www.example.com/genealogy.owl#AnchoviesTopping_dynamic_1> }","hasTopping","TRUE",1,1
"1hop-NamedPizza_Capricciosa_22_Capricciosa_22-Capricciosa_22-hasTopping-Capricciosa_22-NEG-BIN","NamedPizza_Capricciosa_22",117,8,"Property Assertion","BIN","ASK WHERE { <http://www.example.com/genealogy.owl#Capricciosa_22> <http://www.example.com/genealogy.owl#hasTopping> <http://www.example.com/genealogy.owl#Capricciosa_22> }","hasTopping","FALSE",1,1
"1hop-NamedPizza_Capricciosa_27_Capricciosa_27-Capricciosa_27-hasTopping-MC","NamedPizza_Capricciosa_27",117,8,"Property Assertion","MC","SELECT ?x WHERE { <http://www.example.com/genealogy.owl#Capricciosa_27> <http://www.example.com/genealogy.owl#hasTopping> ?x }","hasTopping","AnchoviesTopping_dynamic_1; CaperTopping_dynamic_1; HamTopping_dynamic_1; MozzarellaTopping_dynamic_1; OliveTopping_dynamic_1; PeperonataTopping_dynamic_1; TomatoTopping_dynamic_1",1,1
"1hop-NamedPizza_Capricciosa_27_Capricciosa_27-Capricciosa_27-hasIngredient-AnchoviesTopping_dynamic_1-BIN","NamedPizza_Capricciosa_27",117,8,"Property Assertion","BIN","ASK WHERE { <http://www.example.com/genealogy.owl#Capricciosa_27> <http://www.example.com/genealogy.owl#hasIngredient> <http://www.example.com/genealogy.owl#AnchoviesTopping_dynamic_1> }","hasIngredient","TRUE",2,2
"1hop-NamedPizza_Capricciosa_27_Capricciosa_27-Capricciosa_27-hasIngredient-Capricciosa_27-NEG-BIN","NamedPizza_Capricciosa_27",117,8,"Property Assertion","BIN","ASK WHERE { <http://www.example.com/genealogy.owl#Capricciosa_27> <http://www.example.com/genealogy.owl#hasIngredient> <http://www.example.com/genealogy.owl#Capricciosa_27> }","hasIngredient","FALSE",2,2
"1hop-NamedPizza_Capricciosa_27_Capricciosa_27-Capricciosa_27-hasIngredient-MC","NamedPizza_Capricciosa_27",117,8,"Property Assertion","MC","SELECT ?x WHERE { <http://www.example.com/genealogy.owl#Capricciosa_27> <http://www.example.com/genealogy.owl#hasIngredient> ?x }","hasIngredient","AnchoviesTopping_dynamic_1; CaperTopping_dynamic_1; HamTopping_dynamic_1; MozzarellaTopping_dynamic_1; OliveTopping_dynamic_1; PeperonataTopping_dynamic_1; TomatoTopping_dynamic_1",2,2
"1hop-NamedPizza_Capricciosa_27_Capricciosa_27-Capricciosa_27-rdf:type-MC","NamedPizza_Capricciosa_27",117,8,"Membership","MC","SELECT ?x WHERE { <http://www.example.com/genealogy.owl#Capricciosa_27> <http://www.w3.org/1999/02/22-rdf-syntax-ns#type> ?x }","rdf:type","DomainConcept; Food; Pizza",2,2
"1hop-NamedPizza_Capricciosa_27_Capricciosa_27-Capricciosa_27-hasTopping-AnchoviesTopping_dynamic_1-BIN","NamedPizza_Capricciosa_27",117,8,"Property Assertion","BIN","ASK WHERE { <http://www.example.com/genealogy.owl#Capricciosa_27> <http://www.example.com/genealogy.owl#hasTopping> <http://www.example.com/genealogy.owl#AnchoviesTopping_dynamic_1> }","hasTopping","TRUE",1,1
"1hop-NamedPizza_Capricciosa_27_Capricciosa_27-Capricciosa_27-hasTopping-Capricciosa_27-NEG-BIN","NamedPizza_Capricciosa_27",117,8,"Property Assertion","BIN","ASK WHERE { <http://www.example.com/genealogy.owl#Capricciosa_27> <http://www.example.com/genealogy.owl#hasTopping> <http://www.example.com/genealogy.owl#Capricciosa_27> }","hasTopping","FALSE",1,1
"1hop-NamedPizza_Capricciosa_27_Capricciosa_27-Capricciosa_27-rdf:type-Food-BIN","NamedPizza_Capricciosa_27",117,8,"Membership","BIN","ASK WHERE { <http://www.example.com/genealogy.owl#Capricciosa_27> <http://www.w3.org/1999/02/22-rdf-syntax-ns#type> <http://www.example.com/genealogy.owl#Food> }","rdf:type","TRUE",3,3
"1hop-NamedPizza_Capricciosa_27_Capricciosa_27-Capricciosa_27-rdf:type-American-NEG-BIN","NamedPizza_Capricciosa_27",117,8,"Membership","BIN","ASK WHERE { <http://www.example.com/genealogy.owl#Capricciosa_27> <http://www.w3.org/1999/02/22-rdf-syntax-ns#type> <http://www.example.com/genealogy.owl#American> }","rdf:type","FALSE",3,3
"1hop-NamedPizza_Capricciosa_29_Capricciosa_29-Capricciosa_29-hasTopping-MC","NamedPizza_Capricciosa_29",117,8,"Property Assertion","MC","SELECT ?x WHERE { <http://www.example.com/genealogy.owl#Capricciosa_29> <http://www.example.com/genealogy.owl#hasTopping> ?x }","hasTopping","AnchoviesTopping_dynamic_1; CaperTopping_dynamic_1; HamTopping_dynamic_1; MozzarellaTopping_dynamic_1; OliveTopping_dynamic_1; PeperonataTopping_dynamic_1; TomatoTopping_dynamic_1",1,1
"1hop-NamedPizza_Capricciosa_29_Capricciosa_29-Capricciosa_29-hasIngredient-MC","NamedPizza_Capricciosa_29",117,8,"Property Assertion","MC","SELECT ?x WHERE { <http://www.example.com/genealogy.owl#Capricciosa_29> <http://www.example.com/genealogy.owl#hasIngredient> ?x }","hasIngredient","AnchoviesTopping_dynamic_1; CaperTopping_dynamic_1; HamTopping_dynamic_1; MozzarellaTopping_dynamic_1; OliveTopping_dynamic_1; PeperonataTopping_dynamic_1; TomatoTopping_dynamic_1",2,2
"1hop-NamedPizza_Capricciosa_29_Capricciosa_29-Capricciosa_29-hasTopping-AnchoviesTopping_dynamic_1-BIN","NamedPizza_Capricciosa_29",117,8,"Property Assertion","BIN","ASK WHERE { <http://www.example.com/genealogy.owl#Capricciosa_29> <http://www.example.com/genealogy.owl#hasTopping> <http://www.example.com/genealogy.owl#AnchoviesTopping_dynamic_1> }","hasTopping","TRUE",1,1
"1hop-NamedPizza_Capricciosa_29_Capricciosa_29-Capricciosa_29-hasTopping-Capricciosa_29-NEG-BIN","NamedPizza_Capricciosa_29",117,8,"Property Assertion","BIN","ASK WHERE { <http://www.example.com/genealogy.owl#Capricciosa_29> <http://www.example.com/genealogy.owl#hasTopping> <http://www.example.com/genealogy.owl#Capricciosa_29> }","hasTopping","FALSE",1,1
"1hop-NamedPizza_Capricciosa_29_Capricciosa_29-Capricciosa_29-rdf:type-Food-BIN","NamedPizza_Capricciosa_29",117,8,"Membership","BIN","ASK WHERE { <http://www.example.com/genealogy.owl#Capricciosa_29> <http://www.w3.org/1999/02/22-rdf-syntax-ns#type> <http://www.example.com/genealogy.owl#Food> }","rdf:type","TRUE",3,3
"1hop-NamedPizza_Capricciosa_29_Capricciosa_29-Capricciosa_29-rdf:type-American-NEG-BIN","NamedPizza_Capricciosa_29",117,8,"Membership","BIN","ASK WHERE { <http://www.example.com/genealogy.owl#Capricciosa_29> <http://www.w3.org/1999/02/22-rdf-syntax-ns#type> <http://www.example.com/genealogy.owl#American> }","rdf:type","FALSE",3,3
"1hop-NamedPizza_Capricciosa_29_Capricciosa_29-Capricciosa_29-rdf:type-MC","NamedPizza_Capricciosa_29",117,8,"Membership","MC","SELECT ?x WHERE { <http://www.example.com/genealogy.owl#Capricciosa_29> <http://www.w3.org/1999/02/22-rdf-syntax-ns#type> ?x }","rdf:type","DomainConcept; Food; Pizza",3,3
"1hop-NamedPizza_Capricciosa_29_Capricciosa_29-Capricciosa_29-hasIngredient-AnchoviesTopping_dynamic_1-BIN","NamedPizza_Capricciosa_29",117,8,"Property Assertion","BIN","ASK WHERE { <http://www.example.com/genealogy.owl#Capricciosa_29> <http://www.example.com/genealogy.owl#hasIngredient> <http://www.example.com/genealogy.owl#AnchoviesTopping_dynamic_1> }","hasIngredient","TRUE",2,2
"1hop-NamedPizza_Capricciosa_29_Capricciosa_29-Capricciosa_29-hasIngredient-Capricciosa_29-NEG-BIN","NamedPizza_Capricciosa_29",117,8,"Property Assertion","BIN","ASK WHERE { <http://www.example.com/genealogy.owl#Capricciosa_29> <http://www.example.com/genealogy.owl#hasIngredient> <http://www.example.com/genealogy.owl#Capricciosa_29> }","hasIngredient","FALSE",2,2
"1hop-NamedPizza_Capricciosa_32_Capricciosa_32-Capricciosa_32-rdf:type-Food-BIN","NamedPizza_Capricciosa_32",117,8,"Membership","BIN","ASK WHERE { <http://www.example.com/genealogy.owl#Capricciosa_32> <http://www.w3.org/1999/02/22-rdf-syntax-ns#type> <http://www.example.com/genealogy.owl#Food> }","rdf:type","TRUE",3,3
"1hop-NamedPizza_Capricciosa_32_Capricciosa_32-Capricciosa_32-rdf:type-American-NEG-BIN","NamedPizza_Capricciosa_32",117,8,"Membership","BIN","ASK WHERE { <http://www.example.com/genealogy.owl#Capricciosa_32> <http://www.w3.org/1999/02/22-rdf-syntax-ns#type> <http://www.example.com/genealogy.owl#American> }","rdf:type","FALSE",3,3
"1hop-NamedPizza_Capricciosa_32_Capricciosa_32-Capricciosa_32-rdf:type-MC","NamedPizza_Capricciosa_32",117,8,"Membership","MC","SELECT ?x WHERE { <http://www.example.com/genealogy.owl#Capricciosa_32> <http://www.w3.org/1999/02/22-rdf-syntax-ns#type> ?x }","rdf:type","DomainConcept; Food; Pizza",3,3
"1hop-NamedPizza_Capricciosa_32_Capricciosa_32-Capricciosa_32-hasTopping-AnchoviesTopping_dynamic_1-BIN","NamedPizza_Capricciosa_32",117,8,"Property Assertion","BIN","ASK WHERE { <http://www.example.com/genealogy.owl#Capricciosa_32> <http://www.example.com/genealogy.owl#hasTopping> <http://www.example.com/genealogy.owl#AnchoviesTopping_dynamic_1> }","hasTopping","TRUE",1,1
"1hop-NamedPizza_Capricciosa_32_Capricciosa_32-Capricciosa_32-hasTopping-Capricciosa_32-NEG-BIN","NamedPizza_Capricciosa_32",117,8,"Property Assertion","BIN","ASK WHERE { <http://www.example.com/genealogy.owl#Capricciosa_32> <http://www.example.com/genealogy.owl#hasTopping> <http://www.example.com/genealogy.owl#Capricciosa_32> }","hasTopping","FALSE",1,1
"1hop-NamedPizza_Capricciosa_32_Capricciosa_32-Capricciosa_32-hasTopping-MC","NamedPizza_Capricciosa_32",117,8,"Property Assertion","MC","SELECT ?x WHERE { <http://www.example.com/genealogy.owl#Capricciosa_32> <http://www.example.com/genealogy.owl#hasTopping> ?x }","hasTopping","AnchoviesTopping_dynamic_1; CaperTopping_dynamic_1; HamTopping_dynamic_1; MozzarellaTopping_dynamic_1; OliveTopping_dynamic_1; PeperonataTopping_dynamic_1; TomatoTopping_dynamic_1",1,1
"1hop-NamedPizza_Capricciosa_32_Capricciosa_32-Capricciosa_32-hasIngredient-MC","NamedPizza_Capricciosa_32",117,8,"Property Assertion","MC","SELECT ?x WHERE { <http://www.example.com/genealogy.owl#Capricciosa_32> <http://www.example.com/genealogy.owl#hasIngredient> ?x }","hasIngredient","AnchoviesTopping_dynamic_1; CaperTopping_dynamic_1; HamTopping_dynamic_1; MozzarellaTopping_dynamic_1; OliveTopping_dynamic_1; PeperonataTopping_dynamic_1; TomatoTopping_dynamic_1",2,2
"1hop-NamedPizza_Capricciosa_32_Capricciosa_32-Capricciosa_32-hasIngredient-AnchoviesTopping_dynamic_1-BIN","NamedPizza_Capricciosa_32",117,8,"Property Assertion","BIN","ASK WHERE { <http://www.example.com/genealogy.owl#Capricciosa_32> <http://www.example.com/genealogy.owl#hasIngredient> <http://www.example.com/genealogy.owl#AnchoviesTopping_dynamic_1> }","hasIngredient","TRUE",2,2
"1hop-NamedPizza_Capricciosa_32_Capricciosa_32-Capricciosa_32-hasIngredient-Capricciosa_32-NEG-BIN","NamedPizza_Capricciosa_32",117,8,"Property Assertion","BIN","ASK WHERE { <http://www.example.com/genealogy.owl#Capricciosa_32> <http://www.example.com/genealogy.owl#hasIngredient> <http://www.example.com/genealogy.owl#Capricciosa_32> }","hasIngredient","FALSE",2,2
"1hop-NamedPizza_Caprina_25_Caprina_25-Caprina_25-rdf:type-MC","NamedPizza_Caprina_25",117,5,"Membership","MC","SELECT ?x WHERE { <http://www.example.com/genealogy.owl#Caprina_25> <http://www.w3.org/1999/02/22-rdf-syntax-ns#type> ?x }","rdf:type","DomainConcept; Food; Pizza",4,4
"1hop-NamedPizza_Caprina_25_Caprina_25-Caprina_25-hasTopping-MC","NamedPizza_Caprina_25",117,5,"Property Assertion","MC","SELECT ?x WHERE { <http://www.example.com/genealogy.owl#Caprina_25> <http://www.example.com/genealogy.owl#hasTopping> ?x }","hasTopping","GoatsCheeseTopping_dynamic_1; MozzarellaTopping_dynamic_1; SundriedTomatoTopping_dynamic_1; TomatoTopping_dynamic_1",1,1
"1hop-NamedPizza_Caprina_25_Caprina_25-Caprina_25-hasIngredient-MC","NamedPizza_Caprina_25",117,5,"Property Assertion","MC","SELECT ?x WHERE { <http://www.example.com/genealogy.owl#Caprina_25> <http://www.example.com/genealogy.owl#hasIngredient> ?x }","hasIngredient","GoatsCheeseTopping_dynamic_1; MozzarellaTopping_dynamic_1; SundriedTomatoTopping_dynamic_1; TomatoTopping_dynamic_1",2,2
"1hop-NamedPizza_Caprina_25_Caprina_25-Caprina_25-hasIngredient-GoatsCheeseTopping_dynamic_1-BIN","NamedPizza_Caprina_25",117,5,"Property Assertion","BIN","ASK WHERE { <http://www.example.com/genealogy.owl#Caprina_25> <http://www.example.com/genealogy.owl#hasIngredient> <http://www.example.com/genealogy.owl#GoatsCheeseTopping_dynamic_1> }","hasIngredient","TRUE",2,2
"1hop-NamedPizza_Caprina_25_Caprina_25-Caprina_25-hasIngredient-Caprina_25-NEG-BIN","NamedPizza_Caprina_25",117,5,"Property Assertion","BIN","ASK WHERE { <http://www.example.com/genealogy.owl#Caprina_25> <http://www.example.com/genealogy.owl#hasIngredient> <http://www.example.com/genealogy.owl#Caprina_25> }","hasIngredient","FALSE",2,2
"1hop-NamedPizza_Caprina_25_Caprina_25-Caprina_25-hasTopping-GoatsCheeseTopping_dynamic_1-BIN","NamedPizza_Caprina_25",117,5,"Property Assertion","BIN","ASK WHERE { <http://www.example.com/genealogy.owl#Caprina_25> <http://www.example.com/genealogy.owl#hasTopping> <http://www.example.com/genealogy.owl#GoatsCheeseTopping_dynamic_1> }","hasTopping","TRUE",1,1
"1hop-NamedPizza_Caprina_25_Caprina_25-Caprina_25-hasTopping-Caprina_25-NEG-BIN","NamedPizza_Caprina_25",117,5,"Property Assertion","BIN","ASK WHERE { <http://www.example.com/genealogy.owl#Caprina_25> <http://www.example.com/genealogy.owl#hasTopping> <http://www.example.com/genealogy.owl#Caprina_25> }","hasTopping","FALSE",1,1
"1hop-NamedPizza_Caprina_25_Caprina_25-Caprina_25-rdf:type-Food-BIN","NamedPizza_Caprina_25",117,5,"Membership","BIN","ASK WHERE { <http://www.example.com/genealogy.owl#Caprina_25> <http://www.w3.org/1999/02/22-rdf-syntax-ns#type> <http://www.example.com/genealogy.owl#Food> }","rdf:type","TRUE",3,3
"1hop-NamedPizza_Caprina_25_Caprina_25-Caprina_25-rdf:type-American-NEG-BIN","NamedPizza_Caprina_25",117,5,"Membership","BIN","ASK WHERE { <http://www.example.com/genealogy.owl#Caprina_25> <http://www.w3.org/1999/02/22-rdf-syntax-ns#type> <http://www.example.com/genealogy.owl#American> }","rdf:type","FALSE",3,3
"1hop-NamedPizza_Caprina_26_Caprina_26-Caprina_26-rdf:type-Food-BIN","NamedPizza_Caprina_26",117,5,"Membership","BIN","ASK WHERE { <http://www.example.com/genealogy.owl#Caprina_26> <http://www.w3.org/1999/02/22-rdf-syntax-ns#type> <http://www.example.com/genealogy.owl#Food> }","rdf:type","TRUE",3,3
"1hop-NamedPizza_Caprina_26_Caprina_26-Caprina_26-rdf:type-American-NEG-BIN","NamedPizza_Caprina_26",117,5,"Membership","BIN","ASK WHERE { <http://www.example.com/genealogy.owl#Caprina_26> <http://www.w3.org/1999/02/22-rdf-syntax-ns#type> <http://www.example.com/genealogy.owl#American> }","rdf:type","FALSE",3,3
"1hop-NamedPizza_Caprina_26_Caprina_26-Caprina_26-rdf:type-MC","NamedPizza_Caprina_26",117,5,"Membership","MC","SELECT ?x WHERE { <http://www.example.com/genealogy.owl#Caprina_26> <http://www.w3.org/1999/02/22-rdf-syntax-ns#type> ?x }","rdf:type","DomainConcept; Food; Pizza",3,3
"1hop-NamedPizza_Caprina_26_Caprina_26-Caprina_26-hasTopping-MC","NamedPizza_Caprina_26",117,5,"Property Assertion","MC","SELECT ?x WHERE { <http://www.example.com/genealogy.owl#Caprina_26> <http://www.example.com/genealogy.owl#hasTopping> ?x }","hasTopping","GoatsCheeseTopping_dynamic_1; MozzarellaTopping_dynamic_1; SundriedTomatoTopping_dynamic_1; TomatoTopping_dynamic_1",1,1
"1hop-NamedPizza_Caprina_26_Caprina_26-Caprina_26-hasIngredient-GoatsCheeseTopping_dynamic_1-BIN","NamedPizza_Caprina_26",117,5,"Property Assertion","BIN","ASK WHERE { <http://www.example.com/genealogy.owl#Caprina_26> <http://www.example.com/genealogy.owl#hasIngredient> <http://www.example.com/genealogy.owl#GoatsCheeseTopping_dynamic_1> }","hasIngredient","TRUE",2,2
"1hop-NamedPizza_Caprina_26_Caprina_26-Caprina_26-hasIngredient-Caprina_26-NEG-BIN","NamedPizza_Caprina_26",117,5,"Property Assertion","BIN","ASK WHERE { <http://www.example.com/genealogy.owl#Caprina_26> <http://www.example.com/genealogy.owl#hasIngredient> <http://www.example.com/genealogy.owl#Caprina_26> }","hasIngredient","FALSE",2,2
"1hop-NamedPizza_Caprina_26_Caprina_26-Caprina_26-hasIngredient-MC","NamedPizza_Caprina_26",117,5,"Property Assertion","MC","SELECT ?x WHERE { <http://www.example.com/genealogy.owl#Caprina_26> <http://www.example.com/genealogy.owl#hasIngredient> ?x }","hasIngredient","GoatsCheeseTopping_dynamic_1; MozzarellaTopping_dynamic_1; SundriedTomatoTopping_dynamic_1; TomatoTopping_dynamic_1",2,2
"1hop-NamedPizza_Caprina_26_Caprina_26-Caprina_26-hasTopping-GoatsCheeseTopping_dynamic_1-BIN","NamedPizza_Caprina_26",117,5,"Property Assertion","BIN","ASK WHERE { <http://www.example.com/genealogy.owl#Caprina_26> <http://www.example.com/genealogy.owl#hasTopping> <http://www.example.com/genealogy.owl#GoatsCheeseTopping_dynamic_1> }","hasTopping","TRUE",1,1
"1hop-NamedPizza_Caprina_26_Caprina_26-Caprina_26-hasTopping-Caprina_26-NEG-BIN","NamedPizza_Caprina_26",117,5,"Property Assertion","BIN","ASK WHERE { <http://www.example.com/genealogy.owl#Caprina_26> <http://www.example.com/genealogy.owl#hasTopping> <http://www.example.com/genealogy.owl#Caprina_26> }","hasTopping","FALSE",1,1
"1hop-NamedPizza_Caprina_31_Caprina_31-Caprina_31-rdf:type-Food-BIN","NamedPizza_Caprina_31",117,5,"Membership","BIN","ASK WHERE { <http://www.example.com/genealogy.owl#Caprina_31> <http://www.w3.org/1999/02/22-rdf-syntax-ns#type> <http://www.example.com/genealogy.owl#Food> }","rdf:type","TRUE",3,3
"1hop-NamedPizza_Caprina_31_Caprina_31-Caprina_31-rdf:type-American-NEG-BIN","NamedPizza_Caprina_31",117,5,"Membership","BIN","ASK WHERE { <http://www.example.com/genealogy.owl#Caprina_31> <http://www.w3.org/1999/02/22-rdf-syntax-ns#type> <http://www.example.com/genealogy.owl#American> }","rdf:type","FALSE",3,3
"1hop-NamedPizza_Caprina_31_Caprina_31-Caprina_31-rdf:type-MC","NamedPizza_Caprina_31",117,5,"Membership","MC","SELECT ?x WHERE { <http://www.example.com/genealogy.owl#Caprina_31> <http://www.w3.org/1999/02/22-rdf-syntax-ns#type> ?x }","rdf:type","DomainConcept; Food; Pizza",3,3
"1hop-NamedPizza_Caprina_31_Caprina_31-Caprina_31-hasIngredient-GoatsCheeseTopping_dynamic_1-BIN","NamedPizza_Caprina_31",117,5,"Property Assertion","BIN","ASK WHERE { <http://www.example.com/genealogy.owl#Caprina_31> <http://www.example.com/genealogy.owl#hasIngredient> <http://www.example.com/genealogy.owl#GoatsCheeseTopping_dynamic_1> }","hasIngredient","TRUE",2,2
"1hop-NamedPizza_Caprina_31_Caprina_31-Caprina_31-hasIngredient-Caprina_31-NEG-BIN","NamedPizza_Caprina_31",117,5,"Property Assertion","BIN","ASK WHERE { <http://www.example.com/genealogy.owl#Caprina_31> <http://www.example.com/genealogy.owl#hasIngredient> <http://www.example.com/genealogy.owl#Caprina_31> }","hasIngredient","FALSE",2,2
"1hop-NamedPizza_Caprina_31_Caprina_31-Caprina_31-hasIngredient-MC","NamedPizza_Caprina_31",117,5,"Property Assertion","MC","SELECT ?x WHERE { <http://www.example.com/genealogy.owl#Caprina_31> <http://www.example.com/genealogy.owl#hasIngredient> ?x }","hasIngredient","GoatsCheeseTopping_dynamic_1; MozzarellaTopping_dynamic_1; SundriedTomatoTopping_dynamic_1; TomatoTopping_dynamic_1",2,2
"1hop-NamedPizza_Caprina_31_Caprina_31-Caprina_31-hasTopping-MC","NamedPizza_Caprina_31",117,5,"Property Assertion","MC","SELECT ?x WHERE { <http://www.example.com/genealogy.owl#Caprina_31> <http://www.example.com/genealogy.owl#hasTopping> ?x }","hasTopping","GoatsCheeseTopping_dynamic_1; MozzarellaTopping_dynamic_1; SundriedTomatoTopping_dynamic_1; TomatoTopping_dynamic_1",1,1
"1hop-NamedPizza_Caprina_31_Caprina_31-Caprina_31-hasTopping-GoatsCheeseTopping_dynamic_1-BIN","NamedPizza_Caprina_31",117,5,"Property Assertion","BIN","ASK WHERE { <http://www.example.com/genealogy.owl#Caprina_31> <http://www.example.com/genealogy.owl#hasTopping> <http://www.example.com/genealogy.owl#GoatsCheeseTopping_dynamic_1> }","hasTopping","TRUE",1,1
"1hop-NamedPizza_Caprina_31_Caprina_31-Caprina_31-hasTopping-Caprina_31-NEG-BIN","NamedPizza_Caprina_31",117,5,"Property Assertion","BIN","ASK WHERE { <http://www.example.com/genealogy.owl#Caprina_31> <http://www.example.com/genealogy.owl#hasTopping> <http://www.example.com/genealogy.owl#Caprina_31> }","hasTopping","FALSE",1,1
"1hop-NamedPizza_Caprina_42_Caprina_42-Caprina_42-hasTopping-MC","NamedPizza_Caprina_42",117,5,"Property Assertion","MC","SELECT ?x WHERE { <http://www.example.com/genealogy.owl#Caprina_42> <http://www.example.com/genealogy.owl#hasTopping> ?x }","hasTopping","GoatsCheeseTopping_dynamic_1; MozzarellaTopping_dynamic_1; SundriedTomatoTopping_dynamic_1; TomatoTopping_dynamic_1",1,1
"1hop-NamedPizza_Caprina_42_Caprina_42-Caprina_42-rdf:type-Food-BIN","NamedPizza_Caprina_42",117,5,"Membership","BIN","ASK WHERE { <http://www.example.com/genealogy.owl#Caprina_42> <http://www.w3.org/1999/02/22-rdf-syntax-ns#type> <http://www.example.com/genealogy.owl#Food> }","rdf:type","TRUE",3,3
"1hop-NamedPizza_Caprina_42_Caprina_42-Caprina_42-rdf:type-American-NEG-BIN","NamedPizza_Caprina_42",117,5,"Membership","BIN","ASK WHERE { <http://www.example.com/genealogy.owl#Caprina_42> <http://www.w3.org/1999/02/22-rdf-syntax-ns#type> <http://www.example.com/genealogy.owl#American> }","rdf:type","FALSE",3,3
"1hop-NamedPizza_Caprina_42_Caprina_42-Caprina_42-rdf:type-MC","NamedPizza_Caprina_42",117,5,"Membership","MC","SELECT ?x WHERE { <http://www.example.com/genealogy.owl#Caprina_42> <http://www.w3.org/1999/02/22-rdf-syntax-ns#type> ?x }","rdf:type","DomainConcept; Food; Pizza",3,3
"1hop-NamedPizza_Caprina_42_Caprina_42-Caprina_42-hasIngredient-MC","NamedPizza_Caprina_42",117,5,"Property Assertion","MC","SELECT ?x WHERE { <http://www.example.com/genealogy.owl#Caprina_42> <http://www.example.com/genealogy.owl#hasIngredient> ?x }","hasIngredient","GoatsCheeseTopping_dynamic_1; MozzarellaTopping_dynamic_1; SundriedTomatoTopping_dynamic_1; TomatoTopping_dynamic_1",2,2
"1hop-NamedPizza_Caprina_42_Caprina_42-Caprina_42-hasIngredient-GoatsCheeseTopping_dynamic_1-BIN","NamedPizza_Caprina_42",117,5,"Property Assertion","BIN","ASK WHERE { <http://www.example.com/genealogy.owl#Caprina_42> <http://www.example.com/genealogy.owl#hasIngredient> <http://www.example.com/genealogy.owl#GoatsCheeseTopping_dynamic_1> }","hasIngredient","TRUE",2,2
"1hop-NamedPizza_Caprina_42_Caprina_42-Caprina_42-hasIngredient-Caprina_42-NEG-BIN","NamedPizza_Caprina_42",117,5,"Property Assertion","BIN","ASK WHERE { <http://www.example.com/genealogy.owl#Caprina_42> <http://www.example.com/genealogy.owl#hasIngredient> <http://www.example.com/genealogy.owl#Caprina_42> }","hasIngredient","FALSE",2,2
"1hop-NamedPizza_Caprina_42_Caprina_42-Caprina_42-hasTopping-GoatsCheeseTopping_dynamic_1-BIN","NamedPizza_Caprina_42",117,5,"Property Assertion","BIN","ASK WHERE { <http://www.example.com/genealogy.owl#Caprina_42> <http://www.example.com/genealogy.owl#hasTopping> <http://www.example.com/genealogy.owl#GoatsCheeseTopping_dynamic_1> }","hasTopping","TRUE",1,1
"1hop-NamedPizza_Caprina_42_Caprina_42-Caprina_42-hasTopping-Caprina_42-NEG-BIN","NamedPizza_Caprina_42",117,5,"Property Assertion","BIN","ASK WHERE { <http://www.example.com/genealogy.owl#Caprina_42> <http://www.example.com/genealogy.owl#hasTopping> <http://www.example.com/genealogy.owl#Caprina_42> }","hasTopping","FALSE",1,1
"1hop-NamedPizza_Caprina_46_Caprina_46-Caprina_46-hasIngredient-MC","NamedPizza_Caprina_46",117,5,"Property Assertion","MC","SELECT ?x WHERE { <http://www.example.com/genealogy.owl#Caprina_46> <http://www.example.com/genealogy.owl#hasIngredient> ?x }","hasIngredient","GoatsCheeseTopping_dynamic_1; MozzarellaTopping_dynamic_1; SundriedTomatoTopping_dynamic_1; TomatoTopping_dynamic_1",2,2
"1hop-NamedPizza_Caprina_46_Caprina_46-Caprina_46-hasIngredient-GoatsCheeseTopping_dynamic_1-BIN","NamedPizza_Caprina_46",117,5,"Property Assertion","BIN","ASK WHERE { <http://www.example.com/genealogy.owl#Caprina_46> <http://www.example.com/genealogy.owl#hasIngredient> <http://www.example.com/genealogy.owl#GoatsCheeseTopping_dynamic_1> }","hasIngredient","TRUE",2,2
"1hop-NamedPizza_Caprina_46_Caprina_46-Caprina_46-hasIngredient-Caprina_46-NEG-BIN","NamedPizza_Caprina_46",117,5,"Property Assertion","BIN","ASK WHERE { <http://www.example.com/genealogy.owl#Caprina_46> <http://www.example.com/genealogy.owl#hasIngredient> <http://www.example.com/genealogy.owl#Caprina_46> }","hasIngredient","FALSE",2,2
"1hop-NamedPizza_Caprina_46_Caprina_46-Caprina_46-hasTopping-MC","NamedPizza_Caprina_46",117,5,"Property Assertion","MC","SELECT ?x WHERE { <http://www.example.com/genealogy.owl#Caprina_46> <http://www.example.com/genealogy.owl#hasTopping> ?x }","hasTopping","GoatsCheeseTopping_dynamic_1; MozzarellaTopping_dynamic_1; SundriedTomatoTopping_dynamic_1; TomatoTopping_dynamic_1",1,1
"1hop-NamedPizza_Caprina_46_Caprina_46-Caprina_46-rdf:type-MC","NamedPizza_Caprina_46",117,5,"Membership","MC","SELECT ?x WHERE { <http://www.example.com/genealogy.owl#Caprina_46> <http://www.w3.org/1999/02/22-rdf-syntax-ns#type> ?x }","rdf:type","DomainConcept; Food; Pizza",2,2
"1hop-NamedPizza_Caprina_46_Caprina_46-Caprina_46-hasTopping-GoatsCheeseTopping_dynamic_1-BIN","NamedPizza_Caprina_46",117,5,"Property Assertion","BIN","ASK WHERE { <http://www.example.com/genealogy.owl#Caprina_46> <http://www.example.com/genealogy.owl#hasTopping> <http://www.example.com/genealogy.owl#GoatsCheeseTopping_dynamic_1> }","hasTopping","TRUE",1,1
"1hop-NamedPizza_Caprina_46_Caprina_46-Caprina_46-hasTopping-Caprina_46-NEG-BIN","NamedPizza_Caprina_46",117,5,"Property Assertion","BIN","ASK WHERE { <http://www.example.com/genealogy.owl#Caprina_46> <http://www.example.com/genealogy.owl#hasTopping> <http://www.example.com/genealogy.owl#Caprina_46> }","hasTopping","FALSE",1,1
"1hop-NamedPizza_Caprina_46_Caprina_46-Caprina_46-rdf:type-Food-BIN","NamedPizza_Caprina_46",117,5,"Membership","BIN","ASK WHERE { <http://www.example.com/genealogy.owl#Caprina_46> <http://www.w3.org/1999/02/22-rdf-syntax-ns#type> <http://www.example.com/genealogy.owl#Food> }","rdf:type","TRUE",3,3
"1hop-NamedPizza_Caprina_46_Caprina_46-Caprina_46-rdf:type-American-NEG-BIN","NamedPizza_Caprina_46",117,5,"Membership","BIN","ASK WHERE { <http://www.example.com/genealogy.owl#Caprina_46> <http://www.w3.org/1999/02/22-rdf-syntax-ns#type> <http://www.example.com/genealogy.owl#American> }","rdf:type","FALSE",3,3
"1hop-NamedPizza_Caprina_55_Caprina_55-Caprina_55-rdf:type-MC","NamedPizza_Caprina_55",117,5,"Membership","MC","SELECT ?x WHERE { <http://www.example.com/genealogy.owl#Caprina_55> <http://www.w3.org/1999/02/22-rdf-syntax-ns#type> ?x }","rdf:type","DomainConcept; Food; Pizza",4,4
"1hop-NamedPizza_Caprina_55_Caprina_55-Caprina_55-rdf:type-Food-BIN","NamedPizza_Caprina_55",117,5,"Membership","BIN","ASK WHERE { <http://www.example.com/genealogy.owl#Caprina_55> <http://www.w3.org/1999/02/22-rdf-syntax-ns#type> <http://www.example.com/genealogy.owl#Food> }","rdf:type","TRUE",3,3
"1hop-NamedPizza_Caprina_55_Caprina_55-Caprina_55-rdf:type-American-NEG-BIN","NamedPizza_Caprina_55",117,5,"Membership","BIN","ASK WHERE { <http://www.example.com/genealogy.owl#Caprina_55> <http://www.w3.org/1999/02/22-rdf-syntax-ns#type> <http://www.example.com/genealogy.owl#American> }","rdf:type","FALSE",3,3
"1hop-NamedPizza_Caprina_55_Caprina_55-Caprina_55-hasIngredient-MC","NamedPizza_Caprina_55",117,5,"Property Assertion","MC","SELECT ?x WHERE { <http://www.example.com/genealogy.owl#Caprina_55> <http://www.example.com/genealogy.owl#hasIngredient> ?x }","hasIngredient","GoatsCheeseTopping_dynamic_1; MozzarellaTopping_dynamic_1; SundriedTomatoTopping_dynamic_1; TomatoTopping_dynamic_1",2,2
"1hop-NamedPizza_Caprina_55_Caprina_55-Caprina_55-hasIngredient-GoatsCheeseTopping_dynamic_1-BIN","NamedPizza_Caprina_55",117,5,"Property Assertion","BIN","ASK WHERE { <http://www.example.com/genealogy.owl#Caprina_55> <http://www.example.com/genealogy.owl#hasIngredient> <http://www.example.com/genealogy.owl#GoatsCheeseTopping_dynamic_1> }","hasIngredient","TRUE",2,2
"1hop-NamedPizza_Caprina_55_Caprina_55-Caprina_55-hasIngredient-Caprina_55-NEG-BIN","NamedPizza_Caprina_55",117,5,"Property Assertion","BIN","ASK WHERE { <http://www.example.com/genealogy.owl#Caprina_55> <http://www.example.com/genealogy.owl#hasIngredient> <http://www.example.com/genealogy.owl#Caprina_55> }","hasIngredient","FALSE",2,2
"1hop-NamedPizza_Caprina_55_Caprina_55-Caprina_55-hasTopping-MC","NamedPizza_Caprina_55",117,5,"Property Assertion","MC","SELECT ?x WHERE { <http://www.example.com/genealogy.owl#Caprina_55> <http://www.example.com/genealogy.owl#hasTopping> ?x }","hasTopping","GoatsCheeseTopping_dynamic_1; MozzarellaTopping_dynamic_1; SundriedTomatoTopping_dynamic_1; TomatoTopping_dynamic_1",1,1
"1hop-NamedPizza_Caprina_55_Caprina_55-Caprina_55-hasTopping-GoatsCheeseTopping_dynamic_1-BIN","NamedPizza_Caprina_55",117,5,"Property Assertion","BIN","ASK WHERE { <http://www.example.com/genealogy.owl#Caprina_55> <http://www.example.com/genealogy.owl#hasTopping> <http://www.example.com/genealogy.owl#GoatsCheeseTopping_dynamic_1> }","hasTopping","TRUE",1,1
"1hop-NamedPizza_Caprina_55_Caprina_55-Caprina_55-hasTopping-Caprina_55-NEG-BIN","NamedPizza_Caprina_55",117,5,"Property Assertion","BIN","ASK WHERE { <http://www.example.com/genealogy.owl#Caprina_55> <http://www.example.com/genealogy.owl#hasTopping> <http://www.example.com/genealogy.owl#Caprina_55> }","hasTopping","FALSE",1,1
"1hop-NamedPizza_Caprina_64_Caprina_64-Caprina_64-rdf:type-MC","NamedPizza_Caprina_64",117,5,"Membership","MC","SELECT ?x WHERE { <http://www.example.com/genealogy.owl#Caprina_64> <http://www.w3.org/1999/02/22-rdf-syntax-ns#type> ?x }","rdf:type","DomainConcept; Food; Pizza",2,2
"1hop-NamedPizza_Caprina_64_Caprina_64-Caprina_64-hasTopping-MC","NamedPizza_Caprina_64",117,5,"Property Assertion","MC","SELECT ?x WHERE { <http://www.example.com/genealogy.owl#Caprina_64> <http://www.example.com/genealogy.owl#hasTopping> ?x }","hasTopping","GoatsCheeseTopping_dynamic_1; MozzarellaTopping_dynamic_1; SundriedTomatoTopping_dynamic_1; TomatoTopping_dynamic_1",1,1
"1hop-NamedPizza_Caprina_64_Caprina_64-Caprina_64-hasIngredient-MC","NamedPizza_Caprina_64",117,5,"Property Assertion","MC","SELECT ?x WHERE { <http://www.example.com/genealogy.owl#Caprina_64> <http://www.example.com/genealogy.owl#hasIngredient> ?x }","hasIngredient","GoatsCheeseTopping_dynamic_1; MozzarellaTopping_dynamic_1; SundriedTomatoTopping_dynamic_1; TomatoTopping_dynamic_1",2,2
"1hop-NamedPizza_Caprina_64_Caprina_64-Caprina_64-rdf:type-Food-BIN","NamedPizza_Caprina_64",117,5,"Membership","BIN","ASK WHERE { <http://www.example.com/genealogy.owl#Caprina_64> <http://www.w3.org/1999/02/22-rdf-syntax-ns#type> <http://www.example.com/genealogy.owl#Food> }","rdf:type","TRUE",3,3
"1hop-NamedPizza_Caprina_64_Caprina_64-Caprina_64-rdf:type-American-NEG-BIN","NamedPizza_Caprina_64",117,5,"Membership","BIN","ASK WHERE { <http://www.example.com/genealogy.owl#Caprina_64> <http://www.w3.org/1999/02/22-rdf-syntax-ns#type> <http://www.example.com/genealogy.owl#American> }","rdf:type","FALSE",3,3
"1hop-NamedPizza_Caprina_64_Caprina_64-Caprina_64-hasIngredient-GoatsCheeseTopping_dynamic_1-BIN","NamedPizza_Caprina_64",117,5,"Property Assertion","BIN","ASK WHERE { <http://www.example.com/genealogy.owl#Caprina_64> <http://www.example.com/genealogy.owl#hasIngredient> <http://www.example.com/genealogy.owl#GoatsCheeseTopping_dynamic_1> }","hasIngredient","TRUE",2,2
"1hop-NamedPizza_Caprina_64_Caprina_64-Caprina_64-hasIngredient-Caprina_64-NEG-BIN","NamedPizza_Caprina_64",117,5,"Property Assertion","BIN","ASK WHERE { <http://www.example.com/genealogy.owl#Caprina_64> <http://www.example.com/genealogy.owl#hasIngredient> <http://www.example.com/genealogy.owl#Caprina_64> }","hasIngredient","FALSE",2,2
"1hop-NamedPizza_Caprina_64_Caprina_64-Caprina_64-hasTopping-GoatsCheeseTopping_dynamic_1-BIN","NamedPizza_Caprina_64",117,5,"Property Assertion","BIN","ASK WHERE { <http://www.example.com/genealogy.owl#Caprina_64> <http://www.example.com/genealogy.owl#hasTopping> <http://www.example.com/genealogy.owl#GoatsCheeseTopping_dynamic_1> }","hasTopping","TRUE",1,1
"1hop-NamedPizza_Caprina_64_Caprina_64-Caprina_64-hasTopping-Caprina_64-NEG-BIN","NamedPizza_Caprina_64",117,5,"Property Assertion","BIN","ASK WHERE { <http://www.example.com/genealogy.owl#Caprina_64> <http://www.example.com/genealogy.owl#hasTopping> <http://www.example.com/genealogy.owl#Caprina_64> }","hasTopping","FALSE",1,1
"1hop-NamedPizza_Caprina_67_Caprina_67-Caprina_67-hasIngredient-MC","NamedPizza_Caprina_67",117,5,"Property Assertion","MC","SELECT ?x WHERE { <http://www.example.com/genealogy.owl#Caprina_67> <http://www.example.com/genealogy.owl#hasIngredient> ?x }","hasIngredient","GoatsCheeseTopping_dynamic_1; MozzarellaTopping_dynamic_1; SundriedTomatoTopping_dynamic_1; TomatoTopping_dynamic_1",2,2
"1hop-NamedPizza_Caprina_67_Caprina_67-Caprina_67-hasIngredient-GoatsCheeseTopping_dynamic_1-BIN","NamedPizza_Caprina_67",117,5,"Property Assertion","BIN","ASK WHERE { <http://www.example.com/genealogy.owl#Caprina_67> <http://www.example.com/genealogy.owl#hasIngredient> <http://www.example.com/genealogy.owl#GoatsCheeseTopping_dynamic_1> }","hasIngredient","TRUE",2,2
"1hop-NamedPizza_Caprina_67_Caprina_67-Caprina_67-hasIngredient-Caprina_67-NEG-BIN","NamedPizza_Caprina_67",117,5,"Property Assertion","BIN","ASK WHERE { <http://www.example.com/genealogy.owl#Caprina_67> <http://www.example.com/genealogy.owl#hasIngredient> <http://www.example.com/genealogy.owl#Caprina_67> }","hasIngredient","FALSE",2,2
"1hop-NamedPizza_Caprina_67_Caprina_67-Caprina_67-rdf:type-MC","NamedPizza_Caprina_67",117,5,"Membership","MC","SELECT ?x WHERE { <http://www.example.com/genealogy.owl#Caprina_67> <http://www.w3.org/1999/02/22-rdf-syntax-ns#type> ?x }","rdf:type","DomainConcept; Food; Pizza",4,4
"1hop-NamedPizza_Caprina_67_Caprina_67-Caprina_67-hasTopping-GoatsCheeseTopping_dynamic_1-BIN","NamedPizza_Caprina_67",117,5,"Property Assertion","BIN","ASK WHERE { <http://www.example.com/genealogy.owl#Caprina_67> <http://www.example.com/genealogy.owl#hasTopping> <http://www.example.com/genealogy.owl#GoatsCheeseTopping_dynamic_1> }","hasTopping","TRUE",1,1
"1hop-NamedPizza_Caprina_67_Caprina_67-Caprina_67-hasTopping-Caprina_67-NEG-BIN","NamedPizza_Caprina_67",117,5,"Property Assertion","BIN","ASK WHERE { <http://www.example.com/genealogy.owl#Caprina_67> <http://www.example.com/genealogy.owl#hasTopping> <http://www.example.com/genealogy.owl#Caprina_67> }","hasTopping","FALSE",1,1
"1hop-NamedPizza_Caprina_67_Caprina_67-Caprina_67-hasTopping-MC","NamedPizza_Caprina_67",117,5,"Property Assertion","MC","SELECT ?x WHERE { <http://www.example.com/genealogy.owl#Caprina_67> <http://www.example.com/genealogy.owl#hasTopping> ?x }","hasTopping","GoatsCheeseTopping_dynamic_1; MozzarellaTopping_dynamic_1; SundriedTomatoTopping_dynamic_1; TomatoTopping_dynamic_1",1,1
"1hop-NamedPizza_Caprina_67_Caprina_67-Caprina_67-rdf:type-Food-BIN","NamedPizza_Caprina_67",117,5,"Membership","BIN","ASK WHERE { <http://www.example.com/genealogy.owl#Caprina_67> <http://www.w3.org/1999/02/22-rdf-syntax-ns#type> <http://www.example.com/genealogy.owl#Food> }","rdf:type","TRUE",3,3
"1hop-NamedPizza_Caprina_67_Caprina_67-Caprina_67-rdf:type-American-NEG-BIN","NamedPizza_Caprina_67",117,5,"Membership","BIN","ASK WHERE { <http://www.example.com/genealogy.owl#Caprina_67> <http://www.w3.org/1999/02/22-rdf-syntax-ns#type> <http://www.example.com/genealogy.owl#American> }","rdf:type","FALSE",3,3
"1hop-NamedPizza_Caprina_72_Caprina_72-Caprina_72-hasIngredient-MC","NamedPizza_Caprina_72",117,5,"Property Assertion","MC","SELECT ?x WHERE { <http://www.example.com/genealogy.owl#Caprina_72> <http://www.example.com/genealogy.owl#hasIngredient> ?x }","hasIngredient","GoatsCheeseTopping_dynamic_1; MozzarellaTopping_dynamic_1; SundriedTomatoTopping_dynamic_1; TomatoTopping_dynamic_1",2,2
"1hop-NamedPizza_Caprina_72_Caprina_72-Caprina_72-hasTopping-MC","NamedPizza_Caprina_72",117,5,"Property Assertion","MC","SELECT ?x WHERE { <http://www.example.com/genealogy.owl#Caprina_72> <http://www.example.com/genealogy.owl#hasTopping> ?x }","hasTopping","GoatsCheeseTopping_dynamic_1; MozzarellaTopping_dynamic_1; SundriedTomatoTopping_dynamic_1; TomatoTopping_dynamic_1",1,1
"1hop-NamedPizza_Caprina_72_Caprina_72-Caprina_72-hasTopping-GoatsCheeseTopping_dynamic_1-BIN","NamedPizza_Caprina_72",117,5,"Property Assertion","BIN","ASK WHERE { <http://www.example.com/genealogy.owl#Caprina_72> <http://www.example.com/genealogy.owl#hasTopping> <http://www.example.com/genealogy.owl#GoatsCheeseTopping_dynamic_1> }","hasTopping","TRUE",1,1
"1hop-NamedPizza_Caprina_72_Caprina_72-Caprina_72-hasTopping-Caprina_72-NEG-BIN","NamedPizza_Caprina_72",117,5,"Property Assertion","BIN","ASK WHERE { <http://www.example.com/genealogy.owl#Caprina_72> <http://www.example.com/genealogy.owl#hasTopping> <http://www.example.com/genealogy.owl#Caprina_72> }","hasTopping","FALSE",1,1
"1hop-NamedPizza_Caprina_72_Caprina_72-Caprina_72-rdf:type-MC","NamedPizza_Caprina_72",117,5,"Membership","MC","SELECT ?x WHERE { <http://www.example.com/genealogy.owl#Caprina_72> <http://www.w3.org/1999/02/22-rdf-syntax-ns#type> ?x }","rdf:type","DomainConcept; Food; Pizza",2,2
"1hop-NamedPizza_Caprina_72_Caprina_72-Caprina_72-hasIngredient-GoatsCheeseTopping_dynamic_1-BIN","NamedPizza_Caprina_72",117,5,"Property Assertion","BIN","ASK WHERE { <http://www.example.com/genealogy.owl#Caprina_72> <http://www.example.com/genealogy.owl#hasIngredient> <http://www.example.com/genealogy.owl#GoatsCheeseTopping_dynamic_1> }","hasIngredient","TRUE",2,2
"1hop-NamedPizza_Caprina_72_Caprina_72-Caprina_72-hasIngredient-Caprina_72-NEG-BIN","NamedPizza_Caprina_72",117,5,"Property Assertion","BIN","ASK WHERE { <http://www.example.com/genealogy.owl#Caprina_72> <http://www.example.com/genealogy.owl#hasIngredient> <http://www.example.com/genealogy.owl#Caprina_72> }","hasIngredient","FALSE",2,2
"1hop-NamedPizza_Caprina_72_Caprina_72-Caprina_72-rdf:type-Food-BIN","NamedPizza_Caprina_72",117,5,"Membership","BIN","ASK WHERE { <http://www.example.com/genealogy.owl#Caprina_72> <http://www.w3.org/1999/02/22-rdf-syntax-ns#type> <http://www.example.com/genealogy.owl#Food> }","rdf:type","TRUE",3,3
"1hop-NamedPizza_Caprina_72_Caprina_72-Caprina_72-rdf:type-American-NEG-BIN","NamedPizza_Caprina_72",117,5,"Membership","BIN","ASK WHERE { <http://www.example.com/genealogy.owl#Caprina_72> <http://www.w3.org/1999/02/22-rdf-syntax-ns#type> <http://www.example.com/genealogy.owl#American> }","rdf:type","FALSE",3,3
"1hop-NamedPizza_Caprina_81_Caprina_81-Caprina_81-hasIngredient-MC","NamedPizza_Caprina_81",117,5,"Property Assertion","MC","SELECT ?x WHERE { <http://www.example.com/genealogy.owl#Caprina_81> <http://www.example.com/genealogy.owl#hasIngredient> ?x }","hasIngredient","GoatsCheeseTopping_dynamic_1; MozzarellaTopping_dynamic_1; SundriedTomatoTopping_dynamic_1; TomatoTopping_dynamic_1",2,2
"1hop-NamedPizza_Caprina_81_Caprina_81-Caprina_81-rdf:type-MC","NamedPizza_Caprina_81",117,5,"Membership","MC","SELECT ?x WHERE { <http://www.example.com/genealogy.owl#Caprina_81> <http://www.w3.org/1999/02/22-rdf-syntax-ns#type> ?x }","rdf:type","DomainConcept; Food; Pizza",4,4
"1hop-NamedPizza_Caprina_81_Caprina_81-Caprina_81-rdf:type-Food-BIN","NamedPizza_Caprina_81",117,5,"Membership","BIN","ASK WHERE { <http://www.example.com/genealogy.owl#Caprina_81> <http://www.w3.org/1999/02/22-rdf-syntax-ns#type> <http://www.example.com/genealogy.owl#Food> }","rdf:type","TRUE",3,3
"1hop-NamedPizza_Caprina_81_Caprina_81-Caprina_81-rdf:type-American-NEG-BIN","NamedPizza_Caprina_81",117,5,"Membership","BIN","ASK WHERE { <http://www.example.com/genealogy.owl#Caprina_81> <http://www.w3.org/1999/02/22-rdf-syntax-ns#type> <http://www.example.com/genealogy.owl#American> }","rdf:type","FALSE",3,3
"1hop-NamedPizza_Caprina_81_Caprina_81-Caprina_81-hasIngredient-GoatsCheeseTopping_dynamic_1-BIN","NamedPizza_Caprina_81",117,5,"Property Assertion","BIN","ASK WHERE { <http://www.example.com/genealogy.owl#Caprina_81> <http://www.example.com/genealogy.owl#hasIngredient> <http://www.example.com/genealogy.owl#GoatsCheeseTopping_dynamic_1> }","hasIngredient","TRUE",2,2
"1hop-NamedPizza_Caprina_81_Caprina_81-Caprina_81-hasIngredient-Caprina_81-NEG-BIN","NamedPizza_Caprina_81",117,5,"Property Assertion","BIN","ASK WHERE { <http://www.example.com/genealogy.owl#Caprina_81> <http://www.example.com/genealogy.owl#hasIngredient> <http://www.example.com/genealogy.owl#Caprina_81> }","hasIngredient","FALSE",2,2
"1hop-NamedPizza_Caprina_81_Caprina_81-Caprina_81-hasTopping-MC","NamedPizza_Caprina_81",117,5,"Property Assertion","MC","SELECT ?x WHERE { <http://www.example.com/genealogy.owl#Caprina_81> <http://www.example.com/genealogy.owl#hasTopping> ?x }","hasTopping","GoatsCheeseTopping_dynamic_1; MozzarellaTopping_dynamic_1; SundriedTomatoTopping_dynamic_1; TomatoTopping_dynamic_1",1,1
"1hop-NamedPizza_Caprina_81_Caprina_81-Caprina_81-hasTopping-GoatsCheeseTopping_dynamic_1-BIN","NamedPizza_Caprina_81",117,5,"Property Assertion","BIN","ASK WHERE { <http://www.example.com/genealogy.owl#Caprina_81> <http://www.example.com/genealogy.owl#hasTopping> <http://www.example.com/genealogy.owl#GoatsCheeseTopping_dynamic_1> }","hasTopping","TRUE",1,1
"1hop-NamedPizza_Caprina_81_Caprina_81-Caprina_81-hasTopping-Caprina_81-NEG-BIN","NamedPizza_Caprina_81",117,5,"Property Assertion","BIN","ASK WHERE { <http://www.example.com/genealogy.owl#Caprina_81> <http://www.example.com/genealogy.owl#hasTopping> <http://www.example.com/genealogy.owl#Caprina_81> }","hasTopping","FALSE",1,1
"1hop-NamedPizza_Caprina_82_Caprina_82-Caprina_82-hasIngredient-MC","NamedPizza_Caprina_82",117,5,"Property Assertion","MC","SELECT ?x WHERE { <http://www.example.com/genealogy.owl#Caprina_82> <http://www.example.com/genealogy.owl#hasIngredient> ?x }","hasIngredient","GoatsCheeseTopping_dynamic_1; MozzarellaTopping_dynamic_1; SundriedTomatoTopping_dynamic_1; TomatoTopping_dynamic_1",2,2
"1hop-NamedPizza_Caprina_82_Caprina_82-Caprina_82-hasTopping-MC","NamedPizza_Caprina_82",117,5,"Property Assertion","MC","SELECT ?x WHERE { <http://www.example.com/genealogy.owl#Caprina_82> <http://www.example.com/genealogy.owl#hasTopping> ?x }","hasTopping","GoatsCheeseTopping_dynamic_1; MozzarellaTopping_dynamic_1; SundriedTomatoTopping_dynamic_1; TomatoTopping_dynamic_1",1,1
"1hop-NamedPizza_Caprina_82_Caprina_82-Caprina_82-hasTopping-GoatsCheeseTopping_dynamic_1-BIN","NamedPizza_Caprina_82",117,5,"Property Assertion","BIN","ASK WHERE { <http://www.example.com/genealogy.owl#Caprina_82> <http://www.example.com/genealogy.owl#hasTopping> <http://www.example.com/genealogy.owl#GoatsCheeseTopping_dynamic_1> }","hasTopping","TRUE",1,1
"1hop-NamedPizza_Caprina_82_Caprina_82-Caprina_82-hasTopping-Caprina_82-NEG-BIN","NamedPizza_Caprina_82",117,5,"Property Assertion","BIN","ASK WHERE { <http://www.example.com/genealogy.owl#Caprina_82> <http://www.example.com/genealogy.owl#hasTopping> <http://www.example.com/genealogy.owl#Caprina_82> }","hasTopping","FALSE",1,1
"1hop-NamedPizza_Caprina_82_Caprina_82-Caprina_82-rdf:type-Food-BIN","NamedPizza_Caprina_82",117,5,"Membership","BIN","ASK WHERE { <http://www.example.com/genealogy.owl#Caprina_82> <http://www.w3.org/1999/02/22-rdf-syntax-ns#type> <http://www.example.com/genealogy.owl#Food> }","rdf:type","TRUE",3,3
"1hop-NamedPizza_Caprina_82_Caprina_82-Caprina_82-rdf:type-American-NEG-BIN","NamedPizza_Caprina_82",117,5,"Membership","BIN","ASK WHERE { <http://www.example.com/genealogy.owl#Caprina_82> <http://www.w3.org/1999/02/22-rdf-syntax-ns#type> <http://www.example.com/genealogy.owl#American> }","rdf:type","FALSE",3,3
"1hop-NamedPizza_Caprina_82_Caprina_82-Caprina_82-rdf:type-MC","NamedPizza_Caprina_82",117,5,"Membership","MC","SELECT ?x WHERE { <http://www.example.com/genealogy.owl#Caprina_82> <http://www.w3.org/1999/02/22-rdf-syntax-ns#type> ?x }","rdf:type","DomainConcept; Food; Pizza",3,3
"1hop-NamedPizza_Caprina_82_Caprina_82-Caprina_82-hasIngredient-GoatsCheeseTopping_dynamic_1-BIN","NamedPizza_Caprina_82",117,5,"Property Assertion","BIN","ASK WHERE { <http://www.example.com/genealogy.owl#Caprina_82> <http://www.example.com/genealogy.owl#hasIngredient> <http://www.example.com/genealogy.owl#GoatsCheeseTopping_dynamic_1> }","hasIngredient","TRUE",2,2
"1hop-NamedPizza_Caprina_82_Caprina_82-Caprina_82-hasIngredient-Caprina_82-NEG-BIN","NamedPizza_Caprina_82",117,5,"Property Assertion","BIN","ASK WHERE { <http://www.example.com/genealogy.owl#Caprina_82> <http://www.example.com/genealogy.owl#hasIngredient> <http://www.example.com/genealogy.owl#Caprina_82> }","hasIngredient","FALSE",2,2
"1hop-NamedPizza_Caprina_98_Caprina_98-Caprina_98-hasTopping-MC","NamedPizza_Caprina_98",117,5,"Property Assertion","MC","SELECT ?x WHERE { <http://www.example.com/genealogy.owl#Caprina_98> <http://www.example.com/genealogy.owl#hasTopping> ?x }","hasTopping","GoatsCheeseTopping_dynamic_1; MozzarellaTopping_dynamic_1; SundriedTomatoTopping_dynamic_1; TomatoTopping_dynamic_1",1,1
"1hop-NamedPizza_Caprina_98_Caprina_98-Caprina_98-rdf:type-MC","NamedPizza_Caprina_98",117,5,"Membership","MC","SELECT ?x WHERE { <http://www.example.com/genealogy.owl#Caprina_98> <http://www.w3.org/1999/02/22-rdf-syntax-ns#type> ?x }","rdf:type","DomainConcept; Food; Pizza",4,4
"1hop-NamedPizza_Caprina_98_Caprina_98-Caprina_98-hasIngredient-MC","NamedPizza_Caprina_98",117,5,"Property Assertion","MC","SELECT ?x WHERE { <http://www.example.com/genealogy.owl#Caprina_98> <http://www.example.com/genealogy.owl#hasIngredient> ?x }","hasIngredient","GoatsCheeseTopping_dynamic_1; MozzarellaTopping_dynamic_1; SundriedTomatoTopping_dynamic_1; TomatoTopping_dynamic_1",2,2
"1hop-NamedPizza_Caprina_98_Caprina_98-Caprina_98-rdf:type-Food-BIN","NamedPizza_Caprina_98",117,5,"Membership","BIN","ASK WHERE { <http://www.example.com/genealogy.owl#Caprina_98> <http://www.w3.org/1999/02/22-rdf-syntax-ns#type> <http://www.example.com/genealogy.owl#Food> }","rdf:type","TRUE",3,3
"1hop-NamedPizza_Caprina_98_Caprina_98-Caprina_98-rdf:type-American-NEG-BIN","NamedPizza_Caprina_98",117,5,"Membership","BIN","ASK WHERE { <http://www.example.com/genealogy.owl#Caprina_98> <http://www.w3.org/1999/02/22-rdf-syntax-ns#type> <http://www.example.com/genealogy.owl#American> }","rdf:type","FALSE",3,3
"1hop-NamedPizza_Caprina_98_Caprina_98-Caprina_98-hasIngredient-GoatsCheeseTopping_dynamic_1-BIN","NamedPizza_Caprina_98",117,5,"Property Assertion","BIN","ASK WHERE { <http://www.example.com/genealogy.owl#Caprina_98> <http://www.example.com/genealogy.owl#hasIngredient> <http://www.example.com/genealogy.owl#GoatsCheeseTopping_dynamic_1> }","hasIngredient","TRUE",2,2
"1hop-NamedPizza_Caprina_98_Caprina_98-Caprina_98-hasIngredient-Caprina_98-NEG-BIN","NamedPizza_Caprina_98",117,5,"Property Assertion","BIN","ASK WHERE { <http://www.example.com/genealogy.owl#Caprina_98> <http://www.example.com/genealogy.owl#hasIngredient> <http://www.example.com/genealogy.owl#Caprina_98> }","hasIngredient","FALSE",2,2
"1hop-NamedPizza_Caprina_98_Caprina_98-Caprina_98-hasTopping-GoatsCheeseTopping_dynamic_1-BIN","NamedPizza_Caprina_98",117,5,"Property Assertion","BIN","ASK WHERE { <http://www.example.com/genealogy.owl#Caprina_98> <http://www.example.com/genealogy.owl#hasTopping> <http://www.example.com/genealogy.owl#GoatsCheeseTopping_dynamic_1> }","hasTopping","TRUE",1,1
"1hop-NamedPizza_Caprina_98_Caprina_98-Caprina_98-hasTopping-Caprina_98-NEG-BIN","NamedPizza_Caprina_98",117,5,"Property Assertion","BIN","ASK WHERE { <http://www.example.com/genealogy.owl#Caprina_98> <http://www.example.com/genealogy.owl#hasTopping> <http://www.example.com/genealogy.owl#Caprina_98> }","hasTopping","FALSE",1,1
"1hop-NamedPizza_Fiorentina_10_Fiorentina_10-Fiorentina_10-rdf:type-Food-BIN","NamedPizza_Fiorentina_10",117,7,"Membership","BIN","ASK WHERE { <http://www.example.com/genealogy.owl#Fiorentina_10> <http://www.w3.org/1999/02/22-rdf-syntax-ns#type> <http://www.example.com/genealogy.owl#Food> }","rdf:type","TRUE",3,3
"1hop-NamedPizza_Fiorentina_10_Fiorentina_10-Fiorentina_10-rdf:type-American-NEG-BIN","NamedPizza_Fiorentina_10",117,7,"Membership","BIN","ASK WHERE { <http://www.example.com/genealogy.owl#Fiorentina_10> <http://www.w3.org/1999/02/22-rdf-syntax-ns#type> <http://www.example.com/genealogy.owl#American> }","rdf:type","FALSE",3,3
"1hop-NamedPizza_Fiorentina_10_Fiorentina_10-Fiorentina_10-rdf:type-MC","NamedPizza_Fiorentina_10",117,7,"Membership","MC","SELECT ?x WHERE { <http://www.example.com/genealogy.owl#Fiorentina_10> <http://www.w3.org/1999/02/22-rdf-syntax-ns#type> ?x }","rdf:type","DomainConcept; Food; Pizza",3,3
"1hop-NamedPizza_Fiorentina_10_Fiorentina_10-Fiorentina_10-hasIngredient-GarlicTopping_dynamic_1-BIN","NamedPizza_Fiorentina_10",117,7,"Property Assertion","BIN","ASK WHERE { <http://www.example.com/genealogy.owl#Fiorentina_10> <http://www.example.com/genealogy.owl#hasIngredient> <http://www.example.com/genealogy.owl#GarlicTopping_dynamic_1> }","hasIngredient","TRUE",2,2
"1hop-NamedPizza_Fiorentina_10_Fiorentina_10-Fiorentina_10-hasIngredient-Fiorentina_10-NEG-BIN","NamedPizza_Fiorentina_10",117,7,"Property Assertion","BIN","ASK WHERE { <http://www.example.com/genealogy.owl#Fiorentina_10> <http://www.example.com/genealogy.owl#hasIngredient> <http://www.example.com/genealogy.owl#Fiorentina_10> }","hasIngredient","FALSE",2,2
"1hop-NamedPizza_Fiorentina_10_Fiorentina_10-Fiorentina_10-hasIngredient-MC","NamedPizza_Fiorentina_10",117,7,"Property Assertion","MC","SELECT ?x WHERE { <http://www.example.com/genealogy.owl#Fiorentina_10> <http://www.example.com/genealogy.owl#hasIngredient> ?x }","hasIngredient","GarlicTopping_dynamic_1; MozzarellaTopping_dynamic_1; OliveTopping_dynamic_1; ParmesanTopping_dynamic_1; SpinachTopping_dynamic_1; TomatoTopping_dynamic_1",2,2
"1hop-NamedPizza_Fiorentina_10_Fiorentina_10-Fiorentina_10-hasTopping-MC","NamedPizza_Fiorentina_10",117,7,"Property Assertion","MC","SELECT ?x WHERE { <http://www.example.com/genealogy.owl#Fiorentina_10> <http://www.example.com/genealogy.owl#hasTopping> ?x }","hasTopping","GarlicTopping_dynamic_1; MozzarellaTopping_dynamic_1; OliveTopping_dynamic_1; ParmesanTopping_dynamic_1; SpinachTopping_dynamic_1; TomatoTopping_dynamic_1",1,1
"1hop-NamedPizza_Fiorentina_10_Fiorentina_10-Fiorentina_10-hasTopping-GarlicTopping_dynamic_1-BIN","NamedPizza_Fiorentina_10",117,7,"Property Assertion","BIN","ASK WHERE { <http://www.example.com/genealogy.owl#Fiorentina_10> <http://www.example.com/genealogy.owl#hasTopping> <http://www.example.com/genealogy.owl#GarlicTopping_dynamic_1> }","hasTopping","TRUE",1,1
"1hop-NamedPizza_Fiorentina_10_Fiorentina_10-Fiorentina_10-hasTopping-Fiorentina_10-NEG-BIN","NamedPizza_Fiorentina_10",117,7,"Property Assertion","BIN","ASK WHERE { <http://www.example.com/genealogy.owl#Fiorentina_10> <http://www.example.com/genealogy.owl#hasTopping> <http://www.example.com/genealogy.owl#Fiorentina_10> }","hasTopping","FALSE",1,1
"1hop-NamedPizza_Fiorentina_22_Fiorentina_22-Fiorentina_22-hasTopping-GarlicTopping_dynamic_1-BIN","NamedPizza_Fiorentina_22",117,7,"Property Assertion","BIN","ASK WHERE { <http://www.example.com/genealogy.owl#Fiorentina_22> <http://www.example.com/genealogy.owl#hasTopping> <http://www.example.com/genealogy.owl#GarlicTopping_dynamic_1> }","hasTopping","TRUE",1,1
"1hop-NamedPizza_Fiorentina_22_Fiorentina_22-Fiorentina_22-hasTopping-Fiorentina_22-NEG-BIN","NamedPizza_Fiorentina_22",117,7,"Property Assertion","BIN","ASK WHERE { <http://www.example.com/genealogy.owl#Fiorentina_22> <http://www.example.com/genealogy.owl#hasTopping> <http://www.example.com/genealogy.owl#Fiorentina_22> }","hasTopping","FALSE",1,1
"1hop-NamedPizza_Fiorentina_22_Fiorentina_22-Fiorentina_22-hasTopping-MC","NamedPizza_Fiorentina_22",117,7,"Property Assertion","MC","SELECT ?x WHERE { <http://www.example.com/genealogy.owl#Fiorentina_22> <http://www.example.com/genealogy.owl#hasTopping> ?x }","hasTopping","GarlicTopping_dynamic_1; MozzarellaTopping_dynamic_1; OliveTopping_dynamic_1; ParmesanTopping_dynamic_1; SpinachTopping_dynamic_1; TomatoTopping_dynamic_1",1,1
"1hop-NamedPizza_Fiorentina_22_Fiorentina_22-Fiorentina_22-hasIngredient-GarlicTopping_dynamic_1-BIN","NamedPizza_Fiorentina_22",117,7,"Property Assertion","BIN","ASK WHERE { <http://www.example.com/genealogy.owl#Fiorentina_22> <http://www.example.com/genealogy.owl#hasIngredient> <http://www.example.com/genealogy.owl#GarlicTopping_dynamic_1> }","hasIngredient","TRUE",2,2
"1hop-NamedPizza_Fiorentina_22_Fiorentina_22-Fiorentina_22-hasIngredient-Fiorentina_22-NEG-BIN","NamedPizza_Fiorentina_22",117,7,"Property Assertion","BIN","ASK WHERE { <http://www.example.com/genealogy.owl#Fiorentina_22> <http://www.example.com/genealogy.owl#hasIngredient> <http://www.example.com/genealogy.owl#Fiorentina_22> }","hasIngredient","FALSE",2,2
"1hop-NamedPizza_Fiorentina_22_Fiorentina_22-Fiorentina_22-hasIngredient-MC","NamedPizza_Fiorentina_22",117,7,"Property Assertion","MC","SELECT ?x WHERE { <http://www.example.com/genealogy.owl#Fiorentina_22> <http://www.example.com/genealogy.owl#hasIngredient> ?x }","hasIngredient","GarlicTopping_dynamic_1; MozzarellaTopping_dynamic_1; OliveTopping_dynamic_1; ParmesanTopping_dynamic_1; SpinachTopping_dynamic_1; TomatoTopping_dynamic_1",2,2
"1hop-NamedPizza_Fiorentina_22_Fiorentina_22-Fiorentina_22-rdf:type-Food-BIN","NamedPizza_Fiorentina_22",117,7,"Membership","BIN","ASK WHERE { <http://www.example.com/genealogy.owl#Fiorentina_22> <http://www.w3.org/1999/02/22-rdf-syntax-ns#type> <http://www.example.com/genealogy.owl#Food> }","rdf:type","TRUE",3,3
"1hop-NamedPizza_Fiorentina_22_Fiorentina_22-Fiorentina_22-rdf:type-American-NEG-BIN","NamedPizza_Fiorentina_22",117,7,"Membership","BIN","ASK WHERE { <http://www.example.com/genealogy.owl#Fiorentina_22> <http://www.w3.org/1999/02/22-rdf-syntax-ns#type> <http://www.example.com/genealogy.owl#American> }","rdf:type","FALSE",3,3
"1hop-NamedPizza_Fiorentina_22_Fiorentina_22-Fiorentina_22-rdf:type-MC","NamedPizza_Fiorentina_22",117,7,"Membership","MC","SELECT ?x WHERE { <http://www.example.com/genealogy.owl#Fiorentina_22> <http://www.w3.org/1999/02/22-rdf-syntax-ns#type> ?x }","rdf:type","DomainConcept; Food; Pizza",3,3
"1hop-NamedPizza_Fiorentina_41_Fiorentina_41-Fiorentina_41-hasTopping-MC","NamedPizza_Fiorentina_41",117,7,"Property Assertion","MC","SELECT ?x WHERE { <http://www.example.com/genealogy.owl#Fiorentina_41> <http://www.example.com/genealogy.owl#hasTopping> ?x }","hasTopping","GarlicTopping_dynamic_1; MozzarellaTopping_dynamic_1; OliveTopping_dynamic_1; ParmesanTopping_dynamic_1; SpinachTopping_dynamic_1; TomatoTopping_dynamic_1",1,1
"1hop-NamedPizza_Fiorentina_41_Fiorentina_41-Fiorentina_41-hasIngredient-MC","NamedPizza_Fiorentina_41",117,7,"Property Assertion","MC","SELECT ?x WHERE { <http://www.example.com/genealogy.owl#Fiorentina_41> <http://www.example.com/genealogy.owl#hasIngredient> ?x }","hasIngredient","GarlicTopping_dynamic_1; MozzarellaTopping_dynamic_1; OliveTopping_dynamic_1; ParmesanTopping_dynamic_1; SpinachTopping_dynamic_1; TomatoTopping_dynamic_1",2,2
"1hop-NamedPizza_Fiorentina_41_Fiorentina_41-Fiorentina_41-hasIngredient-GarlicTopping_dynamic_1-BIN","NamedPizza_Fiorentina_41",117,7,"Property Assertion","BIN","ASK WHERE { <http://www.example.com/genealogy.owl#Fiorentina_41> <http://www.example.com/genealogy.owl#hasIngredient> <http://www.example.com/genealogy.owl#GarlicTopping_dynamic_1> }","hasIngredient","TRUE",2,2
"1hop-NamedPizza_Fiorentina_41_Fiorentina_41-Fiorentina_41-hasIngredient-Fiorentina_41-NEG-BIN","NamedPizza_Fiorentina_41",117,7,"Property Assertion","BIN","ASK WHERE { <http://www.example.com/genealogy.owl#Fiorentina_41> <http://www.example.com/genealogy.owl#hasIngredient> <http://www.example.com/genealogy.owl#Fiorentina_41> }","hasIngredient","FALSE",2,2
"1hop-NamedPizza_Fiorentina_41_Fiorentina_41-Fiorentina_41-rdf:type-MC","NamedPizza_Fiorentina_41",117,7,"Membership","MC","SELECT ?x WHERE { <http://www.example.com/genealogy.owl#Fiorentina_41> <http://www.w3.org/1999/02/22-rdf-syntax-ns#type> ?x }","rdf:type","DomainConcept; Food; Pizza",2,2
"1hop-NamedPizza_Fiorentina_41_Fiorentina_41-Fiorentina_41-hasTopping-GarlicTopping_dynamic_1-BIN","NamedPizza_Fiorentina_41",117,7,"Property Assertion","BIN","ASK WHERE { <http://www.example.com/genealogy.owl#Fiorentina_41> <http://www.example.com/genealogy.owl#hasTopping> <http://www.example.com/genealogy.owl#GarlicTopping_dynamic_1> }","hasTopping","TRUE",1,1
"1hop-NamedPizza_Fiorentina_41_Fiorentina_41-Fiorentina_41-hasTopping-Fiorentina_41-NEG-BIN","NamedPizza_Fiorentina_41",117,7,"Property Assertion","BIN","ASK WHERE { <http://www.example.com/genealogy.owl#Fiorentina_41> <http://www.example.com/genealogy.owl#hasTopping> <http://www.example.com/genealogy.owl#Fiorentina_41> }","hasTopping","FALSE",1,1
"1hop-NamedPizza_Fiorentina_41_Fiorentina_41-Fiorentina_41-rdf:type-Food-BIN","NamedPizza_Fiorentina_41",117,7,"Membership","BIN","ASK WHERE { <http://www.example.com/genealogy.owl#Fiorentina_41> <http://www.w3.org/1999/02/22-rdf-syntax-ns#type> <http://www.example.com/genealogy.owl#Food> }","rdf:type","TRUE",3,3
"1hop-NamedPizza_Fiorentina_41_Fiorentina_41-Fiorentina_41-rdf:type-American-NEG-BIN","NamedPizza_Fiorentina_41",117,7,"Membership","BIN","ASK WHERE { <http://www.example.com/genealogy.owl#Fiorentina_41> <http://www.w3.org/1999/02/22-rdf-syntax-ns#type> <http://www.example.com/genealogy.owl#American> }","rdf:type","FALSE",3,3
"1hop-NamedPizza_Fiorentina_44_Fiorentina_44-Fiorentina_44-rdf:type-MC","NamedPizza_Fiorentina_44",117,7,"Membership","MC","SELECT ?x WHERE { <http://www.example.com/genealogy.owl#Fiorentina_44> <http://www.w3.org/1999/02/22-rdf-syntax-ns#type> ?x }","rdf:type","DomainConcept; Food; Pizza",2,2
"1hop-NamedPizza_Fiorentina_44_Fiorentina_44-Fiorentina_44-hasIngredient-MC","NamedPizza_Fiorentina_44",117,7,"Property Assertion","MC","SELECT ?x WHERE { <http://www.example.com/genealogy.owl#Fiorentina_44> <http://www.example.com/genealogy.owl#hasIngredient> ?x }","hasIngredient","GarlicTopping_dynamic_1; MozzarellaTopping_dynamic_1; OliveTopping_dynamic_1; ParmesanTopping_dynamic_1; SpinachTopping_dynamic_1; TomatoTopping_dynamic_1",2,2
"1hop-NamedPizza_Fiorentina_44_Fiorentina_44-Fiorentina_44-hasTopping-MC","NamedPizza_Fiorentina_44",117,7,"Property Assertion","MC","SELECT ?x WHERE { <http://www.example.com/genealogy.owl#Fiorentina_44> <http://www.example.com/genealogy.owl#hasTopping> ?x }","hasTopping","GarlicTopping_dynamic_1; MozzarellaTopping_dynamic_1; OliveTopping_dynamic_1; ParmesanTopping_dynamic_1; SpinachTopping_dynamic_1; TomatoTopping_dynamic_1",1,1
"1hop-NamedPizza_Fiorentina_44_Fiorentina_44-Fiorentina_44-hasIngredient-GarlicTopping_dynamic_1-BIN","NamedPizza_Fiorentina_44",117,7,"Property Assertion","BIN","ASK WHERE { <http://www.example.com/genealogy.owl#Fiorentina_44> <http://www.example.com/genealogy.owl#hasIngredient> <http://www.example.com/genealogy.owl#GarlicTopping_dynamic_1> }","hasIngredient","TRUE",2,2
"1hop-NamedPizza_Fiorentina_44_Fiorentina_44-Fiorentina_44-hasIngredient-Fiorentina_44-NEG-BIN","NamedPizza_Fiorentina_44",117,7,"Property Assertion","BIN","ASK WHERE { <http://www.example.com/genealogy.owl#Fiorentina_44> <http://www.example.com/genealogy.owl#hasIngredient> <http://www.example.com/genealogy.owl#Fiorentina_44> }","hasIngredient","FALSE",2,2
"1hop-NamedPizza_Fiorentina_44_Fiorentina_44-Fiorentina_44-rdf:type-Food-BIN","NamedPizza_Fiorentina_44",117,7,"Membership","BIN","ASK WHERE { <http://www.example.com/genealogy.owl#Fiorentina_44> <http://www.w3.org/1999/02/22-rdf-syntax-ns#type> <http://www.example.com/genealogy.owl#Food> }","rdf:type","TRUE",3,3
"1hop-NamedPizza_Fiorentina_44_Fiorentina_44-Fiorentina_44-rdf:type-American-NEG-BIN","NamedPizza_Fiorentina_44",117,7,"Membership","BIN","ASK WHERE { <http://www.example.com/genealogy.owl#Fiorentina_44> <http://www.w3.org/1999/02/22-rdf-syntax-ns#type> <http://www.example.com/genealogy.owl#American> }","rdf:type","FALSE",3,3
"1hop-NamedPizza_Fiorentina_44_Fiorentina_44-Fiorentina_44-hasTopping-GarlicTopping_dynamic_1-BIN","NamedPizza_Fiorentina_44",117,7,"Property Assertion","BIN","ASK WHERE { <http://www.example.com/genealogy.owl#Fiorentina_44> <http://www.example.com/genealogy.owl#hasTopping> <http://www.example.com/genealogy.owl#GarlicTopping_dynamic_1> }","hasTopping","TRUE",1,1
"1hop-NamedPizza_Fiorentina_44_Fiorentina_44-Fiorentina_44-hasTopping-Fiorentina_44-NEG-BIN","NamedPizza_Fiorentina_44",117,7,"Property Assertion","BIN","ASK WHERE { <http://www.example.com/genealogy.owl#Fiorentina_44> <http://www.example.com/genealogy.owl#hasTopping> <http://www.example.com/genealogy.owl#Fiorentina_44> }","hasTopping","FALSE",1,1
"1hop-NamedPizza_Fiorentina_52_Fiorentina_52-Fiorentina_52-rdf:type-Food-BIN","NamedPizza_Fiorentina_52",117,7,"Membership","BIN","ASK WHERE { <http://www.example.com/genealogy.owl#Fiorentina_52> <http://www.w3.org/1999/02/22-rdf-syntax-ns#type> <http://www.example.com/genealogy.owl#Food> }","rdf:type","TRUE",3,3
"1hop-NamedPizza_Fiorentina_52_Fiorentina_52-Fiorentina_52-rdf:type-American-NEG-BIN","NamedPizza_Fiorentina_52",117,7,"Membership","BIN","ASK WHERE { <http://www.example.com/genealogy.owl#Fiorentina_52> <http://www.w3.org/1999/02/22-rdf-syntax-ns#type> <http://www.example.com/genealogy.owl#American> }","rdf:type","FALSE",3,3
"1hop-NamedPizza_Fiorentina_52_Fiorentina_52-Fiorentina_52-rdf:type-MC","NamedPizza_Fiorentina_52",117,7,"Membership","MC","SELECT ?x WHERE { <http://www.example.com/genealogy.owl#Fiorentina_52> <http://www.w3.org/1999/02/22-rdf-syntax-ns#type> ?x }","rdf:type","DomainConcept; Food; Pizza",3,3
"1hop-NamedPizza_Fiorentina_52_Fiorentina_52-Fiorentina_52-hasIngredient-MC","NamedPizza_Fiorentina_52",117,7,"Property Assertion","MC","SELECT ?x WHERE { <http://www.example.com/genealogy.owl#Fiorentina_52> <http://www.example.com/genealogy.owl#hasIngredient> ?x }","hasIngredient","GarlicTopping_dynamic_1; MozzarellaTopping_dynamic_1; OliveTopping_dynamic_1; ParmesanTopping_dynamic_1; SpinachTopping_dynamic_1; TomatoTopping_dynamic_1",2,2
"1hop-NamedPizza_Fiorentina_52_Fiorentina_52-Fiorentina_52-hasTopping-MC","NamedPizza_Fiorentina_52",117,7,"Property Assertion","MC","SELECT ?x WHERE { <http://www.example.com/genealogy.owl#Fiorentina_52> <http://www.example.com/genealogy.owl#hasTopping> ?x }","hasTopping","GarlicTopping_dynamic_1; MozzarellaTopping_dynamic_1; OliveTopping_dynamic_1; ParmesanTopping_dynamic_1; SpinachTopping_dynamic_1; TomatoTopping_dynamic_1",1,1
"1hop-NamedPizza_Fiorentina_52_Fiorentina_52-Fiorentina_52-hasTopping-GarlicTopping_dynamic_1-BIN","NamedPizza_Fiorentina_52",117,7,"Property Assertion","BIN","ASK WHERE { <http://www.example.com/genealogy.owl#Fiorentina_52> <http://www.example.com/genealogy.owl#hasTopping> <http://www.example.com/genealogy.owl#GarlicTopping_dynamic_1> }","hasTopping","TRUE",1,1
"1hop-NamedPizza_Fiorentina_52_Fiorentina_52-Fiorentina_52-hasTopping-Fiorentina_52-NEG-BIN","NamedPizza_Fiorentina_52",117,7,"Property Assertion","BIN","ASK WHERE { <http://www.example.com/genealogy.owl#Fiorentina_52> <http://www.example.com/genealogy.owl#hasTopping> <http://www.example.com/genealogy.owl#Fiorentina_52> }","hasTopping","FALSE",1,1
"1hop-NamedPizza_Fiorentina_52_Fiorentina_52-Fiorentina_52-hasIngredient-GarlicTopping_dynamic_1-BIN","NamedPizza_Fiorentina_52",117,7,"Property Assertion","BIN","ASK WHERE { <http://www.example.com/genealogy.owl#Fiorentina_52> <http://www.example.com/genealogy.owl#hasIngredient> <http://www.example.com/genealogy.owl#GarlicTopping_dynamic_1> }","hasIngredient","TRUE",2,2
"1hop-NamedPizza_Fiorentina_52_Fiorentina_52-Fiorentina_52-hasIngredient-Fiorentina_52-NEG-BIN","NamedPizza_Fiorentina_52",117,7,"Property Assertion","BIN","ASK WHERE { <http://www.example.com/genealogy.owl#Fiorentina_52> <http://www.example.com/genealogy.owl#hasIngredient> <http://www.example.com/genealogy.owl#Fiorentina_52> }","hasIngredient","FALSE",2,2
"1hop-NamedPizza_Fiorentina_6_Fiorentina_6-Fiorentina_6-rdf:type-Food-BIN","NamedPizza_Fiorentina_6",117,7,"Membership","BIN","ASK WHERE { <http://www.example.com/genealogy.owl#Fiorentina_6> <http://www.w3.org/1999/02/22-rdf-syntax-ns#type> <http://www.example.com/genealogy.owl#Food> }","rdf:type","TRUE",3,3
"1hop-NamedPizza_Fiorentina_6_Fiorentina_6-Fiorentina_6-rdf:type-American-NEG-BIN","NamedPizza_Fiorentina_6",117,7,"Membership","BIN","ASK WHERE { <http://www.example.com/genealogy.owl#Fiorentina_6> <http://www.w3.org/1999/02/22-rdf-syntax-ns#type> <http://www.example.com/genealogy.owl#American> }","rdf:type","FALSE",3,3
"1hop-NamedPizza_Fiorentina_6_Fiorentina_6-Fiorentina_6-rdf:type-MC","NamedPizza_Fiorentina_6",117,7,"Membership","MC","SELECT ?x WHERE { <http://www.example.com/genealogy.owl#Fiorentina_6> <http://www.w3.org/1999/02/22-rdf-syntax-ns#type> ?x }","rdf:type","DomainConcept; Food; Pizza",3,3
"1hop-NamedPizza_Fiorentina_6_Fiorentina_6-Fiorentina_6-hasTopping-MC","NamedPizza_Fiorentina_6",117,7,"Property Assertion","MC","SELECT ?x WHERE { <http://www.example.com/genealogy.owl#Fiorentina_6> <http://www.example.com/genealogy.owl#hasTopping> ?x }","hasTopping","GarlicTopping_dynamic_1; MozzarellaTopping_dynamic_1; OliveTopping_dynamic_1; ParmesanTopping_dynamic_1; SpinachTopping_dynamic_1; TomatoTopping_dynamic_1",1,1
"1hop-NamedPizza_Fiorentina_6_Fiorentina_6-Fiorentina_6-hasIngredient-MC","NamedPizza_Fiorentina_6",117,7,"Property Assertion","MC","SELECT ?x WHERE { <http://www.example.com/genealogy.owl#Fiorentina_6> <http://www.example.com/genealogy.owl#hasIngredient> ?x }","hasIngredient","GarlicTopping_dynamic_1; MozzarellaTopping_dynamic_1; OliveTopping_dynamic_1; ParmesanTopping_dynamic_1; SpinachTopping_dynamic_1; TomatoTopping_dynamic_1",2,2
"1hop-NamedPizza_Fiorentina_6_Fiorentina_6-Fiorentina_6-hasIngredient-GarlicTopping_dynamic_1-BIN","NamedPizza_Fiorentina_6",117,7,"Property Assertion","BIN","ASK WHERE { <http://www.example.com/genealogy.owl#Fiorentina_6> <http://www.example.com/genealogy.owl#hasIngredient> <http://www.example.com/genealogy.owl#GarlicTopping_dynamic_1> }","hasIngredient","TRUE",2,2
"1hop-NamedPizza_Fiorentina_6_Fiorentina_6-Fiorentina_6-hasIngredient-Fiorentina_6-NEG-BIN","NamedPizza_Fiorentina_6",117,7,"Property Assertion","BIN","ASK WHERE { <http://www.example.com/genealogy.owl#Fiorentina_6> <http://www.example.com/genealogy.owl#hasIngredient> <http://www.example.com/genealogy.owl#Fiorentina_6> }","hasIngredient","FALSE",2,2
"1hop-NamedPizza_Fiorentina_6_Fiorentina_6-Fiorentina_6-hasTopping-GarlicTopping_dynamic_1-BIN","NamedPizza_Fiorentina_6",117,7,"Property Assertion","BIN","ASK WHERE { <http://www.example.com/genealogy.owl#Fiorentina_6> <http://www.example.com/genealogy.owl#hasTopping> <http://www.example.com/genealogy.owl#GarlicTopping_dynamic_1> }","hasTopping","TRUE",1,1
"1hop-NamedPizza_Fiorentina_6_Fiorentina_6-Fiorentina_6-hasTopping-Fiorentina_6-NEG-BIN","NamedPizza_Fiorentina_6",117,7,"Property Assertion","BIN","ASK WHERE { <http://www.example.com/genealogy.owl#Fiorentina_6> <http://www.example.com/genealogy.owl#hasTopping> <http://www.example.com/genealogy.owl#Fiorentina_6> }","hasTopping","FALSE",1,1
"1hop-NamedPizza_Fiorentina_78_Fiorentina_78-Fiorentina_78-hasTopping-MC","NamedPizza_Fiorentina_78",117,7,"Property Assertion","MC","SELECT ?x WHERE { <http://www.example.com/genealogy.owl#Fiorentina_78> <http://www.example.com/genealogy.owl#hasTopping> ?x }","hasTopping","GarlicTopping_dynamic_1; MozzarellaTopping_dynamic_1; OliveTopping_dynamic_1; ParmesanTopping_dynamic_1; SpinachTopping_dynamic_1; TomatoTopping_dynamic_1",1,1
"1hop-NamedPizza_Fiorentina_78_Fiorentina_78-Fiorentina_78-rdf:type-MC","NamedPizza_Fiorentina_78",117,7,"Membership","MC","SELECT ?x WHERE { <http://www.example.com/genealogy.owl#Fiorentina_78> <http://www.w3.org/1999/02/22-rdf-syntax-ns#type> ?x }","rdf:type","DomainConcept; Food; Pizza",4,4
"1hop-NamedPizza_Fiorentina_78_Fiorentina_78-Fiorentina_78-hasIngredient-MC","NamedPizza_Fiorentina_78",117,7,"Property Assertion","MC","SELECT ?x WHERE { <http://www.example.com/genealogy.owl#Fiorentina_78> <http://www.example.com/genealogy.owl#hasIngredient> ?x }","hasIngredient","GarlicTopping_dynamic_1; MozzarellaTopping_dynamic_1; OliveTopping_dynamic_1; ParmesanTopping_dynamic_1; SpinachTopping_dynamic_1; TomatoTopping_dynamic_1",2,2
"1hop-NamedPizza_Fiorentina_78_Fiorentina_78-Fiorentina_78-hasIngredient-GarlicTopping_dynamic_1-BIN","NamedPizza_Fiorentina_78",117,7,"Property Assertion","BIN","ASK WHERE { <http://www.example.com/genealogy.owl#Fiorentina_78> <http://www.example.com/genealogy.owl#hasIngredient> <http://www.example.com/genealogy.owl#GarlicTopping_dynamic_1> }","hasIngredient","TRUE",2,2
"1hop-NamedPizza_Fiorentina_78_Fiorentina_78-Fiorentina_78-hasIngredient-Fiorentina_78-NEG-BIN","NamedPizza_Fiorentina_78",117,7,"Property Assertion","BIN","ASK WHERE { <http://www.example.com/genealogy.owl#Fiorentina_78> <http://www.example.com/genealogy.owl#hasIngredient> <http://www.example.com/genealogy.owl#Fiorentina_78> }","hasIngredient","FALSE",2,2
"1hop-NamedPizza_Fiorentina_78_Fiorentina_78-Fiorentina_78-rdf:type-Food-BIN","NamedPizza_Fiorentina_78",117,7,"Membership","BIN","ASK WHERE { <http://www.example.com/genealogy.owl#Fiorentina_78> <http://www.w3.org/1999/02/22-rdf-syntax-ns#type> <http://www.example.com/genealogy.owl#Food> }","rdf:type","TRUE",3,3
"1hop-NamedPizza_Fiorentina_78_Fiorentina_78-Fiorentina_78-rdf:type-American-NEG-BIN","NamedPizza_Fiorentina_78",117,7,"Membership","BIN","ASK WHERE { <http://www.example.com/genealogy.owl#Fiorentina_78> <http://www.w3.org/1999/02/22-rdf-syntax-ns#type> <http://www.example.com/genealogy.owl#American> }","rdf:type","FALSE",3,3
"1hop-NamedPizza_Fiorentina_78_Fiorentina_78-Fiorentina_78-hasTopping-GarlicTopping_dynamic_1-BIN","NamedPizza_Fiorentina_78",117,7,"Property Assertion","BIN","ASK WHERE { <http://www.example.com/genealogy.owl#Fiorentina_78> <http://www.example.com/genealogy.owl#hasTopping> <http://www.example.com/genealogy.owl#GarlicTopping_dynamic_1> }","hasTopping","TRUE",1,1
"1hop-NamedPizza_Fiorentina_78_Fiorentina_78-Fiorentina_78-hasTopping-Fiorentina_78-NEG-BIN","NamedPizza_Fiorentina_78",117,7,"Property Assertion","BIN","ASK WHERE { <http://www.example.com/genealogy.owl#Fiorentina_78> <http://www.example.com/genealogy.owl#hasTopping> <http://www.example.com/genealogy.owl#Fiorentina_78> }","hasTopping","FALSE",1,1
"1hop-NamedPizza_Fiorentina_95_Fiorentina_95-Fiorentina_95-rdf:type-MC","NamedPizza_Fiorentina_95",117,7,"Membership","MC","SELECT ?x WHERE { <http://www.example.com/genealogy.owl#Fiorentina_95> <http://www.w3.org/1999/02/22-rdf-syntax-ns#type> ?x }","rdf:type","DomainConcept; Food; Pizza",2,2
"1hop-NamedPizza_Fiorentina_95_Fiorentina_95-Fiorentina_95-hasIngredient-MC","NamedPizza_Fiorentina_95",117,7,"Property Assertion","MC","SELECT ?x WHERE { <http://www.example.com/genealogy.owl#Fiorentina_95> <http://www.example.com/genealogy.owl#hasIngredient> ?x }","hasIngredient","GarlicTopping_dynamic_1; MozzarellaTopping_dynamic_1; OliveTopping_dynamic_1; ParmesanTopping_dynamic_1; SpinachTopping_dynamic_1; TomatoTopping_dynamic_1",2,2
"1hop-NamedPizza_Fiorentina_95_Fiorentina_95-Fiorentina_95-hasTopping-MC","NamedPizza_Fiorentina_95",117,7,"Property Assertion","MC","SELECT ?x WHERE { <http://www.example.com/genealogy.owl#Fiorentina_95> <http://www.example.com/genealogy.owl#hasTopping> ?x }","hasTopping","GarlicTopping_dynamic_1; MozzarellaTopping_dynamic_1; OliveTopping_dynamic_1; ParmesanTopping_dynamic_1; SpinachTopping_dynamic_1; TomatoTopping_dynamic_1",1,1
"1hop-NamedPizza_Fiorentina_95_Fiorentina_95-Fiorentina_95-hasTopping-GarlicTopping_dynamic_1-BIN","NamedPizza_Fiorentina_95",117,7,"Property Assertion","BIN","ASK WHERE { <http://www.example.com/genealogy.owl#Fiorentina_95> <http://www.example.com/genealogy.owl#hasTopping> <http://www.example.com/genealogy.owl#GarlicTopping_dynamic_1> }","hasTopping","TRUE",1,1
"1hop-NamedPizza_Fiorentina_95_Fiorentina_95-Fiorentina_95-hasTopping-Fiorentina_95-NEG-BIN","NamedPizza_Fiorentina_95",117,7,"Property Assertion","BIN","ASK WHERE { <http://www.example.com/genealogy.owl#Fiorentina_95> <http://www.example.com/genealogy.owl#hasTopping> <http://www.example.com/genealogy.owl#Fiorentina_95> }","hasTopping","FALSE",1,1
"1hop-NamedPizza_Fiorentina_95_Fiorentina_95-Fiorentina_95-hasIngredient-GarlicTopping_dynamic_1-BIN","NamedPizza_Fiorentina_95",117,7,"Property Assertion","BIN","ASK WHERE { <http://www.example.com/genealogy.owl#Fiorentina_95> <http://www.example.com/genealogy.owl#hasIngredient> <http://www.example.com/genealogy.owl#GarlicTopping_dynamic_1> }","hasIngredient","TRUE",2,2
"1hop-NamedPizza_Fiorentina_95_Fiorentina_95-Fiorentina_95-hasIngredient-Fiorentina_95-NEG-BIN","NamedPizza_Fiorentina_95",117,7,"Property Assertion","BIN","ASK WHERE { <http://www.example.com/genealogy.owl#Fiorentina_95> <http://www.example.com/genealogy.owl#hasIngredient> <http://www.example.com/genealogy.owl#Fiorentina_95> }","hasIngredient","FALSE",2,2
"1hop-NamedPizza_Fiorentina_95_Fiorentina_95-Fiorentina_95-rdf:type-Food-BIN","NamedPizza_Fiorentina_95",117,7,"Membership","BIN","ASK WHERE { <http://www.example.com/genealogy.owl#Fiorentina_95> <http://www.w3.org/1999/02/22-rdf-syntax-ns#type> <http://www.example.com/genealogy.owl#Food> }","rdf:type","TRUE",3,3
"1hop-NamedPizza_Fiorentina_95_Fiorentina_95-Fiorentina_95-rdf:type-American-NEG-BIN","NamedPizza_Fiorentina_95",117,7,"Membership","BIN","ASK WHERE { <http://www.example.com/genealogy.owl#Fiorentina_95> <http://www.w3.org/1999/02/22-rdf-syntax-ns#type> <http://www.example.com/genealogy.owl#American> }","rdf:type","FALSE",3,3
"1hop-NamedPizza_FourSeasons_26_FourSeasons_26-FourSeasons_26-rdf:type-MC","NamedPizza_FourSeasons_26",117,8,"Membership","MC","SELECT ?x WHERE { <http://www.example.com/genealogy.owl#FourSeasons_26> <http://www.w3.org/1999/02/22-rdf-syntax-ns#type> ?x }","rdf:type","DomainConcept; Food; Pizza",4,4
"1hop-NamedPizza_FourSeasons_26_FourSeasons_26-FourSeasons_26-hasIngredient-AnchoviesTopping_dynamic_1-BIN","NamedPizza_FourSeasons_26",117,8,"Property Assertion","BIN","ASK WHERE { <http://www.example.com/genealogy.owl#FourSeasons_26> <http://www.example.com/genealogy.owl#hasIngredient> <http://www.example.com/genealogy.owl#AnchoviesTopping_dynamic_1> }","hasIngredient","TRUE",2,2
"1hop-NamedPizza_FourSeasons_26_FourSeasons_26-FourSeasons_26-hasIngredient-FourSeasons_26-NEG-BIN","NamedPizza_FourSeasons_26",117,8,"Property Assertion","BIN","ASK WHERE { <http://www.example.com/genealogy.owl#FourSeasons_26> <http://www.example.com/genealogy.owl#hasIngredient> <http://www.example.com/genealogy.owl#FourSeasons_26> }","hasIngredient","FALSE",2,2
"1hop-NamedPizza_FourSeasons_26_FourSeasons_26-FourSeasons_26-hasIngredient-MC","NamedPizza_FourSeasons_26",117,8,"Property Assertion","MC","SELECT ?x WHERE { <http://www.example.com/genealogy.owl#FourSeasons_26> <http://www.example.com/genealogy.owl#hasIngredient> ?x }","hasIngredient","AnchoviesTopping_dynamic_1; CaperTopping_dynamic_1; MozzarellaTopping_dynamic_1; MushroomTopping_dynamic_1; OliveTopping_dynamic_1; PeperoniSausageTopping_dynamic_1; TomatoTopping_dynamic_1",2,2
"1hop-NamedPizza_FourSeasons_26_FourSeasons_26-FourSeasons_26-hasTopping-MC","NamedPizza_FourSeasons_26",117,8,"Property Assertion","MC","SELECT ?x WHERE { <http://www.example.com/genealogy.owl#FourSeasons_26> <http://www.example.com/genealogy.owl#hasTopping> ?x }","hasTopping","AnchoviesTopping_dynamic_1; CaperTopping_dynamic_1; MozzarellaTopping_dynamic_1; MushroomTopping_dynamic_1; OliveTopping_dynamic_1; PeperoniSausageTopping_dynamic_1; TomatoTopping_dynamic_1",1,1
"1hop-NamedPizza_FourSeasons_26_FourSeasons_26-FourSeasons_26-hasTopping-AnchoviesTopping_dynamic_1-BIN","NamedPizza_FourSeasons_26",117,8,"Property Assertion","BIN","ASK WHERE { <http://www.example.com/genealogy.owl#FourSeasons_26> <http://www.example.com/genealogy.owl#hasTopping> <http://www.example.com/genealogy.owl#AnchoviesTopping_dynamic_1> }","hasTopping","TRUE",1,1
"1hop-NamedPizza_FourSeasons_26_FourSeasons_26-FourSeasons_26-hasTopping-FourSeasons_26-NEG-BIN","NamedPizza_FourSeasons_26",117,8,"Property Assertion","BIN","ASK WHERE { <http://www.example.com/genealogy.owl#FourSeasons_26> <http://www.example.com/genealogy.owl#hasTopping> <http://www.example.com/genealogy.owl#FourSeasons_26> }","hasTopping","FALSE",1,1
"1hop-NamedPizza_FourSeasons_26_FourSeasons_26-FourSeasons_26-rdf:type-Food-BIN","NamedPizza_FourSeasons_26",117,8,"Membership","BIN","ASK WHERE { <http://www.example.com/genealogy.owl#FourSeasons_26> <http://www.w3.org/1999/02/22-rdf-syntax-ns#type> <http://www.example.com/genealogy.owl#Food> }","rdf:type","TRUE",3,3
"1hop-NamedPizza_FourSeasons_26_FourSeasons_26-FourSeasons_26-rdf:type-American-NEG-BIN","NamedPizza_FourSeasons_26",117,8,"Membership","BIN","ASK WHERE { <http://www.example.com/genealogy.owl#FourSeasons_26> <http://www.w3.org/1999/02/22-rdf-syntax-ns#type> <http://www.example.com/genealogy.owl#American> }","rdf:type","FALSE",3,3
"1hop-NamedPizza_FourSeasons_43_FourSeasons_43-FourSeasons_43-hasIngredient-MC","NamedPizza_FourSeasons_43",117,8,"Property Assertion","MC","SELECT ?x WHERE { <http://www.example.com/genealogy.owl#FourSeasons_43> <http://www.example.com/genealogy.owl#hasIngredient> ?x }","hasIngredient","AnchoviesTopping_dynamic_1; CaperTopping_dynamic_1; MozzarellaTopping_dynamic_1; MushroomTopping_dynamic_1; OliveTopping_dynamic_1; PeperoniSausageTopping_dynamic_1; TomatoTopping_dynamic_1",2,2
"1hop-NamedPizza_FourSeasons_43_FourSeasons_43-FourSeasons_43-hasTopping-MC","NamedPizza_FourSeasons_43",117,8,"Property Assertion","MC","SELECT ?x WHERE { <http://www.example.com/genealogy.owl#FourSeasons_43> <http://www.example.com/genealogy.owl#hasTopping> ?x }","hasTopping","AnchoviesTopping_dynamic_1; CaperTopping_dynamic_1; MozzarellaTopping_dynamic_1; MushroomTopping_dynamic_1; OliveTopping_dynamic_1; PeperoniSausageTopping_dynamic_1; TomatoTopping_dynamic_1",1,1
"1hop-NamedPizza_FourSeasons_43_FourSeasons_43-FourSeasons_43-hasIngredient-AnchoviesTopping_dynamic_1-BIN","NamedPizza_FourSeasons_43",117,8,"Property Assertion","BIN","ASK WHERE { <http://www.example.com/genealogy.owl#FourSeasons_43> <http://www.example.com/genealogy.owl#hasIngredient> <http://www.example.com/genealogy.owl#AnchoviesTopping_dynamic_1> }","hasIngredient","TRUE",2,2
"1hop-NamedPizza_FourSeasons_43_FourSeasons_43-FourSeasons_43-hasIngredient-FourSeasons_43-NEG-BIN","NamedPizza_FourSeasons_43",117,8,"Property Assertion","BIN","ASK WHERE { <http://www.example.com/genealogy.owl#FourSeasons_43> <http://www.example.com/genealogy.owl#hasIngredient> <http://www.example.com/genealogy.owl#FourSeasons_43> }","hasIngredient","FALSE",2,2
"1hop-NamedPizza_FourSeasons_43_FourSeasons_43-FourSeasons_43-rdf:type-MC","NamedPizza_FourSeasons_43",117,8,"Membership","MC","SELECT ?x WHERE { <http://www.example.com/genealogy.owl#FourSeasons_43> <http://www.w3.org/1999/02/22-rdf-syntax-ns#type> ?x }","rdf:type","DomainConcept; Food; Pizza",4,4
"1hop-NamedPizza_FourSeasons_43_FourSeasons_43-FourSeasons_43-rdf:type-Food-BIN","NamedPizza_FourSeasons_43",117,8,"Membership","BIN","ASK WHERE { <http://www.example.com/genealogy.owl#FourSeasons_43> <http://www.w3.org/1999/02/22-rdf-syntax-ns#type> <http://www.example.com/genealogy.owl#Food> }","rdf:type","TRUE",3,3
"1hop-NamedPizza_FourSeasons_43_FourSeasons_43-FourSeasons_43-rdf:type-American-NEG-BIN","NamedPizza_FourSeasons_43",117,8,"Membership","BIN","ASK WHERE { <http://www.example.com/genealogy.owl#FourSeasons_43> <http://www.w3.org/1999/02/22-rdf-syntax-ns#type> <http://www.example.com/genealogy.owl#American> }","rdf:type","FALSE",3,3
"1hop-NamedPizza_FourSeasons_43_FourSeasons_43-FourSeasons_43-hasTopping-AnchoviesTopping_dynamic_1-BIN","NamedPizza_FourSeasons_43",117,8,"Property Assertion","BIN","ASK WHERE { <http://www.example.com/genealogy.owl#FourSeasons_43> <http://www.example.com/genealogy.owl#hasTopping> <http://www.example.com/genealogy.owl#AnchoviesTopping_dynamic_1> }","hasTopping","TRUE",1,1
"1hop-NamedPizza_FourSeasons_43_FourSeasons_43-FourSeasons_43-hasTopping-FourSeasons_43-NEG-BIN","NamedPizza_FourSeasons_43",117,8,"Property Assertion","BIN","ASK WHERE { <http://www.example.com/genealogy.owl#FourSeasons_43> <http://www.example.com/genealogy.owl#hasTopping> <http://www.example.com/genealogy.owl#FourSeasons_43> }","hasTopping","FALSE",1,1
"1hop-NamedPizza_FourSeasons_67_FourSeasons_67-FourSeasons_67-rdf:type-MC","NamedPizza_FourSeasons_67",117,8,"Membership","MC","SELECT ?x WHERE { <http://www.example.com/genealogy.owl#FourSeasons_67> <http://www.w3.org/1999/02/22-rdf-syntax-ns#type> ?x }","rdf:type","DomainConcept; Food; Pizza",4,4
"1hop-NamedPizza_FourSeasons_67_FourSeasons_67-FourSeasons_67-hasIngredient-MC","NamedPizza_FourSeasons_67",117,8,"Property Assertion","MC","SELECT ?x WHERE { <http://www.example.com/genealogy.owl#FourSeasons_67> <http://www.example.com/genealogy.owl#hasIngredient> ?x }","hasIngredient","AnchoviesTopping_dynamic_1; CaperTopping_dynamic_1; MozzarellaTopping_dynamic_1; MushroomTopping_dynamic_1; OliveTopping_dynamic_1; PeperoniSausageTopping_dynamic_1; TomatoTopping_dynamic_1",2,2
"1hop-NamedPizza_FourSeasons_67_FourSeasons_67-FourSeasons_67-hasTopping-MC","NamedPizza_FourSeasons_67",117,8,"Property Assertion","MC","SELECT ?x WHERE { <http://www.example.com/genealogy.owl#FourSeasons_67> <http://www.example.com/genealogy.owl#hasTopping> ?x }","hasTopping","AnchoviesTopping_dynamic_1; CaperTopping_dynamic_1; MozzarellaTopping_dynamic_1; MushroomTopping_dynamic_1; OliveTopping_dynamic_1; PeperoniSausageTopping_dynamic_1; TomatoTopping_dynamic_1",1,1
"1hop-NamedPizza_FourSeasons_67_FourSeasons_67-FourSeasons_67-hasIngredient-AnchoviesTopping_dynamic_1-BIN","NamedPizza_FourSeasons_67",117,8,"Property Assertion","BIN","ASK WHERE { <http://www.example.com/genealogy.owl#FourSeasons_67> <http://www.example.com/genealogy.owl#hasIngredient> <http://www.example.com/genealogy.owl#AnchoviesTopping_dynamic_1> }","hasIngredient","TRUE",2,2
"1hop-NamedPizza_FourSeasons_67_FourSeasons_67-FourSeasons_67-hasIngredient-FourSeasons_67-NEG-BIN","NamedPizza_FourSeasons_67",117,8,"Property Assertion","BIN","ASK WHERE { <http://www.example.com/genealogy.owl#FourSeasons_67> <http://www.example.com/genealogy.owl#hasIngredient> <http://www.example.com/genealogy.owl#FourSeasons_67> }","hasIngredient","FALSE",2,2
"1hop-NamedPizza_FourSeasons_67_FourSeasons_67-FourSeasons_67-rdf:type-Food-BIN","NamedPizza_FourSeasons_67",117,8,"Membership","BIN","ASK WHERE { <http://www.example.com/genealogy.owl#FourSeasons_67> <http://www.w3.org/1999/02/22-rdf-syntax-ns#type> <http://www.example.com/genealogy.owl#Food> }","rdf:type","TRUE",3,3
"1hop-NamedPizza_FourSeasons_67_FourSeasons_67-FourSeasons_67-rdf:type-American-NEG-BIN","NamedPizza_FourSeasons_67",117,8,"Membership","BIN","ASK WHERE { <http://www.example.com/genealogy.owl#FourSeasons_67> <http://www.w3.org/1999/02/22-rdf-syntax-ns#type> <http://www.example.com/genealogy.owl#American> }","rdf:type","FALSE",3,3
"1hop-NamedPizza_FourSeasons_67_FourSeasons_67-FourSeasons_67-hasTopping-AnchoviesTopping_dynamic_1-BIN","NamedPizza_FourSeasons_67",117,8,"Property Assertion","BIN","ASK WHERE { <http://www.example.com/genealogy.owl#FourSeasons_67> <http://www.example.com/genealogy.owl#hasTopping> <http://www.example.com/genealogy.owl#AnchoviesTopping_dynamic_1> }","hasTopping","TRUE",1,1
"1hop-NamedPizza_FourSeasons_67_FourSeasons_67-FourSeasons_67-hasTopping-FourSeasons_67-NEG-BIN","NamedPizza_FourSeasons_67",117,8,"Property Assertion","BIN","ASK WHERE { <http://www.example.com/genealogy.owl#FourSeasons_67> <http://www.example.com/genealogy.owl#hasTopping> <http://www.example.com/genealogy.owl#FourSeasons_67> }","hasTopping","FALSE",1,1
"1hop-NamedPizza_FourSeasons_71_FourSeasons_71-FourSeasons_71-rdf:type-MC","NamedPizza_FourSeasons_71",117,8,"Membership","MC","SELECT ?x WHERE { <http://www.example.com/genealogy.owl#FourSeasons_71> <http://www.w3.org/1999/02/22-rdf-syntax-ns#type> ?x }","rdf:type","DomainConcept; Food; Pizza",4,4
"1hop-NamedPizza_FourSeasons_71_FourSeasons_71-FourSeasons_71-hasIngredient-MC","NamedPizza_FourSeasons_71",117,8,"Property Assertion","MC","SELECT ?x WHERE { <http://www.example.com/genealogy.owl#FourSeasons_71> <http://www.example.com/genealogy.owl#hasIngredient> ?x }","hasIngredient","AnchoviesTopping_dynamic_1; CaperTopping_dynamic_1; MozzarellaTopping_dynamic_1; MushroomTopping_dynamic_1; OliveTopping_dynamic_1; PeperoniSausageTopping_dynamic_1; TomatoTopping_dynamic_1",2,2
"1hop-NamedPizza_FourSeasons_71_FourSeasons_71-FourSeasons_71-rdf:type-Food-BIN","NamedPizza_FourSeasons_71",117,8,"Membership","BIN","ASK WHERE { <http://www.example.com/genealogy.owl#FourSeasons_71> <http://www.w3.org/1999/02/22-rdf-syntax-ns#type> <http://www.example.com/genealogy.owl#Food> }","rdf:type","TRUE",3,3
"1hop-NamedPizza_FourSeasons_71_FourSeasons_71-FourSeasons_71-rdf:type-American-NEG-BIN","NamedPizza_FourSeasons_71",117,8,"Membership","BIN","ASK WHERE { <http://www.example.com/genealogy.owl#FourSeasons_71> <http://www.w3.org/1999/02/22-rdf-syntax-ns#type> <http://www.example.com/genealogy.owl#American> }","rdf:type","FALSE",3,3
"1hop-NamedPizza_FourSeasons_71_FourSeasons_71-FourSeasons_71-hasIngredient-AnchoviesTopping_dynamic_1-BIN","NamedPizza_FourSeasons_71",117,8,"Property Assertion","BIN","ASK WHERE { <http://www.example.com/genealogy.owl#FourSeasons_71> <http://www.example.com/genealogy.owl#hasIngredient> <http://www.example.com/genealogy.owl#AnchoviesTopping_dynamic_1> }","hasIngredient","TRUE",2,2
"1hop-NamedPizza_FourSeasons_71_FourSeasons_71-FourSeasons_71-hasIngredient-FourSeasons_71-NEG-BIN","NamedPizza_FourSeasons_71",117,8,"Property Assertion","BIN","ASK WHERE { <http://www.example.com/genealogy.owl#FourSeasons_71> <http://www.example.com/genealogy.owl#hasIngredient> <http://www.example.com/genealogy.owl#FourSeasons_71> }","hasIngredient","FALSE",2,2
"1hop-NamedPizza_FourSeasons_71_FourSeasons_71-FourSeasons_71-hasTopping-MC","NamedPizza_FourSeasons_71",117,8,"Property Assertion","MC","SELECT ?x WHERE { <http://www.example.com/genealogy.owl#FourSeasons_71> <http://www.example.com/genealogy.owl#hasTopping> ?x }","hasTopping","AnchoviesTopping_dynamic_1; CaperTopping_dynamic_1; MozzarellaTopping_dynamic_1; MushroomTopping_dynamic_1; OliveTopping_dynamic_1; PeperoniSausageTopping_dynamic_1; TomatoTopping_dynamic_1",1,1
"1hop-NamedPizza_FourSeasons_71_FourSeasons_71-FourSeasons_71-hasTopping-AnchoviesTopping_dynamic_1-BIN","NamedPizza_FourSeasons_71",117,8,"Property Assertion","BIN","ASK WHERE { <http://www.example.com/genealogy.owl#FourSeasons_71> <http://www.example.com/genealogy.owl#hasTopping> <http://www.example.com/genealogy.owl#AnchoviesTopping_dynamic_1> }","hasTopping","TRUE",1,1
"1hop-NamedPizza_FourSeasons_71_FourSeasons_71-FourSeasons_71-hasTopping-FourSeasons_71-NEG-BIN","NamedPizza_FourSeasons_71",117,8,"Property Assertion","BIN","ASK WHERE { <http://www.example.com/genealogy.owl#FourSeasons_71> <http://www.example.com/genealogy.owl#hasTopping> <http://www.example.com/genealogy.owl#FourSeasons_71> }","hasTopping","FALSE",1,1
"1hop-NamedPizza_FourSeasons_77_FourSeasons_77-FourSeasons_77-hasIngredient-MC","NamedPizza_FourSeasons_77",117,8,"Property Assertion","MC","SELECT ?x WHERE { <http://www.example.com/genealogy.owl#FourSeasons_77> <http://www.example.com/genealogy.owl#hasIngredient> ?x }","hasIngredient","AnchoviesTopping_dynamic_1; CaperTopping_dynamic_1; MozzarellaTopping_dynamic_1; MushroomTopping_dynamic_1; OliveTopping_dynamic_1; PeperoniSausageTopping_dynamic_1; TomatoTopping_dynamic_1",2,2
"1hop-NamedPizza_FourSeasons_77_FourSeasons_77-FourSeasons_77-hasTopping-MC","NamedPizza_FourSeasons_77",117,8,"Property Assertion","MC","SELECT ?x WHERE { <http://www.example.com/genealogy.owl#FourSeasons_77> <http://www.example.com/genealogy.owl#hasTopping> ?x }","hasTopping","AnchoviesTopping_dynamic_1; CaperTopping_dynamic_1; MozzarellaTopping_dynamic_1; MushroomTopping_dynamic_1; OliveTopping_dynamic_1; PeperoniSausageTopping_dynamic_1; TomatoTopping_dynamic_1",1,1
"1hop-NamedPizza_FourSeasons_77_FourSeasons_77-FourSeasons_77-hasIngredient-AnchoviesTopping_dynamic_1-BIN","NamedPizza_FourSeasons_77",117,8,"Property Assertion","BIN","ASK WHERE { <http://www.example.com/genealogy.owl#FourSeasons_77> <http://www.example.com/genealogy.owl#hasIngredient> <http://www.example.com/genealogy.owl#AnchoviesTopping_dynamic_1> }","hasIngredient","TRUE",2,2
"1hop-NamedPizza_FourSeasons_77_FourSeasons_77-FourSeasons_77-hasIngredient-FourSeasons_77-NEG-BIN","NamedPizza_FourSeasons_77",117,8,"Property Assertion","BIN","ASK WHERE { <http://www.example.com/genealogy.owl#FourSeasons_77> <http://www.example.com/genealogy.owl#hasIngredient> <http://www.example.com/genealogy.owl#FourSeasons_77> }","hasIngredient","FALSE",2,2
"1hop-NamedPizza_FourSeasons_77_FourSeasons_77-FourSeasons_77-rdf:type-MC","NamedPizza_FourSeasons_77",117,8,"Membership","MC","SELECT ?x WHERE { <http://www.example.com/genealogy.owl#FourSeasons_77> <http://www.w3.org/1999/02/22-rdf-syntax-ns#type> ?x }","rdf:type","DomainConcept; Food; Pizza",4,4
"1hop-NamedPizza_FourSeasons_77_FourSeasons_77-FourSeasons_77-hasTopping-AnchoviesTopping_dynamic_1-BIN","NamedPizza_FourSeasons_77",117,8,"Property Assertion","BIN","ASK WHERE { <http://www.example.com/genealogy.owl#FourSeasons_77> <http://www.example.com/genealogy.owl#hasTopping> <http://www.example.com/genealogy.owl#AnchoviesTopping_dynamic_1> }","hasTopping","TRUE",1,1
"1hop-NamedPizza_FourSeasons_77_FourSeasons_77-FourSeasons_77-hasTopping-FourSeasons_77-NEG-BIN","NamedPizza_FourSeasons_77",117,8,"Property Assertion","BIN","ASK WHERE { <http://www.example.com/genealogy.owl#FourSeasons_77> <http://www.example.com/genealogy.owl#hasTopping> <http://www.example.com/genealogy.owl#FourSeasons_77> }","hasTopping","FALSE",1,1
"1hop-NamedPizza_FourSeasons_77_FourSeasons_77-FourSeasons_77-rdf:type-Food-BIN","NamedPizza_FourSeasons_77",117,8,"Membership","BIN","ASK WHERE { <http://www.example.com/genealogy.owl#FourSeasons_77> <http://www.w3.org/1999/02/22-rdf-syntax-ns#type> <http://www.example.com/genealogy.owl#Food> }","rdf:type","TRUE",3,3
"1hop-NamedPizza_FourSeasons_77_FourSeasons_77-FourSeasons_77-rdf:type-American-NEG-BIN","NamedPizza_FourSeasons_77",117,8,"Membership","BIN","ASK WHERE { <http://www.example.com/genealogy.owl#FourSeasons_77> <http://www.w3.org/1999/02/22-rdf-syntax-ns#type> <http://www.example.com/genealogy.owl#American> }","rdf:type","FALSE",3,3
"1hop-NamedPizza_FourSeasons_88_FourSeasons_88-FourSeasons_88-hasTopping-MC","NamedPizza_FourSeasons_88",117,8,"Property Assertion","MC","SELECT ?x WHERE { <http://www.example.com/genealogy.owl#FourSeasons_88> <http://www.example.com/genealogy.owl#hasTopping> ?x }","hasTopping","AnchoviesTopping_dynamic_1; CaperTopping_dynamic_1; MozzarellaTopping_dynamic_1; MushroomTopping_dynamic_1; OliveTopping_dynamic_1; PeperoniSausageTopping_dynamic_1; TomatoTopping_dynamic_1",1,1
"1hop-NamedPizza_FourSeasons_88_FourSeasons_88-FourSeasons_88-hasIngredient-MC","NamedPizza_FourSeasons_88",117,8,"Property Assertion","MC","SELECT ?x WHERE { <http://www.example.com/genealogy.owl#FourSeasons_88> <http://www.example.com/genealogy.owl#hasIngredient> ?x }","hasIngredient","AnchoviesTopping_dynamic_1; CaperTopping_dynamic_1; MozzarellaTopping_dynamic_1; MushroomTopping_dynamic_1; OliveTopping_dynamic_1; PeperoniSausageTopping_dynamic_1; TomatoTopping_dynamic_1",2,2
"1hop-NamedPizza_FourSeasons_88_FourSeasons_88-FourSeasons_88-rdf:type-Food-BIN","NamedPizza_FourSeasons_88",117,8,"Membership","BIN","ASK WHERE { <http://www.example.com/genealogy.owl#FourSeasons_88> <http://www.w3.org/1999/02/22-rdf-syntax-ns#type> <http://www.example.com/genealogy.owl#Food> }","rdf:type","TRUE",3,3
"1hop-NamedPizza_FourSeasons_88_FourSeasons_88-FourSeasons_88-rdf:type-American-NEG-BIN","NamedPizza_FourSeasons_88",117,8,"Membership","BIN","ASK WHERE { <http://www.example.com/genealogy.owl#FourSeasons_88> <http://www.w3.org/1999/02/22-rdf-syntax-ns#type> <http://www.example.com/genealogy.owl#American> }","rdf:type","FALSE",3,3
"1hop-NamedPizza_FourSeasons_88_FourSeasons_88-FourSeasons_88-rdf:type-MC","NamedPizza_FourSeasons_88",117,8,"Membership","MC","SELECT ?x WHERE { <http://www.example.com/genealogy.owl#FourSeasons_88> <http://www.w3.org/1999/02/22-rdf-syntax-ns#type> ?x }","rdf:type","DomainConcept; Food; Pizza",3,3
"1hop-NamedPizza_FourSeasons_88_FourSeasons_88-FourSeasons_88-hasIngredient-AnchoviesTopping_dynamic_1-BIN","NamedPizza_FourSeasons_88",117,8,"Property Assertion","BIN","ASK WHERE { <http://www.example.com/genealogy.owl#FourSeasons_88> <http://www.example.com/genealogy.owl#hasIngredient> <http://www.example.com/genealogy.owl#AnchoviesTopping_dynamic_1> }","hasIngredient","TRUE",2,2
"1hop-NamedPizza_FourSeasons_88_FourSeasons_88-FourSeasons_88-hasIngredient-FourSeasons_88-NEG-BIN","NamedPizza_FourSeasons_88",117,8,"Property Assertion","BIN","ASK WHERE { <http://www.example.com/genealogy.owl#FourSeasons_88> <http://www.example.com/genealogy.owl#hasIngredient> <http://www.example.com/genealogy.owl#FourSeasons_88> }","hasIngredient","FALSE",2,2
"1hop-NamedPizza_FourSeasons_88_FourSeasons_88-FourSeasons_88-hasTopping-AnchoviesTopping_dynamic_1-BIN","NamedPizza_FourSeasons_88",117,8,"Property Assertion","BIN","ASK WHERE { <http://www.example.com/genealogy.owl#FourSeasons_88> <http://www.example.com/genealogy.owl#hasTopping> <http://www.example.com/genealogy.owl#AnchoviesTopping_dynamic_1> }","hasTopping","TRUE",1,1
"1hop-NamedPizza_FourSeasons_88_FourSeasons_88-FourSeasons_88-hasTopping-FourSeasons_88-NEG-BIN","NamedPizza_FourSeasons_88",117,8,"Property Assertion","BIN","ASK WHERE { <http://www.example.com/genealogy.owl#FourSeasons_88> <http://www.example.com/genealogy.owl#hasTopping> <http://www.example.com/genealogy.owl#FourSeasons_88> }","hasTopping","FALSE",1,1
"1hop-NamedPizza_FourSeasons_92_FourSeasons_92-FourSeasons_92-hasTopping-MC","NamedPizza_FourSeasons_92",117,8,"Property Assertion","MC","SELECT ?x WHERE { <http://www.example.com/genealogy.owl#FourSeasons_92> <http://www.example.com/genealogy.owl#hasTopping> ?x }","hasTopping","AnchoviesTopping_dynamic_1; CaperTopping_dynamic_1; MozzarellaTopping_dynamic_1; MushroomTopping_dynamic_1; OliveTopping_dynamic_1; PeperoniSausageTopping_dynamic_1; TomatoTopping_dynamic_1",1,1
"1hop-NamedPizza_FourSeasons_92_FourSeasons_92-FourSeasons_92-rdf:type-MC","NamedPizza_FourSeasons_92",117,8,"Membership","MC","SELECT ?x WHERE { <http://www.example.com/genealogy.owl#FourSeasons_92> <http://www.w3.org/1999/02/22-rdf-syntax-ns#type> ?x }","rdf:type","DomainConcept; Food; Pizza",4,4
"1hop-NamedPizza_FourSeasons_92_FourSeasons_92-FourSeasons_92-hasIngredient-MC","NamedPizza_FourSeasons_92",117,8,"Property Assertion","MC","SELECT ?x WHERE { <http://www.example.com/genealogy.owl#FourSeasons_92> <http://www.example.com/genealogy.owl#hasIngredient> ?x }","hasIngredient","AnchoviesTopping_dynamic_1; CaperTopping_dynamic_1; MozzarellaTopping_dynamic_1; MushroomTopping_dynamic_1; OliveTopping_dynamic_1; PeperoniSausageTopping_dynamic_1; TomatoTopping_dynamic_1",2,2
"1hop-NamedPizza_FourSeasons_92_FourSeasons_92-FourSeasons_92-rdf:type-Food-BIN","NamedPizza_FourSeasons_92",117,8,"Membership","BIN","ASK WHERE { <http://www.example.com/genealogy.owl#FourSeasons_92> <http://www.w3.org/1999/02/22-rdf-syntax-ns#type> <http://www.example.com/genealogy.owl#Food> }","rdf:type","TRUE",3,3
"1hop-NamedPizza_FourSeasons_92_FourSeasons_92-FourSeasons_92-rdf:type-American-NEG-BIN","NamedPizza_FourSeasons_92",117,8,"Membership","BIN","ASK WHERE { <http://www.example.com/genealogy.owl#FourSeasons_92> <http://www.w3.org/1999/02/22-rdf-syntax-ns#type> <http://www.example.com/genealogy.owl#American> }","rdf:type","FALSE",3,3
"1hop-NamedPizza_FourSeasons_92_FourSeasons_92-FourSeasons_92-hasTopping-AnchoviesTopping_dynamic_1-BIN","NamedPizza_FourSeasons_92",117,8,"Property Assertion","BIN","ASK WHERE { <http://www.example.com/genealogy.owl#FourSeasons_92> <http://www.example.com/genealogy.owl#hasTopping> <http://www.example.com/genealogy.owl#AnchoviesTopping_dynamic_1> }","hasTopping","TRUE",1,1
"1hop-NamedPizza_FourSeasons_92_FourSeasons_92-FourSeasons_92-hasTopping-FourSeasons_92-NEG-BIN","NamedPizza_FourSeasons_92",117,8,"Property Assertion","BIN","ASK WHERE { <http://www.example.com/genealogy.owl#FourSeasons_92> <http://www.example.com/genealogy.owl#hasTopping> <http://www.example.com/genealogy.owl#FourSeasons_92> }","hasTopping","FALSE",1,1
"1hop-NamedPizza_FourSeasons_92_FourSeasons_92-FourSeasons_92-hasIngredient-AnchoviesTopping_dynamic_1-BIN","NamedPizza_FourSeasons_92",117,8,"Property Assertion","BIN","ASK WHERE { <http://www.example.com/genealogy.owl#FourSeasons_92> <http://www.example.com/genealogy.owl#hasIngredient> <http://www.example.com/genealogy.owl#AnchoviesTopping_dynamic_1> }","hasIngredient","TRUE",2,2
"1hop-NamedPizza_FourSeasons_92_FourSeasons_92-FourSeasons_92-hasIngredient-FourSeasons_92-NEG-BIN","NamedPizza_FourSeasons_92",117,8,"Property Assertion","BIN","ASK WHERE { <http://www.example.com/genealogy.owl#FourSeasons_92> <http://www.example.com/genealogy.owl#hasIngredient> <http://www.example.com/genealogy.owl#FourSeasons_92> }","hasIngredient","FALSE",2,2
"1hop-NamedPizza_FourSeasons_94_FourSeasons_94-FourSeasons_94-hasTopping-MC","NamedPizza_FourSeasons_94",117,8,"Property Assertion","MC","SELECT ?x WHERE { <http://www.example.com/genealogy.owl#FourSeasons_94> <http://www.example.com/genealogy.owl#hasTopping> ?x }","hasTopping","AnchoviesTopping_dynamic_1; CaperTopping_dynamic_1; MozzarellaTopping_dynamic_1; MushroomTopping_dynamic_1; OliveTopping_dynamic_1; PeperoniSausageTopping_dynamic_1; TomatoTopping_dynamic_1",1,1
"1hop-NamedPizza_FourSeasons_94_FourSeasons_94-FourSeasons_94-hasIngredient-MC","NamedPizza_FourSeasons_94",117,8,"Property Assertion","MC","SELECT ?x WHERE { <http://www.example.com/genealogy.owl#FourSeasons_94> <http://www.example.com/genealogy.owl#hasIngredient> ?x }","hasIngredient","AnchoviesTopping_dynamic_1; CaperTopping_dynamic_1; MozzarellaTopping_dynamic_1; MushroomTopping_dynamic_1; OliveTopping_dynamic_1; PeperoniSausageTopping_dynamic_1; TomatoTopping_dynamic_1",2,2
"1hop-NamedPizza_FourSeasons_94_FourSeasons_94-FourSeasons_94-rdf:type-MC","NamedPizza_FourSeasons_94",117,8,"Membership","MC","SELECT ?x WHERE { <http://www.example.com/genealogy.owl#FourSeasons_94> <http://www.w3.org/1999/02/22-rdf-syntax-ns#type> ?x }","rdf:type","DomainConcept; Food; Pizza",4,4
"1hop-NamedPizza_FourSeasons_94_FourSeasons_94-FourSeasons_94-hasTopping-AnchoviesTopping_dynamic_1-BIN","NamedPizza_FourSeasons_94",117,8,"Property Assertion","BIN","ASK WHERE { <http://www.example.com/genealogy.owl#FourSeasons_94> <http://www.example.com/genealogy.owl#hasTopping> <http://www.example.com/genealogy.owl#AnchoviesTopping_dynamic_1> }","hasTopping","TRUE",1,1
"1hop-NamedPizza_FourSeasons_94_FourSeasons_94-FourSeasons_94-hasTopping-FourSeasons_94-NEG-BIN","NamedPizza_FourSeasons_94",117,8,"Property Assertion","BIN","ASK WHERE { <http://www.example.com/genealogy.owl#FourSeasons_94> <http://www.example.com/genealogy.owl#hasTopping> <http://www.example.com/genealogy.owl#FourSeasons_94> }","hasTopping","FALSE",1,1
"1hop-NamedPizza_FourSeasons_94_FourSeasons_94-FourSeasons_94-rdf:type-Food-BIN","NamedPizza_FourSeasons_94",117,8,"Membership","BIN","ASK WHERE { <http://www.example.com/genealogy.owl#FourSeasons_94> <http://www.w3.org/1999/02/22-rdf-syntax-ns#type> <http://www.example.com/genealogy.owl#Food> }","rdf:type","TRUE",3,3
"1hop-NamedPizza_FourSeasons_94_FourSeasons_94-FourSeasons_94-rdf:type-American-NEG-BIN","NamedPizza_FourSeasons_94",117,8,"Membership","BIN","ASK WHERE { <http://www.example.com/genealogy.owl#FourSeasons_94> <http://www.w3.org/1999/02/22-rdf-syntax-ns#type> <http://www.example.com/genealogy.owl#American> }","rdf:type","FALSE",3,3
"1hop-NamedPizza_FourSeasons_94_FourSeasons_94-FourSeasons_94-hasIngredient-AnchoviesTopping_dynamic_1-BIN","NamedPizza_FourSeasons_94",117,8,"Property Assertion","BIN","ASK WHERE { <http://www.example.com/genealogy.owl#FourSeasons_94> <http://www.example.com/genealogy.owl#hasIngredient> <http://www.example.com/genealogy.owl#AnchoviesTopping_dynamic_1> }","hasIngredient","TRUE",2,2
"1hop-NamedPizza_FourSeasons_94_FourSeasons_94-FourSeasons_94-hasIngredient-FourSeasons_94-NEG-BIN","NamedPizza_FourSeasons_94",117,8,"Property Assertion","BIN","ASK WHERE { <http://www.example.com/genealogy.owl#FourSeasons_94> <http://www.example.com/genealogy.owl#hasIngredient> <http://www.example.com/genealogy.owl#FourSeasons_94> }","hasIngredient","FALSE",2,2
"1hop-NamedPizza_FruttiDiMare_13_FruttiDiMare_13-FruttiDiMare_13-hasIngredient-MC","NamedPizza_FruttiDiMare_13",117,4,"Property Assertion","MC","SELECT ?x WHERE { <http://www.example.com/genealogy.owl#FruttiDiMare_13> <http://www.example.com/genealogy.owl#hasIngredient> ?x }","hasIngredient","GarlicTopping_dynamic_1; MixedSeafoodTopping_dynamic_1; TomatoTopping_dynamic_1",2,2
"1hop-NamedPizza_FruttiDiMare_13_FruttiDiMare_13-FruttiDiMare_13-hasTopping-MC","NamedPizza_FruttiDiMare_13",117,4,"Property Assertion","MC","SELECT ?x WHERE { <http://www.example.com/genealogy.owl#FruttiDiMare_13> <http://www.example.com/genealogy.owl#hasTopping> ?x }","hasTopping","GarlicTopping_dynamic_1; MixedSeafoodTopping_dynamic_1; TomatoTopping_dynamic_1",1,1
"1hop-NamedPizza_FruttiDiMare_13_FruttiDiMare_13-FruttiDiMare_13-rdf:type-Food-BIN","NamedPizza_FruttiDiMare_13",117,4,"Membership","BIN","ASK WHERE { <http://www.example.com/genealogy.owl#FruttiDiMare_13> <http://www.w3.org/1999/02/22-rdf-syntax-ns#type> <http://www.example.com/genealogy.owl#Food> }","rdf:type","TRUE",3,3
"1hop-NamedPizza_FruttiDiMare_13_FruttiDiMare_13-FruttiDiMare_13-rdf:type-American-NEG-BIN","NamedPizza_FruttiDiMare_13",117,4,"Membership","BIN","ASK WHERE { <http://www.example.com/genealogy.owl#FruttiDiMare_13> <http://www.w3.org/1999/02/22-rdf-syntax-ns#type> <http://www.example.com/genealogy.owl#American> }","rdf:type","FALSE",3,3
"1hop-NamedPizza_FruttiDiMare_13_FruttiDiMare_13-FruttiDiMare_13-rdf:type-MC","NamedPizza_FruttiDiMare_13",117,4,"Membership","MC","SELECT ?x WHERE { <http://www.example.com/genealogy.owl#FruttiDiMare_13> <http://www.w3.org/1999/02/22-rdf-syntax-ns#type> ?x }","rdf:type","DomainConcept; Food; Pizza",3,3
"1hop-NamedPizza_FruttiDiMare_13_FruttiDiMare_13-FruttiDiMare_13-hasIngredient-GarlicTopping_dynamic_1-BIN","NamedPizza_FruttiDiMare_13",117,4,"Property Assertion","BIN","ASK WHERE { <http://www.example.com/genealogy.owl#FruttiDiMare_13> <http://www.example.com/genealogy.owl#hasIngredient> <http://www.example.com/genealogy.owl#GarlicTopping_dynamic_1> }","hasIngredient","TRUE",2,2
"1hop-NamedPizza_FruttiDiMare_13_FruttiDiMare_13-FruttiDiMare_13-hasIngredient-FruttiDiMare_13-NEG-BIN","NamedPizza_FruttiDiMare_13",117,4,"Property Assertion","BIN","ASK WHERE { <http://www.example.com/genealogy.owl#FruttiDiMare_13> <http://www.example.com/genealogy.owl#hasIngredient> <http://www.example.com/genealogy.owl#FruttiDiMare_13> }","hasIngredient","FALSE",2,2
"1hop-NamedPizza_FruttiDiMare_13_FruttiDiMare_13-FruttiDiMare_13-hasTopping-GarlicTopping_dynamic_1-BIN","NamedPizza_FruttiDiMare_13",117,4,"Property Assertion","BIN","ASK WHERE { <http://www.example.com/genealogy.owl#FruttiDiMare_13> <http://www.example.com/genealogy.owl#hasTopping> <http://www.example.com/genealogy.owl#GarlicTopping_dynamic_1> }","hasTopping","TRUE",1,1
"1hop-NamedPizza_FruttiDiMare_13_FruttiDiMare_13-FruttiDiMare_13-hasTopping-FruttiDiMare_13-NEG-BIN","NamedPizza_FruttiDiMare_13",117,4,"Property Assertion","BIN","ASK WHERE { <http://www.example.com/genealogy.owl#FruttiDiMare_13> <http://www.example.com/genealogy.owl#hasTopping> <http://www.example.com/genealogy.owl#FruttiDiMare_13> }","hasTopping","FALSE",1,1
"1hop-NamedPizza_FruttiDiMare_15_FruttiDiMare_15-FruttiDiMare_15-hasIngredient-GarlicTopping_dynamic_1-BIN","NamedPizza_FruttiDiMare_15",117,4,"Property Assertion","BIN","ASK WHERE { <http://www.example.com/genealogy.owl#FruttiDiMare_15> <http://www.example.com/genealogy.owl#hasIngredient> <http://www.example.com/genealogy.owl#GarlicTopping_dynamic_1> }","hasIngredient","TRUE",2,2
"1hop-NamedPizza_FruttiDiMare_15_FruttiDiMare_15-FruttiDiMare_15-hasIngredient-FruttiDiMare_15-NEG-BIN","NamedPizza_FruttiDiMare_15",117,4,"Property Assertion","BIN","ASK WHERE { <http://www.example.com/genealogy.owl#FruttiDiMare_15> <http://www.example.com/genealogy.owl#hasIngredient> <http://www.example.com/genealogy.owl#FruttiDiMare_15> }","hasIngredient","FALSE",2,2
"1hop-NamedPizza_FruttiDiMare_15_FruttiDiMare_15-FruttiDiMare_15-hasIngredient-MC","NamedPizza_FruttiDiMare_15",117,4,"Property Assertion","MC","SELECT ?x WHERE { <http://www.example.com/genealogy.owl#FruttiDiMare_15> <http://www.example.com/genealogy.owl#hasIngredient> ?x }","hasIngredient","GarlicTopping_dynamic_1; MixedSeafoodTopping_dynamic_1; TomatoTopping_dynamic_1",2,2
"1hop-NamedPizza_FruttiDiMare_15_FruttiDiMare_15-FruttiDiMare_15-hasTopping-GarlicTopping_dynamic_1-BIN","NamedPizza_FruttiDiMare_15",117,4,"Property Assertion","BIN","ASK WHERE { <http://www.example.com/genealogy.owl#FruttiDiMare_15> <http://www.example.com/genealogy.owl#hasTopping> <http://www.example.com/genealogy.owl#GarlicTopping_dynamic_1> }","hasTopping","TRUE",1,1
"1hop-NamedPizza_FruttiDiMare_15_FruttiDiMare_15-FruttiDiMare_15-hasTopping-FruttiDiMare_15-NEG-BIN","NamedPizza_FruttiDiMare_15",117,4,"Property Assertion","BIN","ASK WHERE { <http://www.example.com/genealogy.owl#FruttiDiMare_15> <http://www.example.com/genealogy.owl#hasTopping> <http://www.example.com/genealogy.owl#FruttiDiMare_15> }","hasTopping","FALSE",1,1
"1hop-NamedPizza_FruttiDiMare_15_FruttiDiMare_15-FruttiDiMare_15-hasTopping-MC","NamedPizza_FruttiDiMare_15",117,4,"Property Assertion","MC","SELECT ?x WHERE { <http://www.example.com/genealogy.owl#FruttiDiMare_15> <http://www.example.com/genealogy.owl#hasTopping> ?x }","hasTopping","GarlicTopping_dynamic_1; MixedSeafoodTopping_dynamic_1; TomatoTopping_dynamic_1",1,1
"1hop-NamedPizza_FruttiDiMare_15_FruttiDiMare_15-FruttiDiMare_15-rdf:type-MC","NamedPizza_FruttiDiMare_15",117,4,"Membership","MC","SELECT ?x WHERE { <http://www.example.com/genealogy.owl#FruttiDiMare_15> <http://www.w3.org/1999/02/22-rdf-syntax-ns#type> ?x }","rdf:type","DomainConcept; Food; Pizza",4,4
"1hop-NamedPizza_FruttiDiMare_15_FruttiDiMare_15-FruttiDiMare_15-rdf:type-Food-BIN","NamedPizza_FruttiDiMare_15",117,4,"Membership","BIN","ASK WHERE { <http://www.example.com/genealogy.owl#FruttiDiMare_15> <http://www.w3.org/1999/02/22-rdf-syntax-ns#type> <http://www.example.com/genealogy.owl#Food> }","rdf:type","TRUE",3,3
"1hop-NamedPizza_FruttiDiMare_15_FruttiDiMare_15-FruttiDiMare_15-rdf:type-American-NEG-BIN","NamedPizza_FruttiDiMare_15",117,4,"Membership","BIN","ASK WHERE { <http://www.example.com/genealogy.owl#FruttiDiMare_15> <http://www.w3.org/1999/02/22-rdf-syntax-ns#type> <http://www.example.com/genealogy.owl#American> }","rdf:type","FALSE",3,3
"1hop-NamedPizza_FruttiDiMare_33_FruttiDiMare_33-FruttiDiMare_33-hasIngredient-MC","NamedPizza_FruttiDiMare_33",117,4,"Property Assertion","MC","SELECT ?x WHERE { <http://www.example.com/genealogy.owl#FruttiDiMare_33> <http://www.example.com/genealogy.owl#hasIngredient> ?x }","hasIngredient","GarlicTopping_dynamic_1; MixedSeafoodTopping_dynamic_1; TomatoTopping_dynamic_1",2,2
"1hop-NamedPizza_FruttiDiMare_33_FruttiDiMare_33-FruttiDiMare_33-hasTopping-GarlicTopping_dynamic_1-BIN","NamedPizza_FruttiDiMare_33",117,4,"Property Assertion","BIN","ASK WHERE { <http://www.example.com/genealogy.owl#FruttiDiMare_33> <http://www.example.com/genealogy.owl#hasTopping> <http://www.example.com/genealogy.owl#GarlicTopping_dynamic_1> }","hasTopping","TRUE",1,1
"1hop-NamedPizza_FruttiDiMare_33_FruttiDiMare_33-FruttiDiMare_33-hasTopping-FruttiDiMare_33-NEG-BIN","NamedPizza_FruttiDiMare_33",117,4,"Property Assertion","BIN","ASK WHERE { <http://www.example.com/genealogy.owl#FruttiDiMare_33> <http://www.example.com/genealogy.owl#hasTopping> <http://www.example.com/genealogy.owl#FruttiDiMare_33> }","hasTopping","FALSE",1,1
"1hop-NamedPizza_FruttiDiMare_33_FruttiDiMare_33-FruttiDiMare_33-hasTopping-MC","NamedPizza_FruttiDiMare_33",117,4,"Property Assertion","MC","SELECT ?x WHERE { <http://www.example.com/genealogy.owl#FruttiDiMare_33> <http://www.example.com/genealogy.owl#hasTopping> ?x }","hasTopping","GarlicTopping_dynamic_1; MixedSeafoodTopping_dynamic_1; TomatoTopping_dynamic_1",1,1
"1hop-NamedPizza_FruttiDiMare_33_FruttiDiMare_33-FruttiDiMare_33-rdf:type-MC","NamedPizza_FruttiDiMare_33",117,4,"Membership","MC","SELECT ?x WHERE { <http://www.example.com/genealogy.owl#FruttiDiMare_33> <http://www.w3.org/1999/02/22-rdf-syntax-ns#type> ?x }","rdf:type","DomainConcept; Food; Pizza",2,2
"1hop-NamedPizza_FruttiDiMare_33_FruttiDiMare_33-FruttiDiMare_33-rdf:type-Food-BIN","NamedPizza_FruttiDiMare_33",117,4,"Membership","BIN","ASK WHERE { <http://www.example.com/genealogy.owl#FruttiDiMare_33> <http://www.w3.org/1999/02/22-rdf-syntax-ns#type> <http://www.example.com/genealogy.owl#Food> }","rdf:type","TRUE",3,3
"1hop-NamedPizza_FruttiDiMare_33_FruttiDiMare_33-FruttiDiMare_33-rdf:type-American-NEG-BIN","NamedPizza_FruttiDiMare_33",117,4,"Membership","BIN","ASK WHERE { <http://www.example.com/genealogy.owl#FruttiDiMare_33> <http://www.w3.org/1999/02/22-rdf-syntax-ns#type> <http://www.example.com/genealogy.owl#American> }","rdf:type","FALSE",3,3
"1hop-NamedPizza_FruttiDiMare_33_FruttiDiMare_33-FruttiDiMare_33-hasIngredient-GarlicTopping_dynamic_1-BIN","NamedPizza_FruttiDiMare_33",117,4,"Property Assertion","BIN","ASK WHERE { <http://www.example.com/genealogy.owl#FruttiDiMare_33> <http://www.example.com/genealogy.owl#hasIngredient> <http://www.example.com/genealogy.owl#GarlicTopping_dynamic_1> }","hasIngredient","TRUE",2,2
"1hop-NamedPizza_FruttiDiMare_33_FruttiDiMare_33-FruttiDiMare_33-hasIngredient-FruttiDiMare_33-NEG-BIN","NamedPizza_FruttiDiMare_33",117,4,"Property Assertion","BIN","ASK WHERE { <http://www.example.com/genealogy.owl#FruttiDiMare_33> <http://www.example.com/genealogy.owl#hasIngredient> <http://www.example.com/genealogy.owl#FruttiDiMare_33> }","hasIngredient","FALSE",2,2
"1hop-NamedPizza_FruttiDiMare_36_FruttiDiMare_36-FruttiDiMare_36-hasTopping-GarlicTopping_dynamic_1-BIN","NamedPizza_FruttiDiMare_36",117,4,"Property Assertion","BIN","ASK WHERE { <http://www.example.com/genealogy.owl#FruttiDiMare_36> <http://www.example.com/genealogy.owl#hasTopping> <http://www.example.com/genealogy.owl#GarlicTopping_dynamic_1> }","hasTopping","TRUE",1,1
"1hop-NamedPizza_FruttiDiMare_36_FruttiDiMare_36-FruttiDiMare_36-hasTopping-FruttiDiMare_36-NEG-BIN","NamedPizza_FruttiDiMare_36",117,4,"Property Assertion","BIN","ASK WHERE { <http://www.example.com/genealogy.owl#FruttiDiMare_36> <http://www.example.com/genealogy.owl#hasTopping> <http://www.example.com/genealogy.owl#FruttiDiMare_36> }","hasTopping","FALSE",1,1
"1hop-NamedPizza_FruttiDiMare_36_FruttiDiMare_36-FruttiDiMare_36-hasTopping-MC","NamedPizza_FruttiDiMare_36",117,4,"Property Assertion","MC","SELECT ?x WHERE { <http://www.example.com/genealogy.owl#FruttiDiMare_36> <http://www.example.com/genealogy.owl#hasTopping> ?x }","hasTopping","GarlicTopping_dynamic_1; MixedSeafoodTopping_dynamic_1; TomatoTopping_dynamic_1",1,1
"1hop-NamedPizza_FruttiDiMare_36_FruttiDiMare_36-FruttiDiMare_36-rdf:type-MC","NamedPizza_FruttiDiMare_36",117,4,"Membership","MC","SELECT ?x WHERE { <http://www.example.com/genealogy.owl#FruttiDiMare_36> <http://www.w3.org/1999/02/22-rdf-syntax-ns#type> ?x }","rdf:type","DomainConcept; Food; Pizza",4,4
"1hop-NamedPizza_FruttiDiMare_36_FruttiDiMare_36-FruttiDiMare_36-hasIngredient-GarlicTopping_dynamic_1-BIN","NamedPizza_FruttiDiMare_36",117,4,"Property Assertion","BIN","ASK WHERE { <http://www.example.com/genealogy.owl#FruttiDiMare_36> <http://www.example.com/genealogy.owl#hasIngredient> <http://www.example.com/genealogy.owl#GarlicTopping_dynamic_1> }","hasIngredient","TRUE",2,2
"1hop-NamedPizza_FruttiDiMare_36_FruttiDiMare_36-FruttiDiMare_36-hasIngredient-FruttiDiMare_36-NEG-BIN","NamedPizza_FruttiDiMare_36",117,4,"Property Assertion","BIN","ASK WHERE { <http://www.example.com/genealogy.owl#FruttiDiMare_36> <http://www.example.com/genealogy.owl#hasIngredient> <http://www.example.com/genealogy.owl#FruttiDiMare_36> }","hasIngredient","FALSE",2,2
"1hop-NamedPizza_FruttiDiMare_36_FruttiDiMare_36-FruttiDiMare_36-hasIngredient-MC","NamedPizza_FruttiDiMare_36",117,4,"Property Assertion","MC","SELECT ?x WHERE { <http://www.example.com/genealogy.owl#FruttiDiMare_36> <http://www.example.com/genealogy.owl#hasIngredient> ?x }","hasIngredient","GarlicTopping_dynamic_1; MixedSeafoodTopping_dynamic_1; TomatoTopping_dynamic_1",2,2
"1hop-NamedPizza_FruttiDiMare_36_FruttiDiMare_36-FruttiDiMare_36-rdf:type-Food-BIN","NamedPizza_FruttiDiMare_36",117,4,"Membership","BIN","ASK WHERE { <http://www.example.com/genealogy.owl#FruttiDiMare_36> <http://www.w3.org/1999/02/22-rdf-syntax-ns#type> <http://www.example.com/genealogy.owl#Food> }","rdf:type","TRUE",3,3
"1hop-NamedPizza_FruttiDiMare_36_FruttiDiMare_36-FruttiDiMare_36-rdf:type-American-NEG-BIN","NamedPizza_FruttiDiMare_36",117,4,"Membership","BIN","ASK WHERE { <http://www.example.com/genealogy.owl#FruttiDiMare_36> <http://www.w3.org/1999/02/22-rdf-syntax-ns#type> <http://www.example.com/genealogy.owl#American> }","rdf:type","FALSE",3,3
"1hop-NamedPizza_FruttiDiMare_74_FruttiDiMare_74-FruttiDiMare_74-hasTopping-MC","NamedPizza_FruttiDiMare_74",117,4,"Property Assertion","MC","SELECT ?x WHERE { <http://www.example.com/genealogy.owl#FruttiDiMare_74> <http://www.example.com/genealogy.owl#hasTopping> ?x }","hasTopping","GarlicTopping_dynamic_1; MixedSeafoodTopping_dynamic_1; TomatoTopping_dynamic_1",1,1
"1hop-NamedPizza_FruttiDiMare_74_FruttiDiMare_74-FruttiDiMare_74-rdf:type-Food-BIN","NamedPizza_FruttiDiMare_74",117,4,"Membership","BIN","ASK WHERE { <http://www.example.com/genealogy.owl#FruttiDiMare_74> <http://www.w3.org/1999/02/22-rdf-syntax-ns#type> <http://www.example.com/genealogy.owl#Food> }","rdf:type","TRUE",3,3
"1hop-NamedPizza_FruttiDiMare_74_FruttiDiMare_74-FruttiDiMare_74-rdf:type-American-NEG-BIN","NamedPizza_FruttiDiMare_74",117,4,"Membership","BIN","ASK WHERE { <http://www.example.com/genealogy.owl#FruttiDiMare_74> <http://www.w3.org/1999/02/22-rdf-syntax-ns#type> <http://www.example.com/genealogy.owl#American> }","rdf:type","FALSE",3,3
"1hop-NamedPizza_FruttiDiMare_74_FruttiDiMare_74-FruttiDiMare_74-rdf:type-MC","NamedPizza_FruttiDiMare_74",117,4,"Membership","MC","SELECT ?x WHERE { <http://www.example.com/genealogy.owl#FruttiDiMare_74> <http://www.w3.org/1999/02/22-rdf-syntax-ns#type> ?x }","rdf:type","DomainConcept; Food; Pizza",3,3
"1hop-NamedPizza_FruttiDiMare_74_FruttiDiMare_74-FruttiDiMare_74-hasIngredient-GarlicTopping_dynamic_1-BIN","NamedPizza_FruttiDiMare_74",117,4,"Property Assertion","BIN","ASK WHERE { <http://www.example.com/genealogy.owl#FruttiDiMare_74> <http://www.example.com/genealogy.owl#hasIngredient> <http://www.example.com/genealogy.owl#GarlicTopping_dynamic_1> }","hasIngredient","TRUE",2,2
"1hop-NamedPizza_FruttiDiMare_74_FruttiDiMare_74-FruttiDiMare_74-hasIngredient-FruttiDiMare_74-NEG-BIN","NamedPizza_FruttiDiMare_74",117,4,"Property Assertion","BIN","ASK WHERE { <http://www.example.com/genealogy.owl#FruttiDiMare_74> <http://www.example.com/genealogy.owl#hasIngredient> <http://www.example.com/genealogy.owl#FruttiDiMare_74> }","hasIngredient","FALSE",2,2
"1hop-NamedPizza_FruttiDiMare_74_FruttiDiMare_74-FruttiDiMare_74-hasIngredient-MC","NamedPizza_FruttiDiMare_74",117,4,"Property Assertion","MC","SELECT ?x WHERE { <http://www.example.com/genealogy.owl#FruttiDiMare_74> <http://www.example.com/genealogy.owl#hasIngredient> ?x }","hasIngredient","GarlicTopping_dynamic_1; MixedSeafoodTopping_dynamic_1; TomatoTopping_dynamic_1",2,2
"1hop-NamedPizza_FruttiDiMare_74_FruttiDiMare_74-FruttiDiMare_74-hasTopping-GarlicTopping_dynamic_1-BIN","NamedPizza_FruttiDiMare_74",117,4,"Property Assertion","BIN","ASK WHERE { <http://www.example.com/genealogy.owl#FruttiDiMare_74> <http://www.example.com/genealogy.owl#hasTopping> <http://www.example.com/genealogy.owl#GarlicTopping_dynamic_1> }","hasTopping","TRUE",1,1
"1hop-NamedPizza_FruttiDiMare_74_FruttiDiMare_74-FruttiDiMare_74-hasTopping-FruttiDiMare_74-NEG-BIN","NamedPizza_FruttiDiMare_74",117,4,"Property Assertion","BIN","ASK WHERE { <http://www.example.com/genealogy.owl#FruttiDiMare_74> <http://www.example.com/genealogy.owl#hasTopping> <http://www.example.com/genealogy.owl#FruttiDiMare_74> }","hasTopping","FALSE",1,1
"1hop-NamedPizza_FruttiDiMare_75_FruttiDiMare_75-FruttiDiMare_75-rdf:type-MC","NamedPizza_FruttiDiMare_75",117,4,"Membership","MC","SELECT ?x WHERE { <http://www.example.com/genealogy.owl#FruttiDiMare_75> <http://www.w3.org/1999/02/22-rdf-syntax-ns#type> ?x }","rdf:type","DomainConcept; Food; Pizza",2,2
"1hop-NamedPizza_FruttiDiMare_75_FruttiDiMare_75-FruttiDiMare_75-hasIngredient-MC","NamedPizza_FruttiDiMare_75",117,4,"Property Assertion","MC","SELECT ?x WHERE { <http://www.example.com/genealogy.owl#FruttiDiMare_75> <http://www.example.com/genealogy.owl#hasIngredient> ?x }","hasIngredient","GarlicTopping_dynamic_1; MixedSeafoodTopping_dynamic_1; TomatoTopping_dynamic_1",2,2
"1hop-NamedPizza_FruttiDiMare_75_FruttiDiMare_75-FruttiDiMare_75-hasTopping-MC","NamedPizza_FruttiDiMare_75",117,4,"Property Assertion","MC","SELECT ?x WHERE { <http://www.example.com/genealogy.owl#FruttiDiMare_75> <http://www.example.com/genealogy.owl#hasTopping> ?x }","hasTopping","GarlicTopping_dynamic_1; MixedSeafoodTopping_dynamic_1; TomatoTopping_dynamic_1",1,1
"1hop-NamedPizza_FruttiDiMare_75_FruttiDiMare_75-FruttiDiMare_75-hasIngredient-GarlicTopping_dynamic_1-BIN","NamedPizza_FruttiDiMare_75",117,4,"Property Assertion","BIN","ASK WHERE { <http://www.example.com/genealogy.owl#FruttiDiMare_75> <http://www.example.com/genealogy.owl#hasIngredient> <http://www.example.com/genealogy.owl#GarlicTopping_dynamic_1> }","hasIngredient","TRUE",2,2
"1hop-NamedPizza_FruttiDiMare_75_FruttiDiMare_75-FruttiDiMare_75-hasIngredient-FruttiDiMare_75-NEG-BIN","NamedPizza_FruttiDiMare_75",117,4,"Property Assertion","BIN","ASK WHERE { <http://www.example.com/genealogy.owl#FruttiDiMare_75> <http://www.example.com/genealogy.owl#hasIngredient> <http://www.example.com/genealogy.owl#FruttiDiMare_75> }","hasIngredient","FALSE",2,2
"1hop-NamedPizza_FruttiDiMare_75_FruttiDiMare_75-FruttiDiMare_75-hasTopping-GarlicTopping_dynamic_1-BIN","NamedPizza_FruttiDiMare_75",117,4,"Property Assertion","BIN","ASK WHERE { <http://www.example.com/genealogy.owl#FruttiDiMare_75> <http://www.example.com/genealogy.owl#hasTopping> <http://www.example.com/genealogy.owl#GarlicTopping_dynamic_1> }","hasTopping","TRUE",1,1
"1hop-NamedPizza_FruttiDiMare_75_FruttiDiMare_75-FruttiDiMare_75-hasTopping-FruttiDiMare_75-NEG-BIN","NamedPizza_FruttiDiMare_75",117,4,"Property Assertion","BIN","ASK WHERE { <http://www.example.com/genealogy.owl#FruttiDiMare_75> <http://www.example.com/genealogy.owl#hasTopping> <http://www.example.com/genealogy.owl#FruttiDiMare_75> }","hasTopping","FALSE",1,1
"1hop-NamedPizza_FruttiDiMare_75_FruttiDiMare_75-FruttiDiMare_75-rdf:type-Food-BIN","NamedPizza_FruttiDiMare_75",117,4,"Membership","BIN","ASK WHERE { <http://www.example.com/genealogy.owl#FruttiDiMare_75> <http://www.w3.org/1999/02/22-rdf-syntax-ns#type> <http://www.example.com/genealogy.owl#Food> }","rdf:type","TRUE",3,3
"1hop-NamedPizza_FruttiDiMare_75_FruttiDiMare_75-FruttiDiMare_75-rdf:type-American-NEG-BIN","NamedPizza_FruttiDiMare_75",117,4,"Membership","BIN","ASK WHERE { <http://www.example.com/genealogy.owl#FruttiDiMare_75> <http://www.w3.org/1999/02/22-rdf-syntax-ns#type> <http://www.example.com/genealogy.owl#American> }","rdf:type","FALSE",3,3
"1hop-NamedPizza_FruttiDiMare_93_FruttiDiMare_93-FruttiDiMare_93-rdf:type-MC","NamedPizza_FruttiDiMare_93",117,4,"Membership","MC","SELECT ?x WHERE { <http://www.example.com/genealogy.owl#FruttiDiMare_93> <http://www.w3.org/1999/02/22-rdf-syntax-ns#type> ?x }","rdf:type","DomainConcept; Food; Pizza",4,4
"1hop-NamedPizza_FruttiDiMare_93_FruttiDiMare_93-FruttiDiMare_93-hasTopping-MC","NamedPizza_FruttiDiMare_93",117,4,"Property Assertion","MC","SELECT ?x WHERE { <http://www.example.com/genealogy.owl#FruttiDiMare_93> <http://www.example.com/genealogy.owl#hasTopping> ?x }","hasTopping","GarlicTopping_dynamic_1; MixedSeafoodTopping_dynamic_1; TomatoTopping_dynamic_1",1,1
"1hop-NamedPizza_FruttiDiMare_93_FruttiDiMare_93-FruttiDiMare_93-rdf:type-Food-BIN","NamedPizza_FruttiDiMare_93",117,4,"Membership","BIN","ASK WHERE { <http://www.example.com/genealogy.owl#FruttiDiMare_93> <http://www.w3.org/1999/02/22-rdf-syntax-ns#type> <http://www.example.com/genealogy.owl#Food> }","rdf:type","TRUE",3,3
"1hop-NamedPizza_FruttiDiMare_93_FruttiDiMare_93-FruttiDiMare_93-rdf:type-American-NEG-BIN","NamedPizza_FruttiDiMare_93",117,4,"Membership","BIN","ASK WHERE { <http://www.example.com/genealogy.owl#FruttiDiMare_93> <http://www.w3.org/1999/02/22-rdf-syntax-ns#type> <http://www.example.com/genealogy.owl#American> }","rdf:type","FALSE",3,3
"1hop-NamedPizza_FruttiDiMare_93_FruttiDiMare_93-FruttiDiMare_93-hasIngredient-GarlicTopping_dynamic_1-BIN","NamedPizza_FruttiDiMare_93",117,4,"Property Assertion","BIN","ASK WHERE { <http://www.example.com/genealogy.owl#FruttiDiMare_93> <http://www.example.com/genealogy.owl#hasIngredient> <http://www.example.com/genealogy.owl#GarlicTopping_dynamic_1> }","hasIngredient","TRUE",2,2
"1hop-NamedPizza_FruttiDiMare_93_FruttiDiMare_93-FruttiDiMare_93-hasIngredient-FruttiDiMare_93-NEG-BIN","NamedPizza_FruttiDiMare_93",117,4,"Property Assertion","BIN","ASK WHERE { <http://www.example.com/genealogy.owl#FruttiDiMare_93> <http://www.example.com/genealogy.owl#hasIngredient> <http://www.example.com/genealogy.owl#FruttiDiMare_93> }","hasIngredient","FALSE",2,2
"1hop-NamedPizza_FruttiDiMare_93_FruttiDiMare_93-FruttiDiMare_93-hasIngredient-MC","NamedPizza_FruttiDiMare_93",117,4,"Property Assertion","MC","SELECT ?x WHERE { <http://www.example.com/genealogy.owl#FruttiDiMare_93> <http://www.example.com/genealogy.owl#hasIngredient> ?x }","hasIngredient","GarlicTopping_dynamic_1; MixedSeafoodTopping_dynamic_1; TomatoTopping_dynamic_1",2,2
"1hop-NamedPizza_FruttiDiMare_93_FruttiDiMare_93-FruttiDiMare_93-hasTopping-GarlicTopping_dynamic_1-BIN","NamedPizza_FruttiDiMare_93",117,4,"Property Assertion","BIN","ASK WHERE { <http://www.example.com/genealogy.owl#FruttiDiMare_93> <http://www.example.com/genealogy.owl#hasTopping> <http://www.example.com/genealogy.owl#GarlicTopping_dynamic_1> }","hasTopping","TRUE",1,1
"1hop-NamedPizza_FruttiDiMare_93_FruttiDiMare_93-FruttiDiMare_93-hasTopping-FruttiDiMare_93-NEG-BIN","NamedPizza_FruttiDiMare_93",117,4,"Property Assertion","BIN","ASK WHERE { <http://www.example.com/genealogy.owl#FruttiDiMare_93> <http://www.example.com/genealogy.owl#hasTopping> <http://www.example.com/genealogy.owl#FruttiDiMare_93> }","hasTopping","FALSE",1,1
"1hop-NamedPizza_FruttiDiMare_96_FruttiDiMare_96-FruttiDiMare_96-rdf:type-MC","NamedPizza_FruttiDiMare_96",117,4,"Membership","MC","SELECT ?x WHERE { <http://www.example.com/genealogy.owl#FruttiDiMare_96> <http://www.w3.org/1999/02/22-rdf-syntax-ns#type> ?x }","rdf:type","DomainConcept; Food; Pizza",2,2
"1hop-NamedPizza_FruttiDiMare_96_FruttiDiMare_96-FruttiDiMare_96-hasTopping-MC","NamedPizza_FruttiDiMare_96",117,4,"Property Assertion","MC","SELECT ?x WHERE { <http://www.example.com/genealogy.owl#FruttiDiMare_96> <http://www.example.com/genealogy.owl#hasTopping> ?x }","hasTopping","GarlicTopping_dynamic_1; MixedSeafoodTopping_dynamic_1; TomatoTopping_dynamic_1",1,1
"1hop-NamedPizza_FruttiDiMare_96_FruttiDiMare_96-FruttiDiMare_96-hasIngredient-MC","NamedPizza_FruttiDiMare_96",117,4,"Property Assertion","MC","SELECT ?x WHERE { <http://www.example.com/genealogy.owl#FruttiDiMare_96> <http://www.example.com/genealogy.owl#hasIngredient> ?x }","hasIngredient","GarlicTopping_dynamic_1; MixedSeafoodTopping_dynamic_1; TomatoTopping_dynamic_1",2,2
"1hop-NamedPizza_FruttiDiMare_96_FruttiDiMare_96-FruttiDiMare_96-hasIngredient-GarlicTopping_dynamic_1-BIN","NamedPizza_FruttiDiMare_96",117,4,"Property Assertion","BIN","ASK WHERE { <http://www.example.com/genealogy.owl#FruttiDiMare_96> <http://www.example.com/genealogy.owl#hasIngredient> <http://www.example.com/genealogy.owl#GarlicTopping_dynamic_1> }","hasIngredient","TRUE",2,2
"1hop-NamedPizza_FruttiDiMare_96_FruttiDiMare_96-FruttiDiMare_96-hasIngredient-FruttiDiMare_96-NEG-BIN","NamedPizza_FruttiDiMare_96",117,4,"Property Assertion","BIN","ASK WHERE { <http://www.example.com/genealogy.owl#FruttiDiMare_96> <http://www.example.com/genealogy.owl#hasIngredient> <http://www.example.com/genealogy.owl#FruttiDiMare_96> }","hasIngredient","FALSE",2,2
"1hop-NamedPizza_FruttiDiMare_96_FruttiDiMare_96-FruttiDiMare_96-hasTopping-GarlicTopping_dynamic_1-BIN","NamedPizza_FruttiDiMare_96",117,4,"Property Assertion","BIN","ASK WHERE { <http://www.example.com/genealogy.owl#FruttiDiMare_96> <http://www.example.com/genealogy.owl#hasTopping> <http://www.example.com/genealogy.owl#GarlicTopping_dynamic_1> }","hasTopping","TRUE",1,1
"1hop-NamedPizza_FruttiDiMare_96_FruttiDiMare_96-FruttiDiMare_96-hasTopping-FruttiDiMare_96-NEG-BIN","NamedPizza_FruttiDiMare_96",117,4,"Property Assertion","BIN","ASK WHERE { <http://www.example.com/genealogy.owl#FruttiDiMare_96> <http://www.example.com/genealogy.owl#hasTopping> <http://www.example.com/genealogy.owl#FruttiDiMare_96> }","hasTopping","FALSE",1,1
"1hop-NamedPizza_FruttiDiMare_96_FruttiDiMare_96-FruttiDiMare_96-rdf:type-Food-BIN","NamedPizza_FruttiDiMare_96",117,4,"Membership","BIN","ASK WHERE { <http://www.example.com/genealogy.owl#FruttiDiMare_96> <http://www.w3.org/1999/02/22-rdf-syntax-ns#type> <http://www.example.com/genealogy.owl#Food> }","rdf:type","TRUE",3,3
"1hop-NamedPizza_FruttiDiMare_96_FruttiDiMare_96-FruttiDiMare_96-rdf:type-American-NEG-BIN","NamedPizza_FruttiDiMare_96",117,4,"Membership","BIN","ASK WHERE { <http://www.example.com/genealogy.owl#FruttiDiMare_96> <http://www.w3.org/1999/02/22-rdf-syntax-ns#type> <http://www.example.com/genealogy.owl#American> }","rdf:type","FALSE",3,3
"1hop-NamedPizza_Giardiniera_17_Giardiniera_17-Giardiniera_17-hasIngredient-MC","NamedPizza_Giardiniera_17",117,9,"Property Assertion","MC","SELECT ?x WHERE { <http://www.example.com/genealogy.owl#Giardiniera_17> <http://www.example.com/genealogy.owl#hasIngredient> ?x }","hasIngredient","LeekTopping_dynamic_1; MozzarellaTopping_dynamic_1; MushroomTopping_dynamic_1; OliveTopping_dynamic_1; PeperonataTopping_dynamic_1; PetitPoisTopping_dynamic_1; SlicedTomatoTopping_dynamic_1; TomatoTopping_dynamic_1",2,2
"1hop-NamedPizza_Giardiniera_17_Giardiniera_17-Giardiniera_17-hasTopping-MC","NamedPizza_Giardiniera_17",117,9,"Property Assertion","MC","SELECT ?x WHERE { <http://www.example.com/genealogy.owl#Giardiniera_17> <http://www.example.com/genealogy.owl#hasTopping> ?x }","hasTopping","LeekTopping_dynamic_1; MozzarellaTopping_dynamic_1; MushroomTopping_dynamic_1; OliveTopping_dynamic_1; PeperonataTopping_dynamic_1; PetitPoisTopping_dynamic_1; SlicedTomatoTopping_dynamic_1; TomatoTopping_dynamic_1",1,1
"1hop-NamedPizza_Giardiniera_17_Giardiniera_17-Giardiniera_17-rdf:type-MC","NamedPizza_Giardiniera_17",117,9,"Membership","MC","SELECT ?x WHERE { <http://www.example.com/genealogy.owl#Giardiniera_17> <http://www.w3.org/1999/02/22-rdf-syntax-ns#type> ?x }","rdf:type","DomainConcept; Food; Pizza",2,2
"1hop-NamedPizza_Giardiniera_17_Giardiniera_17-Giardiniera_17-hasTopping-LeekTopping_dynamic_1-BIN","NamedPizza_Giardiniera_17",117,9,"Property Assertion","BIN","ASK WHERE { <http://www.example.com/genealogy.owl#Giardiniera_17> <http://www.example.com/genealogy.owl#hasTopping> <http://www.example.com/genealogy.owl#LeekTopping_dynamic_1> }","hasTopping","TRUE",1,1
"1hop-NamedPizza_Giardiniera_17_Giardiniera_17-Giardiniera_17-hasTopping-Giardiniera_17-NEG-BIN","NamedPizza_Giardiniera_17",117,9,"Property Assertion","BIN","ASK WHERE { <http://www.example.com/genealogy.owl#Giardiniera_17> <http://www.example.com/genealogy.owl#hasTopping> <http://www.example.com/genealogy.owl#Giardiniera_17> }","hasTopping","FALSE",1,1
"1hop-NamedPizza_Giardiniera_17_Giardiniera_17-Giardiniera_17-hasIngredient-LeekTopping_dynamic_1-BIN","NamedPizza_Giardiniera_17",117,9,"Property Assertion","BIN","ASK WHERE { <http://www.example.com/genealogy.owl#Giardiniera_17> <http://www.example.com/genealogy.owl#hasIngredient> <http://www.example.com/genealogy.owl#LeekTopping_dynamic_1> }","hasIngredient","TRUE",2,2
"1hop-NamedPizza_Giardiniera_17_Giardiniera_17-Giardiniera_17-hasIngredient-Giardiniera_17-NEG-BIN","NamedPizza_Giardiniera_17",117,9,"Property Assertion","BIN","ASK WHERE { <http://www.example.com/genealogy.owl#Giardiniera_17> <http://www.example.com/genealogy.owl#hasIngredient> <http://www.example.com/genealogy.owl#Giardiniera_17> }","hasIngredient","FALSE",2,2
"1hop-NamedPizza_Giardiniera_17_Giardiniera_17-Giardiniera_17-rdf:type-Food-BIN","NamedPizza_Giardiniera_17",117,9,"Membership","BIN","ASK WHERE { <http://www.example.com/genealogy.owl#Giardiniera_17> <http://www.w3.org/1999/02/22-rdf-syntax-ns#type> <http://www.example.com/genealogy.owl#Food> }","rdf:type","TRUE",3,3
"1hop-NamedPizza_Giardiniera_17_Giardiniera_17-Giardiniera_17-rdf:type-American-NEG-BIN","NamedPizza_Giardiniera_17",117,9,"Membership","BIN","ASK WHERE { <http://www.example.com/genealogy.owl#Giardiniera_17> <http://www.w3.org/1999/02/22-rdf-syntax-ns#type> <http://www.example.com/genealogy.owl#American> }","rdf:type","FALSE",3,3
"1hop-NamedPizza_Giardiniera_19_Giardiniera_19-Giardiniera_19-hasIngredient-MC","NamedPizza_Giardiniera_19",117,9,"Property Assertion","MC","SELECT ?x WHERE { <http://www.example.com/genealogy.owl#Giardiniera_19> <http://www.example.com/genealogy.owl#hasIngredient> ?x }","hasIngredient","LeekTopping_dynamic_1; MozzarellaTopping_dynamic_1; MushroomTopping_dynamic_1; OliveTopping_dynamic_1; PeperonataTopping_dynamic_1; PetitPoisTopping_dynamic_1; SlicedTomatoTopping_dynamic_1; TomatoTopping_dynamic_1",2,2
"1hop-NamedPizza_Giardiniera_19_Giardiniera_19-Giardiniera_19-hasTopping-LeekTopping_dynamic_1-BIN","NamedPizza_Giardiniera_19",117,9,"Property Assertion","BIN","ASK WHERE { <http://www.example.com/genealogy.owl#Giardiniera_19> <http://www.example.com/genealogy.owl#hasTopping> <http://www.example.com/genealogy.owl#LeekTopping_dynamic_1> }","hasTopping","TRUE",1,1
"1hop-NamedPizza_Giardiniera_19_Giardiniera_19-Giardiniera_19-hasTopping-Giardiniera_19-NEG-BIN","NamedPizza_Giardiniera_19",117,9,"Property Assertion","BIN","ASK WHERE { <http://www.example.com/genealogy.owl#Giardiniera_19> <http://www.example.com/genealogy.owl#hasTopping> <http://www.example.com/genealogy.owl#Giardiniera_19> }","hasTopping","FALSE",1,1
"1hop-NamedPizza_Giardiniera_19_Giardiniera_19-Giardiniera_19-hasTopping-MC","NamedPizza_Giardiniera_19",117,9,"Property Assertion","MC","SELECT ?x WHERE { <http://www.example.com/genealogy.owl#Giardiniera_19> <http://www.example.com/genealogy.owl#hasTopping> ?x }","hasTopping","LeekTopping_dynamic_1; MozzarellaTopping_dynamic_1; MushroomTopping_dynamic_1; OliveTopping_dynamic_1; PeperonataTopping_dynamic_1; PetitPoisTopping_dynamic_1; SlicedTomatoTopping_dynamic_1; TomatoTopping_dynamic_1",1,1
"1hop-NamedPizza_Giardiniera_19_Giardiniera_19-Giardiniera_19-rdf:type-MC","NamedPizza_Giardiniera_19",117,9,"Membership","MC","SELECT ?x WHERE { <http://www.example.com/genealogy.owl#Giardiniera_19> <http://www.w3.org/1999/02/22-rdf-syntax-ns#type> ?x }","rdf:type","DomainConcept; Food; Pizza",2,2
"1hop-NamedPizza_Giardiniera_19_Giardiniera_19-Giardiniera_19-rdf:type-Food-BIN","NamedPizza_Giardiniera_19",117,9,"Membership","BIN","ASK WHERE { <http://www.example.com/genealogy.owl#Giardiniera_19> <http://www.w3.org/1999/02/22-rdf-syntax-ns#type> <http://www.example.com/genealogy.owl#Food> }","rdf:type","TRUE",3,3
"1hop-NamedPizza_Giardiniera_19_Giardiniera_19-Giardiniera_19-rdf:type-American-NEG-BIN","NamedPizza_Giardiniera_19",117,9,"Membership","BIN","ASK WHERE { <http://www.example.com/genealogy.owl#Giardiniera_19> <http://www.w3.org/1999/02/22-rdf-syntax-ns#type> <http://www.example.com/genealogy.owl#American> }","rdf:type","FALSE",3,3
"1hop-NamedPizza_Giardiniera_19_Giardiniera_19-Giardiniera_19-hasIngredient-LeekTopping_dynamic_1-BIN","NamedPizza_Giardiniera_19",117,9,"Property Assertion","BIN","ASK WHERE { <http://www.example.com/genealogy.owl#Giardiniera_19> <http://www.example.com/genealogy.owl#hasIngredient> <http://www.example.com/genealogy.owl#LeekTopping_dynamic_1> }","hasIngredient","TRUE",2,2
"1hop-NamedPizza_Giardiniera_19_Giardiniera_19-Giardiniera_19-hasIngredient-Giardiniera_19-NEG-BIN","NamedPizza_Giardiniera_19",117,9,"Property Assertion","BIN","ASK WHERE { <http://www.example.com/genealogy.owl#Giardiniera_19> <http://www.example.com/genealogy.owl#hasIngredient> <http://www.example.com/genealogy.owl#Giardiniera_19> }","hasIngredient","FALSE",2,2
"1hop-NamedPizza_Giardiniera_56_Giardiniera_56-Giardiniera_56-hasIngredient-MC","NamedPizza_Giardiniera_56",117,9,"Property Assertion","MC","SELECT ?x WHERE { <http://www.example.com/genealogy.owl#Giardiniera_56> <http://www.example.com/genealogy.owl#hasIngredient> ?x }","hasIngredient","LeekTopping_dynamic_1; MozzarellaTopping_dynamic_1; MushroomTopping_dynamic_1; OliveTopping_dynamic_1; PeperonataTopping_dynamic_1; PetitPoisTopping_dynamic_1; SlicedTomatoTopping_dynamic_1; TomatoTopping_dynamic_1",2,2
"1hop-NamedPizza_Giardiniera_56_Giardiniera_56-Giardiniera_56-hasTopping-LeekTopping_dynamic_1-BIN","NamedPizza_Giardiniera_56",117,9,"Property Assertion","BIN","ASK WHERE { <http://www.example.com/genealogy.owl#Giardiniera_56> <http://www.example.com/genealogy.owl#hasTopping> <http://www.example.com/genealogy.owl#LeekTopping_dynamic_1> }","hasTopping","TRUE",1,1
"1hop-NamedPizza_Giardiniera_56_Giardiniera_56-Giardiniera_56-hasTopping-Giardiniera_56-NEG-BIN","NamedPizza_Giardiniera_56",117,9,"Property Assertion","BIN","ASK WHERE { <http://www.example.com/genealogy.owl#Giardiniera_56> <http://www.example.com/genealogy.owl#hasTopping> <http://www.example.com/genealogy.owl#Giardiniera_56> }","hasTopping","FALSE",1,1
"1hop-NamedPizza_Giardiniera_56_Giardiniera_56-Giardiniera_56-hasTopping-MC","NamedPizza_Giardiniera_56",117,9,"Property Assertion","MC","SELECT ?x WHERE { <http://www.example.com/genealogy.owl#Giardiniera_56> <http://www.example.com/genealogy.owl#hasTopping> ?x }","hasTopping","LeekTopping_dynamic_1; MozzarellaTopping_dynamic_1; MushroomTopping_dynamic_1; OliveTopping_dynamic_1; PeperonataTopping_dynamic_1; PetitPoisTopping_dynamic_1; SlicedTomatoTopping_dynamic_1; TomatoTopping_dynamic_1",1,1
"1hop-NamedPizza_Giardiniera_56_Giardiniera_56-Giardiniera_56-hasIngredient-LeekTopping_dynamic_1-BIN","NamedPizza_Giardiniera_56",117,9,"Property Assertion","BIN","ASK WHERE { <http://www.example.com/genealogy.owl#Giardiniera_56> <http://www.example.com/genealogy.owl#hasIngredient> <http://www.example.com/genealogy.owl#LeekTopping_dynamic_1> }","hasIngredient","TRUE",2,2
"1hop-NamedPizza_Giardiniera_56_Giardiniera_56-Giardiniera_56-hasIngredient-Giardiniera_56-NEG-BIN","NamedPizza_Giardiniera_56",117,9,"Property Assertion","BIN","ASK WHERE { <http://www.example.com/genealogy.owl#Giardiniera_56> <http://www.example.com/genealogy.owl#hasIngredient> <http://www.example.com/genealogy.owl#Giardiniera_56> }","hasIngredient","FALSE",2,2
"1hop-NamedPizza_Giardiniera_56_Giardiniera_56-Giardiniera_56-rdf:type-MC","NamedPizza_Giardiniera_56",117,9,"Membership","MC","SELECT ?x WHERE { <http://www.example.com/genealogy.owl#Giardiniera_56> <http://www.w3.org/1999/02/22-rdf-syntax-ns#type> ?x }","rdf:type","DomainConcept; Food; Pizza",4,4
"1hop-NamedPizza_Giardiniera_56_Giardiniera_56-Giardiniera_56-rdf:type-Food-BIN","NamedPizza_Giardiniera_56",117,9,"Membership","BIN","ASK WHERE { <http://www.example.com/genealogy.owl#Giardiniera_56> <http://www.w3.org/1999/02/22-rdf-syntax-ns#type> <http://www.example.com/genealogy.owl#Food> }","rdf:type","TRUE",3,3
"1hop-NamedPizza_Giardiniera_56_Giardiniera_56-Giardiniera_56-rdf:type-American-NEG-BIN","NamedPizza_Giardiniera_56",117,9,"Membership","BIN","ASK WHERE { <http://www.example.com/genealogy.owl#Giardiniera_56> <http://www.w3.org/1999/02/22-rdf-syntax-ns#type> <http://www.example.com/genealogy.owl#American> }","rdf:type","FALSE",3,3
"1hop-NamedPizza_Giardiniera_79_Giardiniera_79-Giardiniera_79-hasIngredient-MC","NamedPizza_Giardiniera_79",117,9,"Property Assertion","MC","SELECT ?x WHERE { <http://www.example.com/genealogy.owl#Giardiniera_79> <http://www.example.com/genealogy.owl#hasIngredient> ?x }","hasIngredient","LeekTopping_dynamic_1; MozzarellaTopping_dynamic_1; MushroomTopping_dynamic_1; OliveTopping_dynamic_1; PeperonataTopping_dynamic_1; PetitPoisTopping_dynamic_1; SlicedTomatoTopping_dynamic_1; TomatoTopping_dynamic_1",2,2
"1hop-NamedPizza_Giardiniera_79_Giardiniera_79-Giardiniera_79-hasTopping-MC","NamedPizza_Giardiniera_79",117,9,"Property Assertion","MC","SELECT ?x WHERE { <http://www.example.com/genealogy.owl#Giardiniera_79> <http://www.example.com/genealogy.owl#hasTopping> ?x }","hasTopping","LeekTopping_dynamic_1; MozzarellaTopping_dynamic_1; MushroomTopping_dynamic_1; OliveTopping_dynamic_1; PeperonataTopping_dynamic_1; PetitPoisTopping_dynamic_1; SlicedTomatoTopping_dynamic_1; TomatoTopping_dynamic_1",1,1
"1hop-NamedPizza_Giardiniera_79_Giardiniera_79-Giardiniera_79-rdf:type-Food-BIN","NamedPizza_Giardiniera_79",117,9,"Membership","BIN","ASK WHERE { <http://www.example.com/genealogy.owl#Giardiniera_79> <http://www.w3.org/1999/02/22-rdf-syntax-ns#type> <http://www.example.com/genealogy.owl#Food> }","rdf:type","TRUE",3,3
"1hop-NamedPizza_Giardiniera_79_Giardiniera_79-Giardiniera_79-rdf:type-American-NEG-BIN","NamedPizza_Giardiniera_79",117,9,"Membership","BIN","ASK WHERE { <http://www.example.com/genealogy.owl#Giardiniera_79> <http://www.w3.org/1999/02/22-rdf-syntax-ns#type> <http://www.example.com/genealogy.owl#American> }","rdf:type","FALSE",3,3
"1hop-NamedPizza_Giardiniera_79_Giardiniera_79-Giardiniera_79-rdf:type-MC","NamedPizza_Giardiniera_79",117,9,"Membership","MC","SELECT ?x WHERE { <http://www.example.com/genealogy.owl#Giardiniera_79> <http://www.w3.org/1999/02/22-rdf-syntax-ns#type> ?x }","rdf:type","DomainConcept; Food; Pizza",3,3
"1hop-NamedPizza_Giardiniera_79_Giardiniera_79-Giardiniera_79-hasIngredient-LeekTopping_dynamic_1-BIN","NamedPizza_Giardiniera_79",117,9,"Property Assertion","BIN","ASK WHERE { <http://www.example.com/genealogy.owl#Giardiniera_79> <http://www.example.com/genealogy.owl#hasIngredient> <http://www.example.com/genealogy.owl#LeekTopping_dynamic_1> }","hasIngredient","TRUE",2,2
"1hop-NamedPizza_Giardiniera_79_Giardiniera_79-Giardiniera_79-hasIngredient-Giardiniera_79-NEG-BIN","NamedPizza_Giardiniera_79",117,9,"Property Assertion","BIN","ASK WHERE { <http://www.example.com/genealogy.owl#Giardiniera_79> <http://www.example.com/genealogy.owl#hasIngredient> <http://www.example.com/genealogy.owl#Giardiniera_79> }","hasIngredient","FALSE",2,2
"1hop-NamedPizza_Giardiniera_79_Giardiniera_79-Giardiniera_79-hasTopping-LeekTopping_dynamic_1-BIN","NamedPizza_Giardiniera_79",117,9,"Property Assertion","BIN","ASK WHERE { <http://www.example.com/genealogy.owl#Giardiniera_79> <http://www.example.com/genealogy.owl#hasTopping> <http://www.example.com/genealogy.owl#LeekTopping_dynamic_1> }","hasTopping","TRUE",1,1
"1hop-NamedPizza_Giardiniera_79_Giardiniera_79-Giardiniera_79-hasTopping-Giardiniera_79-NEG-BIN","NamedPizza_Giardiniera_79",117,9,"Property Assertion","BIN","ASK WHERE { <http://www.example.com/genealogy.owl#Giardiniera_79> <http://www.example.com/genealogy.owl#hasTopping> <http://www.example.com/genealogy.owl#Giardiniera_79> }","hasTopping","FALSE",1,1
"1hop-NamedPizza_Giardiniera_89_Giardiniera_89-Giardiniera_89-rdf:type-MC","NamedPizza_Giardiniera_89",117,9,"Membership","MC","SELECT ?x WHERE { <http://www.example.com/genealogy.owl#Giardiniera_89> <http://www.w3.org/1999/02/22-rdf-syntax-ns#type> ?x }","rdf:type","DomainConcept; Food; Pizza",2,2
"1hop-NamedPizza_Giardiniera_89_Giardiniera_89-Giardiniera_89-hasIngredient-LeekTopping_dynamic_1-BIN","NamedPizza_Giardiniera_89",117,9,"Property Assertion","BIN","ASK WHERE { <http://www.example.com/genealogy.owl#Giardiniera_89> <http://www.example.com/genealogy.owl#hasIngredient> <http://www.example.com/genealogy.owl#LeekTopping_dynamic_1> }","hasIngredient","TRUE",2,2
"1hop-NamedPizza_Giardiniera_89_Giardiniera_89-Giardiniera_89-hasIngredient-Giardiniera_89-NEG-BIN","NamedPizza_Giardiniera_89",117,9,"Property Assertion","BIN","ASK WHERE { <http://www.example.com/genealogy.owl#Giardiniera_89> <http://www.example.com/genealogy.owl#hasIngredient> <http://www.example.com/genealogy.owl#Giardiniera_89> }","hasIngredient","FALSE",2,2
"1hop-NamedPizza_Giardiniera_89_Giardiniera_89-Giardiniera_89-hasIngredient-MC","NamedPizza_Giardiniera_89",117,9,"Property Assertion","MC","SELECT ?x WHERE { <http://www.example.com/genealogy.owl#Giardiniera_89> <http://www.example.com/genealogy.owl#hasIngredient> ?x }","hasIngredient","LeekTopping_dynamic_1; MozzarellaTopping_dynamic_1; MushroomTopping_dynamic_1; OliveTopping_dynamic_1; PeperonataTopping_dynamic_1; PetitPoisTopping_dynamic_1; SlicedTomatoTopping_dynamic_1; TomatoTopping_dynamic_1",2,2
"1hop-NamedPizza_Giardiniera_89_Giardiniera_89-Giardiniera_89-hasTopping-MC","NamedPizza_Giardiniera_89",117,9,"Property Assertion","MC","SELECT ?x WHERE { <http://www.example.com/genealogy.owl#Giardiniera_89> <http://www.example.com/genealogy.owl#hasTopping> ?x }","hasTopping","LeekTopping_dynamic_1; MozzarellaTopping_dynamic_1; MushroomTopping_dynamic_1; OliveTopping_dynamic_1; PeperonataTopping_dynamic_1; PetitPoisTopping_dynamic_1; SlicedTomatoTopping_dynamic_1; TomatoTopping_dynamic_1",1,1
"1hop-NamedPizza_Giardiniera_89_Giardiniera_89-Giardiniera_89-rdf:type-Food-BIN","NamedPizza_Giardiniera_89",117,9,"Membership","BIN","ASK WHERE { <http://www.example.com/genealogy.owl#Giardiniera_89> <http://www.w3.org/1999/02/22-rdf-syntax-ns#type> <http://www.example.com/genealogy.owl#Food> }","rdf:type","TRUE",3,3
"1hop-NamedPizza_Giardiniera_89_Giardiniera_89-Giardiniera_89-rdf:type-American-NEG-BIN","NamedPizza_Giardiniera_89",117,9,"Membership","BIN","ASK WHERE { <http://www.example.com/genealogy.owl#Giardiniera_89> <http://www.w3.org/1999/02/22-rdf-syntax-ns#type> <http://www.example.com/genealogy.owl#American> }","rdf:type","FALSE",3,3
"1hop-NamedPizza_Giardiniera_89_Giardiniera_89-Giardiniera_89-hasTopping-LeekTopping_dynamic_1-BIN","NamedPizza_Giardiniera_89",117,9,"Property Assertion","BIN","ASK WHERE { <http://www.example.com/genealogy.owl#Giardiniera_89> <http://www.example.com/genealogy.owl#hasTopping> <http://www.example.com/genealogy.owl#LeekTopping_dynamic_1> }","hasTopping","TRUE",1,1
"1hop-NamedPizza_Giardiniera_89_Giardiniera_89-Giardiniera_89-hasTopping-Giardiniera_89-NEG-BIN","NamedPizza_Giardiniera_89",117,9,"Property Assertion","BIN","ASK WHERE { <http://www.example.com/genealogy.owl#Giardiniera_89> <http://www.example.com/genealogy.owl#hasTopping> <http://www.example.com/genealogy.owl#Giardiniera_89> }","hasTopping","FALSE",1,1
"1hop-NamedPizza_Giardiniera_92_Giardiniera_92-Giardiniera_92-hasIngredient-MC","NamedPizza_Giardiniera_92",117,9,"Property Assertion","MC","SELECT ?x WHERE { <http://www.example.com/genealogy.owl#Giardiniera_92> <http://www.example.com/genealogy.owl#hasIngredient> ?x }","hasIngredient","LeekTopping_dynamic_1; MozzarellaTopping_dynamic_1; MushroomTopping_dynamic_1; OliveTopping_dynamic_1; PeperonataTopping_dynamic_1; PetitPoisTopping_dynamic_1; SlicedTomatoTopping_dynamic_1; TomatoTopping_dynamic_1",2,2
"1hop-NamedPizza_Giardiniera_92_Giardiniera_92-Giardiniera_92-hasTopping-MC","NamedPizza_Giardiniera_92",117,9,"Property Assertion","MC","SELECT ?x WHERE { <http://www.example.com/genealogy.owl#Giardiniera_92> <http://www.example.com/genealogy.owl#hasTopping> ?x }","hasTopping","LeekTopping_dynamic_1; MozzarellaTopping_dynamic_1; MushroomTopping_dynamic_1; OliveTopping_dynamic_1; PeperonataTopping_dynamic_1; PetitPoisTopping_dynamic_1; SlicedTomatoTopping_dynamic_1; TomatoTopping_dynamic_1",1,1
"1hop-NamedPizza_Giardiniera_92_Giardiniera_92-Giardiniera_92-rdf:type-MC","NamedPizza_Giardiniera_92",117,9,"Membership","MC","SELECT ?x WHERE { <http://www.example.com/genealogy.owl#Giardiniera_92> <http://www.w3.org/1999/02/22-rdf-syntax-ns#type> ?x }","rdf:type","DomainConcept; Food; Pizza",4,4
"1hop-NamedPizza_Giardiniera_92_Giardiniera_92-Giardiniera_92-rdf:type-Food-BIN","NamedPizza_Giardiniera_92",117,9,"Membership","BIN","ASK WHERE { <http://www.example.com/genealogy.owl#Giardiniera_92> <http://www.w3.org/1999/02/22-rdf-syntax-ns#type> <http://www.example.com/genealogy.owl#Food> }","rdf:type","TRUE",3,3
"1hop-NamedPizza_Giardiniera_92_Giardiniera_92-Giardiniera_92-rdf:type-American-NEG-BIN","NamedPizza_Giardiniera_92",117,9,"Membership","BIN","ASK WHERE { <http://www.example.com/genealogy.owl#Giardiniera_92> <http://www.w3.org/1999/02/22-rdf-syntax-ns#type> <http://www.example.com/genealogy.owl#American> }","rdf:type","FALSE",3,3
"1hop-NamedPizza_Giardiniera_92_Giardiniera_92-Giardiniera_92-hasIngredient-LeekTopping_dynamic_1-BIN","NamedPizza_Giardiniera_92",117,9,"Property Assertion","BIN","ASK WHERE { <http://www.example.com/genealogy.owl#Giardiniera_92> <http://www.example.com/genealogy.owl#hasIngredient> <http://www.example.com/genealogy.owl#LeekTopping_dynamic_1> }","hasIngredient","TRUE",2,2
"1hop-NamedPizza_Giardiniera_92_Giardiniera_92-Giardiniera_92-hasIngredient-Giardiniera_92-NEG-BIN","NamedPizza_Giardiniera_92",117,9,"Property Assertion","BIN","ASK WHERE { <http://www.example.com/genealogy.owl#Giardiniera_92> <http://www.example.com/genealogy.owl#hasIngredient> <http://www.example.com/genealogy.owl#Giardiniera_92> }","hasIngredient","FALSE",2,2
"1hop-NamedPizza_Giardiniera_92_Giardiniera_92-Giardiniera_92-hasTopping-LeekTopping_dynamic_1-BIN","NamedPizza_Giardiniera_92",117,9,"Property Assertion","BIN","ASK WHERE { <http://www.example.com/genealogy.owl#Giardiniera_92> <http://www.example.com/genealogy.owl#hasTopping> <http://www.example.com/genealogy.owl#LeekTopping_dynamic_1> }","hasTopping","TRUE",1,1
"1hop-NamedPizza_Giardiniera_92_Giardiniera_92-Giardiniera_92-hasTopping-Giardiniera_92-NEG-BIN","NamedPizza_Giardiniera_92",117,9,"Property Assertion","BIN","ASK WHERE { <http://www.example.com/genealogy.owl#Giardiniera_92> <http://www.example.com/genealogy.owl#hasTopping> <http://www.example.com/genealogy.owl#Giardiniera_92> }","hasTopping","FALSE",1,1
"1hop-NamedPizza_LaReine_14_LaReine_14-LaReine_14-hasTopping-HamTopping_dynamic_1-BIN","NamedPizza_LaReine_14",117,6,"Property Assertion","BIN","ASK WHERE { <http://www.example.com/genealogy.owl#LaReine_14> <http://www.example.com/genealogy.owl#hasTopping> <http://www.example.com/genealogy.owl#HamTopping_dynamic_1> }","hasTopping","TRUE",1,1
"1hop-NamedPizza_LaReine_14_LaReine_14-LaReine_14-hasTopping-LaReine_14-NEG-BIN","NamedPizza_LaReine_14",117,6,"Property Assertion","BIN","ASK WHERE { <http://www.example.com/genealogy.owl#LaReine_14> <http://www.example.com/genealogy.owl#hasTopping> <http://www.example.com/genealogy.owl#LaReine_14> }","hasTopping","FALSE",1,1
"1hop-NamedPizza_LaReine_14_LaReine_14-LaReine_14-hasTopping-MC","NamedPizza_LaReine_14",117,6,"Property Assertion","MC","SELECT ?x WHERE { <http://www.example.com/genealogy.owl#LaReine_14> <http://www.example.com/genealogy.owl#hasTopping> ?x }","hasTopping","HamTopping_dynamic_1; MozzarellaTopping_dynamic_1; MushroomTopping_dynamic_1; OliveTopping_dynamic_1; TomatoTopping_dynamic_1",1,1
"1hop-NamedPizza_LaReine_14_LaReine_14-LaReine_14-rdf:type-MC","NamedPizza_LaReine_14",117,6,"Membership","MC","SELECT ?x WHERE { <http://www.example.com/genealogy.owl#LaReine_14> <http://www.w3.org/1999/02/22-rdf-syntax-ns#type> ?x }","rdf:type","DomainConcept; Food; Pizza",2,2
"1hop-NamedPizza_LaReine_14_LaReine_14-LaReine_14-rdf:type-Food-BIN","NamedPizza_LaReine_14",117,6,"Membership","BIN","ASK WHERE { <http://www.example.com/genealogy.owl#LaReine_14> <http://www.w3.org/1999/02/22-rdf-syntax-ns#type> <http://www.example.com/genealogy.owl#Food> }","rdf:type","TRUE",3,3
"1hop-NamedPizza_LaReine_14_LaReine_14-LaReine_14-rdf:type-American-NEG-BIN","NamedPizza_LaReine_14",117,6,"Membership","BIN","ASK WHERE { <http://www.example.com/genealogy.owl#LaReine_14> <http://www.w3.org/1999/02/22-rdf-syntax-ns#type> <http://www.example.com/genealogy.owl#American> }","rdf:type","FALSE",3,3
"1hop-NamedPizza_LaReine_14_LaReine_14-LaReine_14-hasIngredient-MC","NamedPizza_LaReine_14",117,6,"Property Assertion","MC","SELECT ?x WHERE { <http://www.example.com/genealogy.owl#LaReine_14> <http://www.example.com/genealogy.owl#hasIngredient> ?x }","hasIngredient","HamTopping_dynamic_1; MozzarellaTopping_dynamic_1; MushroomTopping_dynamic_1; OliveTopping_dynamic_1; TomatoTopping_dynamic_1",2,2
"1hop-NamedPizza_LaReine_14_LaReine_14-LaReine_14-hasIngredient-HamTopping_dynamic_1-BIN","NamedPizza_LaReine_14",117,6,"Property Assertion","BIN","ASK WHERE { <http://www.example.com/genealogy.owl#LaReine_14> <http://www.example.com/genealogy.owl#hasIngredient> <http://www.example.com/genealogy.owl#HamTopping_dynamic_1> }","hasIngredient","TRUE",2,2
"1hop-NamedPizza_LaReine_14_LaReine_14-LaReine_14-hasIngredient-LaReine_14-NEG-BIN","NamedPizza_LaReine_14",117,6,"Property Assertion","BIN","ASK WHERE { <http://www.example.com/genealogy.owl#LaReine_14> <http://www.example.com/genealogy.owl#hasIngredient> <http://www.example.com/genealogy.owl#LaReine_14> }","hasIngredient","FALSE",2,2
"1hop-NamedPizza_LaReine_16_LaReine_16-LaReine_16-hasTopping-MC","NamedPizza_LaReine_16",117,6,"Property Assertion","MC","SELECT ?x WHERE { <http://www.example.com/genealogy.owl#LaReine_16> <http://www.example.com/genealogy.owl#hasTopping> ?x }","hasTopping","HamTopping_dynamic_1; MozzarellaTopping_dynamic_1; MushroomTopping_dynamic_1; OliveTopping_dynamic_1; TomatoTopping_dynamic_1",1,1
"1hop-NamedPizza_LaReine_16_LaReine_16-LaReine_16-hasIngredient-MC","NamedPizza_LaReine_16",117,6,"Property Assertion","MC","SELECT ?x WHERE { <http://www.example.com/genealogy.owl#LaReine_16> <http://www.example.com/genealogy.owl#hasIngredient> ?x }","hasIngredient","HamTopping_dynamic_1; MozzarellaTopping_dynamic_1; MushroomTopping_dynamic_1; OliveTopping_dynamic_1; TomatoTopping_dynamic_1",2,2
"1hop-NamedPizza_LaReine_16_LaReine_16-LaReine_16-rdf:type-MC","NamedPizza_LaReine_16",117,6,"Membership","MC","SELECT ?x WHERE { <http://www.example.com/genealogy.owl#LaReine_16> <http://www.w3.org/1999/02/22-rdf-syntax-ns#type> ?x }","rdf:type","DomainConcept; Food; Pizza",2,2
"1hop-NamedPizza_LaReine_16_LaReine_16-LaReine_16-hasIngredient-HamTopping_dynamic_1-BIN","NamedPizza_LaReine_16",117,6,"Property Assertion","BIN","ASK WHERE { <http://www.example.com/genealogy.owl#LaReine_16> <http://www.example.com/genealogy.owl#hasIngredient> <http://www.example.com/genealogy.owl#HamTopping_dynamic_1> }","hasIngredient","TRUE",2,2
"1hop-NamedPizza_LaReine_16_LaReine_16-LaReine_16-hasIngredient-LaReine_16-NEG-BIN","NamedPizza_LaReine_16",117,6,"Property Assertion","BIN","ASK WHERE { <http://www.example.com/genealogy.owl#LaReine_16> <http://www.example.com/genealogy.owl#hasIngredient> <http://www.example.com/genealogy.owl#LaReine_16> }","hasIngredient","FALSE",2,2
"1hop-NamedPizza_LaReine_16_LaReine_16-LaReine_16-hasTopping-HamTopping_dynamic_1-BIN","NamedPizza_LaReine_16",117,6,"Property Assertion","BIN","ASK WHERE { <http://www.example.com/genealogy.owl#LaReine_16> <http://www.example.com/genealogy.owl#hasTopping> <http://www.example.com/genealogy.owl#HamTopping_dynamic_1> }","hasTopping","TRUE",1,1
"1hop-NamedPizza_LaReine_16_LaReine_16-LaReine_16-hasTopping-LaReine_16-NEG-BIN","NamedPizza_LaReine_16",117,6,"Property Assertion","BIN","ASK WHERE { <http://www.example.com/genealogy.owl#LaReine_16> <http://www.example.com/genealogy.owl#hasTopping> <http://www.example.com/genealogy.owl#LaReine_16> }","hasTopping","FALSE",1,1
"1hop-NamedPizza_LaReine_16_LaReine_16-LaReine_16-rdf:type-Food-BIN","NamedPizza_LaReine_16",117,6,"Membership","BIN","ASK WHERE { <http://www.example.com/genealogy.owl#LaReine_16> <http://www.w3.org/1999/02/22-rdf-syntax-ns#type> <http://www.example.com/genealogy.owl#Food> }","rdf:type","TRUE",3,3
"1hop-NamedPizza_LaReine_16_LaReine_16-LaReine_16-rdf:type-American-NEG-BIN","NamedPizza_LaReine_16",117,6,"Membership","BIN","ASK WHERE { <http://www.example.com/genealogy.owl#LaReine_16> <http://www.w3.org/1999/02/22-rdf-syntax-ns#type> <http://www.example.com/genealogy.owl#American> }","rdf:type","FALSE",3,3
"1hop-NamedPizza_LaReine_18_LaReine_18-LaReine_18-rdf:type-MC","NamedPizza_LaReine_18",117,6,"Membership","MC","SELECT ?x WHERE { <http://www.example.com/genealogy.owl#LaReine_18> <http://www.w3.org/1999/02/22-rdf-syntax-ns#type> ?x }","rdf:type","DomainConcept; Food; Pizza",2,2
"1hop-NamedPizza_LaReine_18_LaReine_18-LaReine_18-hasTopping-MC","NamedPizza_LaReine_18",117,6,"Property Assertion","MC","SELECT ?x WHERE { <http://www.example.com/genealogy.owl#LaReine_18> <http://www.example.com/genealogy.owl#hasTopping> ?x }","hasTopping","HamTopping_dynamic_1; MozzarellaTopping_dynamic_1; MushroomTopping_dynamic_1; OliveTopping_dynamic_1; TomatoTopping_dynamic_1",1,1
"1hop-NamedPizza_LaReine_18_LaReine_18-LaReine_18-hasIngredient-MC","NamedPizza_LaReine_18",117,6,"Property Assertion","MC","SELECT ?x WHERE { <http://www.example.com/genealogy.owl#LaReine_18> <http://www.example.com/genealogy.owl#hasIngredient> ?x }","hasIngredient","HamTopping_dynamic_1; MozzarellaTopping_dynamic_1; MushroomTopping_dynamic_1; OliveTopping_dynamic_1; TomatoTopping_dynamic_1",2,2
"1hop-NamedPizza_LaReine_18_LaReine_18-LaReine_18-hasTopping-HamTopping_dynamic_1-BIN","NamedPizza_LaReine_18",117,6,"Property Assertion","BIN","ASK WHERE { <http://www.example.com/genealogy.owl#LaReine_18> <http://www.example.com/genealogy.owl#hasTopping> <http://www.example.com/genealogy.owl#HamTopping_dynamic_1> }","hasTopping","TRUE",1,1
"1hop-NamedPizza_LaReine_18_LaReine_18-LaReine_18-hasTopping-LaReine_18-NEG-BIN","NamedPizza_LaReine_18",117,6,"Property Assertion","BIN","ASK WHERE { <http://www.example.com/genealogy.owl#LaReine_18> <http://www.example.com/genealogy.owl#hasTopping> <http://www.example.com/genealogy.owl#LaReine_18> }","hasTopping","FALSE",1,1
"1hop-NamedPizza_LaReine_18_LaReine_18-LaReine_18-hasIngredient-HamTopping_dynamic_1-BIN","NamedPizza_LaReine_18",117,6,"Property Assertion","BIN","ASK WHERE { <http://www.example.com/genealogy.owl#LaReine_18> <http://www.example.com/genealogy.owl#hasIngredient> <http://www.example.com/genealogy.owl#HamTopping_dynamic_1> }","hasIngredient","TRUE",2,2
"1hop-NamedPizza_LaReine_18_LaReine_18-LaReine_18-hasIngredient-LaReine_18-NEG-BIN","NamedPizza_LaReine_18",117,6,"Property Assertion","BIN","ASK WHERE { <http://www.example.com/genealogy.owl#LaReine_18> <http://www.example.com/genealogy.owl#hasIngredient> <http://www.example.com/genealogy.owl#LaReine_18> }","hasIngredient","FALSE",2,2
"1hop-NamedPizza_LaReine_18_LaReine_18-LaReine_18-rdf:type-Food-BIN","NamedPizza_LaReine_18",117,6,"Membership","BIN","ASK WHERE { <http://www.example.com/genealogy.owl#LaReine_18> <http://www.w3.org/1999/02/22-rdf-syntax-ns#type> <http://www.example.com/genealogy.owl#Food> }","rdf:type","TRUE",3,3
"1hop-NamedPizza_LaReine_18_LaReine_18-LaReine_18-rdf:type-American-NEG-BIN","NamedPizza_LaReine_18",117,6,"Membership","BIN","ASK WHERE { <http://www.example.com/genealogy.owl#LaReine_18> <http://www.w3.org/1999/02/22-rdf-syntax-ns#type> <http://www.example.com/genealogy.owl#American> }","rdf:type","FALSE",3,3
"1hop-NamedPizza_LaReine_58_LaReine_58-LaReine_58-hasTopping-MC","NamedPizza_LaReine_58",117,6,"Property Assertion","MC","SELECT ?x WHERE { <http://www.example.com/genealogy.owl#LaReine_58> <http://www.example.com/genealogy.owl#hasTopping> ?x }","hasTopping","HamTopping_dynamic_1; MozzarellaTopping_dynamic_1; MushroomTopping_dynamic_1; OliveTopping_dynamic_1; TomatoTopping_dynamic_1",1,1
"1hop-NamedPizza_LaReine_58_LaReine_58-LaReine_58-rdf:type-MC","NamedPizza_LaReine_58",117,6,"Membership","MC","SELECT ?x WHERE { <http://www.example.com/genealogy.owl#LaReine_58> <http://www.w3.org/1999/02/22-rdf-syntax-ns#type> ?x }","rdf:type","DomainConcept; Food; Pizza",4,4
"1hop-NamedPizza_LaReine_58_LaReine_58-LaReine_58-hasIngredient-MC","NamedPizza_LaReine_58",117,6,"Property Assertion","MC","SELECT ?x WHERE { <http://www.example.com/genealogy.owl#LaReine_58> <http://www.example.com/genealogy.owl#hasIngredient> ?x }","hasIngredient","HamTopping_dynamic_1; MozzarellaTopping_dynamic_1; MushroomTopping_dynamic_1; OliveTopping_dynamic_1; TomatoTopping_dynamic_1",2,2
"1hop-NamedPizza_LaReine_58_LaReine_58-LaReine_58-hasIngredient-HamTopping_dynamic_1-BIN","NamedPizza_LaReine_58",117,6,"Property Assertion","BIN","ASK WHERE { <http://www.example.com/genealogy.owl#LaReine_58> <http://www.example.com/genealogy.owl#hasIngredient> <http://www.example.com/genealogy.owl#HamTopping_dynamic_1> }","hasIngredient","TRUE",2,2
"1hop-NamedPizza_LaReine_58_LaReine_58-LaReine_58-hasIngredient-LaReine_58-NEG-BIN","NamedPizza_LaReine_58",117,6,"Property Assertion","BIN","ASK WHERE { <http://www.example.com/genealogy.owl#LaReine_58> <http://www.example.com/genealogy.owl#hasIngredient> <http://www.example.com/genealogy.owl#LaReine_58> }","hasIngredient","FALSE",2,2
"1hop-NamedPizza_LaReine_58_LaReine_58-LaReine_58-hasTopping-HamTopping_dynamic_1-BIN","NamedPizza_LaReine_58",117,6,"Property Assertion","BIN","ASK WHERE { <http://www.example.com/genealogy.owl#LaReine_58> <http://www.example.com/genealogy.owl#hasTopping> <http://www.example.com/genealogy.owl#HamTopping_dynamic_1> }","hasTopping","TRUE",1,1
"1hop-NamedPizza_LaReine_58_LaReine_58-LaReine_58-hasTopping-LaReine_58-NEG-BIN","NamedPizza_LaReine_58",117,6,"Property Assertion","BIN","ASK WHERE { <http://www.example.com/genealogy.owl#LaReine_58> <http://www.example.com/genealogy.owl#hasTopping> <http://www.example.com/genealogy.owl#LaReine_58> }","hasTopping","FALSE",1,1
"1hop-NamedPizza_LaReine_58_LaReine_58-LaReine_58-rdf:type-Food-BIN","NamedPizza_LaReine_58",117,6,"Membership","BIN","ASK WHERE { <http://www.example.com/genealogy.owl#LaReine_58> <http://www.w3.org/1999/02/22-rdf-syntax-ns#type> <http://www.example.com/genealogy.owl#Food> }","rdf:type","TRUE",3,3
"1hop-NamedPizza_LaReine_58_LaReine_58-LaReine_58-rdf:type-American-NEG-BIN","NamedPizza_LaReine_58",117,6,"Membership","BIN","ASK WHERE { <http://www.example.com/genealogy.owl#LaReine_58> <http://www.w3.org/1999/02/22-rdf-syntax-ns#type> <http://www.example.com/genealogy.owl#American> }","rdf:type","FALSE",3,3
"1hop-NamedPizza_LaReine_65_LaReine_65-LaReine_65-rdf:type-MC","NamedPizza_LaReine_65",117,6,"Membership","MC","SELECT ?x WHERE { <http://www.example.com/genealogy.owl#LaReine_65> <http://www.w3.org/1999/02/22-rdf-syntax-ns#type> ?x }","rdf:type","DomainConcept; Food; Pizza",4,4
"1hop-NamedPizza_LaReine_65_LaReine_65-LaReine_65-hasIngredient-HamTopping_dynamic_1-BIN","NamedPizza_LaReine_65",117,6,"Property Assertion","BIN","ASK WHERE { <http://www.example.com/genealogy.owl#LaReine_65> <http://www.example.com/genealogy.owl#hasIngredient> <http://www.example.com/genealogy.owl#HamTopping_dynamic_1> }","hasIngredient","TRUE",2,2
"1hop-NamedPizza_LaReine_65_LaReine_65-LaReine_65-hasIngredient-LaReine_65-NEG-BIN","NamedPizza_LaReine_65",117,6,"Property Assertion","BIN","ASK WHERE { <http://www.example.com/genealogy.owl#LaReine_65> <http://www.example.com/genealogy.owl#hasIngredient> <http://www.example.com/genealogy.owl#LaReine_65> }","hasIngredient","FALSE",2,2
"1hop-NamedPizza_LaReine_65_LaReine_65-LaReine_65-hasIngredient-MC","NamedPizza_LaReine_65",117,6,"Property Assertion","MC","SELECT ?x WHERE { <http://www.example.com/genealogy.owl#LaReine_65> <http://www.example.com/genealogy.owl#hasIngredient> ?x }","hasIngredient","HamTopping_dynamic_1; MozzarellaTopping_dynamic_1; MushroomTopping_dynamic_1; OliveTopping_dynamic_1; TomatoTopping_dynamic_1",2,2
"1hop-NamedPizza_LaReine_65_LaReine_65-LaReine_65-hasTopping-HamTopping_dynamic_1-BIN","NamedPizza_LaReine_65",117,6,"Property Assertion","BIN","ASK WHERE { <http://www.example.com/genealogy.owl#LaReine_65> <http://www.example.com/genealogy.owl#hasTopping> <http://www.example.com/genealogy.owl#HamTopping_dynamic_1> }","hasTopping","TRUE",1,1
"1hop-NamedPizza_LaReine_65_LaReine_65-LaReine_65-hasTopping-LaReine_65-NEG-BIN","NamedPizza_LaReine_65",117,6,"Property Assertion","BIN","ASK WHERE { <http://www.example.com/genealogy.owl#LaReine_65> <http://www.example.com/genealogy.owl#hasTopping> <http://www.example.com/genealogy.owl#LaReine_65> }","hasTopping","FALSE",1,1
"1hop-NamedPizza_LaReine_65_LaReine_65-LaReine_65-hasTopping-MC","NamedPizza_LaReine_65",117,6,"Property Assertion","MC","SELECT ?x WHERE { <http://www.example.com/genealogy.owl#LaReine_65> <http://www.example.com/genealogy.owl#hasTopping> ?x }","hasTopping","HamTopping_dynamic_1; MozzarellaTopping_dynamic_1; MushroomTopping_dynamic_1; OliveTopping_dynamic_1; TomatoTopping_dynamic_1",1,1
"1hop-NamedPizza_LaReine_65_LaReine_65-LaReine_65-rdf:type-Food-BIN","NamedPizza_LaReine_65",117,6,"Membership","BIN","ASK WHERE { <http://www.example.com/genealogy.owl#LaReine_65> <http://www.w3.org/1999/02/22-rdf-syntax-ns#type> <http://www.example.com/genealogy.owl#Food> }","rdf:type","TRUE",3,3
"1hop-NamedPizza_LaReine_65_LaReine_65-LaReine_65-rdf:type-American-NEG-BIN","NamedPizza_LaReine_65",117,6,"Membership","BIN","ASK WHERE { <http://www.example.com/genealogy.owl#LaReine_65> <http://www.w3.org/1999/02/22-rdf-syntax-ns#type> <http://www.example.com/genealogy.owl#American> }","rdf:type","FALSE",3,3
"1hop-NamedPizza_LaReine_66_LaReine_66-LaReine_66-rdf:type-MC","NamedPizza_LaReine_66",117,6,"Membership","MC","SELECT ?x WHERE { <http://www.example.com/genealogy.owl#LaReine_66> <http://www.w3.org/1999/02/22-rdf-syntax-ns#type> ?x }","rdf:type","DomainConcept; Food; Pizza",4,4
"1hop-NamedPizza_LaReine_66_LaReine_66-LaReine_66-hasIngredient-HamTopping_dynamic_1-BIN","NamedPizza_LaReine_66",117,6,"Property Assertion","BIN","ASK WHERE { <http://www.example.com/genealogy.owl#LaReine_66> <http://www.example.com/genealogy.owl#hasIngredient> <http://www.example.com/genealogy.owl#HamTopping_dynamic_1> }","hasIngredient","TRUE",2,2
"1hop-NamedPizza_LaReine_66_LaReine_66-LaReine_66-hasIngredient-LaReine_66-NEG-BIN","NamedPizza_LaReine_66",117,6,"Property Assertion","BIN","ASK WHERE { <http://www.example.com/genealogy.owl#LaReine_66> <http://www.example.com/genealogy.owl#hasIngredient> <http://www.example.com/genealogy.owl#LaReine_66> }","hasIngredient","FALSE",2,2
"1hop-NamedPizza_LaReine_66_LaReine_66-LaReine_66-hasIngredient-MC","NamedPizza_LaReine_66",117,6,"Property Assertion","MC","SELECT ?x WHERE { <http://www.example.com/genealogy.owl#LaReine_66> <http://www.example.com/genealogy.owl#hasIngredient> ?x }","hasIngredient","HamTopping_dynamic_1; MozzarellaTopping_dynamic_1; MushroomTopping_dynamic_1; OliveTopping_dynamic_1; TomatoTopping_dynamic_1",2,2
"1hop-NamedPizza_LaReine_66_LaReine_66-LaReine_66-hasTopping-MC","NamedPizza_LaReine_66",117,6,"Property Assertion","MC","SELECT ?x WHERE { <http://www.example.com/genealogy.owl#LaReine_66> <http://www.example.com/genealogy.owl#hasTopping> ?x }","hasTopping","HamTopping_dynamic_1; MozzarellaTopping_dynamic_1; MushroomTopping_dynamic_1; OliveTopping_dynamic_1; TomatoTopping_dynamic_1",1,1
"1hop-NamedPizza_LaReine_66_LaReine_66-LaReine_66-hasTopping-HamTopping_dynamic_1-BIN","NamedPizza_LaReine_66",117,6,"Property Assertion","BIN","ASK WHERE { <http://www.example.com/genealogy.owl#LaReine_66> <http://www.example.com/genealogy.owl#hasTopping> <http://www.example.com/genealogy.owl#HamTopping_dynamic_1> }","hasTopping","TRUE",1,1
"1hop-NamedPizza_LaReine_66_LaReine_66-LaReine_66-hasTopping-LaReine_66-NEG-BIN","NamedPizza_LaReine_66",117,6,"Property Assertion","BIN","ASK WHERE { <http://www.example.com/genealogy.owl#LaReine_66> <http://www.example.com/genealogy.owl#hasTopping> <http://www.example.com/genealogy.owl#LaReine_66> }","hasTopping","FALSE",1,1
"1hop-NamedPizza_LaReine_66_LaReine_66-LaReine_66-rdf:type-Food-BIN","NamedPizza_LaReine_66",117,6,"Membership","BIN","ASK WHERE { <http://www.example.com/genealogy.owl#LaReine_66> <http://www.w3.org/1999/02/22-rdf-syntax-ns#type> <http://www.example.com/genealogy.owl#Food> }","rdf:type","TRUE",3,3
"1hop-NamedPizza_LaReine_66_LaReine_66-LaReine_66-rdf:type-American-NEG-BIN","NamedPizza_LaReine_66",117,6,"Membership","BIN","ASK WHERE { <http://www.example.com/genealogy.owl#LaReine_66> <http://www.w3.org/1999/02/22-rdf-syntax-ns#type> <http://www.example.com/genealogy.owl#American> }","rdf:type","FALSE",3,3
"1hop-NamedPizza_LaReine_75_LaReine_75-LaReine_75-hasIngredient-MC","NamedPizza_LaReine_75",117,6,"Property Assertion","MC","SELECT ?x WHERE { <http://www.example.com/genealogy.owl#LaReine_75> <http://www.example.com/genealogy.owl#hasIngredient> ?x }","hasIngredient","HamTopping_dynamic_1; MozzarellaTopping_dynamic_1; MushroomTopping_dynamic_1; OliveTopping_dynamic_1; TomatoTopping_dynamic_1",2,2
"1hop-NamedPizza_LaReine_75_LaReine_75-LaReine_75-rdf:type-MC","NamedPizza_LaReine_75",117,6,"Membership","MC","SELECT ?x WHERE { <http://www.example.com/genealogy.owl#LaReine_75> <http://www.w3.org/1999/02/22-rdf-syntax-ns#type> ?x }","rdf:type","DomainConcept; Food; Pizza",2,2
"1hop-NamedPizza_LaReine_75_LaReine_75-LaReine_75-rdf:type-Food-BIN","NamedPizza_LaReine_75",117,6,"Membership","BIN","ASK WHERE { <http://www.example.com/genealogy.owl#LaReine_75> <http://www.w3.org/1999/02/22-rdf-syntax-ns#type> <http://www.example.com/genealogy.owl#Food> }","rdf:type","TRUE",3,3
"1hop-NamedPizza_LaReine_75_LaReine_75-LaReine_75-rdf:type-American-NEG-BIN","NamedPizza_LaReine_75",117,6,"Membership","BIN","ASK WHERE { <http://www.example.com/genealogy.owl#LaReine_75> <http://www.w3.org/1999/02/22-rdf-syntax-ns#type> <http://www.example.com/genealogy.owl#American> }","rdf:type","FALSE",3,3
"1hop-NamedPizza_LaReine_75_LaReine_75-LaReine_75-hasTopping-HamTopping_dynamic_1-BIN","NamedPizza_LaReine_75",117,6,"Property Assertion","BIN","ASK WHERE { <http://www.example.com/genealogy.owl#LaReine_75> <http://www.example.com/genealogy.owl#hasTopping> <http://www.example.com/genealogy.owl#HamTopping_dynamic_1> }","hasTopping","TRUE",1,1
"1hop-NamedPizza_LaReine_75_LaReine_75-LaReine_75-hasTopping-LaReine_75-NEG-BIN","NamedPizza_LaReine_75",117,6,"Property Assertion","BIN","ASK WHERE { <http://www.example.com/genealogy.owl#LaReine_75> <http://www.example.com/genealogy.owl#hasTopping> <http://www.example.com/genealogy.owl#LaReine_75> }","hasTopping","FALSE",1,1
"1hop-NamedPizza_LaReine_75_LaReine_75-LaReine_75-hasTopping-MC","NamedPizza_LaReine_75",117,6,"Property Assertion","MC","SELECT ?x WHERE { <http://www.example.com/genealogy.owl#LaReine_75> <http://www.example.com/genealogy.owl#hasTopping> ?x }","hasTopping","HamTopping_dynamic_1; MozzarellaTopping_dynamic_1; MushroomTopping_dynamic_1; OliveTopping_dynamic_1; TomatoTopping_dynamic_1",1,1
"1hop-NamedPizza_LaReine_75_LaReine_75-LaReine_75-hasIngredient-HamTopping_dynamic_1-BIN","NamedPizza_LaReine_75",117,6,"Property Assertion","BIN","ASK WHERE { <http://www.example.com/genealogy.owl#LaReine_75> <http://www.example.com/genealogy.owl#hasIngredient> <http://www.example.com/genealogy.owl#HamTopping_dynamic_1> }","hasIngredient","TRUE",2,2
"1hop-NamedPizza_LaReine_75_LaReine_75-LaReine_75-hasIngredient-LaReine_75-NEG-BIN","NamedPizza_LaReine_75",117,6,"Property Assertion","BIN","ASK WHERE { <http://www.example.com/genealogy.owl#LaReine_75> <http://www.example.com/genealogy.owl#hasIngredient> <http://www.example.com/genealogy.owl#LaReine_75> }","hasIngredient","FALSE",2,2
"1hop-NamedPizza_LaReine_78_LaReine_78-LaReine_78-hasIngredient-MC","NamedPizza_LaReine_78",117,6,"Property Assertion","MC","SELECT ?x WHERE { <http://www.example.com/genealogy.owl#LaReine_78> <http://www.example.com/genealogy.owl#hasIngredient> ?x }","hasIngredient","HamTopping_dynamic_1; MozzarellaTopping_dynamic_1; MushroomTopping_dynamic_1; OliveTopping_dynamic_1; TomatoTopping_dynamic_1",2,2
"1hop-NamedPizza_LaReine_78_LaReine_78-LaReine_78-hasIngredient-HamTopping_dynamic_1-BIN","NamedPizza_LaReine_78",117,6,"Property Assertion","BIN","ASK WHERE { <http://www.example.com/genealogy.owl#LaReine_78> <http://www.example.com/genealogy.owl#hasIngredient> <http://www.example.com/genealogy.owl#HamTopping_dynamic_1> }","hasIngredient","TRUE",2,2
"1hop-NamedPizza_LaReine_78_LaReine_78-LaReine_78-hasIngredient-LaReine_78-NEG-BIN","NamedPizza_LaReine_78",117,6,"Property Assertion","BIN","ASK WHERE { <http://www.example.com/genealogy.owl#LaReine_78> <http://www.example.com/genealogy.owl#hasIngredient> <http://www.example.com/genealogy.owl#LaReine_78> }","hasIngredient","FALSE",2,2
"1hop-NamedPizza_LaReine_78_LaReine_78-LaReine_78-hasTopping-MC","NamedPizza_LaReine_78",117,6,"Property Assertion","MC","SELECT ?x WHERE { <http://www.example.com/genealogy.owl#LaReine_78> <http://www.example.com/genealogy.owl#hasTopping> ?x }","hasTopping","HamTopping_dynamic_1; MozzarellaTopping_dynamic_1; MushroomTopping_dynamic_1; OliveTopping_dynamic_1; TomatoTopping_dynamic_1",1,1
"1hop-NamedPizza_LaReine_78_LaReine_78-LaReine_78-rdf:type-MC","NamedPizza_LaReine_78",117,6,"Membership","MC","SELECT ?x WHERE { <http://www.example.com/genealogy.owl#LaReine_78> <http://www.w3.org/1999/02/22-rdf-syntax-ns#type> ?x }","rdf:type","DomainConcept; Food; Pizza",4,4
"1hop-NamedPizza_LaReine_78_LaReine_78-LaReine_78-rdf:type-Food-BIN","NamedPizza_LaReine_78",117,6,"Membership","BIN","ASK WHERE { <http://www.example.com/genealogy.owl#LaReine_78> <http://www.w3.org/1999/02/22-rdf-syntax-ns#type> <http://www.example.com/genealogy.owl#Food> }","rdf:type","TRUE",3,3
"1hop-NamedPizza_LaReine_78_LaReine_78-LaReine_78-rdf:type-American-NEG-BIN","NamedPizza_LaReine_78",117,6,"Membership","BIN","ASK WHERE { <http://www.example.com/genealogy.owl#LaReine_78> <http://www.w3.org/1999/02/22-rdf-syntax-ns#type> <http://www.example.com/genealogy.owl#American> }","rdf:type","FALSE",3,3
"1hop-NamedPizza_LaReine_78_LaReine_78-LaReine_78-hasTopping-HamTopping_dynamic_1-BIN","NamedPizza_LaReine_78",117,6,"Property Assertion","BIN","ASK WHERE { <http://www.example.com/genealogy.owl#LaReine_78> <http://www.example.com/genealogy.owl#hasTopping> <http://www.example.com/genealogy.owl#HamTopping_dynamic_1> }","hasTopping","TRUE",1,1
"1hop-NamedPizza_LaReine_78_LaReine_78-LaReine_78-hasTopping-LaReine_78-NEG-BIN","NamedPizza_LaReine_78",117,6,"Property Assertion","BIN","ASK WHERE { <http://www.example.com/genealogy.owl#LaReine_78> <http://www.example.com/genealogy.owl#hasTopping> <http://www.example.com/genealogy.owl#LaReine_78> }","hasTopping","FALSE",1,1
"1hop-NamedPizza_LaReine_86_LaReine_86-LaReine_86-rdf:type-MC","NamedPizza_LaReine_86",117,6,"Membership","MC","SELECT ?x WHERE { <http://www.example.com/genealogy.owl#LaReine_86> <http://www.w3.org/1999/02/22-rdf-syntax-ns#type> ?x }","rdf:type","DomainConcept; Food; Pizza",2,2
"1hop-NamedPizza_LaReine_86_LaReine_86-LaReine_86-hasTopping-MC","NamedPizza_LaReine_86",117,6,"Property Assertion","MC","SELECT ?x WHERE { <http://www.example.com/genealogy.owl#LaReine_86> <http://www.example.com/genealogy.owl#hasTopping> ?x }","hasTopping","HamTopping_dynamic_1; MozzarellaTopping_dynamic_1; MushroomTopping_dynamic_1; OliveTopping_dynamic_1; TomatoTopping_dynamic_1",1,1
"1hop-NamedPizza_LaReine_86_LaReine_86-LaReine_86-hasIngredient-MC","NamedPizza_LaReine_86",117,6,"Property Assertion","MC","SELECT ?x WHERE { <http://www.example.com/genealogy.owl#LaReine_86> <http://www.example.com/genealogy.owl#hasIngredient> ?x }","hasIngredient","HamTopping_dynamic_1; MozzarellaTopping_dynamic_1; MushroomTopping_dynamic_1; OliveTopping_dynamic_1; TomatoTopping_dynamic_1",2,2
"1hop-NamedPizza_LaReine_86_LaReine_86-LaReine_86-hasTopping-HamTopping_dynamic_1-BIN","NamedPizza_LaReine_86",117,6,"Property Assertion","BIN","ASK WHERE { <http://www.example.com/genealogy.owl#LaReine_86> <http://www.example.com/genealogy.owl#hasTopping> <http://www.example.com/genealogy.owl#HamTopping_dynamic_1> }","hasTopping","TRUE",1,1
"1hop-NamedPizza_LaReine_86_LaReine_86-LaReine_86-hasTopping-LaReine_86-NEG-BIN","NamedPizza_LaReine_86",117,6,"Property Assertion","BIN","ASK WHERE { <http://www.example.com/genealogy.owl#LaReine_86> <http://www.example.com/genealogy.owl#hasTopping> <http://www.example.com/genealogy.owl#LaReine_86> }","hasTopping","FALSE",1,1
"1hop-NamedPizza_LaReine_86_LaReine_86-LaReine_86-rdf:type-Food-BIN","NamedPizza_LaReine_86",117,6,"Membership","BIN","ASK WHERE { <http://www.example.com/genealogy.owl#LaReine_86> <http://www.w3.org/1999/02/22-rdf-syntax-ns#type> <http://www.example.com/genealogy.owl#Food> }","rdf:type","TRUE",3,3
"1hop-NamedPizza_LaReine_86_LaReine_86-LaReine_86-rdf:type-American-NEG-BIN","NamedPizza_LaReine_86",117,6,"Membership","BIN","ASK WHERE { <http://www.example.com/genealogy.owl#LaReine_86> <http://www.w3.org/1999/02/22-rdf-syntax-ns#type> <http://www.example.com/genealogy.owl#American> }","rdf:type","FALSE",3,3
"1hop-NamedPizza_LaReine_86_LaReine_86-LaReine_86-hasIngredient-HamTopping_dynamic_1-BIN","NamedPizza_LaReine_86",117,6,"Property Assertion","BIN","ASK WHERE { <http://www.example.com/genealogy.owl#LaReine_86> <http://www.example.com/genealogy.owl#hasIngredient> <http://www.example.com/genealogy.owl#HamTopping_dynamic_1> }","hasIngredient","TRUE",2,2
"1hop-NamedPizza_LaReine_86_LaReine_86-LaReine_86-hasIngredient-LaReine_86-NEG-BIN","NamedPizza_LaReine_86",117,6,"Property Assertion","BIN","ASK WHERE { <http://www.example.com/genealogy.owl#LaReine_86> <http://www.example.com/genealogy.owl#hasIngredient> <http://www.example.com/genealogy.owl#LaReine_86> }","hasIngredient","FALSE",2,2
"1hop-NamedPizza_Margherita_20_Margherita_20-Margherita_20-hasTopping-MozzarellaTopping_dynamic_1-BIN","NamedPizza_Margherita_20",117,3,"Property Assertion","BIN","ASK WHERE { <http://www.example.com/genealogy.owl#Margherita_20> <http://www.example.com/genealogy.owl#hasTopping> <http://www.example.com/genealogy.owl#MozzarellaTopping_dynamic_1> }","hasTopping","TRUE",1,1
"1hop-NamedPizza_Margherita_20_Margherita_20-Margherita_20-hasTopping-Margherita_20-NEG-BIN","NamedPizza_Margherita_20",117,3,"Property Assertion","BIN","ASK WHERE { <http://www.example.com/genealogy.owl#Margherita_20> <http://www.example.com/genealogy.owl#hasTopping> <http://www.example.com/genealogy.owl#Margherita_20> }","hasTopping","FALSE",1,1
"1hop-NamedPizza_Margherita_20_Margherita_20-Margherita_20-hasTopping-MC","NamedPizza_Margherita_20",117,3,"Property Assertion","MC","SELECT ?x WHERE { <http://www.example.com/genealogy.owl#Margherita_20> <http://www.example.com/genealogy.owl#hasTopping> ?x }","hasTopping","MozzarellaTopping_dynamic_1; TomatoTopping_dynamic_1",1,1
"1hop-NamedPizza_Margherita_20_Margherita_20-Margherita_20-rdf:type-Food-BIN","NamedPizza_Margherita_20",117,3,"Membership","BIN","ASK WHERE { <http://www.example.com/genealogy.owl#Margherita_20> <http://www.w3.org/1999/02/22-rdf-syntax-ns#type> <http://www.example.com/genealogy.owl#Food> }","rdf:type","TRUE",3,3
"1hop-NamedPizza_Margherita_20_Margherita_20-Margherita_20-rdf:type-American-NEG-BIN","NamedPizza_Margherita_20",117,3,"Membership","BIN","ASK WHERE { <http://www.example.com/genealogy.owl#Margherita_20> <http://www.w3.org/1999/02/22-rdf-syntax-ns#type> <http://www.example.com/genealogy.owl#American> }","rdf:type","FALSE",3,3
"1hop-NamedPizza_Margherita_20_Margherita_20-Margherita_20-rdf:type-MC","NamedPizza_Margherita_20",117,3,"Membership","MC","SELECT ?x WHERE { <http://www.example.com/genealogy.owl#Margherita_20> <http://www.w3.org/1999/02/22-rdf-syntax-ns#type> ?x }","rdf:type","DomainConcept; Food; Pizza",3,3
"1hop-NamedPizza_Margherita_20_Margherita_20-Margherita_20-hasIngredient-MozzarellaTopping_dynamic_1-BIN","NamedPizza_Margherita_20",117,3,"Property Assertion","BIN","ASK WHERE { <http://www.example.com/genealogy.owl#Margherita_20> <http://www.example.com/genealogy.owl#hasIngredient> <http://www.example.com/genealogy.owl#MozzarellaTopping_dynamic_1> }","hasIngredient","TRUE",2,2
"1hop-NamedPizza_Margherita_20_Margherita_20-Margherita_20-hasIngredient-Margherita_20-NEG-BIN","NamedPizza_Margherita_20",117,3,"Property Assertion","BIN","ASK WHERE { <http://www.example.com/genealogy.owl#Margherita_20> <http://www.example.com/genealogy.owl#hasIngredient> <http://www.example.com/genealogy.owl#Margherita_20> }","hasIngredient","FALSE",2,2
"1hop-NamedPizza_Margherita_20_Margherita_20-Margherita_20-hasIngredient-MC","NamedPizza_Margherita_20",117,3,"Property Assertion","MC","SELECT ?x WHERE { <http://www.example.com/genealogy.owl#Margherita_20> <http://www.example.com/genealogy.owl#hasIngredient> ?x }","hasIngredient","MozzarellaTopping_dynamic_1; TomatoTopping_dynamic_1",2,2
"1hop-NamedPizza_Margherita_21_Margherita_21-Margherita_21-rdf:type-MC","NamedPizza_Margherita_21",117,3,"Membership","MC","SELECT ?x WHERE { <http://www.example.com/genealogy.owl#Margherita_21> <http://www.w3.org/1999/02/22-rdf-syntax-ns#type> ?x }","rdf:type","DomainConcept; Food; Pizza",4,4
"1hop-NamedPizza_Margherita_21_Margherita_21-Margherita_21-hasTopping-MC","NamedPizza_Margherita_21",117,3,"Property Assertion","MC","SELECT ?x WHERE { <http://www.example.com/genealogy.owl#Margherita_21> <http://www.example.com/genealogy.owl#hasTopping> ?x }","hasTopping","MozzarellaTopping_dynamic_1; TomatoTopping_dynamic_1",1,1
"1hop-NamedPizza_Margherita_21_Margherita_21-Margherita_21-hasTopping-MozzarellaTopping_dynamic_1-BIN","NamedPizza_Margherita_21",117,3,"Property Assertion","BIN","ASK WHERE { <http://www.example.com/genealogy.owl#Margherita_21> <http://www.example.com/genealogy.owl#hasTopping> <http://www.example.com/genealogy.owl#MozzarellaTopping_dynamic_1> }","hasTopping","TRUE",1,1
"1hop-NamedPizza_Margherita_21_Margherita_21-Margherita_21-hasTopping-Margherita_21-NEG-BIN","NamedPizza_Margherita_21",117,3,"Property Assertion","BIN","ASK WHERE { <http://www.example.com/genealogy.owl#Margherita_21> <http://www.example.com/genealogy.owl#hasTopping> <http://www.example.com/genealogy.owl#Margherita_21> }","hasTopping","FALSE",1,1
"1hop-NamedPizza_Margherita_21_Margherita_21-Margherita_21-hasIngredient-MozzarellaTopping_dynamic_1-BIN","NamedPizza_Margherita_21",117,3,"Property Assertion","BIN","ASK WHERE { <http://www.example.com/genealogy.owl#Margherita_21> <http://www.example.com/genealogy.owl#hasIngredient> <http://www.example.com/genealogy.owl#MozzarellaTopping_dynamic_1> }","hasIngredient","TRUE",2,2
"1hop-NamedPizza_Margherita_21_Margherita_21-Margherita_21-hasIngredient-Margherita_21-NEG-BIN","NamedPizza_Margherita_21",117,3,"Property Assertion","BIN","ASK WHERE { <http://www.example.com/genealogy.owl#Margherita_21> <http://www.example.com/genealogy.owl#hasIngredient> <http://www.example.com/genealogy.owl#Margherita_21> }","hasIngredient","FALSE",2,2
"1hop-NamedPizza_Margherita_21_Margherita_21-Margherita_21-hasIngredient-MC","NamedPizza_Margherita_21",117,3,"Property Assertion","MC","SELECT ?x WHERE { <http://www.example.com/genealogy.owl#Margherita_21> <http://www.example.com/genealogy.owl#hasIngredient> ?x }","hasIngredient","MozzarellaTopping_dynamic_1; TomatoTopping_dynamic_1",2,2
"1hop-NamedPizza_Margherita_21_Margherita_21-Margherita_21-rdf:type-Food-BIN","NamedPizza_Margherita_21",117,3,"Membership","BIN","ASK WHERE { <http://www.example.com/genealogy.owl#Margherita_21> <http://www.w3.org/1999/02/22-rdf-syntax-ns#type> <http://www.example.com/genealogy.owl#Food> }","rdf:type","TRUE",3,3
"1hop-NamedPizza_Margherita_21_Margherita_21-Margherita_21-rdf:type-American-NEG-BIN","NamedPizza_Margherita_21",117,3,"Membership","BIN","ASK WHERE { <http://www.example.com/genealogy.owl#Margherita_21> <http://www.w3.org/1999/02/22-rdf-syntax-ns#type> <http://www.example.com/genealogy.owl#American> }","rdf:type","FALSE",3,3
"1hop-NamedPizza_Margherita_34_Margherita_34-Margherita_34-rdf:type-Food-BIN","NamedPizza_Margherita_34",117,3,"Membership","BIN","ASK WHERE { <http://www.example.com/genealogy.owl#Margherita_34> <http://www.w3.org/1999/02/22-rdf-syntax-ns#type> <http://www.example.com/genealogy.owl#Food> }","rdf:type","TRUE",3,3
"1hop-NamedPizza_Margherita_34_Margherita_34-Margherita_34-rdf:type-American-NEG-BIN","NamedPizza_Margherita_34",117,3,"Membership","BIN","ASK WHERE { <http://www.example.com/genealogy.owl#Margherita_34> <http://www.w3.org/1999/02/22-rdf-syntax-ns#type> <http://www.example.com/genealogy.owl#American> }","rdf:type","FALSE",3,3
"1hop-NamedPizza_Margherita_34_Margherita_34-Margherita_34-rdf:type-MC","NamedPizza_Margherita_34",117,3,"Membership","MC","SELECT ?x WHERE { <http://www.example.com/genealogy.owl#Margherita_34> <http://www.w3.org/1999/02/22-rdf-syntax-ns#type> ?x }","rdf:type","DomainConcept; Food; Pizza",3,3
"1hop-NamedPizza_Margherita_34_Margherita_34-Margherita_34-hasIngredient-MC","NamedPizza_Margherita_34",117,3,"Property Assertion","MC","SELECT ?x WHERE { <http://www.example.com/genealogy.owl#Margherita_34> <http://www.example.com/genealogy.owl#hasIngredient> ?x }","hasIngredient","MozzarellaTopping_dynamic_1; TomatoTopping_dynamic_1",2,2
"1hop-NamedPizza_Margherita_34_Margherita_34-Margherita_34-hasIngredient-MozzarellaTopping_dynamic_1-BIN","NamedPizza_Margherita_34",117,3,"Property Assertion","BIN","ASK WHERE { <http://www.example.com/genealogy.owl#Margherita_34> <http://www.example.com/genealogy.owl#hasIngredient> <http://www.example.com/genealogy.owl#MozzarellaTopping_dynamic_1> }","hasIngredient","TRUE",2,2
"1hop-NamedPizza_Margherita_34_Margherita_34-Margherita_34-hasIngredient-Margherita_34-NEG-BIN","NamedPizza_Margherita_34",117,3,"Property Assertion","BIN","ASK WHERE { <http://www.example.com/genealogy.owl#Margherita_34> <http://www.example.com/genealogy.owl#hasIngredient> <http://www.example.com/genealogy.owl#Margherita_34> }","hasIngredient","FALSE",2,2
"1hop-NamedPizza_Margherita_34_Margherita_34-Margherita_34-hasTopping-MC","NamedPizza_Margherita_34",117,3,"Property Assertion","MC","SELECT ?x WHERE { <http://www.example.com/genealogy.owl#Margherita_34> <http://www.example.com/genealogy.owl#hasTopping> ?x }","hasTopping","MozzarellaTopping_dynamic_1; TomatoTopping_dynamic_1",1,1
"1hop-NamedPizza_Margherita_34_Margherita_34-Margherita_34-hasTopping-MozzarellaTopping_dynamic_1-BIN","NamedPizza_Margherita_34",117,3,"Property Assertion","BIN","ASK WHERE { <http://www.example.com/genealogy.owl#Margherita_34> <http://www.example.com/genealogy.owl#hasTopping> <http://www.example.com/genealogy.owl#MozzarellaTopping_dynamic_1> }","hasTopping","TRUE",1,1
"1hop-NamedPizza_Margherita_34_Margherita_34-Margherita_34-hasTopping-Margherita_34-NEG-BIN","NamedPizza_Margherita_34",117,3,"Property Assertion","BIN","ASK WHERE { <http://www.example.com/genealogy.owl#Margherita_34> <http://www.example.com/genealogy.owl#hasTopping> <http://www.example.com/genealogy.owl#Margherita_34> }","hasTopping","FALSE",1,1
"1hop-NamedPizza_Margherita_35_Margherita_35-Margherita_35-hasIngredient-MozzarellaTopping_dynamic_1-BIN","NamedPizza_Margherita_35",117,3,"Property Assertion","BIN","ASK WHERE { <http://www.example.com/genealogy.owl#Margherita_35> <http://www.example.com/genealogy.owl#hasIngredient> <http://www.example.com/genealogy.owl#MozzarellaTopping_dynamic_1> }","hasIngredient","TRUE",2,2
"1hop-NamedPizza_Margherita_35_Margherita_35-Margherita_35-hasIngredient-Margherita_35-NEG-BIN","NamedPizza_Margherita_35",117,3,"Property Assertion","BIN","ASK WHERE { <http://www.example.com/genealogy.owl#Margherita_35> <http://www.example.com/genealogy.owl#hasIngredient> <http://www.example.com/genealogy.owl#Margherita_35> }","hasIngredient","FALSE",2,2
"1hop-NamedPizza_Margherita_35_Margherita_35-Margherita_35-hasIngredient-MC","NamedPizza_Margherita_35",117,3,"Property Assertion","MC","SELECT ?x WHERE { <http://www.example.com/genealogy.owl#Margherita_35> <http://www.example.com/genealogy.owl#hasIngredient> ?x }","hasIngredient","MozzarellaTopping_dynamic_1; TomatoTopping_dynamic_1",2,2
"1hop-NamedPizza_Margherita_35_Margherita_35-Margherita_35-rdf:type-MC","NamedPizza_Margherita_35",117,3,"Membership","MC","SELECT ?x WHERE { <http://www.example.com/genealogy.owl#Margherita_35> <http://www.w3.org/1999/02/22-rdf-syntax-ns#type> ?x }","rdf:type","DomainConcept; Food; Pizza",2,2
"1hop-NamedPizza_Margherita_35_Margherita_35-Margherita_35-hasTopping-MC","NamedPizza_Margherita_35",117,3,"Property Assertion","MC","SELECT ?x WHERE { <http://www.example.com/genealogy.owl#Margherita_35> <http://www.example.com/genealogy.owl#hasTopping> ?x }","hasTopping","MozzarellaTopping_dynamic_1; TomatoTopping_dynamic_1",1,1
"1hop-NamedPizza_Margherita_35_Margherita_35-Margherita_35-hasTopping-MozzarellaTopping_dynamic_1-BIN","NamedPizza_Margherita_35",117,3,"Property Assertion","BIN","ASK WHERE { <http://www.example.com/genealogy.owl#Margherita_35> <http://www.example.com/genealogy.owl#hasTopping> <http://www.example.com/genealogy.owl#MozzarellaTopping_dynamic_1> }","hasTopping","TRUE",1,1
"1hop-NamedPizza_Margherita_35_Margherita_35-Margherita_35-hasTopping-Margherita_35-NEG-BIN","NamedPizza_Margherita_35",117,3,"Property Assertion","BIN","ASK WHERE { <http://www.example.com/genealogy.owl#Margherita_35> <http://www.example.com/genealogy.owl#hasTopping> <http://www.example.com/genealogy.owl#Margherita_35> }","hasTopping","FALSE",1,1
"1hop-NamedPizza_Margherita_35_Margherita_35-Margherita_35-rdf:type-Food-BIN","NamedPizza_Margherita_35",117,3,"Membership","BIN","ASK WHERE { <http://www.example.com/genealogy.owl#Margherita_35> <http://www.w3.org/1999/02/22-rdf-syntax-ns#type> <http://www.example.com/genealogy.owl#Food> }","rdf:type","TRUE",3,3
"1hop-NamedPizza_Margherita_35_Margherita_35-Margherita_35-rdf:type-American-NEG-BIN","NamedPizza_Margherita_35",117,3,"Membership","BIN","ASK WHERE { <http://www.example.com/genealogy.owl#Margherita_35> <http://www.w3.org/1999/02/22-rdf-syntax-ns#type> <http://www.example.com/genealogy.owl#American> }","rdf:type","FALSE",3,3
"1hop-NamedPizza_Margherita_36_Margherita_36-Margherita_36-rdf:type-Food-BIN","NamedPizza_Margherita_36",117,3,"Membership","BIN","ASK WHERE { <http://www.example.com/genealogy.owl#Margherita_36> <http://www.w3.org/1999/02/22-rdf-syntax-ns#type> <http://www.example.com/genealogy.owl#Food> }","rdf:type","TRUE",3,3
"1hop-NamedPizza_Margherita_36_Margherita_36-Margherita_36-rdf:type-American-NEG-BIN","NamedPizza_Margherita_36",117,3,"Membership","BIN","ASK WHERE { <http://www.example.com/genealogy.owl#Margherita_36> <http://www.w3.org/1999/02/22-rdf-syntax-ns#type> <http://www.example.com/genealogy.owl#American> }","rdf:type","FALSE",3,3
"1hop-NamedPizza_Margherita_36_Margherita_36-Margherita_36-rdf:type-MC","NamedPizza_Margherita_36",117,3,"Membership","MC","SELECT ?x WHERE { <http://www.example.com/genealogy.owl#Margherita_36> <http://www.w3.org/1999/02/22-rdf-syntax-ns#type> ?x }","rdf:type","DomainConcept; Food; Pizza",3,3
"1hop-NamedPizza_Margherita_36_Margherita_36-Margherita_36-hasIngredient-MozzarellaTopping_dynamic_1-BIN","NamedPizza_Margherita_36",117,3,"Property Assertion","BIN","ASK WHERE { <http://www.example.com/genealogy.owl#Margherita_36> <http://www.example.com/genealogy.owl#hasIngredient> <http://www.example.com/genealogy.owl#MozzarellaTopping_dynamic_1> }","hasIngredient","TRUE",2,2
"1hop-NamedPizza_Margherita_36_Margherita_36-Margherita_36-hasIngredient-Margherita_36-NEG-BIN","NamedPizza_Margherita_36",117,3,"Property Assertion","BIN","ASK WHERE { <http://www.example.com/genealogy.owl#Margherita_36> <http://www.example.com/genealogy.owl#hasIngredient> <http://www.example.com/genealogy.owl#Margherita_36> }","hasIngredient","FALSE",2,2
"1hop-NamedPizza_Margherita_36_Margherita_36-Margherita_36-hasIngredient-MC","NamedPizza_Margherita_36",117,3,"Property Assertion","MC","SELECT ?x WHERE { <http://www.example.com/genealogy.owl#Margherita_36> <http://www.example.com/genealogy.owl#hasIngredient> ?x }","hasIngredient","MozzarellaTopping_dynamic_1; TomatoTopping_dynamic_1",2,2
"1hop-NamedPizza_Margherita_36_Margherita_36-Margherita_36-hasTopping-MozzarellaTopping_dynamic_1-BIN","NamedPizza_Margherita_36",117,3,"Property Assertion","BIN","ASK WHERE { <http://www.example.com/genealogy.owl#Margherita_36> <http://www.example.com/genealogy.owl#hasTopping> <http://www.example.com/genealogy.owl#MozzarellaTopping_dynamic_1> }","hasTopping","TRUE",1,1
"1hop-NamedPizza_Margherita_36_Margherita_36-Margherita_36-hasTopping-Margherita_36-NEG-BIN","NamedPizza_Margherita_36",117,3,"Property Assertion","BIN","ASK WHERE { <http://www.example.com/genealogy.owl#Margherita_36> <http://www.example.com/genealogy.owl#hasTopping> <http://www.example.com/genealogy.owl#Margherita_36> }","hasTopping","FALSE",1,1
"1hop-NamedPizza_Margherita_36_Margherita_36-Margherita_36-hasTopping-MC","NamedPizza_Margherita_36",117,3,"Property Assertion","MC","SELECT ?x WHERE { <http://www.example.com/genealogy.owl#Margherita_36> <http://www.example.com/genealogy.owl#hasTopping> ?x }","hasTopping","MozzarellaTopping_dynamic_1; TomatoTopping_dynamic_1",1,1
"1hop-NamedPizza_Margherita_40_Margherita_40-Margherita_40-hasTopping-MC","NamedPizza_Margherita_40",117,3,"Property Assertion","MC","SELECT ?x WHERE { <http://www.example.com/genealogy.owl#Margherita_40> <http://www.example.com/genealogy.owl#hasTopping> ?x }","hasTopping","MozzarellaTopping_dynamic_1; TomatoTopping_dynamic_1",1,1
"1hop-NamedPizza_Margherita_40_Margherita_40-Margherita_40-hasTopping-MozzarellaTopping_dynamic_1-BIN","NamedPizza_Margherita_40",117,3,"Property Assertion","BIN","ASK WHERE { <http://www.example.com/genealogy.owl#Margherita_40> <http://www.example.com/genealogy.owl#hasTopping> <http://www.example.com/genealogy.owl#MozzarellaTopping_dynamic_1> }","hasTopping","TRUE",1,1
"1hop-NamedPizza_Margherita_40_Margherita_40-Margherita_40-hasTopping-Margherita_40-NEG-BIN","NamedPizza_Margherita_40",117,3,"Property Assertion","BIN","ASK WHERE { <http://www.example.com/genealogy.owl#Margherita_40> <http://www.example.com/genealogy.owl#hasTopping> <http://www.example.com/genealogy.owl#Margherita_40> }","hasTopping","FALSE",1,1
"1hop-NamedPizza_Margherita_40_Margherita_40-Margherita_40-hasIngredient-MozzarellaTopping_dynamic_1-BIN","NamedPizza_Margherita_40",117,3,"Property Assertion","BIN","ASK WHERE { <http://www.example.com/genealogy.owl#Margherita_40> <http://www.example.com/genealogy.owl#hasIngredient> <http://www.example.com/genealogy.owl#MozzarellaTopping_dynamic_1> }","hasIngredient","TRUE",2,2
"1hop-NamedPizza_Margherita_40_Margherita_40-Margherita_40-hasIngredient-Margherita_40-NEG-BIN","NamedPizza_Margherita_40",117,3,"Property Assertion","BIN","ASK WHERE { <http://www.example.com/genealogy.owl#Margherita_40> <http://www.example.com/genealogy.owl#hasIngredient> <http://www.example.com/genealogy.owl#Margherita_40> }","hasIngredient","FALSE",2,2
"1hop-NamedPizza_Margherita_40_Margherita_40-Margherita_40-hasIngredient-MC","NamedPizza_Margherita_40",117,3,"Property Assertion","MC","SELECT ?x WHERE { <http://www.example.com/genealogy.owl#Margherita_40> <http://www.example.com/genealogy.owl#hasIngredient> ?x }","hasIngredient","MozzarellaTopping_dynamic_1; TomatoTopping_dynamic_1",2,2
"1hop-NamedPizza_Margherita_40_Margherita_40-Margherita_40-rdf:type-Food-BIN","NamedPizza_Margherita_40",117,3,"Membership","BIN","ASK WHERE { <http://www.example.com/genealogy.owl#Margherita_40> <http://www.w3.org/1999/02/22-rdf-syntax-ns#type> <http://www.example.com/genealogy.owl#Food> }","rdf:type","TRUE",3,3
"1hop-NamedPizza_Margherita_40_Margherita_40-Margherita_40-rdf:type-American-NEG-BIN","NamedPizza_Margherita_40",117,3,"Membership","BIN","ASK WHERE { <http://www.example.com/genealogy.owl#Margherita_40> <http://www.w3.org/1999/02/22-rdf-syntax-ns#type> <http://www.example.com/genealogy.owl#American> }","rdf:type","FALSE",3,3
"1hop-NamedPizza_Margherita_40_Margherita_40-Margherita_40-rdf:type-MC","NamedPizza_Margherita_40",117,3,"Membership","MC","SELECT ?x WHERE { <http://www.example.com/genealogy.owl#Margherita_40> <http://www.w3.org/1999/02/22-rdf-syntax-ns#type> ?x }","rdf:type","DomainConcept; Food; Pizza",3,3
"1hop-NamedPizza_Margherita_48_Margherita_48-Margherita_48-hasIngredient-MozzarellaTopping_dynamic_1-BIN","NamedPizza_Margherita_48",117,3,"Property Assertion","BIN","ASK WHERE { <http://www.example.com/genealogy.owl#Margherita_48> <http://www.example.com/genealogy.owl#hasIngredient> <http://www.example.com/genealogy.owl#MozzarellaTopping_dynamic_1> }","hasIngredient","TRUE",2,2
"1hop-NamedPizza_Margherita_48_Margherita_48-Margherita_48-hasIngredient-Margherita_48-NEG-BIN","NamedPizza_Margherita_48",117,3,"Property Assertion","BIN","ASK WHERE { <http://www.example.com/genealogy.owl#Margherita_48> <http://www.example.com/genealogy.owl#hasIngredient> <http://www.example.com/genealogy.owl#Margherita_48> }","hasIngredient","FALSE",2,2
"1hop-NamedPizza_Margherita_48_Margherita_48-Margherita_48-hasIngredient-MC","NamedPizza_Margherita_48",117,3,"Property Assertion","MC","SELECT ?x WHERE { <http://www.example.com/genealogy.owl#Margherita_48> <http://www.example.com/genealogy.owl#hasIngredient> ?x }","hasIngredient","MozzarellaTopping_dynamic_1; TomatoTopping_dynamic_1",2,2
"1hop-NamedPizza_Margherita_48_Margherita_48-Margherita_48-hasTopping-MC","NamedPizza_Margherita_48",117,3,"Property Assertion","MC","SELECT ?x WHERE { <http://www.example.com/genealogy.owl#Margherita_48> <http://www.example.com/genealogy.owl#hasTopping> ?x }","hasTopping","MozzarellaTopping_dynamic_1; TomatoTopping_dynamic_1",1,1
"1hop-NamedPizza_Margherita_48_Margherita_48-Margherita_48-rdf:type-MC","NamedPizza_Margherita_48",117,3,"Membership","MC","SELECT ?x WHERE { <http://www.example.com/genealogy.owl#Margherita_48> <http://www.w3.org/1999/02/22-rdf-syntax-ns#type> ?x }","rdf:type","DomainConcept; Food; Pizza",4,4
"1hop-NamedPizza_Margherita_48_Margherita_48-Margherita_48-rdf:type-Food-BIN","NamedPizza_Margherita_48",117,3,"Membership","BIN","ASK WHERE { <http://www.example.com/genealogy.owl#Margherita_48> <http://www.w3.org/1999/02/22-rdf-syntax-ns#type> <http://www.example.com/genealogy.owl#Food> }","rdf:type","TRUE",3,3
"1hop-NamedPizza_Margherita_48_Margherita_48-Margherita_48-rdf:type-American-NEG-BIN","NamedPizza_Margherita_48",117,3,"Membership","BIN","ASK WHERE { <http://www.example.com/genealogy.owl#Margherita_48> <http://www.w3.org/1999/02/22-rdf-syntax-ns#type> <http://www.example.com/genealogy.owl#American> }","rdf:type","FALSE",3,3
"1hop-NamedPizza_Margherita_48_Margherita_48-Margherita_48-hasTopping-MozzarellaTopping_dynamic_1-BIN","NamedPizza_Margherita_48",117,3,"Property Assertion","BIN","ASK WHERE { <http://www.example.com/genealogy.owl#Margherita_48> <http://www.example.com/genealogy.owl#hasTopping> <http://www.example.com/genealogy.owl#MozzarellaTopping_dynamic_1> }","hasTopping","TRUE",1,1
"1hop-NamedPizza_Margherita_48_Margherita_48-Margherita_48-hasTopping-Margherita_48-NEG-BIN","NamedPizza_Margherita_48",117,3,"Property Assertion","BIN","ASK WHERE { <http://www.example.com/genealogy.owl#Margherita_48> <http://www.example.com/genealogy.owl#hasTopping> <http://www.example.com/genealogy.owl#Margherita_48> }","hasTopping","FALSE",1,1
"1hop-NamedPizza_Margherita_50_Margherita_50-Margherita_50-hasTopping-MozzarellaTopping_dynamic_1-BIN","NamedPizza_Margherita_50",117,3,"Property Assertion","BIN","ASK WHERE { <http://www.example.com/genealogy.owl#Margherita_50> <http://www.example.com/genealogy.owl#hasTopping> <http://www.example.com/genealogy.owl#MozzarellaTopping_dynamic_1> }","hasTopping","TRUE",1,1
"1hop-NamedPizza_Margherita_50_Margherita_50-Margherita_50-hasTopping-Margherita_50-NEG-BIN","NamedPizza_Margherita_50",117,3,"Property Assertion","BIN","ASK WHERE { <http://www.example.com/genealogy.owl#Margherita_50> <http://www.example.com/genealogy.owl#hasTopping> <http://www.example.com/genealogy.owl#Margherita_50> }","hasTopping","FALSE",1,1
"1hop-NamedPizza_Margherita_50_Margherita_50-Margherita_50-hasTopping-MC","NamedPizza_Margherita_50",117,3,"Property Assertion","MC","SELECT ?x WHERE { <http://www.example.com/genealogy.owl#Margherita_50> <http://www.example.com/genealogy.owl#hasTopping> ?x }","hasTopping","MozzarellaTopping_dynamic_1; TomatoTopping_dynamic_1",1,1
"1hop-NamedPizza_Margherita_50_Margherita_50-Margherita_50-rdf:type-MC","NamedPizza_Margherita_50",117,3,"Membership","MC","SELECT ?x WHERE { <http://www.example.com/genealogy.owl#Margherita_50> <http://www.w3.org/1999/02/22-rdf-syntax-ns#type> ?x }","rdf:type","DomainConcept; Food; Pizza",4,4
"1hop-NamedPizza_Margherita_50_Margherita_50-Margherita_50-hasIngredient-MC","NamedPizza_Margherita_50",117,3,"Property Assertion","MC","SELECT ?x WHERE { <http://www.example.com/genealogy.owl#Margherita_50> <http://www.example.com/genealogy.owl#hasIngredient> ?x }","hasIngredient","MozzarellaTopping_dynamic_1; TomatoTopping_dynamic_1",2,2
"1hop-NamedPizza_Margherita_50_Margherita_50-Margherita_50-rdf:type-Food-BIN","NamedPizza_Margherita_50",117,3,"Membership","BIN","ASK WHERE { <http://www.example.com/genealogy.owl#Margherita_50> <http://www.w3.org/1999/02/22-rdf-syntax-ns#type> <http://www.example.com/genealogy.owl#Food> }","rdf:type","TRUE",3,3
"1hop-NamedPizza_Margherita_50_Margherita_50-Margherita_50-rdf:type-American-NEG-BIN","NamedPizza_Margherita_50",117,3,"Membership","BIN","ASK WHERE { <http://www.example.com/genealogy.owl#Margherita_50> <http://www.w3.org/1999/02/22-rdf-syntax-ns#type> <http://www.example.com/genealogy.owl#American> }","rdf:type","FALSE",3,3
"1hop-NamedPizza_Margherita_50_Margherita_50-Margherita_50-hasIngredient-MozzarellaTopping_dynamic_1-BIN","NamedPizza_Margherita_50",117,3,"Property Assertion","BIN","ASK WHERE { <http://www.example.com/genealogy.owl#Margherita_50> <http://www.example.com/genealogy.owl#hasIngredient> <http://www.example.com/genealogy.owl#MozzarellaTopping_dynamic_1> }","hasIngredient","TRUE",2,2
"1hop-NamedPizza_Margherita_50_Margherita_50-Margherita_50-hasIngredient-Margherita_50-NEG-BIN","NamedPizza_Margherita_50",117,3,"Property Assertion","BIN","ASK WHERE { <http://www.example.com/genealogy.owl#Margherita_50> <http://www.example.com/genealogy.owl#hasIngredient> <http://www.example.com/genealogy.owl#Margherita_50> }","hasIngredient","FALSE",2,2
"1hop-NamedPizza_Margherita_53_Margherita_53-Margherita_53-rdf:type-MC","NamedPizza_Margherita_53",117,3,"Membership","MC","SELECT ?x WHERE { <http://www.example.com/genealogy.owl#Margherita_53> <http://www.w3.org/1999/02/22-rdf-syntax-ns#type> ?x }","rdf:type","DomainConcept; Food; Pizza",2,2
"1hop-NamedPizza_Margherita_53_Margherita_53-Margherita_53-hasIngredient-MC","NamedPizza_Margherita_53",117,3,"Property Assertion","MC","SELECT ?x WHERE { <http://www.example.com/genealogy.owl#Margherita_53> <http://www.example.com/genealogy.owl#hasIngredient> ?x }","hasIngredient","MozzarellaTopping_dynamic_1; TomatoTopping_dynamic_1",2,2
"1hop-NamedPizza_Margherita_53_Margherita_53-Margherita_53-hasTopping-MC","NamedPizza_Margherita_53",117,3,"Property Assertion","MC","SELECT ?x WHERE { <http://www.example.com/genealogy.owl#Margherita_53> <http://www.example.com/genealogy.owl#hasTopping> ?x }","hasTopping","MozzarellaTopping_dynamic_1; TomatoTopping_dynamic_1",1,1
"1hop-NamedPizza_Margherita_53_Margherita_53-Margherita_53-rdf:type-Food-BIN","NamedPizza_Margherita_53",117,3,"Membership","BIN","ASK WHERE { <http://www.example.com/genealogy.owl#Margherita_53> <http://www.w3.org/1999/02/22-rdf-syntax-ns#type> <http://www.example.com/genealogy.owl#Food> }","rdf:type","TRUE",3,3
"1hop-NamedPizza_Margherita_53_Margherita_53-Margherita_53-rdf:type-American-NEG-BIN","NamedPizza_Margherita_53",117,3,"Membership","BIN","ASK WHERE { <http://www.example.com/genealogy.owl#Margherita_53> <http://www.w3.org/1999/02/22-rdf-syntax-ns#type> <http://www.example.com/genealogy.owl#American> }","rdf:type","FALSE",3,3
"1hop-NamedPizza_Margherita_53_Margherita_53-Margherita_53-hasIngredient-MozzarellaTopping_dynamic_1-BIN","NamedPizza_Margherita_53",117,3,"Property Assertion","BIN","ASK WHERE { <http://www.example.com/genealogy.owl#Margherita_53> <http://www.example.com/genealogy.owl#hasIngredient> <http://www.example.com/genealogy.owl#MozzarellaTopping_dynamic_1> }","hasIngredient","TRUE",2,2
"1hop-NamedPizza_Margherita_53_Margherita_53-Margherita_53-hasIngredient-Margherita_53-NEG-BIN","NamedPizza_Margherita_53",117,3,"Property Assertion","BIN","ASK WHERE { <http://www.example.com/genealogy.owl#Margherita_53> <http://www.example.com/genealogy.owl#hasIngredient> <http://www.example.com/genealogy.owl#Margherita_53> }","hasIngredient","FALSE",2,2
"1hop-NamedPizza_Margherita_53_Margherita_53-Margherita_53-hasTopping-MozzarellaTopping_dynamic_1-BIN","NamedPizza_Margherita_53",117,3,"Property Assertion","BIN","ASK WHERE { <http://www.example.com/genealogy.owl#Margherita_53> <http://www.example.com/genealogy.owl#hasTopping> <http://www.example.com/genealogy.owl#MozzarellaTopping_dynamic_1> }","hasTopping","TRUE",1,1
"1hop-NamedPizza_Margherita_53_Margherita_53-Margherita_53-hasTopping-Margherita_53-NEG-BIN","NamedPizza_Margherita_53",117,3,"Property Assertion","BIN","ASK WHERE { <http://www.example.com/genealogy.owl#Margherita_53> <http://www.example.com/genealogy.owl#hasTopping> <http://www.example.com/genealogy.owl#Margherita_53> }","hasTopping","FALSE",1,1
"1hop-NamedPizza_Margherita_58_Margherita_58-Margherita_58-rdf:type-MC","NamedPizza_Margherita_58",117,3,"Membership","MC","SELECT ?x WHERE { <http://www.example.com/genealogy.owl#Margherita_58> <http://www.w3.org/1999/02/22-rdf-syntax-ns#type> ?x }","rdf:type","DomainConcept; Food; Pizza",4,4
"1hop-NamedPizza_Margherita_58_Margherita_58-Margherita_58-hasIngredient-MC","NamedPizza_Margherita_58",117,3,"Property Assertion","MC","SELECT ?x WHERE { <http://www.example.com/genealogy.owl#Margherita_58> <http://www.example.com/genealogy.owl#hasIngredient> ?x }","hasIngredient","MozzarellaTopping_dynamic_1; TomatoTopping_dynamic_1",2,2
"1hop-NamedPizza_Margherita_58_Margherita_58-Margherita_58-rdf:type-Food-BIN","NamedPizza_Margherita_58",117,3,"Membership","BIN","ASK WHERE { <http://www.example.com/genealogy.owl#Margherita_58> <http://www.w3.org/1999/02/22-rdf-syntax-ns#type> <http://www.example.com/genealogy.owl#Food> }","rdf:type","TRUE",3,3
"1hop-NamedPizza_Margherita_58_Margherita_58-Margherita_58-rdf:type-American-NEG-BIN","NamedPizza_Margherita_58",117,3,"Membership","BIN","ASK WHERE { <http://www.example.com/genealogy.owl#Margherita_58> <http://www.w3.org/1999/02/22-rdf-syntax-ns#type> <http://www.example.com/genealogy.owl#American> }","rdf:type","FALSE",3,3
"1hop-NamedPizza_Margherita_58_Margherita_58-Margherita_58-hasIngredient-MozzarellaTopping_dynamic_1-BIN","NamedPizza_Margherita_58",117,3,"Property Assertion","BIN","ASK WHERE { <http://www.example.com/genealogy.owl#Margherita_58> <http://www.example.com/genealogy.owl#hasIngredient> <http://www.example.com/genealogy.owl#MozzarellaTopping_dynamic_1> }","hasIngredient","TRUE",2,2
"1hop-NamedPizza_Margherita_58_Margherita_58-Margherita_58-hasIngredient-Margherita_58-NEG-BIN","NamedPizza_Margherita_58",117,3,"Property Assertion","BIN","ASK WHERE { <http://www.example.com/genealogy.owl#Margherita_58> <http://www.example.com/genealogy.owl#hasIngredient> <http://www.example.com/genealogy.owl#Margherita_58> }","hasIngredient","FALSE",2,2
"1hop-NamedPizza_Margherita_58_Margherita_58-Margherita_58-hasTopping-MozzarellaTopping_dynamic_1-BIN","NamedPizza_Margherita_58",117,3,"Property Assertion","BIN","ASK WHERE { <http://www.example.com/genealogy.owl#Margherita_58> <http://www.example.com/genealogy.owl#hasTopping> <http://www.example.com/genealogy.owl#MozzarellaTopping_dynamic_1> }","hasTopping","TRUE",1,1
"1hop-NamedPizza_Margherita_58_Margherita_58-Margherita_58-hasTopping-Margherita_58-NEG-BIN","NamedPizza_Margherita_58",117,3,"Property Assertion","BIN","ASK WHERE { <http://www.example.com/genealogy.owl#Margherita_58> <http://www.example.com/genealogy.owl#hasTopping> <http://www.example.com/genealogy.owl#Margherita_58> }","hasTopping","FALSE",1,1
"1hop-NamedPizza_Margherita_58_Margherita_58-Margherita_58-hasTopping-MC","NamedPizza_Margherita_58",117,3,"Property Assertion","MC","SELECT ?x WHERE { <http://www.example.com/genealogy.owl#Margherita_58> <http://www.example.com/genealogy.owl#hasTopping> ?x }","hasTopping","MozzarellaTopping_dynamic_1; TomatoTopping_dynamic_1",1,1
"1hop-NamedPizza_Margherita_59_Margherita_59-Margherita_59-hasIngredient-MozzarellaTopping_dynamic_1-BIN","NamedPizza_Margherita_59",117,3,"Property Assertion","BIN","ASK WHERE { <http://www.example.com/genealogy.owl#Margherita_59> <http://www.example.com/genealogy.owl#hasIngredient> <http://www.example.com/genealogy.owl#MozzarellaTopping_dynamic_1> }","hasIngredient","TRUE",2,2
"1hop-NamedPizza_Margherita_59_Margherita_59-Margherita_59-hasIngredient-Margherita_59-NEG-BIN","NamedPizza_Margherita_59",117,3,"Property Assertion","BIN","ASK WHERE { <http://www.example.com/genealogy.owl#Margherita_59> <http://www.example.com/genealogy.owl#hasIngredient> <http://www.example.com/genealogy.owl#Margherita_59> }","hasIngredient","FALSE",2,2
"1hop-NamedPizza_Margherita_59_Margherita_59-Margherita_59-hasIngredient-MC","NamedPizza_Margherita_59",117,3,"Property Assertion","MC","SELECT ?x WHERE { <http://www.example.com/genealogy.owl#Margherita_59> <http://www.example.com/genealogy.owl#hasIngredient> ?x }","hasIngredient","MozzarellaTopping_dynamic_1; TomatoTopping_dynamic_1",2,2
"1hop-NamedPizza_Margherita_59_Margherita_59-Margherita_59-rdf:type-MC","NamedPizza_Margherita_59",117,3,"Membership","MC","SELECT ?x WHERE { <http://www.example.com/genealogy.owl#Margherita_59> <http://www.w3.org/1999/02/22-rdf-syntax-ns#type> ?x }","rdf:type","DomainConcept; Food; Pizza",4,4
"1hop-NamedPizza_Margherita_59_Margherita_59-Margherita_59-hasTopping-MC","NamedPizza_Margherita_59",117,3,"Property Assertion","MC","SELECT ?x WHERE { <http://www.example.com/genealogy.owl#Margherita_59> <http://www.example.com/genealogy.owl#hasTopping> ?x }","hasTopping","MozzarellaTopping_dynamic_1; TomatoTopping_dynamic_1",1,1
"1hop-NamedPizza_Margherita_59_Margherita_59-Margherita_59-rdf:type-Food-BIN","NamedPizza_Margherita_59",117,3,"Membership","BIN","ASK WHERE { <http://www.example.com/genealogy.owl#Margherita_59> <http://www.w3.org/1999/02/22-rdf-syntax-ns#type> <http://www.example.com/genealogy.owl#Food> }","rdf:type","TRUE",3,3
"1hop-NamedPizza_Margherita_59_Margherita_59-Margherita_59-rdf:type-American-NEG-BIN","NamedPizza_Margherita_59",117,3,"Membership","BIN","ASK WHERE { <http://www.example.com/genealogy.owl#Margherita_59> <http://www.w3.org/1999/02/22-rdf-syntax-ns#type> <http://www.example.com/genealogy.owl#American> }","rdf:type","FALSE",3,3
"1hop-NamedPizza_Margherita_59_Margherita_59-Margherita_59-hasTopping-MozzarellaTopping_dynamic_1-BIN","NamedPizza_Margherita_59",117,3,"Property Assertion","BIN","ASK WHERE { <http://www.example.com/genealogy.owl#Margherita_59> <http://www.example.com/genealogy.owl#hasTopping> <http://www.example.com/genealogy.owl#MozzarellaTopping_dynamic_1> }","hasTopping","TRUE",1,1
"1hop-NamedPizza_Margherita_59_Margherita_59-Margherita_59-hasTopping-Margherita_59-NEG-BIN","NamedPizza_Margherita_59",117,3,"Property Assertion","BIN","ASK WHERE { <http://www.example.com/genealogy.owl#Margherita_59> <http://www.example.com/genealogy.owl#hasTopping> <http://www.example.com/genealogy.owl#Margherita_59> }","hasTopping","FALSE",1,1
"1hop-NamedPizza_Margherita_60_Margherita_60-Margherita_60-hasIngredient-MC","NamedPizza_Margherita_60",117,3,"Property Assertion","MC","SELECT ?x WHERE { <http://www.example.com/genealogy.owl#Margherita_60> <http://www.example.com/genealogy.owl#hasIngredient> ?x }","hasIngredient","MozzarellaTopping_dynamic_1; TomatoTopping_dynamic_1",2,2
"1hop-NamedPizza_Margherita_60_Margherita_60-Margherita_60-hasTopping-MC","NamedPizza_Margherita_60",117,3,"Property Assertion","MC","SELECT ?x WHERE { <http://www.example.com/genealogy.owl#Margherita_60> <http://www.example.com/genealogy.owl#hasTopping> ?x }","hasTopping","MozzarellaTopping_dynamic_1; TomatoTopping_dynamic_1",1,1
"1hop-NamedPizza_Margherita_60_Margherita_60-Margherita_60-rdf:type-MC","NamedPizza_Margherita_60",117,3,"Membership","MC","SELECT ?x WHERE { <http://www.example.com/genealogy.owl#Margherita_60> <http://www.w3.org/1999/02/22-rdf-syntax-ns#type> ?x }","rdf:type","DomainConcept; Food; Pizza",4,4
"1hop-NamedPizza_Margherita_60_Margherita_60-Margherita_60-rdf:type-Food-BIN","NamedPizza_Margherita_60",117,3,"Membership","BIN","ASK WHERE { <http://www.example.com/genealogy.owl#Margherita_60> <http://www.w3.org/1999/02/22-rdf-syntax-ns#type> <http://www.example.com/genealogy.owl#Food> }","rdf:type","TRUE",3,3
"1hop-NamedPizza_Margherita_60_Margherita_60-Margherita_60-rdf:type-American-NEG-BIN","NamedPizza_Margherita_60",117,3,"Membership","BIN","ASK WHERE { <http://www.example.com/genealogy.owl#Margherita_60> <http://www.w3.org/1999/02/22-rdf-syntax-ns#type> <http://www.example.com/genealogy.owl#American> }","rdf:type","FALSE",3,3
"1hop-NamedPizza_Margherita_60_Margherita_60-Margherita_60-hasTopping-MozzarellaTopping_dynamic_1-BIN","NamedPizza_Margherita_60",117,3,"Property Assertion","BIN","ASK WHERE { <http://www.example.com/genealogy.owl#Margherita_60> <http://www.example.com/genealogy.owl#hasTopping> <http://www.example.com/genealogy.owl#MozzarellaTopping_dynamic_1> }","hasTopping","TRUE",1,1
"1hop-NamedPizza_Margherita_60_Margherita_60-Margherita_60-hasTopping-Margherita_60-NEG-BIN","NamedPizza_Margherita_60",117,3,"Property Assertion","BIN","ASK WHERE { <http://www.example.com/genealogy.owl#Margherita_60> <http://www.example.com/genealogy.owl#hasTopping> <http://www.example.com/genealogy.owl#Margherita_60> }","hasTopping","FALSE",1,1
"1hop-NamedPizza_Margherita_60_Margherita_60-Margherita_60-hasIngredient-MozzarellaTopping_dynamic_1-BIN","NamedPizza_Margherita_60",117,3,"Property Assertion","BIN","ASK WHERE { <http://www.example.com/genealogy.owl#Margherita_60> <http://www.example.com/genealogy.owl#hasIngredient> <http://www.example.com/genealogy.owl#MozzarellaTopping_dynamic_1> }","hasIngredient","TRUE",2,2
"1hop-NamedPizza_Margherita_60_Margherita_60-Margherita_60-hasIngredient-Margherita_60-NEG-BIN","NamedPizza_Margherita_60",117,3,"Property Assertion","BIN","ASK WHERE { <http://www.example.com/genealogy.owl#Margherita_60> <http://www.example.com/genealogy.owl#hasIngredient> <http://www.example.com/genealogy.owl#Margherita_60> }","hasIngredient","FALSE",2,2
"1hop-NamedPizza_Margherita_62_Margherita_62-Margherita_62-rdf:type-MC","NamedPizza_Margherita_62",117,3,"Membership","MC","SELECT ?x WHERE { <http://www.example.com/genealogy.owl#Margherita_62> <http://www.w3.org/1999/02/22-rdf-syntax-ns#type> ?x }","rdf:type","DomainConcept; Food; Pizza",4,4
"1hop-NamedPizza_Margherita_62_Margherita_62-Margherita_62-rdf:type-Food-BIN","NamedPizza_Margherita_62",117,3,"Membership","BIN","ASK WHERE { <http://www.example.com/genealogy.owl#Margherita_62> <http://www.w3.org/1999/02/22-rdf-syntax-ns#type> <http://www.example.com/genealogy.owl#Food> }","rdf:type","TRUE",3,3
"1hop-NamedPizza_Margherita_62_Margherita_62-Margherita_62-rdf:type-American-NEG-BIN","NamedPizza_Margherita_62",117,3,"Membership","BIN","ASK WHERE { <http://www.example.com/genealogy.owl#Margherita_62> <http://www.w3.org/1999/02/22-rdf-syntax-ns#type> <http://www.example.com/genealogy.owl#American> }","rdf:type","FALSE",3,3
"1hop-NamedPizza_Margherita_62_Margherita_62-Margherita_62-hasIngredient-MC","NamedPizza_Margherita_62",117,3,"Property Assertion","MC","SELECT ?x WHERE { <http://www.example.com/genealogy.owl#Margherita_62> <http://www.example.com/genealogy.owl#hasIngredient> ?x }","hasIngredient","MozzarellaTopping_dynamic_1; TomatoTopping_dynamic_1",2,2
"1hop-NamedPizza_Margherita_62_Margherita_62-Margherita_62-hasTopping-MozzarellaTopping_dynamic_1-BIN","NamedPizza_Margherita_62",117,3,"Property Assertion","BIN","ASK WHERE { <http://www.example.com/genealogy.owl#Margherita_62> <http://www.example.com/genealogy.owl#hasTopping> <http://www.example.com/genealogy.owl#MozzarellaTopping_dynamic_1> }","hasTopping","TRUE",1,1
"1hop-NamedPizza_Margherita_62_Margherita_62-Margherita_62-hasTopping-Margherita_62-NEG-BIN","NamedPizza_Margherita_62",117,3,"Property Assertion","BIN","ASK WHERE { <http://www.example.com/genealogy.owl#Margherita_62> <http://www.example.com/genealogy.owl#hasTopping> <http://www.example.com/genealogy.owl#Margherita_62> }","hasTopping","FALSE",1,1
"1hop-NamedPizza_Margherita_62_Margherita_62-Margherita_62-hasTopping-MC","NamedPizza_Margherita_62",117,3,"Property Assertion","MC","SELECT ?x WHERE { <http://www.example.com/genealogy.owl#Margherita_62> <http://www.example.com/genealogy.owl#hasTopping> ?x }","hasTopping","MozzarellaTopping_dynamic_1; TomatoTopping_dynamic_1",1,1
"1hop-NamedPizza_Margherita_62_Margherita_62-Margherita_62-hasIngredient-MozzarellaTopping_dynamic_1-BIN","NamedPizza_Margherita_62",117,3,"Property Assertion","BIN","ASK WHERE { <http://www.example.com/genealogy.owl#Margherita_62> <http://www.example.com/genealogy.owl#hasIngredient> <http://www.example.com/genealogy.owl#MozzarellaTopping_dynamic_1> }","hasIngredient","TRUE",2,2
"1hop-NamedPizza_Margherita_62_Margherita_62-Margherita_62-hasIngredient-Margherita_62-NEG-BIN","NamedPizza_Margherita_62",117,3,"Property Assertion","BIN","ASK WHERE { <http://www.example.com/genealogy.owl#Margherita_62> <http://www.example.com/genealogy.owl#hasIngredient> <http://www.example.com/genealogy.owl#Margherita_62> }","hasIngredient","FALSE",2,2
"1hop-NamedPizza_Margherita_68_Margherita_68-Margherita_68-rdf:type-MC","NamedPizza_Margherita_68",117,3,"Membership","MC","SELECT ?x WHERE { <http://www.example.com/genealogy.owl#Margherita_68> <http://www.w3.org/1999/02/22-rdf-syntax-ns#type> ?x }","rdf:type","DomainConcept; Food; Pizza",4,4
"1hop-NamedPizza_Margherita_68_Margherita_68-Margherita_68-hasIngredient-MC","NamedPizza_Margherita_68",117,3,"Property Assertion","MC","SELECT ?x WHERE { <http://www.example.com/genealogy.owl#Margherita_68> <http://www.example.com/genealogy.owl#hasIngredient> ?x }","hasIngredient","MozzarellaTopping_dynamic_1; TomatoTopping_dynamic_1",2,2
"1hop-NamedPizza_Margherita_68_Margherita_68-Margherita_68-hasTopping-MozzarellaTopping_dynamic_1-BIN","NamedPizza_Margherita_68",117,3,"Property Assertion","BIN","ASK WHERE { <http://www.example.com/genealogy.owl#Margherita_68> <http://www.example.com/genealogy.owl#hasTopping> <http://www.example.com/genealogy.owl#MozzarellaTopping_dynamic_1> }","hasTopping","TRUE",1,1
"1hop-NamedPizza_Margherita_68_Margherita_68-Margherita_68-hasTopping-Margherita_68-NEG-BIN","NamedPizza_Margherita_68",117,3,"Property Assertion","BIN","ASK WHERE { <http://www.example.com/genealogy.owl#Margherita_68> <http://www.example.com/genealogy.owl#hasTopping> <http://www.example.com/genealogy.owl#Margherita_68> }","hasTopping","FALSE",1,1
"1hop-NamedPizza_Margherita_68_Margherita_68-Margherita_68-hasTopping-MC","NamedPizza_Margherita_68",117,3,"Property Assertion","MC","SELECT ?x WHERE { <http://www.example.com/genealogy.owl#Margherita_68> <http://www.example.com/genealogy.owl#hasTopping> ?x }","hasTopping","MozzarellaTopping_dynamic_1; TomatoTopping_dynamic_1",1,1
"1hop-NamedPizza_Margherita_68_Margherita_68-Margherita_68-rdf:type-Food-BIN","NamedPizza_Margherita_68",117,3,"Membership","BIN","ASK WHERE { <http://www.example.com/genealogy.owl#Margherita_68> <http://www.w3.org/1999/02/22-rdf-syntax-ns#type> <http://www.example.com/genealogy.owl#Food> }","rdf:type","TRUE",3,3
"1hop-NamedPizza_Margherita_68_Margherita_68-Margherita_68-rdf:type-American-NEG-BIN","NamedPizza_Margherita_68",117,3,"Membership","BIN","ASK WHERE { <http://www.example.com/genealogy.owl#Margherita_68> <http://www.w3.org/1999/02/22-rdf-syntax-ns#type> <http://www.example.com/genealogy.owl#American> }","rdf:type","FALSE",3,3
"1hop-NamedPizza_Margherita_68_Margherita_68-Margherita_68-hasIngredient-MozzarellaTopping_dynamic_1-BIN","NamedPizza_Margherita_68",117,3,"Property Assertion","BIN","ASK WHERE { <http://www.example.com/genealogy.owl#Margherita_68> <http://www.example.com/genealogy.owl#hasIngredient> <http://www.example.com/genealogy.owl#MozzarellaTopping_dynamic_1> }","hasIngredient","TRUE",2,2
"1hop-NamedPizza_Margherita_68_Margherita_68-Margherita_68-hasIngredient-Margherita_68-NEG-BIN","NamedPizza_Margherita_68",117,3,"Property Assertion","BIN","ASK WHERE { <http://www.example.com/genealogy.owl#Margherita_68> <http://www.example.com/genealogy.owl#hasIngredient> <http://www.example.com/genealogy.owl#Margherita_68> }","hasIngredient","FALSE",2,2
"1hop-NamedPizza_Margherita_69_Margherita_69-Margherita_69-hasIngredient-MC","NamedPizza_Margherita_69",117,3,"Property Assertion","MC","SELECT ?x WHERE { <http://www.example.com/genealogy.owl#Margherita_69> <http://www.example.com/genealogy.owl#hasIngredient> ?x }","hasIngredient","MozzarellaTopping_dynamic_1; TomatoTopping_dynamic_1",2,2
"1hop-NamedPizza_Margherita_69_Margherita_69-Margherita_69-rdf:type-MC","NamedPizza_Margherita_69",117,3,"Membership","MC","SELECT ?x WHERE { <http://www.example.com/genealogy.owl#Margherita_69> <http://www.w3.org/1999/02/22-rdf-syntax-ns#type> ?x }","rdf:type","DomainConcept; Food; Pizza",4,4
"1hop-NamedPizza_Margherita_69_Margherita_69-Margherita_69-hasIngredient-MozzarellaTopping_dynamic_1-BIN","NamedPizza_Margherita_69",117,3,"Property Assertion","BIN","ASK WHERE { <http://www.example.com/genealogy.owl#Margherita_69> <http://www.example.com/genealogy.owl#hasIngredient> <http://www.example.com/genealogy.owl#MozzarellaTopping_dynamic_1> }","hasIngredient","TRUE",2,2
"1hop-NamedPizza_Margherita_69_Margherita_69-Margherita_69-hasIngredient-Margherita_69-NEG-BIN","NamedPizza_Margherita_69",117,3,"Property Assertion","BIN","ASK WHERE { <http://www.example.com/genealogy.owl#Margherita_69> <http://www.example.com/genealogy.owl#hasIngredient> <http://www.example.com/genealogy.owl#Margherita_69> }","hasIngredient","FALSE",2,2
"1hop-NamedPizza_Margherita_69_Margherita_69-Margherita_69-hasTopping-MC","NamedPizza_Margherita_69",117,3,"Property Assertion","MC","SELECT ?x WHERE { <http://www.example.com/genealogy.owl#Margherita_69> <http://www.example.com/genealogy.owl#hasTopping> ?x }","hasTopping","MozzarellaTopping_dynamic_1; TomatoTopping_dynamic_1",1,1
"1hop-NamedPizza_Margherita_69_Margherita_69-Margherita_69-rdf:type-Food-BIN","NamedPizza_Margherita_69",117,3,"Membership","BIN","ASK WHERE { <http://www.example.com/genealogy.owl#Margherita_69> <http://www.w3.org/1999/02/22-rdf-syntax-ns#type> <http://www.example.com/genealogy.owl#Food> }","rdf:type","TRUE",3,3
"1hop-NamedPizza_Margherita_69_Margherita_69-Margherita_69-rdf:type-American-NEG-BIN","NamedPizza_Margherita_69",117,3,"Membership","BIN","ASK WHERE { <http://www.example.com/genealogy.owl#Margherita_69> <http://www.w3.org/1999/02/22-rdf-syntax-ns#type> <http://www.example.com/genealogy.owl#American> }","rdf:type","FALSE",3,3
"1hop-NamedPizza_Margherita_69_Margherita_69-Margherita_69-hasTopping-MozzarellaTopping_dynamic_1-BIN","NamedPizza_Margherita_69",117,3,"Property Assertion","BIN","ASK WHERE { <http://www.example.com/genealogy.owl#Margherita_69> <http://www.example.com/genealogy.owl#hasTopping> <http://www.example.com/genealogy.owl#MozzarellaTopping_dynamic_1> }","hasTopping","TRUE",1,1
"1hop-NamedPizza_Margherita_69_Margherita_69-Margherita_69-hasTopping-Margherita_69-NEG-BIN","NamedPizza_Margherita_69",117,3,"Property Assertion","BIN","ASK WHERE { <http://www.example.com/genealogy.owl#Margherita_69> <http://www.example.com/genealogy.owl#hasTopping> <http://www.example.com/genealogy.owl#Margherita_69> }","hasTopping","FALSE",1,1
"1hop-NamedPizza_Mushroom_12_Mushroom_12-Mushroom_12-rdf:type-Food-BIN","NamedPizza_Mushroom_12",117,4,"Membership","BIN","ASK WHERE { <http://www.example.com/genealogy.owl#Mushroom_12> <http://www.w3.org/1999/02/22-rdf-syntax-ns#type> <http://www.example.com/genealogy.owl#Food> }","rdf:type","TRUE",3,3
"1hop-NamedPizza_Mushroom_12_Mushroom_12-Mushroom_12-rdf:type-American-NEG-BIN","NamedPizza_Mushroom_12",117,4,"Membership","BIN","ASK WHERE { <http://www.example.com/genealogy.owl#Mushroom_12> <http://www.w3.org/1999/02/22-rdf-syntax-ns#type> <http://www.example.com/genealogy.owl#American> }","rdf:type","FALSE",3,3
"1hop-NamedPizza_Mushroom_12_Mushroom_12-Mushroom_12-rdf:type-MC","NamedPizza_Mushroom_12",117,4,"Membership","MC","SELECT ?x WHERE { <http://www.example.com/genealogy.owl#Mushroom_12> <http://www.w3.org/1999/02/22-rdf-syntax-ns#type> ?x }","rdf:type","DomainConcept; Food; Pizza",3,3
"1hop-NamedPizza_Mushroom_12_Mushroom_12-Mushroom_12-hasIngredient-MC","NamedPizza_Mushroom_12",117,4,"Property Assertion","MC","SELECT ?x WHERE { <http://www.example.com/genealogy.owl#Mushroom_12> <http://www.example.com/genealogy.owl#hasIngredient> ?x }","hasIngredient","MozzarellaTopping_dynamic_1; MushroomTopping_dynamic_1; TomatoTopping_dynamic_1",2,2
"1hop-NamedPizza_Mushroom_12_Mushroom_12-Mushroom_12-hasTopping-MC","NamedPizza_Mushroom_12",117,4,"Property Assertion","MC","SELECT ?x WHERE { <http://www.example.com/genealogy.owl#Mushroom_12> <http://www.example.com/genealogy.owl#hasTopping> ?x }","hasTopping","MozzarellaTopping_dynamic_1; MushroomTopping_dynamic_1; TomatoTopping_dynamic_1",1,1
"1hop-NamedPizza_Mushroom_12_Mushroom_12-Mushroom_12-hasIngredient-MozzarellaTopping_dynamic_1-BIN","NamedPizza_Mushroom_12",117,4,"Property Assertion","BIN","ASK WHERE { <http://www.example.com/genealogy.owl#Mushroom_12> <http://www.example.com/genealogy.owl#hasIngredient> <http://www.example.com/genealogy.owl#MozzarellaTopping_dynamic_1> }","hasIngredient","TRUE",2,2
"1hop-NamedPizza_Mushroom_12_Mushroom_12-Mushroom_12-hasIngredient-Mushroom_12-NEG-BIN","NamedPizza_Mushroom_12",117,4,"Property Assertion","BIN","ASK WHERE { <http://www.example.com/genealogy.owl#Mushroom_12> <http://www.example.com/genealogy.owl#hasIngredient> <http://www.example.com/genealogy.owl#Mushroom_12> }","hasIngredient","FALSE",2,2
"1hop-NamedPizza_Mushroom_12_Mushroom_12-Mushroom_12-hasTopping-MozzarellaTopping_dynamic_1-BIN","NamedPizza_Mushroom_12",117,4,"Property Assertion","BIN","ASK WHERE { <http://www.example.com/genealogy.owl#Mushroom_12> <http://www.example.com/genealogy.owl#hasTopping> <http://www.example.com/genealogy.owl#MozzarellaTopping_dynamic_1> }","hasTopping","TRUE",1,1
"1hop-NamedPizza_Mushroom_12_Mushroom_12-Mushroom_12-hasTopping-Mushroom_12-NEG-BIN","NamedPizza_Mushroom_12",117,4,"Property Assertion","BIN","ASK WHERE { <http://www.example.com/genealogy.owl#Mushroom_12> <http://www.example.com/genealogy.owl#hasTopping> <http://www.example.com/genealogy.owl#Mushroom_12> }","hasTopping","FALSE",1,1
"1hop-NamedPizza_Mushroom_3_Mushroom_3-Mushroom_3-rdf:type-MC","NamedPizza_Mushroom_3",117,4,"Membership","MC","SELECT ?x WHERE { <http://www.example.com/genealogy.owl#Mushroom_3> <http://www.w3.org/1999/02/22-rdf-syntax-ns#type> ?x }","rdf:type","DomainConcept; Food; Pizza",4,4
"1hop-NamedPizza_Mushroom_3_Mushroom_3-Mushroom_3-hasTopping-MC","NamedPizza_Mushroom_3",117,4,"Property Assertion","MC","SELECT ?x WHERE { <http://www.example.com/genealogy.owl#Mushroom_3> <http://www.example.com/genealogy.owl#hasTopping> ?x }","hasTopping","MozzarellaTopping_dynamic_1; MushroomTopping_dynamic_1; TomatoTopping_dynamic_1",1,1
"1hop-NamedPizza_Mushroom_3_Mushroom_3-Mushroom_3-rdf:type-Food-BIN","NamedPizza_Mushroom_3",117,4,"Membership","BIN","ASK WHERE { <http://www.example.com/genealogy.owl#Mushroom_3> <http://www.w3.org/1999/02/22-rdf-syntax-ns#type> <http://www.example.com/genealogy.owl#Food> }","rdf:type","TRUE",3,3
"1hop-NamedPizza_Mushroom_3_Mushroom_3-Mushroom_3-rdf:type-American-NEG-BIN","NamedPizza_Mushroom_3",117,4,"Membership","BIN","ASK WHERE { <http://www.example.com/genealogy.owl#Mushroom_3> <http://www.w3.org/1999/02/22-rdf-syntax-ns#type> <http://www.example.com/genealogy.owl#American> }","rdf:type","FALSE",3,3
"1hop-NamedPizza_Mushroom_3_Mushroom_3-Mushroom_3-hasIngredient-MC","NamedPizza_Mushroom_3",117,4,"Property Assertion","MC","SELECT ?x WHERE { <http://www.example.com/genealogy.owl#Mushroom_3> <http://www.example.com/genealogy.owl#hasIngredient> ?x }","hasIngredient","MozzarellaTopping_dynamic_1; MushroomTopping_dynamic_1; TomatoTopping_dynamic_1",2,2
"1hop-NamedPizza_Mushroom_3_Mushroom_3-Mushroom_3-hasIngredient-MozzarellaTopping_dynamic_1-BIN","NamedPizza_Mushroom_3",117,4,"Property Assertion","BIN","ASK WHERE { <http://www.example.com/genealogy.owl#Mushroom_3> <http://www.example.com/genealogy.owl#hasIngredient> <http://www.example.com/genealogy.owl#MozzarellaTopping_dynamic_1> }","hasIngredient","TRUE",2,2
"1hop-NamedPizza_Mushroom_3_Mushroom_3-Mushroom_3-hasIngredient-Mushroom_3-NEG-BIN","NamedPizza_Mushroom_3",117,4,"Property Assertion","BIN","ASK WHERE { <http://www.example.com/genealogy.owl#Mushroom_3> <http://www.example.com/genealogy.owl#hasIngredient> <http://www.example.com/genealogy.owl#Mushroom_3> }","hasIngredient","FALSE",2,2
"1hop-NamedPizza_Mushroom_3_Mushroom_3-Mushroom_3-hasTopping-MozzarellaTopping_dynamic_1-BIN","NamedPizza_Mushroom_3",117,4,"Property Assertion","BIN","ASK WHERE { <http://www.example.com/genealogy.owl#Mushroom_3> <http://www.example.com/genealogy.owl#hasTopping> <http://www.example.com/genealogy.owl#MozzarellaTopping_dynamic_1> }","hasTopping","TRUE",1,1
"1hop-NamedPizza_Mushroom_3_Mushroom_3-Mushroom_3-hasTopping-Mushroom_3-NEG-BIN","NamedPizza_Mushroom_3",117,4,"Property Assertion","BIN","ASK WHERE { <http://www.example.com/genealogy.owl#Mushroom_3> <http://www.example.com/genealogy.owl#hasTopping> <http://www.example.com/genealogy.owl#Mushroom_3> }","hasTopping","FALSE",1,1
"1hop-NamedPizza_Mushroom_41_Mushroom_41-Mushroom_41-hasTopping-MC","NamedPizza_Mushroom_41",117,4,"Property Assertion","MC","SELECT ?x WHERE { <http://www.example.com/genealogy.owl#Mushroom_41> <http://www.example.com/genealogy.owl#hasTopping> ?x }","hasTopping","MozzarellaTopping_dynamic_1; MushroomTopping_dynamic_1; TomatoTopping_dynamic_1",1,1
"1hop-NamedPizza_Mushroom_41_Mushroom_41-Mushroom_41-hasTopping-MozzarellaTopping_dynamic_1-BIN","NamedPizza_Mushroom_41",117,4,"Property Assertion","BIN","ASK WHERE { <http://www.example.com/genealogy.owl#Mushroom_41> <http://www.example.com/genealogy.owl#hasTopping> <http://www.example.com/genealogy.owl#MozzarellaTopping_dynamic_1> }","hasTopping","TRUE",1,1
"1hop-NamedPizza_Mushroom_41_Mushroom_41-Mushroom_41-hasTopping-Mushroom_41-NEG-BIN","NamedPizza_Mushroom_41",117,4,"Property Assertion","BIN","ASK WHERE { <http://www.example.com/genealogy.owl#Mushroom_41> <http://www.example.com/genealogy.owl#hasTopping> <http://www.example.com/genealogy.owl#Mushroom_41> }","hasTopping","FALSE",1,1
"1hop-NamedPizza_Mushroom_41_Mushroom_41-Mushroom_41-rdf:type-Food-BIN","NamedPizza_Mushroom_41",117,4,"Membership","BIN","ASK WHERE { <http://www.example.com/genealogy.owl#Mushroom_41> <http://www.w3.org/1999/02/22-rdf-syntax-ns#type> <http://www.example.com/genealogy.owl#Food> }","rdf:type","TRUE",3,3
"1hop-NamedPizza_Mushroom_41_Mushroom_41-Mushroom_41-rdf:type-American-NEG-BIN","NamedPizza_Mushroom_41",117,4,"Membership","BIN","ASK WHERE { <http://www.example.com/genealogy.owl#Mushroom_41> <http://www.w3.org/1999/02/22-rdf-syntax-ns#type> <http://www.example.com/genealogy.owl#American> }","rdf:type","FALSE",3,3
"1hop-NamedPizza_Mushroom_41_Mushroom_41-Mushroom_41-rdf:type-MC","NamedPizza_Mushroom_41",117,4,"Membership","MC","SELECT ?x WHERE { <http://www.example.com/genealogy.owl#Mushroom_41> <http://www.w3.org/1999/02/22-rdf-syntax-ns#type> ?x }","rdf:type","DomainConcept; Food; Pizza",3,3
"1hop-NamedPizza_Mushroom_41_Mushroom_41-Mushroom_41-hasIngredient-MC","NamedPizza_Mushroom_41",117,4,"Property Assertion","MC","SELECT ?x WHERE { <http://www.example.com/genealogy.owl#Mushroom_41> <http://www.example.com/genealogy.owl#hasIngredient> ?x }","hasIngredient","MozzarellaTopping_dynamic_1; MushroomTopping_dynamic_1; TomatoTopping_dynamic_1",2,2
"1hop-NamedPizza_Mushroom_41_Mushroom_41-Mushroom_41-hasIngredient-MozzarellaTopping_dynamic_1-BIN","NamedPizza_Mushroom_41",117,4,"Property Assertion","BIN","ASK WHERE { <http://www.example.com/genealogy.owl#Mushroom_41> <http://www.example.com/genealogy.owl#hasIngredient> <http://www.example.com/genealogy.owl#MozzarellaTopping_dynamic_1> }","hasIngredient","TRUE",2,2
"1hop-NamedPizza_Mushroom_41_Mushroom_41-Mushroom_41-hasIngredient-Mushroom_41-NEG-BIN","NamedPizza_Mushroom_41",117,4,"Property Assertion","BIN","ASK WHERE { <http://www.example.com/genealogy.owl#Mushroom_41> <http://www.example.com/genealogy.owl#hasIngredient> <http://www.example.com/genealogy.owl#Mushroom_41> }","hasIngredient","FALSE",2,2
"1hop-NamedPizza_Mushroom_51_Mushroom_51-Mushroom_51-hasTopping-MC","NamedPizza_Mushroom_51",117,4,"Property Assertion","MC","SELECT ?x WHERE { <http://www.example.com/genealogy.owl#Mushroom_51> <http://www.example.com/genealogy.owl#hasTopping> ?x }","hasTopping","MozzarellaTopping_dynamic_1; MushroomTopping_dynamic_1; TomatoTopping_dynamic_1",1,1
"1hop-NamedPizza_Mushroom_51_Mushroom_51-Mushroom_51-rdf:type-MC","NamedPizza_Mushroom_51",117,4,"Membership","MC","SELECT ?x WHERE { <http://www.example.com/genealogy.owl#Mushroom_51> <http://www.w3.org/1999/02/22-rdf-syntax-ns#type> ?x }","rdf:type","DomainConcept; Food; Pizza",2,2
"1hop-NamedPizza_Mushroom_51_Mushroom_51-Mushroom_51-rdf:type-Food-BIN","NamedPizza_Mushroom_51",117,4,"Membership","BIN","ASK WHERE { <http://www.example.com/genealogy.owl#Mushroom_51> <http://www.w3.org/1999/02/22-rdf-syntax-ns#type> <http://www.example.com/genealogy.owl#Food> }","rdf:type","TRUE",3,3
"1hop-NamedPizza_Mushroom_51_Mushroom_51-Mushroom_51-rdf:type-American-NEG-BIN","NamedPizza_Mushroom_51",117,4,"Membership","BIN","ASK WHERE { <http://www.example.com/genealogy.owl#Mushroom_51> <http://www.w3.org/1999/02/22-rdf-syntax-ns#type> <http://www.example.com/genealogy.owl#American> }","rdf:type","FALSE",3,3
"1hop-NamedPizza_Mushroom_51_Mushroom_51-Mushroom_51-hasIngredient-MC","NamedPizza_Mushroom_51",117,4,"Property Assertion","MC","SELECT ?x WHERE { <http://www.example.com/genealogy.owl#Mushroom_51> <http://www.example.com/genealogy.owl#hasIngredient> ?x }","hasIngredient","MozzarellaTopping_dynamic_1; MushroomTopping_dynamic_1; TomatoTopping_dynamic_1",2,2
"1hop-NamedPizza_Mushroom_51_Mushroom_51-Mushroom_51-hasTopping-MozzarellaTopping_dynamic_1-BIN","NamedPizza_Mushroom_51",117,4,"Property Assertion","BIN","ASK WHERE { <http://www.example.com/genealogy.owl#Mushroom_51> <http://www.example.com/genealogy.owl#hasTopping> <http://www.example.com/genealogy.owl#MozzarellaTopping_dynamic_1> }","hasTopping","TRUE",1,1
"1hop-NamedPizza_Mushroom_51_Mushroom_51-Mushroom_51-hasTopping-Mushroom_51-NEG-BIN","NamedPizza_Mushroom_51",117,4,"Property Assertion","BIN","ASK WHERE { <http://www.example.com/genealogy.owl#Mushroom_51> <http://www.example.com/genealogy.owl#hasTopping> <http://www.example.com/genealogy.owl#Mushroom_51> }","hasTopping","FALSE",1,1
"1hop-NamedPizza_Mushroom_51_Mushroom_51-Mushroom_51-hasIngredient-MozzarellaTopping_dynamic_1-BIN","NamedPizza_Mushroom_51",117,4,"Property Assertion","BIN","ASK WHERE { <http://www.example.com/genealogy.owl#Mushroom_51> <http://www.example.com/genealogy.owl#hasIngredient> <http://www.example.com/genealogy.owl#MozzarellaTopping_dynamic_1> }","hasIngredient","TRUE",2,2
"1hop-NamedPizza_Mushroom_51_Mushroom_51-Mushroom_51-hasIngredient-Mushroom_51-NEG-BIN","NamedPizza_Mushroom_51",117,4,"Property Assertion","BIN","ASK WHERE { <http://www.example.com/genealogy.owl#Mushroom_51> <http://www.example.com/genealogy.owl#hasIngredient> <http://www.example.com/genealogy.owl#Mushroom_51> }","hasIngredient","FALSE",2,2
"1hop-NamedPizza_Mushroom_52_Mushroom_52-Mushroom_52-hasTopping-MozzarellaTopping_dynamic_1-BIN","NamedPizza_Mushroom_52",117,4,"Property Assertion","BIN","ASK WHERE { <http://www.example.com/genealogy.owl#Mushroom_52> <http://www.example.com/genealogy.owl#hasTopping> <http://www.example.com/genealogy.owl#MozzarellaTopping_dynamic_1> }","hasTopping","TRUE",1,1
"1hop-NamedPizza_Mushroom_52_Mushroom_52-Mushroom_52-hasTopping-Mushroom_52-NEG-BIN","NamedPizza_Mushroom_52",117,4,"Property Assertion","BIN","ASK WHERE { <http://www.example.com/genealogy.owl#Mushroom_52> <http://www.example.com/genealogy.owl#hasTopping> <http://www.example.com/genealogy.owl#Mushroom_52> }","hasTopping","FALSE",1,1
"1hop-NamedPizza_Mushroom_52_Mushroom_52-Mushroom_52-hasTopping-MC","NamedPizza_Mushroom_52",117,4,"Property Assertion","MC","SELECT ?x WHERE { <http://www.example.com/genealogy.owl#Mushroom_52> <http://www.example.com/genealogy.owl#hasTopping> ?x }","hasTopping","MozzarellaTopping_dynamic_1; MushroomTopping_dynamic_1; TomatoTopping_dynamic_1",1,1
"1hop-NamedPizza_Mushroom_52_Mushroom_52-Mushroom_52-hasIngredient-MC","NamedPizza_Mushroom_52",117,4,"Property Assertion","MC","SELECT ?x WHERE { <http://www.example.com/genealogy.owl#Mushroom_52> <http://www.example.com/genealogy.owl#hasIngredient> ?x }","hasIngredient","MozzarellaTopping_dynamic_1; MushroomTopping_dynamic_1; TomatoTopping_dynamic_1",2,2
"1hop-NamedPizza_Mushroom_52_Mushroom_52-Mushroom_52-rdf:type-MC","NamedPizza_Mushroom_52",117,4,"Membership","MC","SELECT ?x WHERE { <http://www.example.com/genealogy.owl#Mushroom_52> <http://www.w3.org/1999/02/22-rdf-syntax-ns#type> ?x }","rdf:type","DomainConcept; Food; Pizza",4,4
"1hop-NamedPizza_Mushroom_52_Mushroom_52-Mushroom_52-hasIngredient-MozzarellaTopping_dynamic_1-BIN","NamedPizza_Mushroom_52",117,4,"Property Assertion","BIN","ASK WHERE { <http://www.example.com/genealogy.owl#Mushroom_52> <http://www.example.com/genealogy.owl#hasIngredient> <http://www.example.com/genealogy.owl#MozzarellaTopping_dynamic_1> }","hasIngredient","TRUE",2,2
"1hop-NamedPizza_Mushroom_52_Mushroom_52-Mushroom_52-hasIngredient-Mushroom_52-NEG-BIN","NamedPizza_Mushroom_52",117,4,"Property Assertion","BIN","ASK WHERE { <http://www.example.com/genealogy.owl#Mushroom_52> <http://www.example.com/genealogy.owl#hasIngredient> <http://www.example.com/genealogy.owl#Mushroom_52> }","hasIngredient","FALSE",2,2
"1hop-NamedPizza_Mushroom_52_Mushroom_52-Mushroom_52-rdf:type-Food-BIN","NamedPizza_Mushroom_52",117,4,"Membership","BIN","ASK WHERE { <http://www.example.com/genealogy.owl#Mushroom_52> <http://www.w3.org/1999/02/22-rdf-syntax-ns#type> <http://www.example.com/genealogy.owl#Food> }","rdf:type","TRUE",3,3
"1hop-NamedPizza_Mushroom_52_Mushroom_52-Mushroom_52-rdf:type-American-NEG-BIN","NamedPizza_Mushroom_52",117,4,"Membership","BIN","ASK WHERE { <http://www.example.com/genealogy.owl#Mushroom_52> <http://www.w3.org/1999/02/22-rdf-syntax-ns#type> <http://www.example.com/genealogy.owl#American> }","rdf:type","FALSE",3,3
"1hop-NamedPizza_Mushroom_63_Mushroom_63-Mushroom_63-rdf:type-MC","NamedPizza_Mushroom_63",117,4,"Membership","MC","SELECT ?x WHERE { <http://www.example.com/genealogy.owl#Mushroom_63> <http://www.w3.org/1999/02/22-rdf-syntax-ns#type> ?x }","rdf:type","DomainConcept; Food; Pizza",2,2
"1hop-NamedPizza_Mushroom_63_Mushroom_63-Mushroom_63-rdf:type-Food-BIN","NamedPizza_Mushroom_63",117,4,"Membership","BIN","ASK WHERE { <http://www.example.com/genealogy.owl#Mushroom_63> <http://www.w3.org/1999/02/22-rdf-syntax-ns#type> <http://www.example.com/genealogy.owl#Food> }","rdf:type","TRUE",3,3
"1hop-NamedPizza_Mushroom_63_Mushroom_63-Mushroom_63-rdf:type-American-NEG-BIN","NamedPizza_Mushroom_63",117,4,"Membership","BIN","ASK WHERE { <http://www.example.com/genealogy.owl#Mushroom_63> <http://www.w3.org/1999/02/22-rdf-syntax-ns#type> <http://www.example.com/genealogy.owl#American> }","rdf:type","FALSE",3,3
"1hop-NamedPizza_Mushroom_63_Mushroom_63-Mushroom_63-hasIngredient-MC","NamedPizza_Mushroom_63",117,4,"Property Assertion","MC","SELECT ?x WHERE { <http://www.example.com/genealogy.owl#Mushroom_63> <http://www.example.com/genealogy.owl#hasIngredient> ?x }","hasIngredient","MozzarellaTopping_dynamic_1; MushroomTopping_dynamic_1; TomatoTopping_dynamic_1",2,2
"1hop-NamedPizza_Mushroom_63_Mushroom_63-Mushroom_63-hasTopping-MC","NamedPizza_Mushroom_63",117,4,"Property Assertion","MC","SELECT ?x WHERE { <http://www.example.com/genealogy.owl#Mushroom_63> <http://www.example.com/genealogy.owl#hasTopping> ?x }","hasTopping","MozzarellaTopping_dynamic_1; MushroomTopping_dynamic_1; TomatoTopping_dynamic_1",1,1
"1hop-NamedPizza_Mushroom_63_Mushroom_63-Mushroom_63-hasIngredient-MozzarellaTopping_dynamic_1-BIN","NamedPizza_Mushroom_63",117,4,"Property Assertion","BIN","ASK WHERE { <http://www.example.com/genealogy.owl#Mushroom_63> <http://www.example.com/genealogy.owl#hasIngredient> <http://www.example.com/genealogy.owl#MozzarellaTopping_dynamic_1> }","hasIngredient","TRUE",2,2
"1hop-NamedPizza_Mushroom_63_Mushroom_63-Mushroom_63-hasIngredient-Mushroom_63-NEG-BIN","NamedPizza_Mushroom_63",117,4,"Property Assertion","BIN","ASK WHERE { <http://www.example.com/genealogy.owl#Mushroom_63> <http://www.example.com/genealogy.owl#hasIngredient> <http://www.example.com/genealogy.owl#Mushroom_63> }","hasIngredient","FALSE",2,2
"1hop-NamedPizza_Mushroom_63_Mushroom_63-Mushroom_63-hasTopping-MozzarellaTopping_dynamic_1-BIN","NamedPizza_Mushroom_63",117,4,"Property Assertion","BIN","ASK WHERE { <http://www.example.com/genealogy.owl#Mushroom_63> <http://www.example.com/genealogy.owl#hasTopping> <http://www.example.com/genealogy.owl#MozzarellaTopping_dynamic_1> }","hasTopping","TRUE",1,1
"1hop-NamedPizza_Mushroom_63_Mushroom_63-Mushroom_63-hasTopping-Mushroom_63-NEG-BIN","NamedPizza_Mushroom_63",117,4,"Property Assertion","BIN","ASK WHERE { <http://www.example.com/genealogy.owl#Mushroom_63> <http://www.example.com/genealogy.owl#hasTopping> <http://www.example.com/genealogy.owl#Mushroom_63> }","hasTopping","FALSE",1,1
"1hop-NamedPizza_Mushroom_7_Mushroom_7-Mushroom_7-hasTopping-MC","NamedPizza_Mushroom_7",117,4,"Property Assertion","MC","SELECT ?x WHERE { <http://www.example.com/genealogy.owl#Mushroom_7> <http://www.example.com/genealogy.owl#hasTopping> ?x }","hasTopping","MozzarellaTopping_dynamic_1; MushroomTopping_dynamic_1; TomatoTopping_dynamic_1",1,1
"1hop-NamedPizza_Mushroom_7_Mushroom_7-Mushroom_7-hasIngredient-MC","NamedPizza_Mushroom_7",117,4,"Property Assertion","MC","SELECT ?x WHERE { <http://www.example.com/genealogy.owl#Mushroom_7> <http://www.example.com/genealogy.owl#hasIngredient> ?x }","hasIngredient","MozzarellaTopping_dynamic_1; MushroomTopping_dynamic_1; TomatoTopping_dynamic_1",2,2
"1hop-NamedPizza_Mushroom_7_Mushroom_7-Mushroom_7-rdf:type-MC","NamedPizza_Mushroom_7",117,4,"Membership","MC","SELECT ?x WHERE { <http://www.example.com/genealogy.owl#Mushroom_7> <http://www.w3.org/1999/02/22-rdf-syntax-ns#type> ?x }","rdf:type","DomainConcept; Food; Pizza",2,2
"1hop-NamedPizza_Mushroom_7_Mushroom_7-Mushroom_7-rdf:type-Food-BIN","NamedPizza_Mushroom_7",117,4,"Membership","BIN","ASK WHERE { <http://www.example.com/genealogy.owl#Mushroom_7> <http://www.w3.org/1999/02/22-rdf-syntax-ns#type> <http://www.example.com/genealogy.owl#Food> }","rdf:type","TRUE",3,3
"1hop-NamedPizza_Mushroom_7_Mushroom_7-Mushroom_7-rdf:type-American-NEG-BIN","NamedPizza_Mushroom_7",117,4,"Membership","BIN","ASK WHERE { <http://www.example.com/genealogy.owl#Mushroom_7> <http://www.w3.org/1999/02/22-rdf-syntax-ns#type> <http://www.example.com/genealogy.owl#American> }","rdf:type","FALSE",3,3
"1hop-NamedPizza_Mushroom_7_Mushroom_7-Mushroom_7-hasTopping-MozzarellaTopping_dynamic_1-BIN","NamedPizza_Mushroom_7",117,4,"Property Assertion","BIN","ASK WHERE { <http://www.example.com/genealogy.owl#Mushroom_7> <http://www.example.com/genealogy.owl#hasTopping> <http://www.example.com/genealogy.owl#MozzarellaTopping_dynamic_1> }","hasTopping","TRUE",1,1
"1hop-NamedPizza_Mushroom_7_Mushroom_7-Mushroom_7-hasTopping-Mushroom_7-NEG-BIN","NamedPizza_Mushroom_7",117,4,"Property Assertion","BIN","ASK WHERE { <http://www.example.com/genealogy.owl#Mushroom_7> <http://www.example.com/genealogy.owl#hasTopping> <http://www.example.com/genealogy.owl#Mushroom_7> }","hasTopping","FALSE",1,1
"1hop-NamedPizza_Mushroom_7_Mushroom_7-Mushroom_7-hasIngredient-MozzarellaTopping_dynamic_1-BIN","NamedPizza_Mushroom_7",117,4,"Property Assertion","BIN","ASK WHERE { <http://www.example.com/genealogy.owl#Mushroom_7> <http://www.example.com/genealogy.owl#hasIngredient> <http://www.example.com/genealogy.owl#MozzarellaTopping_dynamic_1> }","hasIngredient","TRUE",2,2
"1hop-NamedPizza_Mushroom_7_Mushroom_7-Mushroom_7-hasIngredient-Mushroom_7-NEG-BIN","NamedPizza_Mushroom_7",117,4,"Property Assertion","BIN","ASK WHERE { <http://www.example.com/genealogy.owl#Mushroom_7> <http://www.example.com/genealogy.owl#hasIngredient> <http://www.example.com/genealogy.owl#Mushroom_7> }","hasIngredient","FALSE",2,2
"1hop-NamedPizza_Mushroom_93_Mushroom_93-Mushroom_93-hasIngredient-MC","NamedPizza_Mushroom_93",117,4,"Property Assertion","MC","SELECT ?x WHERE { <http://www.example.com/genealogy.owl#Mushroom_93> <http://www.example.com/genealogy.owl#hasIngredient> ?x }","hasIngredient","MozzarellaTopping_dynamic_1; MushroomTopping_dynamic_1; TomatoTopping_dynamic_1",2,2
"1hop-NamedPizza_Mushroom_93_Mushroom_93-Mushroom_93-hasTopping-MC","NamedPizza_Mushroom_93",117,4,"Property Assertion","MC","SELECT ?x WHERE { <http://www.example.com/genealogy.owl#Mushroom_93> <http://www.example.com/genealogy.owl#hasTopping> ?x }","hasTopping","MozzarellaTopping_dynamic_1; MushroomTopping_dynamic_1; TomatoTopping_dynamic_1",1,1
"1hop-NamedPizza_Mushroom_93_Mushroom_93-Mushroom_93-rdf:type-MC","NamedPizza_Mushroom_93",117,4,"Membership","MC","SELECT ?x WHERE { <http://www.example.com/genealogy.owl#Mushroom_93> <http://www.w3.org/1999/02/22-rdf-syntax-ns#type> ?x }","rdf:type","DomainConcept; Food; Pizza",2,2
"1hop-NamedPizza_Mushroom_93_Mushroom_93-Mushroom_93-hasTopping-MozzarellaTopping_dynamic_1-BIN","NamedPizza_Mushroom_93",117,4,"Property Assertion","BIN","ASK WHERE { <http://www.example.com/genealogy.owl#Mushroom_93> <http://www.example.com/genealogy.owl#hasTopping> <http://www.example.com/genealogy.owl#MozzarellaTopping_dynamic_1> }","hasTopping","TRUE",1,1
"1hop-NamedPizza_Mushroom_93_Mushroom_93-Mushroom_93-hasTopping-Mushroom_93-NEG-BIN","NamedPizza_Mushroom_93",117,4,"Property Assertion","BIN","ASK WHERE { <http://www.example.com/genealogy.owl#Mushroom_93> <http://www.example.com/genealogy.owl#hasTopping> <http://www.example.com/genealogy.owl#Mushroom_93> }","hasTopping","FALSE",1,1
"1hop-NamedPizza_Mushroom_93_Mushroom_93-Mushroom_93-hasIngredient-MozzarellaTopping_dynamic_1-BIN","NamedPizza_Mushroom_93",117,4,"Property Assertion","BIN","ASK WHERE { <http://www.example.com/genealogy.owl#Mushroom_93> <http://www.example.com/genealogy.owl#hasIngredient> <http://www.example.com/genealogy.owl#MozzarellaTopping_dynamic_1> }","hasIngredient","TRUE",2,2
"1hop-NamedPizza_Mushroom_93_Mushroom_93-Mushroom_93-hasIngredient-Mushroom_93-NEG-BIN","NamedPizza_Mushroom_93",117,4,"Property Assertion","BIN","ASK WHERE { <http://www.example.com/genealogy.owl#Mushroom_93> <http://www.example.com/genealogy.owl#hasIngredient> <http://www.example.com/genealogy.owl#Mushroom_93> }","hasIngredient","FALSE",2,2
"1hop-NamedPizza_Mushroom_93_Mushroom_93-Mushroom_93-rdf:type-Food-BIN","NamedPizza_Mushroom_93",117,4,"Membership","BIN","ASK WHERE { <http://www.example.com/genealogy.owl#Mushroom_93> <http://www.w3.org/1999/02/22-rdf-syntax-ns#type> <http://www.example.com/genealogy.owl#Food> }","rdf:type","TRUE",3,3
"1hop-NamedPizza_Mushroom_93_Mushroom_93-Mushroom_93-rdf:type-American-NEG-BIN","NamedPizza_Mushroom_93",117,4,"Membership","BIN","ASK WHERE { <http://www.example.com/genealogy.owl#Mushroom_93> <http://www.w3.org/1999/02/22-rdf-syntax-ns#type> <http://www.example.com/genealogy.owl#American> }","rdf:type","FALSE",3,3
"1hop-NamedPizza_Napoletana_2_Napoletana_2-Napoletana_2-hasTopping-MC","NamedPizza_Napoletana_2",117,6,"Property Assertion","MC","SELECT ?x WHERE { <http://www.example.com/genealogy.owl#Napoletana_2> <http://www.example.com/genealogy.owl#hasTopping> ?x }","hasTopping","AnchoviesTopping_dynamic_1; CaperTopping_dynamic_1; MozzarellaTopping_dynamic_1; OliveTopping_dynamic_1; TomatoTopping_dynamic_1",1,1
"1hop-NamedPizza_Napoletana_2_Napoletana_2-Napoletana_2-rdf:type-MC","NamedPizza_Napoletana_2",117,6,"Membership","MC","SELECT ?x WHERE { <http://www.example.com/genealogy.owl#Napoletana_2> <http://www.w3.org/1999/02/22-rdf-syntax-ns#type> ?x }","rdf:type","DomainConcept; Food; Pizza",2,2
"1hop-NamedPizza_Napoletana_2_Napoletana_2-Napoletana_2-hasIngredient-AnchoviesTopping_dynamic_1-BIN","NamedPizza_Napoletana_2",117,6,"Property Assertion","BIN","ASK WHERE { <http://www.example.com/genealogy.owl#Napoletana_2> <http://www.example.com/genealogy.owl#hasIngredient> <http://www.example.com/genealogy.owl#AnchoviesTopping_dynamic_1> }","hasIngredient","TRUE",2,2
"1hop-NamedPizza_Napoletana_2_Napoletana_2-Napoletana_2-hasIngredient-Napoletana_2-NEG-BIN","NamedPizza_Napoletana_2",117,6,"Property Assertion","BIN","ASK WHERE { <http://www.example.com/genealogy.owl#Napoletana_2> <http://www.example.com/genealogy.owl#hasIngredient> <http://www.example.com/genealogy.owl#Napoletana_2> }","hasIngredient","FALSE",2,2
"1hop-NamedPizza_Napoletana_2_Napoletana_2-Napoletana_2-hasIngredient-MC","NamedPizza_Napoletana_2",117,6,"Property Assertion","MC","SELECT ?x WHERE { <http://www.example.com/genealogy.owl#Napoletana_2> <http://www.example.com/genealogy.owl#hasIngredient> ?x }","hasIngredient","AnchoviesTopping_dynamic_1; CaperTopping_dynamic_1; MozzarellaTopping_dynamic_1; OliveTopping_dynamic_1; TomatoTopping_dynamic_1",2,2
"1hop-NamedPizza_Napoletana_2_Napoletana_2-Napoletana_2-hasTopping-AnchoviesTopping_dynamic_1-BIN","NamedPizza_Napoletana_2",117,6,"Property Assertion","BIN","ASK WHERE { <http://www.example.com/genealogy.owl#Napoletana_2> <http://www.example.com/genealogy.owl#hasTopping> <http://www.example.com/genealogy.owl#AnchoviesTopping_dynamic_1> }","hasTopping","TRUE",1,1
"1hop-NamedPizza_Napoletana_2_Napoletana_2-Napoletana_2-hasTopping-Napoletana_2-NEG-BIN","NamedPizza_Napoletana_2",117,6,"Property Assertion","BIN","ASK WHERE { <http://www.example.com/genealogy.owl#Napoletana_2> <http://www.example.com/genealogy.owl#hasTopping> <http://www.example.com/genealogy.owl#Napoletana_2> }","hasTopping","FALSE",1,1
"1hop-NamedPizza_Napoletana_2_Napoletana_2-Napoletana_2-rdf:type-Food-BIN","NamedPizza_Napoletana_2",117,6,"Membership","BIN","ASK WHERE { <http://www.example.com/genealogy.owl#Napoletana_2> <http://www.w3.org/1999/02/22-rdf-syntax-ns#type> <http://www.example.com/genealogy.owl#Food> }","rdf:type","TRUE",3,3
"1hop-NamedPizza_Napoletana_2_Napoletana_2-Napoletana_2-rdf:type-American-NEG-BIN","NamedPizza_Napoletana_2",117,6,"Membership","BIN","ASK WHERE { <http://www.example.com/genealogy.owl#Napoletana_2> <http://www.w3.org/1999/02/22-rdf-syntax-ns#type> <http://www.example.com/genealogy.owl#American> }","rdf:type","FALSE",3,3
"1hop-NamedPizza_Napoletana_21_Napoletana_21-Napoletana_21-rdf:type-MC","NamedPizza_Napoletana_21",117,6,"Membership","MC","SELECT ?x WHERE { <http://www.example.com/genealogy.owl#Napoletana_21> <http://www.w3.org/1999/02/22-rdf-syntax-ns#type> ?x }","rdf:type","DomainConcept; Food; Pizza",4,4
"1hop-NamedPizza_Napoletana_21_Napoletana_21-Napoletana_21-hasTopping-MC","NamedPizza_Napoletana_21",117,6,"Property Assertion","MC","SELECT ?x WHERE { <http://www.example.com/genealogy.owl#Napoletana_21> <http://www.example.com/genealogy.owl#hasTopping> ?x }","hasTopping","AnchoviesTopping_dynamic_1; CaperTopping_dynamic_1; MozzarellaTopping_dynamic_1; OliveTopping_dynamic_1; TomatoTopping_dynamic_1",1,1
"1hop-NamedPizza_Napoletana_21_Napoletana_21-Napoletana_21-hasIngredient-MC","NamedPizza_Napoletana_21",117,6,"Property Assertion","MC","SELECT ?x WHERE { <http://www.example.com/genealogy.owl#Napoletana_21> <http://www.example.com/genealogy.owl#hasIngredient> ?x }","hasIngredient","AnchoviesTopping_dynamic_1; CaperTopping_dynamic_1; MozzarellaTopping_dynamic_1; OliveTopping_dynamic_1; TomatoTopping_dynamic_1",2,2
"1hop-NamedPizza_Napoletana_21_Napoletana_21-Napoletana_21-rdf:type-Food-BIN","NamedPizza_Napoletana_21",117,6,"Membership","BIN","ASK WHERE { <http://www.example.com/genealogy.owl#Napoletana_21> <http://www.w3.org/1999/02/22-rdf-syntax-ns#type> <http://www.example.com/genealogy.owl#Food> }","rdf:type","TRUE",3,3
"1hop-NamedPizza_Napoletana_21_Napoletana_21-Napoletana_21-rdf:type-American-NEG-BIN","NamedPizza_Napoletana_21",117,6,"Membership","BIN","ASK WHERE { <http://www.example.com/genealogy.owl#Napoletana_21> <http://www.w3.org/1999/02/22-rdf-syntax-ns#type> <http://www.example.com/genealogy.owl#American> }","rdf:type","FALSE",3,3
"1hop-NamedPizza_Napoletana_21_Napoletana_21-Napoletana_21-hasTopping-AnchoviesTopping_dynamic_1-BIN","NamedPizza_Napoletana_21",117,6,"Property Assertion","BIN","ASK WHERE { <http://www.example.com/genealogy.owl#Napoletana_21> <http://www.example.com/genealogy.owl#hasTopping> <http://www.example.com/genealogy.owl#AnchoviesTopping_dynamic_1> }","hasTopping","TRUE",1,1
"1hop-NamedPizza_Napoletana_21_Napoletana_21-Napoletana_21-hasTopping-Napoletana_21-NEG-BIN","NamedPizza_Napoletana_21",117,6,"Property Assertion","BIN","ASK WHERE { <http://www.example.com/genealogy.owl#Napoletana_21> <http://www.example.com/genealogy.owl#hasTopping> <http://www.example.com/genealogy.owl#Napoletana_21> }","hasTopping","FALSE",1,1
"1hop-NamedPizza_Napoletana_21_Napoletana_21-Napoletana_21-hasIngredient-AnchoviesTopping_dynamic_1-BIN","NamedPizza_Napoletana_21",117,6,"Property Assertion","BIN","ASK WHERE { <http://www.example.com/genealogy.owl#Napoletana_21> <http://www.example.com/genealogy.owl#hasIngredient> <http://www.example.com/genealogy.owl#AnchoviesTopping_dynamic_1> }","hasIngredient","TRUE",2,2
"1hop-NamedPizza_Napoletana_21_Napoletana_21-Napoletana_21-hasIngredient-Napoletana_21-NEG-BIN","NamedPizza_Napoletana_21",117,6,"Property Assertion","BIN","ASK WHERE { <http://www.example.com/genealogy.owl#Napoletana_21> <http://www.example.com/genealogy.owl#hasIngredient> <http://www.example.com/genealogy.owl#Napoletana_21> }","hasIngredient","FALSE",2,2
"1hop-NamedPizza_Napoletana_25_Napoletana_25-Napoletana_25-hasTopping-MC","NamedPizza_Napoletana_25",117,6,"Property Assertion","MC","SELECT ?x WHERE { <http://www.example.com/genealogy.owl#Napoletana_25> <http://www.example.com/genealogy.owl#hasTopping> ?x }","hasTopping","AnchoviesTopping_dynamic_1; CaperTopping_dynamic_1; MozzarellaTopping_dynamic_1; OliveTopping_dynamic_1; TomatoTopping_dynamic_1",1,1
"1hop-NamedPizza_Napoletana_25_Napoletana_25-Napoletana_25-hasIngredient-AnchoviesTopping_dynamic_1-BIN","NamedPizza_Napoletana_25",117,6,"Property Assertion","BIN","ASK WHERE { <http://www.example.com/genealogy.owl#Napoletana_25> <http://www.example.com/genealogy.owl#hasIngredient> <http://www.example.com/genealogy.owl#AnchoviesTopping_dynamic_1> }","hasIngredient","TRUE",2,2
"1hop-NamedPizza_Napoletana_25_Napoletana_25-Napoletana_25-hasIngredient-Napoletana_25-NEG-BIN","NamedPizza_Napoletana_25",117,6,"Property Assertion","BIN","ASK WHERE { <http://www.example.com/genealogy.owl#Napoletana_25> <http://www.example.com/genealogy.owl#hasIngredient> <http://www.example.com/genealogy.owl#Napoletana_25> }","hasIngredient","FALSE",2,2
"1hop-NamedPizza_Napoletana_25_Napoletana_25-Napoletana_25-hasIngredient-MC","NamedPizza_Napoletana_25",117,6,"Property Assertion","MC","SELECT ?x WHERE { <http://www.example.com/genealogy.owl#Napoletana_25> <http://www.example.com/genealogy.owl#hasIngredient> ?x }","hasIngredient","AnchoviesTopping_dynamic_1; CaperTopping_dynamic_1; MozzarellaTopping_dynamic_1; OliveTopping_dynamic_1; TomatoTopping_dynamic_1",2,2
"1hop-NamedPizza_Napoletana_25_Napoletana_25-Napoletana_25-hasTopping-AnchoviesTopping_dynamic_1-BIN","NamedPizza_Napoletana_25",117,6,"Property Assertion","BIN","ASK WHERE { <http://www.example.com/genealogy.owl#Napoletana_25> <http://www.example.com/genealogy.owl#hasTopping> <http://www.example.com/genealogy.owl#AnchoviesTopping_dynamic_1> }","hasTopping","TRUE",1,1
"1hop-NamedPizza_Napoletana_25_Napoletana_25-Napoletana_25-hasTopping-Napoletana_25-NEG-BIN","NamedPizza_Napoletana_25",117,6,"Property Assertion","BIN","ASK WHERE { <http://www.example.com/genealogy.owl#Napoletana_25> <http://www.example.com/genealogy.owl#hasTopping> <http://www.example.com/genealogy.owl#Napoletana_25> }","hasTopping","FALSE",1,1
"1hop-NamedPizza_Napoletana_25_Napoletana_25-Napoletana_25-rdf:type-MC","NamedPizza_Napoletana_25",117,6,"Membership","MC","SELECT ?x WHERE { <http://www.example.com/genealogy.owl#Napoletana_25> <http://www.w3.org/1999/02/22-rdf-syntax-ns#type> ?x }","rdf:type","DomainConcept; Food; Pizza",4,4
"1hop-NamedPizza_Napoletana_25_Napoletana_25-Napoletana_25-rdf:type-Food-BIN","NamedPizza_Napoletana_25",117,6,"Membership","BIN","ASK WHERE { <http://www.example.com/genealogy.owl#Napoletana_25> <http://www.w3.org/1999/02/22-rdf-syntax-ns#type> <http://www.example.com/genealogy.owl#Food> }","rdf:type","TRUE",3,3
"1hop-NamedPizza_Napoletana_25_Napoletana_25-Napoletana_25-rdf:type-American-NEG-BIN","NamedPizza_Napoletana_25",117,6,"Membership","BIN","ASK WHERE { <http://www.example.com/genealogy.owl#Napoletana_25> <http://www.w3.org/1999/02/22-rdf-syntax-ns#type> <http://www.example.com/genealogy.owl#American> }","rdf:type","FALSE",3,3
"1hop-NamedPizza_Napoletana_27_Napoletana_27-Napoletana_27-hasIngredient-MC","NamedPizza_Napoletana_27",117,6,"Property Assertion","MC","SELECT ?x WHERE { <http://www.example.com/genealogy.owl#Napoletana_27> <http://www.example.com/genealogy.owl#hasIngredient> ?x }","hasIngredient","AnchoviesTopping_dynamic_1; CaperTopping_dynamic_1; MozzarellaTopping_dynamic_1; OliveTopping_dynamic_1; TomatoTopping_dynamic_1",2,2
"1hop-NamedPizza_Napoletana_27_Napoletana_27-Napoletana_27-hasTopping-MC","NamedPizza_Napoletana_27",117,6,"Property Assertion","MC","SELECT ?x WHERE { <http://www.example.com/genealogy.owl#Napoletana_27> <http://www.example.com/genealogy.owl#hasTopping> ?x }","hasTopping","AnchoviesTopping_dynamic_1; CaperTopping_dynamic_1; MozzarellaTopping_dynamic_1; OliveTopping_dynamic_1; TomatoTopping_dynamic_1",1,1
"1hop-NamedPizza_Napoletana_27_Napoletana_27-Napoletana_27-hasIngredient-AnchoviesTopping_dynamic_1-BIN","NamedPizza_Napoletana_27",117,6,"Property Assertion","BIN","ASK WHERE { <http://www.example.com/genealogy.owl#Napoletana_27> <http://www.example.com/genealogy.owl#hasIngredient> <http://www.example.com/genealogy.owl#AnchoviesTopping_dynamic_1> }","hasIngredient","TRUE",2,2
"1hop-NamedPizza_Napoletana_27_Napoletana_27-Napoletana_27-hasIngredient-Napoletana_27-NEG-BIN","NamedPizza_Napoletana_27",117,6,"Property Assertion","BIN","ASK WHERE { <http://www.example.com/genealogy.owl#Napoletana_27> <http://www.example.com/genealogy.owl#hasIngredient> <http://www.example.com/genealogy.owl#Napoletana_27> }","hasIngredient","FALSE",2,2
"1hop-NamedPizza_Napoletana_27_Napoletana_27-Napoletana_27-rdf:type-Food-BIN","NamedPizza_Napoletana_27",117,6,"Membership","BIN","ASK WHERE { <http://www.example.com/genealogy.owl#Napoletana_27> <http://www.w3.org/1999/02/22-rdf-syntax-ns#type> <http://www.example.com/genealogy.owl#Food> }","rdf:type","TRUE",3,3
"1hop-NamedPizza_Napoletana_27_Napoletana_27-Napoletana_27-rdf:type-American-NEG-BIN","NamedPizza_Napoletana_27",117,6,"Membership","BIN","ASK WHERE { <http://www.example.com/genealogy.owl#Napoletana_27> <http://www.w3.org/1999/02/22-rdf-syntax-ns#type> <http://www.example.com/genealogy.owl#American> }","rdf:type","FALSE",3,3
"1hop-NamedPizza_Napoletana_27_Napoletana_27-Napoletana_27-rdf:type-MC","NamedPizza_Napoletana_27",117,6,"Membership","MC","SELECT ?x WHERE { <http://www.example.com/genealogy.owl#Napoletana_27> <http://www.w3.org/1999/02/22-rdf-syntax-ns#type> ?x }","rdf:type","DomainConcept; Food; Pizza",3,3
"1hop-NamedPizza_Napoletana_27_Napoletana_27-Napoletana_27-hasTopping-AnchoviesTopping_dynamic_1-BIN","NamedPizza_Napoletana_27",117,6,"Property Assertion","BIN","ASK WHERE { <http://www.example.com/genealogy.owl#Napoletana_27> <http://www.example.com/genealogy.owl#hasTopping> <http://www.example.com/genealogy.owl#AnchoviesTopping_dynamic_1> }","hasTopping","TRUE",1,1
"1hop-NamedPizza_Napoletana_27_Napoletana_27-Napoletana_27-hasTopping-Napoletana_27-NEG-BIN","NamedPizza_Napoletana_27",117,6,"Property Assertion","BIN","ASK WHERE { <http://www.example.com/genealogy.owl#Napoletana_27> <http://www.example.com/genealogy.owl#hasTopping> <http://www.example.com/genealogy.owl#Napoletana_27> }","hasTopping","FALSE",1,1
"1hop-NamedPizza_Napoletana_29_Napoletana_29-Napoletana_29-hasTopping-MC","NamedPizza_Napoletana_29",117,6,"Property Assertion","MC","SELECT ?x WHERE { <http://www.example.com/genealogy.owl#Napoletana_29> <http://www.example.com/genealogy.owl#hasTopping> ?x }","hasTopping","AnchoviesTopping_dynamic_1; CaperTopping_dynamic_1; MozzarellaTopping_dynamic_1; OliveTopping_dynamic_1; TomatoTopping_dynamic_1",1,1
"1hop-NamedPizza_Napoletana_29_Napoletana_29-Napoletana_29-hasIngredient-AnchoviesTopping_dynamic_1-BIN","NamedPizza_Napoletana_29",117,6,"Property Assertion","BIN","ASK WHERE { <http://www.example.com/genealogy.owl#Napoletana_29> <http://www.example.com/genealogy.owl#hasIngredient> <http://www.example.com/genealogy.owl#AnchoviesTopping_dynamic_1> }","hasIngredient","TRUE",2,2
"1hop-NamedPizza_Napoletana_29_Napoletana_29-Napoletana_29-hasIngredient-Napoletana_29-NEG-BIN","NamedPizza_Napoletana_29",117,6,"Property Assertion","BIN","ASK WHERE { <http://www.example.com/genealogy.owl#Napoletana_29> <http://www.example.com/genealogy.owl#hasIngredient> <http://www.example.com/genealogy.owl#Napoletana_29> }","hasIngredient","FALSE",2,2
"1hop-NamedPizza_Napoletana_29_Napoletana_29-Napoletana_29-hasIngredient-MC","NamedPizza_Napoletana_29",117,6,"Property Assertion","MC","SELECT ?x WHERE { <http://www.example.com/genealogy.owl#Napoletana_29> <http://www.example.com/genealogy.owl#hasIngredient> ?x }","hasIngredient","AnchoviesTopping_dynamic_1; CaperTopping_dynamic_1; MozzarellaTopping_dynamic_1; OliveTopping_dynamic_1; TomatoTopping_dynamic_1",2,2
"1hop-NamedPizza_Napoletana_29_Napoletana_29-Napoletana_29-hasTopping-AnchoviesTopping_dynamic_1-BIN","NamedPizza_Napoletana_29",117,6,"Property Assertion","BIN","ASK WHERE { <http://www.example.com/genealogy.owl#Napoletana_29> <http://www.example.com/genealogy.owl#hasTopping> <http://www.example.com/genealogy.owl#AnchoviesTopping_dynamic_1> }","hasTopping","TRUE",1,1
"1hop-NamedPizza_Napoletana_29_Napoletana_29-Napoletana_29-hasTopping-Napoletana_29-NEG-BIN","NamedPizza_Napoletana_29",117,6,"Property Assertion","BIN","ASK WHERE { <http://www.example.com/genealogy.owl#Napoletana_29> <http://www.example.com/genealogy.owl#hasTopping> <http://www.example.com/genealogy.owl#Napoletana_29> }","hasTopping","FALSE",1,1
"1hop-NamedPizza_Napoletana_29_Napoletana_29-Napoletana_29-rdf:type-MC","NamedPizza_Napoletana_29",117,6,"Membership","MC","SELECT ?x WHERE { <http://www.example.com/genealogy.owl#Napoletana_29> <http://www.w3.org/1999/02/22-rdf-syntax-ns#type> ?x }","rdf:type","DomainConcept; Food; Pizza",4,4
"1hop-NamedPizza_Napoletana_29_Napoletana_29-Napoletana_29-rdf:type-Food-BIN","NamedPizza_Napoletana_29",117,6,"Membership","BIN","ASK WHERE { <http://www.example.com/genealogy.owl#Napoletana_29> <http://www.w3.org/1999/02/22-rdf-syntax-ns#type> <http://www.example.com/genealogy.owl#Food> }","rdf:type","TRUE",3,3
"1hop-NamedPizza_Napoletana_29_Napoletana_29-Napoletana_29-rdf:type-American-NEG-BIN","NamedPizza_Napoletana_29",117,6,"Membership","BIN","ASK WHERE { <http://www.example.com/genealogy.owl#Napoletana_29> <http://www.w3.org/1999/02/22-rdf-syntax-ns#type> <http://www.example.com/genealogy.owl#American> }","rdf:type","FALSE",3,3
"1hop-NamedPizza_Napoletana_30_Napoletana_30-Napoletana_30-hasTopping-MC","NamedPizza_Napoletana_30",117,6,"Property Assertion","MC","SELECT ?x WHERE { <http://www.example.com/genealogy.owl#Napoletana_30> <http://www.example.com/genealogy.owl#hasTopping> ?x }","hasTopping","AnchoviesTopping_dynamic_1; CaperTopping_dynamic_1; MozzarellaTopping_dynamic_1; OliveTopping_dynamic_1; TomatoTopping_dynamic_1",1,1
"1hop-NamedPizza_Napoletana_30_Napoletana_30-Napoletana_30-rdf:type-Food-BIN","NamedPizza_Napoletana_30",117,6,"Membership","BIN","ASK WHERE { <http://www.example.com/genealogy.owl#Napoletana_30> <http://www.w3.org/1999/02/22-rdf-syntax-ns#type> <http://www.example.com/genealogy.owl#Food> }","rdf:type","TRUE",3,3
"1hop-NamedPizza_Napoletana_30_Napoletana_30-Napoletana_30-rdf:type-American-NEG-BIN","NamedPizza_Napoletana_30",117,6,"Membership","BIN","ASK WHERE { <http://www.example.com/genealogy.owl#Napoletana_30> <http://www.w3.org/1999/02/22-rdf-syntax-ns#type> <http://www.example.com/genealogy.owl#American> }","rdf:type","FALSE",3,3
"1hop-NamedPizza_Napoletana_30_Napoletana_30-Napoletana_30-rdf:type-MC","NamedPizza_Napoletana_30",117,6,"Membership","MC","SELECT ?x WHERE { <http://www.example.com/genealogy.owl#Napoletana_30> <http://www.w3.org/1999/02/22-rdf-syntax-ns#type> ?x }","rdf:type","DomainConcept; Food; Pizza",3,3
"1hop-NamedPizza_Napoletana_30_Napoletana_30-Napoletana_30-hasIngredient-AnchoviesTopping_dynamic_1-BIN","NamedPizza_Napoletana_30",117,6,"Property Assertion","BIN","ASK WHERE { <http://www.example.com/genealogy.owl#Napoletana_30> <http://www.example.com/genealogy.owl#hasIngredient> <http://www.example.com/genealogy.owl#AnchoviesTopping_dynamic_1> }","hasIngredient","TRUE",2,2
"1hop-NamedPizza_Napoletana_30_Napoletana_30-Napoletana_30-hasIngredient-Napoletana_30-NEG-BIN","NamedPizza_Napoletana_30",117,6,"Property Assertion","BIN","ASK WHERE { <http://www.example.com/genealogy.owl#Napoletana_30> <http://www.example.com/genealogy.owl#hasIngredient> <http://www.example.com/genealogy.owl#Napoletana_30> }","hasIngredient","FALSE",2,2
"1hop-NamedPizza_Napoletana_30_Napoletana_30-Napoletana_30-hasIngredient-MC","NamedPizza_Napoletana_30",117,6,"Property Assertion","MC","SELECT ?x WHERE { <http://www.example.com/genealogy.owl#Napoletana_30> <http://www.example.com/genealogy.owl#hasIngredient> ?x }","hasIngredient","AnchoviesTopping_dynamic_1; CaperTopping_dynamic_1; MozzarellaTopping_dynamic_1; OliveTopping_dynamic_1; TomatoTopping_dynamic_1",2,2
"1hop-NamedPizza_Napoletana_30_Napoletana_30-Napoletana_30-hasTopping-AnchoviesTopping_dynamic_1-BIN","NamedPizza_Napoletana_30",117,6,"Property Assertion","BIN","ASK WHERE { <http://www.example.com/genealogy.owl#Napoletana_30> <http://www.example.com/genealogy.owl#hasTopping> <http://www.example.com/genealogy.owl#AnchoviesTopping_dynamic_1> }","hasTopping","TRUE",1,1
"1hop-NamedPizza_Napoletana_30_Napoletana_30-Napoletana_30-hasTopping-Napoletana_30-NEG-BIN","NamedPizza_Napoletana_30",117,6,"Property Assertion","BIN","ASK WHERE { <http://www.example.com/genealogy.owl#Napoletana_30> <http://www.example.com/genealogy.owl#hasTopping> <http://www.example.com/genealogy.owl#Napoletana_30> }","hasTopping","FALSE",1,1
"1hop-NamedPizza_Napoletana_51_Napoletana_51-Napoletana_51-hasTopping-MC","NamedPizza_Napoletana_51",117,6,"Property Assertion","MC","SELECT ?x WHERE { <http://www.example.com/genealogy.owl#Napoletana_51> <http://www.example.com/genealogy.owl#hasTopping> ?x }","hasTopping","AnchoviesTopping_dynamic_1; CaperTopping_dynamic_1; MozzarellaTopping_dynamic_1; OliveTopping_dynamic_1; TomatoTopping_dynamic_1",1,1
"1hop-NamedPizza_Napoletana_51_Napoletana_51-Napoletana_51-rdf:type-Food-BIN","NamedPizza_Napoletana_51",117,6,"Membership","BIN","ASK WHERE { <http://www.example.com/genealogy.owl#Napoletana_51> <http://www.w3.org/1999/02/22-rdf-syntax-ns#type> <http://www.example.com/genealogy.owl#Food> }","rdf:type","TRUE",3,3
"1hop-NamedPizza_Napoletana_51_Napoletana_51-Napoletana_51-rdf:type-American-NEG-BIN","NamedPizza_Napoletana_51",117,6,"Membership","BIN","ASK WHERE { <http://www.example.com/genealogy.owl#Napoletana_51> <http://www.w3.org/1999/02/22-rdf-syntax-ns#type> <http://www.example.com/genealogy.owl#American> }","rdf:type","FALSE",3,3
"1hop-NamedPizza_Napoletana_51_Napoletana_51-Napoletana_51-rdf:type-MC","NamedPizza_Napoletana_51",117,6,"Membership","MC","SELECT ?x WHERE { <http://www.example.com/genealogy.owl#Napoletana_51> <http://www.w3.org/1999/02/22-rdf-syntax-ns#type> ?x }","rdf:type","DomainConcept; Food; Pizza",3,3
"1hop-NamedPizza_Napoletana_51_Napoletana_51-Napoletana_51-hasIngredient-MC","NamedPizza_Napoletana_51",117,6,"Property Assertion","MC","SELECT ?x WHERE { <http://www.example.com/genealogy.owl#Napoletana_51> <http://www.example.com/genealogy.owl#hasIngredient> ?x }","hasIngredient","AnchoviesTopping_dynamic_1; CaperTopping_dynamic_1; MozzarellaTopping_dynamic_1; OliveTopping_dynamic_1; TomatoTopping_dynamic_1",2,2
"1hop-NamedPizza_Napoletana_51_Napoletana_51-Napoletana_51-hasTopping-AnchoviesTopping_dynamic_1-BIN","NamedPizza_Napoletana_51",117,6,"Property Assertion","BIN","ASK WHERE { <http://www.example.com/genealogy.owl#Napoletana_51> <http://www.example.com/genealogy.owl#hasTopping> <http://www.example.com/genealogy.owl#AnchoviesTopping_dynamic_1> }","hasTopping","TRUE",1,1
"1hop-NamedPizza_Napoletana_51_Napoletana_51-Napoletana_51-hasTopping-Napoletana_51-NEG-BIN","NamedPizza_Napoletana_51",117,6,"Property Assertion","BIN","ASK WHERE { <http://www.example.com/genealogy.owl#Napoletana_51> <http://www.example.com/genealogy.owl#hasTopping> <http://www.example.com/genealogy.owl#Napoletana_51> }","hasTopping","FALSE",1,1
"1hop-NamedPizza_Napoletana_51_Napoletana_51-Napoletana_51-hasIngredient-AnchoviesTopping_dynamic_1-BIN","NamedPizza_Napoletana_51",117,6,"Property Assertion","BIN","ASK WHERE { <http://www.example.com/genealogy.owl#Napoletana_51> <http://www.example.com/genealogy.owl#hasIngredient> <http://www.example.com/genealogy.owl#AnchoviesTopping_dynamic_1> }","hasIngredient","TRUE",2,2
"1hop-NamedPizza_Napoletana_51_Napoletana_51-Napoletana_51-hasIngredient-Napoletana_51-NEG-BIN","NamedPizza_Napoletana_51",117,6,"Property Assertion","BIN","ASK WHERE { <http://www.example.com/genealogy.owl#Napoletana_51> <http://www.example.com/genealogy.owl#hasIngredient> <http://www.example.com/genealogy.owl#Napoletana_51> }","hasIngredient","FALSE",2,2
"1hop-NamedPizza_Napoletana_53_Napoletana_53-Napoletana_53-hasTopping-MC","NamedPizza_Napoletana_53",117,6,"Property Assertion","MC","SELECT ?x WHERE { <http://www.example.com/genealogy.owl#Napoletana_53> <http://www.example.com/genealogy.owl#hasTopping> ?x }","hasTopping","AnchoviesTopping_dynamic_1; CaperTopping_dynamic_1; MozzarellaTopping_dynamic_1; OliveTopping_dynamic_1; TomatoTopping_dynamic_1",1,1
"1hop-NamedPizza_Napoletana_53_Napoletana_53-Napoletana_53-hasIngredient-MC","NamedPizza_Napoletana_53",117,6,"Property Assertion","MC","SELECT ?x WHERE { <http://www.example.com/genealogy.owl#Napoletana_53> <http://www.example.com/genealogy.owl#hasIngredient> ?x }","hasIngredient","AnchoviesTopping_dynamic_1; CaperTopping_dynamic_1; MozzarellaTopping_dynamic_1; OliveTopping_dynamic_1; TomatoTopping_dynamic_1",2,2
"1hop-NamedPizza_Napoletana_53_Napoletana_53-Napoletana_53-hasIngredient-AnchoviesTopping_dynamic_1-BIN","NamedPizza_Napoletana_53",117,6,"Property Assertion","BIN","ASK WHERE { <http://www.example.com/genealogy.owl#Napoletana_53> <http://www.example.com/genealogy.owl#hasIngredient> <http://www.example.com/genealogy.owl#AnchoviesTopping_dynamic_1> }","hasIngredient","TRUE",2,2
"1hop-NamedPizza_Napoletana_53_Napoletana_53-Napoletana_53-hasIngredient-Napoletana_53-NEG-BIN","NamedPizza_Napoletana_53",117,6,"Property Assertion","BIN","ASK WHERE { <http://www.example.com/genealogy.owl#Napoletana_53> <http://www.example.com/genealogy.owl#hasIngredient> <http://www.example.com/genealogy.owl#Napoletana_53> }","hasIngredient","FALSE",2,2
"1hop-NamedPizza_Napoletana_53_Napoletana_53-Napoletana_53-hasTopping-AnchoviesTopping_dynamic_1-BIN","NamedPizza_Napoletana_53",117,6,"Property Assertion","BIN","ASK WHERE { <http://www.example.com/genealogy.owl#Napoletana_53> <http://www.example.com/genealogy.owl#hasTopping> <http://www.example.com/genealogy.owl#AnchoviesTopping_dynamic_1> }","hasTopping","TRUE",1,1
"1hop-NamedPizza_Napoletana_53_Napoletana_53-Napoletana_53-hasTopping-Napoletana_53-NEG-BIN","NamedPizza_Napoletana_53",117,6,"Property Assertion","BIN","ASK WHERE { <http://www.example.com/genealogy.owl#Napoletana_53> <http://www.example.com/genealogy.owl#hasTopping> <http://www.example.com/genealogy.owl#Napoletana_53> }","hasTopping","FALSE",1,1
"1hop-NamedPizza_Napoletana_53_Napoletana_53-Napoletana_53-rdf:type-Food-BIN","NamedPizza_Napoletana_53",117,6,"Membership","BIN","ASK WHERE { <http://www.example.com/genealogy.owl#Napoletana_53> <http://www.w3.org/1999/02/22-rdf-syntax-ns#type> <http://www.example.com/genealogy.owl#Food> }","rdf:type","TRUE",3,3
"1hop-NamedPizza_Napoletana_53_Napoletana_53-Napoletana_53-rdf:type-American-NEG-BIN","NamedPizza_Napoletana_53",117,6,"Membership","BIN","ASK WHERE { <http://www.example.com/genealogy.owl#Napoletana_53> <http://www.w3.org/1999/02/22-rdf-syntax-ns#type> <http://www.example.com/genealogy.owl#American> }","rdf:type","FALSE",3,3
"1hop-NamedPizza_Napoletana_53_Napoletana_53-Napoletana_53-rdf:type-MC","NamedPizza_Napoletana_53",117,6,"Membership","MC","SELECT ?x WHERE { <http://www.example.com/genealogy.owl#Napoletana_53> <http://www.w3.org/1999/02/22-rdf-syntax-ns#type> ?x }","rdf:type","DomainConcept; Food; Pizza",3,3
"1hop-NamedPizza_Napoletana_6_Napoletana_6-Napoletana_6-hasTopping-MC","NamedPizza_Napoletana_6",117,6,"Property Assertion","MC","SELECT ?x WHERE { <http://www.example.com/genealogy.owl#Napoletana_6> <http://www.example.com/genealogy.owl#hasTopping> ?x }","hasTopping","AnchoviesTopping_dynamic_1; CaperTopping_dynamic_1; MozzarellaTopping_dynamic_1; OliveTopping_dynamic_1; TomatoTopping_dynamic_1",1,1
"1hop-NamedPizza_Napoletana_6_Napoletana_6-Napoletana_6-rdf:type-MC","NamedPizza_Napoletana_6",117,6,"Membership","MC","SELECT ?x WHERE { <http://www.example.com/genealogy.owl#Napoletana_6> <http://www.w3.org/1999/02/22-rdf-syntax-ns#type> ?x }","rdf:type","DomainConcept; Food; Pizza",4,4
"1hop-NamedPizza_Napoletana_6_Napoletana_6-Napoletana_6-hasIngredient-MC","NamedPizza_Napoletana_6",117,6,"Property Assertion","MC","SELECT ?x WHERE { <http://www.example.com/genealogy.owl#Napoletana_6> <http://www.example.com/genealogy.owl#hasIngredient> ?x }","hasIngredient","AnchoviesTopping_dynamic_1; CaperTopping_dynamic_1; MozzarellaTopping_dynamic_1; OliveTopping_dynamic_1; TomatoTopping_dynamic_1",2,2
"1hop-NamedPizza_Napoletana_6_Napoletana_6-Napoletana_6-hasTopping-AnchoviesTopping_dynamic_1-BIN","NamedPizza_Napoletana_6",117,6,"Property Assertion","BIN","ASK WHERE { <http://www.example.com/genealogy.owl#Napoletana_6> <http://www.example.com/genealogy.owl#hasTopping> <http://www.example.com/genealogy.owl#AnchoviesTopping_dynamic_1> }","hasTopping","TRUE",1,1
"1hop-NamedPizza_Napoletana_6_Napoletana_6-Napoletana_6-hasTopping-Napoletana_6-NEG-BIN","NamedPizza_Napoletana_6",117,6,"Property Assertion","BIN","ASK WHERE { <http://www.example.com/genealogy.owl#Napoletana_6> <http://www.example.com/genealogy.owl#hasTopping> <http://www.example.com/genealogy.owl#Napoletana_6> }","hasTopping","FALSE",1,1
"1hop-NamedPizza_Napoletana_6_Napoletana_6-Napoletana_6-hasIngredient-AnchoviesTopping_dynamic_1-BIN","NamedPizza_Napoletana_6",117,6,"Property Assertion","BIN","ASK WHERE { <http://www.example.com/genealogy.owl#Napoletana_6> <http://www.example.com/genealogy.owl#hasIngredient> <http://www.example.com/genealogy.owl#AnchoviesTopping_dynamic_1> }","hasIngredient","TRUE",2,2
"1hop-NamedPizza_Napoletana_6_Napoletana_6-Napoletana_6-hasIngredient-Napoletana_6-NEG-BIN","NamedPizza_Napoletana_6",117,6,"Property Assertion","BIN","ASK WHERE { <http://www.example.com/genealogy.owl#Napoletana_6> <http://www.example.com/genealogy.owl#hasIngredient> <http://www.example.com/genealogy.owl#Napoletana_6> }","hasIngredient","FALSE",2,2
"1hop-NamedPizza_Napoletana_6_Napoletana_6-Napoletana_6-rdf:type-Food-BIN","NamedPizza_Napoletana_6",117,6,"Membership","BIN","ASK WHERE { <http://www.example.com/genealogy.owl#Napoletana_6> <http://www.w3.org/1999/02/22-rdf-syntax-ns#type> <http://www.example.com/genealogy.owl#Food> }","rdf:type","TRUE",3,3
"1hop-NamedPizza_Napoletana_6_Napoletana_6-Napoletana_6-rdf:type-American-NEG-BIN","NamedPizza_Napoletana_6",117,6,"Membership","BIN","ASK WHERE { <http://www.example.com/genealogy.owl#Napoletana_6> <http://www.w3.org/1999/02/22-rdf-syntax-ns#type> <http://www.example.com/genealogy.owl#American> }","rdf:type","FALSE",3,3
"1hop-NamedPizza_Napoletana_84_Napoletana_84-Napoletana_84-hasTopping-MC","NamedPizza_Napoletana_84",117,6,"Property Assertion","MC","SELECT ?x WHERE { <http://www.example.com/genealogy.owl#Napoletana_84> <http://www.example.com/genealogy.owl#hasTopping> ?x }","hasTopping","AnchoviesTopping_dynamic_1; CaperTopping_dynamic_1; MozzarellaTopping_dynamic_1; OliveTopping_dynamic_1; TomatoTopping_dynamic_1",1,1
"1hop-NamedPizza_Napoletana_84_Napoletana_84-Napoletana_84-hasIngredient-AnchoviesTopping_dynamic_1-BIN","NamedPizza_Napoletana_84",117,6,"Property Assertion","BIN","ASK WHERE { <http://www.example.com/genealogy.owl#Napoletana_84> <http://www.example.com/genealogy.owl#hasIngredient> <http://www.example.com/genealogy.owl#AnchoviesTopping_dynamic_1> }","hasIngredient","TRUE",2,2
"1hop-NamedPizza_Napoletana_84_Napoletana_84-Napoletana_84-hasIngredient-Napoletana_84-NEG-BIN","NamedPizza_Napoletana_84",117,6,"Property Assertion","BIN","ASK WHERE { <http://www.example.com/genealogy.owl#Napoletana_84> <http://www.example.com/genealogy.owl#hasIngredient> <http://www.example.com/genealogy.owl#Napoletana_84> }","hasIngredient","FALSE",2,2
"1hop-NamedPizza_Napoletana_84_Napoletana_84-Napoletana_84-hasIngredient-MC","NamedPizza_Napoletana_84",117,6,"Property Assertion","MC","SELECT ?x WHERE { <http://www.example.com/genealogy.owl#Napoletana_84> <http://www.example.com/genealogy.owl#hasIngredient> ?x }","hasIngredient","AnchoviesTopping_dynamic_1; CaperTopping_dynamic_1; MozzarellaTopping_dynamic_1; OliveTopping_dynamic_1; TomatoTopping_dynamic_1",2,2
"1hop-NamedPizza_Napoletana_84_Napoletana_84-Napoletana_84-rdf:type-MC","NamedPizza_Napoletana_84",117,6,"Membership","MC","SELECT ?x WHERE { <http://www.example.com/genealogy.owl#Napoletana_84> <http://www.w3.org/1999/02/22-rdf-syntax-ns#type> ?x }","rdf:type","DomainConcept; Food; Pizza",4,4
"1hop-NamedPizza_Napoletana_84_Napoletana_84-Napoletana_84-hasTopping-AnchoviesTopping_dynamic_1-BIN","NamedPizza_Napoletana_84",117,6,"Property Assertion","BIN","ASK WHERE { <http://www.example.com/genealogy.owl#Napoletana_84> <http://www.example.com/genealogy.owl#hasTopping> <http://www.example.com/genealogy.owl#AnchoviesTopping_dynamic_1> }","hasTopping","TRUE",1,1
"1hop-NamedPizza_Napoletana_84_Napoletana_84-Napoletana_84-hasTopping-Napoletana_84-NEG-BIN","NamedPizza_Napoletana_84",117,6,"Property Assertion","BIN","ASK WHERE { <http://www.example.com/genealogy.owl#Napoletana_84> <http://www.example.com/genealogy.owl#hasTopping> <http://www.example.com/genealogy.owl#Napoletana_84> }","hasTopping","FALSE",1,1
"1hop-NamedPizza_Napoletana_84_Napoletana_84-Napoletana_84-rdf:type-Food-BIN","NamedPizza_Napoletana_84",117,6,"Membership","BIN","ASK WHERE { <http://www.example.com/genealogy.owl#Napoletana_84> <http://www.w3.org/1999/02/22-rdf-syntax-ns#type> <http://www.example.com/genealogy.owl#Food> }","rdf:type","TRUE",3,3
"1hop-NamedPizza_Napoletana_84_Napoletana_84-Napoletana_84-rdf:type-American-NEG-BIN","NamedPizza_Napoletana_84",117,6,"Membership","BIN","ASK WHERE { <http://www.example.com/genealogy.owl#Napoletana_84> <http://www.w3.org/1999/02/22-rdf-syntax-ns#type> <http://www.example.com/genealogy.owl#American> }","rdf:type","FALSE",3,3
"1hop-NamedPizza_Parmense_0_Parmense_0-Parmense_0-rdf:type-MC","NamedPizza_Parmense_0",117,6,"Membership","MC","SELECT ?x WHERE { <http://www.example.com/genealogy.owl#Parmense_0> <http://www.w3.org/1999/02/22-rdf-syntax-ns#type> ?x }","rdf:type","DomainConcept; Food; Pizza",2,2
"1hop-NamedPizza_Parmense_0_Parmense_0-Parmense_0-hasTopping-MC","NamedPizza_Parmense_0",117,6,"Property Assertion","MC","SELECT ?x WHERE { <http://www.example.com/genealogy.owl#Parmense_0> <http://www.example.com/genealogy.owl#hasTopping> ?x }","hasTopping","AsparagusTopping_dynamic_1; HamTopping_dynamic_1; MozzarellaTopping_dynamic_1; ParmesanTopping_dynamic_1; TomatoTopping_dynamic_1",1,1
"1hop-NamedPizza_Parmense_0_Parmense_0-Parmense_0-hasIngredient-MC","NamedPizza_Parmense_0",117,6,"Property Assertion","MC","SELECT ?x WHERE { <http://www.example.com/genealogy.owl#Parmense_0> <http://www.example.com/genealogy.owl#hasIngredient> ?x }","hasIngredient","AsparagusTopping_dynamic_1; HamTopping_dynamic_1; MozzarellaTopping_dynamic_1; ParmesanTopping_dynamic_1; TomatoTopping_dynamic_1",2,2
"1hop-NamedPizza_Parmense_0_Parmense_0-Parmense_0-hasIngredient-AsparagusTopping_dynamic_1-BIN","NamedPizza_Parmense_0",117,6,"Property Assertion","BIN","ASK WHERE { <http://www.example.com/genealogy.owl#Parmense_0> <http://www.example.com/genealogy.owl#hasIngredient> <http://www.example.com/genealogy.owl#AsparagusTopping_dynamic_1> }","hasIngredient","TRUE",2,2
"1hop-NamedPizza_Parmense_0_Parmense_0-Parmense_0-hasIngredient-Parmense_0-NEG-BIN","NamedPizza_Parmense_0",117,6,"Property Assertion","BIN","ASK WHERE { <http://www.example.com/genealogy.owl#Parmense_0> <http://www.example.com/genealogy.owl#hasIngredient> <http://www.example.com/genealogy.owl#Parmense_0> }","hasIngredient","FALSE",2,2
"1hop-NamedPizza_Parmense_0_Parmense_0-Parmense_0-rdf:type-Food-BIN","NamedPizza_Parmense_0",117,6,"Membership","BIN","ASK WHERE { <http://www.example.com/genealogy.owl#Parmense_0> <http://www.w3.org/1999/02/22-rdf-syntax-ns#type> <http://www.example.com/genealogy.owl#Food> }","rdf:type","TRUE",3,3
"1hop-NamedPizza_Parmense_0_Parmense_0-Parmense_0-rdf:type-American-NEG-BIN","NamedPizza_Parmense_0",117,6,"Membership","BIN","ASK WHERE { <http://www.example.com/genealogy.owl#Parmense_0> <http://www.w3.org/1999/02/22-rdf-syntax-ns#type> <http://www.example.com/genealogy.owl#American> }","rdf:type","FALSE",3,3
"1hop-NamedPizza_Parmense_0_Parmense_0-Parmense_0-hasTopping-AsparagusTopping_dynamic_1-BIN","NamedPizza_Parmense_0",117,6,"Property Assertion","BIN","ASK WHERE { <http://www.example.com/genealogy.owl#Parmense_0> <http://www.example.com/genealogy.owl#hasTopping> <http://www.example.com/genealogy.owl#AsparagusTopping_dynamic_1> }","hasTopping","TRUE",1,1
"1hop-NamedPizza_Parmense_0_Parmense_0-Parmense_0-hasTopping-Parmense_0-NEG-BIN","NamedPizza_Parmense_0",117,6,"Property Assertion","BIN","ASK WHERE { <http://www.example.com/genealogy.owl#Parmense_0> <http://www.example.com/genealogy.owl#hasTopping> <http://www.example.com/genealogy.owl#Parmense_0> }","hasTopping","FALSE",1,1
"1hop-NamedPizza_Parmense_11_Parmense_11-Parmense_11-rdf:type-MC","NamedPizza_Parmense_11",117,6,"Membership","MC","SELECT ?x WHERE { <http://www.example.com/genealogy.owl#Parmense_11> <http://www.w3.org/1999/02/22-rdf-syntax-ns#type> ?x }","rdf:type","DomainConcept; Food; Pizza",4,4
"1hop-NamedPizza_Parmense_11_Parmense_11-Parmense_11-hasIngredient-AsparagusTopping_dynamic_1-BIN","NamedPizza_Parmense_11",117,6,"Property Assertion","BIN","ASK WHERE { <http://www.example.com/genealogy.owl#Parmense_11> <http://www.example.com/genealogy.owl#hasIngredient> <http://www.example.com/genealogy.owl#AsparagusTopping_dynamic_1> }","hasIngredient","TRUE",2,2
"1hop-NamedPizza_Parmense_11_Parmense_11-Parmense_11-hasIngredient-Parmense_11-NEG-BIN","NamedPizza_Parmense_11",117,6,"Property Assertion","BIN","ASK WHERE { <http://www.example.com/genealogy.owl#Parmense_11> <http://www.example.com/genealogy.owl#hasIngredient> <http://www.example.com/genealogy.owl#Parmense_11> }","hasIngredient","FALSE",2,2
"1hop-NamedPizza_Parmense_11_Parmense_11-Parmense_11-hasIngredient-MC","NamedPizza_Parmense_11",117,6,"Property Assertion","MC","SELECT ?x WHERE { <http://www.example.com/genealogy.owl#Parmense_11> <http://www.example.com/genealogy.owl#hasIngredient> ?x }","hasIngredient","AsparagusTopping_dynamic_1; HamTopping_dynamic_1; MozzarellaTopping_dynamic_1; ParmesanTopping_dynamic_1; TomatoTopping_dynamic_1",2,2
"1hop-NamedPizza_Parmense_11_Parmense_11-Parmense_11-hasTopping-MC","NamedPizza_Parmense_11",117,6,"Property Assertion","MC","SELECT ?x WHERE { <http://www.example.com/genealogy.owl#Parmense_11> <http://www.example.com/genealogy.owl#hasTopping> ?x }","hasTopping","AsparagusTopping_dynamic_1; HamTopping_dynamic_1; MozzarellaTopping_dynamic_1; ParmesanTopping_dynamic_1; TomatoTopping_dynamic_1",1,1
"1hop-NamedPizza_Parmense_11_Parmense_11-Parmense_11-hasTopping-AsparagusTopping_dynamic_1-BIN","NamedPizza_Parmense_11",117,6,"Property Assertion","BIN","ASK WHERE { <http://www.example.com/genealogy.owl#Parmense_11> <http://www.example.com/genealogy.owl#hasTopping> <http://www.example.com/genealogy.owl#AsparagusTopping_dynamic_1> }","hasTopping","TRUE",1,1
"1hop-NamedPizza_Parmense_11_Parmense_11-Parmense_11-hasTopping-Parmense_11-NEG-BIN","NamedPizza_Parmense_11",117,6,"Property Assertion","BIN","ASK WHERE { <http://www.example.com/genealogy.owl#Parmense_11> <http://www.example.com/genealogy.owl#hasTopping> <http://www.example.com/genealogy.owl#Parmense_11> }","hasTopping","FALSE",1,1
"1hop-NamedPizza_Parmense_11_Parmense_11-Parmense_11-rdf:type-Food-BIN","NamedPizza_Parmense_11",117,6,"Membership","BIN","ASK WHERE { <http://www.example.com/genealogy.owl#Parmense_11> <http://www.w3.org/1999/02/22-rdf-syntax-ns#type> <http://www.example.com/genealogy.owl#Food> }","rdf:type","TRUE",3,3
"1hop-NamedPizza_Parmense_11_Parmense_11-Parmense_11-rdf:type-American-NEG-BIN","NamedPizza_Parmense_11",117,6,"Membership","BIN","ASK WHERE { <http://www.example.com/genealogy.owl#Parmense_11> <http://www.w3.org/1999/02/22-rdf-syntax-ns#type> <http://www.example.com/genealogy.owl#American> }","rdf:type","FALSE",3,3
"1hop-NamedPizza_Parmense_18_Parmense_18-Parmense_18-hasIngredient-MC","NamedPizza_Parmense_18",117,6,"Property Assertion","MC","SELECT ?x WHERE { <http://www.example.com/genealogy.owl#Parmense_18> <http://www.example.com/genealogy.owl#hasIngredient> ?x }","hasIngredient","AsparagusTopping_dynamic_1; HamTopping_dynamic_1; MozzarellaTopping_dynamic_1; ParmesanTopping_dynamic_1; TomatoTopping_dynamic_1",2,2
"1hop-NamedPizza_Parmense_18_Parmense_18-Parmense_18-hasTopping-MC","NamedPizza_Parmense_18",117,6,"Property Assertion","MC","SELECT ?x WHERE { <http://www.example.com/genealogy.owl#Parmense_18> <http://www.example.com/genealogy.owl#hasTopping> ?x }","hasTopping","AsparagusTopping_dynamic_1; HamTopping_dynamic_1; MozzarellaTopping_dynamic_1; ParmesanTopping_dynamic_1; TomatoTopping_dynamic_1",1,1
"1hop-NamedPizza_Parmense_18_Parmense_18-Parmense_18-hasIngredient-AsparagusTopping_dynamic_1-BIN","NamedPizza_Parmense_18",117,6,"Property Assertion","BIN","ASK WHERE { <http://www.example.com/genealogy.owl#Parmense_18> <http://www.example.com/genealogy.owl#hasIngredient> <http://www.example.com/genealogy.owl#AsparagusTopping_dynamic_1> }","hasIngredient","TRUE",2,2
"1hop-NamedPizza_Parmense_18_Parmense_18-Parmense_18-hasIngredient-Parmense_18-NEG-BIN","NamedPizza_Parmense_18",117,6,"Property Assertion","BIN","ASK WHERE { <http://www.example.com/genealogy.owl#Parmense_18> <http://www.example.com/genealogy.owl#hasIngredient> <http://www.example.com/genealogy.owl#Parmense_18> }","hasIngredient","FALSE",2,2
"1hop-NamedPizza_Parmense_18_Parmense_18-Parmense_18-rdf:type-MC","NamedPizza_Parmense_18",117,6,"Membership","MC","SELECT ?x WHERE { <http://www.example.com/genealogy.owl#Parmense_18> <http://www.w3.org/1999/02/22-rdf-syntax-ns#type> ?x }","rdf:type","DomainConcept; Food; Pizza",4,4
"1hop-NamedPizza_Parmense_18_Parmense_18-Parmense_18-rdf:type-Food-BIN","NamedPizza_Parmense_18",117,6,"Membership","BIN","ASK WHERE { <http://www.example.com/genealogy.owl#Parmense_18> <http://www.w3.org/1999/02/22-rdf-syntax-ns#type> <http://www.example.com/genealogy.owl#Food> }","rdf:type","TRUE",3,3
"1hop-NamedPizza_Parmense_18_Parmense_18-Parmense_18-rdf:type-American-NEG-BIN","NamedPizza_Parmense_18",117,6,"Membership","BIN","ASK WHERE { <http://www.example.com/genealogy.owl#Parmense_18> <http://www.w3.org/1999/02/22-rdf-syntax-ns#type> <http://www.example.com/genealogy.owl#American> }","rdf:type","FALSE",3,3
"1hop-NamedPizza_Parmense_18_Parmense_18-Parmense_18-hasTopping-AsparagusTopping_dynamic_1-BIN","NamedPizza_Parmense_18",117,6,"Property Assertion","BIN","ASK WHERE { <http://www.example.com/genealogy.owl#Parmense_18> <http://www.example.com/genealogy.owl#hasTopping> <http://www.example.com/genealogy.owl#AsparagusTopping_dynamic_1> }","hasTopping","TRUE",1,1
"1hop-NamedPizza_Parmense_18_Parmense_18-Parmense_18-hasTopping-Parmense_18-NEG-BIN","NamedPizza_Parmense_18",117,6,"Property Assertion","BIN","ASK WHERE { <http://www.example.com/genealogy.owl#Parmense_18> <http://www.example.com/genealogy.owl#hasTopping> <http://www.example.com/genealogy.owl#Parmense_18> }","hasTopping","FALSE",1,1
"1hop-NamedPizza_Parmense_64_Parmense_64-Parmense_64-hasTopping-MC","NamedPizza_Parmense_64",117,6,"Property Assertion","MC","SELECT ?x WHERE { <http://www.example.com/genealogy.owl#Parmense_64> <http://www.example.com/genealogy.owl#hasTopping> ?x }","hasTopping","AsparagusTopping_dynamic_1; HamTopping_dynamic_1; MozzarellaTopping_dynamic_1; ParmesanTopping_dynamic_1; TomatoTopping_dynamic_1",1,1
"1hop-NamedPizza_Parmense_64_Parmense_64-Parmense_64-hasIngredient-MC","NamedPizza_Parmense_64",117,6,"Property Assertion","MC","SELECT ?x WHERE { <http://www.example.com/genealogy.owl#Parmense_64> <http://www.example.com/genealogy.owl#hasIngredient> ?x }","hasIngredient","AsparagusTopping_dynamic_1; HamTopping_dynamic_1; MozzarellaTopping_dynamic_1; ParmesanTopping_dynamic_1; TomatoTopping_dynamic_1",2,2
"1hop-NamedPizza_Parmense_64_Parmense_64-Parmense_64-rdf:type-Food-BIN","NamedPizza_Parmense_64",117,6,"Membership","BIN","ASK WHERE { <http://www.example.com/genealogy.owl#Parmense_64> <http://www.w3.org/1999/02/22-rdf-syntax-ns#type> <http://www.example.com/genealogy.owl#Food> }","rdf:type","TRUE",3,3
"1hop-NamedPizza_Parmense_64_Parmense_64-Parmense_64-rdf:type-American-NEG-BIN","NamedPizza_Parmense_64",117,6,"Membership","BIN","ASK WHERE { <http://www.example.com/genealogy.owl#Parmense_64> <http://www.w3.org/1999/02/22-rdf-syntax-ns#type> <http://www.example.com/genealogy.owl#American> }","rdf:type","FALSE",3,3
"1hop-NamedPizza_Parmense_64_Parmense_64-Parmense_64-rdf:type-MC","NamedPizza_Parmense_64",117,6,"Membership","MC","SELECT ?x WHERE { <http://www.example.com/genealogy.owl#Parmense_64> <http://www.w3.org/1999/02/22-rdf-syntax-ns#type> ?x }","rdf:type","DomainConcept; Food; Pizza",3,3
"1hop-NamedPizza_Parmense_64_Parmense_64-Parmense_64-hasIngredient-AsparagusTopping_dynamic_1-BIN","NamedPizza_Parmense_64",117,6,"Property Assertion","BIN","ASK WHERE { <http://www.example.com/genealogy.owl#Parmense_64> <http://www.example.com/genealogy.owl#hasIngredient> <http://www.example.com/genealogy.owl#AsparagusTopping_dynamic_1> }","hasIngredient","TRUE",2,2
"1hop-NamedPizza_Parmense_64_Parmense_64-Parmense_64-hasIngredient-Parmense_64-NEG-BIN","NamedPizza_Parmense_64",117,6,"Property Assertion","BIN","ASK WHERE { <http://www.example.com/genealogy.owl#Parmense_64> <http://www.example.com/genealogy.owl#hasIngredient> <http://www.example.com/genealogy.owl#Parmense_64> }","hasIngredient","FALSE",2,2
"1hop-NamedPizza_Parmense_64_Parmense_64-Parmense_64-hasTopping-AsparagusTopping_dynamic_1-BIN","NamedPizza_Parmense_64",117,6,"Property Assertion","BIN","ASK WHERE { <http://www.example.com/genealogy.owl#Parmense_64> <http://www.example.com/genealogy.owl#hasTopping> <http://www.example.com/genealogy.owl#AsparagusTopping_dynamic_1> }","hasTopping","TRUE",1,1
"1hop-NamedPizza_Parmense_64_Parmense_64-Parmense_64-hasTopping-Parmense_64-NEG-BIN","NamedPizza_Parmense_64",117,6,"Property Assertion","BIN","ASK WHERE { <http://www.example.com/genealogy.owl#Parmense_64> <http://www.example.com/genealogy.owl#hasTopping> <http://www.example.com/genealogy.owl#Parmense_64> }","hasTopping","FALSE",1,1
"1hop-NamedPizza_Parmense_71_Parmense_71-Parmense_71-hasIngredient-MC","NamedPizza_Parmense_71",117,6,"Property Assertion","MC","SELECT ?x WHERE { <http://www.example.com/genealogy.owl#Parmense_71> <http://www.example.com/genealogy.owl#hasIngredient> ?x }","hasIngredient","AsparagusTopping_dynamic_1; HamTopping_dynamic_1; MozzarellaTopping_dynamic_1; ParmesanTopping_dynamic_1; TomatoTopping_dynamic_1",2,2
"1hop-NamedPizza_Parmense_71_Parmense_71-Parmense_71-hasTopping-MC","NamedPizza_Parmense_71",117,6,"Property Assertion","MC","SELECT ?x WHERE { <http://www.example.com/genealogy.owl#Parmense_71> <http://www.example.com/genealogy.owl#hasTopping> ?x }","hasTopping","AsparagusTopping_dynamic_1; HamTopping_dynamic_1; MozzarellaTopping_dynamic_1; ParmesanTopping_dynamic_1; TomatoTopping_dynamic_1",1,1
"1hop-NamedPizza_Parmense_71_Parmense_71-Parmense_71-hasIngredient-AsparagusTopping_dynamic_1-BIN","NamedPizza_Parmense_71",117,6,"Property Assertion","BIN","ASK WHERE { <http://www.example.com/genealogy.owl#Parmense_71> <http://www.example.com/genealogy.owl#hasIngredient> <http://www.example.com/genealogy.owl#AsparagusTopping_dynamic_1> }","hasIngredient","TRUE",2,2
"1hop-NamedPizza_Parmense_71_Parmense_71-Parmense_71-hasIngredient-Parmense_71-NEG-BIN","NamedPizza_Parmense_71",117,6,"Property Assertion","BIN","ASK WHERE { <http://www.example.com/genealogy.owl#Parmense_71> <http://www.example.com/genealogy.owl#hasIngredient> <http://www.example.com/genealogy.owl#Parmense_71> }","hasIngredient","FALSE",2,2
"1hop-NamedPizza_Parmense_71_Parmense_71-Parmense_71-rdf:type-Food-BIN","NamedPizza_Parmense_71",117,6,"Membership","BIN","ASK WHERE { <http://www.example.com/genealogy.owl#Parmense_71> <http://www.w3.org/1999/02/22-rdf-syntax-ns#type> <http://www.example.com/genealogy.owl#Food> }","rdf:type","TRUE",3,3
"1hop-NamedPizza_Parmense_71_Parmense_71-Parmense_71-rdf:type-American-NEG-BIN","NamedPizza_Parmense_71",117,6,"Membership","BIN","ASK WHERE { <http://www.example.com/genealogy.owl#Parmense_71> <http://www.w3.org/1999/02/22-rdf-syntax-ns#type> <http://www.example.com/genealogy.owl#American> }","rdf:type","FALSE",3,3
"1hop-NamedPizza_Parmense_71_Parmense_71-Parmense_71-rdf:type-MC","NamedPizza_Parmense_71",117,6,"Membership","MC","SELECT ?x WHERE { <http://www.example.com/genealogy.owl#Parmense_71> <http://www.w3.org/1999/02/22-rdf-syntax-ns#type> ?x }","rdf:type","DomainConcept; Food; Pizza",3,3
"1hop-NamedPizza_Parmense_71_Parmense_71-Parmense_71-hasTopping-AsparagusTopping_dynamic_1-BIN","NamedPizza_Parmense_71",117,6,"Property Assertion","BIN","ASK WHERE { <http://www.example.com/genealogy.owl#Parmense_71> <http://www.example.com/genealogy.owl#hasTopping> <http://www.example.com/genealogy.owl#AsparagusTopping_dynamic_1> }","hasTopping","TRUE",1,1
"1hop-NamedPizza_Parmense_71_Parmense_71-Parmense_71-hasTopping-Parmense_71-NEG-BIN","NamedPizza_Parmense_71",117,6,"Property Assertion","BIN","ASK WHERE { <http://www.example.com/genealogy.owl#Parmense_71> <http://www.example.com/genealogy.owl#hasTopping> <http://www.example.com/genealogy.owl#Parmense_71> }","hasTopping","FALSE",1,1
"1hop-NamedPizza_Parmense_76_Parmense_76-Parmense_76-hasIngredient-MC","NamedPizza_Parmense_76",117,6,"Property Assertion","MC","SELECT ?x WHERE { <http://www.example.com/genealogy.owl#Parmense_76> <http://www.example.com/genealogy.owl#hasIngredient> ?x }","hasIngredient","AsparagusTopping_dynamic_1; HamTopping_dynamic_1; MozzarellaTopping_dynamic_1; ParmesanTopping_dynamic_1; TomatoTopping_dynamic_1",2,2
"1hop-NamedPizza_Parmense_76_Parmense_76-Parmense_76-hasIngredient-AsparagusTopping_dynamic_1-BIN","NamedPizza_Parmense_76",117,6,"Property Assertion","BIN","ASK WHERE { <http://www.example.com/genealogy.owl#Parmense_76> <http://www.example.com/genealogy.owl#hasIngredient> <http://www.example.com/genealogy.owl#AsparagusTopping_dynamic_1> }","hasIngredient","TRUE",2,2
"1hop-NamedPizza_Parmense_76_Parmense_76-Parmense_76-hasIngredient-Parmense_76-NEG-BIN","NamedPizza_Parmense_76",117,6,"Property Assertion","BIN","ASK WHERE { <http://www.example.com/genealogy.owl#Parmense_76> <http://www.example.com/genealogy.owl#hasIngredient> <http://www.example.com/genealogy.owl#Parmense_76> }","hasIngredient","FALSE",2,2
"1hop-NamedPizza_Parmense_76_Parmense_76-Parmense_76-rdf:type-MC","NamedPizza_Parmense_76",117,6,"Membership","MC","SELECT ?x WHERE { <http://www.example.com/genealogy.owl#Parmense_76> <http://www.w3.org/1999/02/22-rdf-syntax-ns#type> ?x }","rdf:type","DomainConcept; Food; Pizza",2,2
"1hop-NamedPizza_Parmense_76_Parmense_76-Parmense_76-hasTopping-MC","NamedPizza_Parmense_76",117,6,"Property Assertion","MC","SELECT ?x WHERE { <http://www.example.com/genealogy.owl#Parmense_76> <http://www.example.com/genealogy.owl#hasTopping> ?x }","hasTopping","AsparagusTopping_dynamic_1; HamTopping_dynamic_1; MozzarellaTopping_dynamic_1; ParmesanTopping_dynamic_1; TomatoTopping_dynamic_1",1,1
"1hop-NamedPizza_Parmense_76_Parmense_76-Parmense_76-hasTopping-AsparagusTopping_dynamic_1-BIN","NamedPizza_Parmense_76",117,6,"Property Assertion","BIN","ASK WHERE { <http://www.example.com/genealogy.owl#Parmense_76> <http://www.example.com/genealogy.owl#hasTopping> <http://www.example.com/genealogy.owl#AsparagusTopping_dynamic_1> }","hasTopping","TRUE",1,1
"1hop-NamedPizza_Parmense_76_Parmense_76-Parmense_76-hasTopping-Parmense_76-NEG-BIN","NamedPizza_Parmense_76",117,6,"Property Assertion","BIN","ASK WHERE { <http://www.example.com/genealogy.owl#Parmense_76> <http://www.example.com/genealogy.owl#hasTopping> <http://www.example.com/genealogy.owl#Parmense_76> }","hasTopping","FALSE",1,1
"1hop-NamedPizza_Parmense_76_Parmense_76-Parmense_76-rdf:type-Food-BIN","NamedPizza_Parmense_76",117,6,"Membership","BIN","ASK WHERE { <http://www.example.com/genealogy.owl#Parmense_76> <http://www.w3.org/1999/02/22-rdf-syntax-ns#type> <http://www.example.com/genealogy.owl#Food> }","rdf:type","TRUE",3,3
"1hop-NamedPizza_Parmense_76_Parmense_76-Parmense_76-rdf:type-American-NEG-BIN","NamedPizza_Parmense_76",117,6,"Membership","BIN","ASK WHERE { <http://www.example.com/genealogy.owl#Parmense_76> <http://www.w3.org/1999/02/22-rdf-syntax-ns#type> <http://www.example.com/genealogy.owl#American> }","rdf:type","FALSE",3,3
"1hop-NamedPizza_Parmense_77_Parmense_77-Parmense_77-hasIngredient-MC","NamedPizza_Parmense_77",117,6,"Property Assertion","MC","SELECT ?x WHERE { <http://www.example.com/genealogy.owl#Parmense_77> <http://www.example.com/genealogy.owl#hasIngredient> ?x }","hasIngredient","AsparagusTopping_dynamic_1; HamTopping_dynamic_1; MozzarellaTopping_dynamic_1; ParmesanTopping_dynamic_1; TomatoTopping_dynamic_1",2,2
"1hop-NamedPizza_Parmense_77_Parmense_77-Parmense_77-hasTopping-MC","NamedPizza_Parmense_77",117,6,"Property Assertion","MC","SELECT ?x WHERE { <http://www.example.com/genealogy.owl#Parmense_77> <http://www.example.com/genealogy.owl#hasTopping> ?x }","hasTopping","AsparagusTopping_dynamic_1; HamTopping_dynamic_1; MozzarellaTopping_dynamic_1; ParmesanTopping_dynamic_1; TomatoTopping_dynamic_1",1,1
"1hop-NamedPizza_Parmense_77_Parmense_77-Parmense_77-hasTopping-AsparagusTopping_dynamic_1-BIN","NamedPizza_Parmense_77",117,6,"Property Assertion","BIN","ASK WHERE { <http://www.example.com/genealogy.owl#Parmense_77> <http://www.example.com/genealogy.owl#hasTopping> <http://www.example.com/genealogy.owl#AsparagusTopping_dynamic_1> }","hasTopping","TRUE",1,1
"1hop-NamedPizza_Parmense_77_Parmense_77-Parmense_77-hasTopping-Parmense_77-NEG-BIN","NamedPizza_Parmense_77",117,6,"Property Assertion","BIN","ASK WHERE { <http://www.example.com/genealogy.owl#Parmense_77> <http://www.example.com/genealogy.owl#hasTopping> <http://www.example.com/genealogy.owl#Parmense_77> }","hasTopping","FALSE",1,1
"1hop-NamedPizza_Parmense_77_Parmense_77-Parmense_77-rdf:type-Food-BIN","NamedPizza_Parmense_77",117,6,"Membership","BIN","ASK WHERE { <http://www.example.com/genealogy.owl#Parmense_77> <http://www.w3.org/1999/02/22-rdf-syntax-ns#type> <http://www.example.com/genealogy.owl#Food> }","rdf:type","TRUE",3,3
"1hop-NamedPizza_Parmense_77_Parmense_77-Parmense_77-rdf:type-American-NEG-BIN","NamedPizza_Parmense_77",117,6,"Membership","BIN","ASK WHERE { <http://www.example.com/genealogy.owl#Parmense_77> <http://www.w3.org/1999/02/22-rdf-syntax-ns#type> <http://www.example.com/genealogy.owl#American> }","rdf:type","FALSE",3,3
"1hop-NamedPizza_Parmense_77_Parmense_77-Parmense_77-rdf:type-MC","NamedPizza_Parmense_77",117,6,"Membership","MC","SELECT ?x WHERE { <http://www.example.com/genealogy.owl#Parmense_77> <http://www.w3.org/1999/02/22-rdf-syntax-ns#type> ?x }","rdf:type","DomainConcept; Food; Pizza",3,3
"1hop-NamedPizza_Parmense_77_Parmense_77-Parmense_77-hasIngredient-AsparagusTopping_dynamic_1-BIN","NamedPizza_Parmense_77",117,6,"Property Assertion","BIN","ASK WHERE { <http://www.example.com/genealogy.owl#Parmense_77> <http://www.example.com/genealogy.owl#hasIngredient> <http://www.example.com/genealogy.owl#AsparagusTopping_dynamic_1> }","hasIngredient","TRUE",2,2
"1hop-NamedPizza_Parmense_77_Parmense_77-Parmense_77-hasIngredient-Parmense_77-NEG-BIN","NamedPizza_Parmense_77",117,6,"Property Assertion","BIN","ASK WHERE { <http://www.example.com/genealogy.owl#Parmense_77> <http://www.example.com/genealogy.owl#hasIngredient> <http://www.example.com/genealogy.owl#Parmense_77> }","hasIngredient","FALSE",2,2
"1hop-NamedPizza_Parmense_87_Parmense_87-Parmense_87-hasIngredient-MC","NamedPizza_Parmense_87",117,6,"Property Assertion","MC","SELECT ?x WHERE { <http://www.example.com/genealogy.owl#Parmense_87> <http://www.example.com/genealogy.owl#hasIngredient> ?x }","hasIngredient","AsparagusTopping_dynamic_1; HamTopping_dynamic_1; MozzarellaTopping_dynamic_1; ParmesanTopping_dynamic_1; TomatoTopping_dynamic_1",2,2
"1hop-NamedPizza_Parmense_87_Parmense_87-Parmense_87-hasTopping-AsparagusTopping_dynamic_1-BIN","NamedPizza_Parmense_87",117,6,"Property Assertion","BIN","ASK WHERE { <http://www.example.com/genealogy.owl#Parmense_87> <http://www.example.com/genealogy.owl#hasTopping> <http://www.example.com/genealogy.owl#AsparagusTopping_dynamic_1> }","hasTopping","TRUE",1,1
"1hop-NamedPizza_Parmense_87_Parmense_87-Parmense_87-hasTopping-Parmense_87-NEG-BIN","NamedPizza_Parmense_87",117,6,"Property Assertion","BIN","ASK WHERE { <http://www.example.com/genealogy.owl#Parmense_87> <http://www.example.com/genealogy.owl#hasTopping> <http://www.example.com/genealogy.owl#Parmense_87> }","hasTopping","FALSE",1,1
"1hop-NamedPizza_Parmense_87_Parmense_87-Parmense_87-hasTopping-MC","NamedPizza_Parmense_87",117,6,"Property Assertion","MC","SELECT ?x WHERE { <http://www.example.com/genealogy.owl#Parmense_87> <http://www.example.com/genealogy.owl#hasTopping> ?x }","hasTopping","AsparagusTopping_dynamic_1; HamTopping_dynamic_1; MozzarellaTopping_dynamic_1; ParmesanTopping_dynamic_1; TomatoTopping_dynamic_1",1,1
"1hop-NamedPizza_Parmense_87_Parmense_87-Parmense_87-rdf:type-MC","NamedPizza_Parmense_87",117,6,"Membership","MC","SELECT ?x WHERE { <http://www.example.com/genealogy.owl#Parmense_87> <http://www.w3.org/1999/02/22-rdf-syntax-ns#type> ?x }","rdf:type","DomainConcept; Food; Pizza",4,4
"1hop-NamedPizza_Parmense_87_Parmense_87-Parmense_87-rdf:type-Food-BIN","NamedPizza_Parmense_87",117,6,"Membership","BIN","ASK WHERE { <http://www.example.com/genealogy.owl#Parmense_87> <http://www.w3.org/1999/02/22-rdf-syntax-ns#type> <http://www.example.com/genealogy.owl#Food> }","rdf:type","TRUE",3,3
"1hop-NamedPizza_Parmense_87_Parmense_87-Parmense_87-rdf:type-American-NEG-BIN","NamedPizza_Parmense_87",117,6,"Membership","BIN","ASK WHERE { <http://www.example.com/genealogy.owl#Parmense_87> <http://www.w3.org/1999/02/22-rdf-syntax-ns#type> <http://www.example.com/genealogy.owl#American> }","rdf:type","FALSE",3,3
"1hop-NamedPizza_Parmense_87_Parmense_87-Parmense_87-hasIngredient-AsparagusTopping_dynamic_1-BIN","NamedPizza_Parmense_87",117,6,"Property Assertion","BIN","ASK WHERE { <http://www.example.com/genealogy.owl#Parmense_87> <http://www.example.com/genealogy.owl#hasIngredient> <http://www.example.com/genealogy.owl#AsparagusTopping_dynamic_1> }","hasIngredient","TRUE",2,2
"1hop-NamedPizza_Parmense_87_Parmense_87-Parmense_87-hasIngredient-Parmense_87-NEG-BIN","NamedPizza_Parmense_87",117,6,"Property Assertion","BIN","ASK WHERE { <http://www.example.com/genealogy.owl#Parmense_87> <http://www.example.com/genealogy.owl#hasIngredient> <http://www.example.com/genealogy.owl#Parmense_87> }","hasIngredient","FALSE",2,2
"1hop-NamedPizza_PolloAdAstra_23_PolloAdAstra_23-PolloAdAstra_23-hasIngredient-MC","NamedPizza_PolloAdAstra_23",117,8,"Property Assertion","MC","SELECT ?x WHERE { <http://www.example.com/genealogy.owl#PolloAdAstra_23> <http://www.example.com/genealogy.owl#hasIngredient> ?x }","hasIngredient","CajunSpiceTopping_dynamic_1; ChickenTopping_dynamic_1; GarlicTopping_dynamic_1; MozzarellaTopping_dynamic_1; RedOnionTopping_dynamic_1; SweetPepperTopping_dynamic_1; TomatoTopping_dynamic_1",2,2
"1hop-NamedPizza_PolloAdAstra_23_PolloAdAstra_23-PolloAdAstra_23-hasTopping-MC","NamedPizza_PolloAdAstra_23",117,8,"Property Assertion","MC","SELECT ?x WHERE { <http://www.example.com/genealogy.owl#PolloAdAstra_23> <http://www.example.com/genealogy.owl#hasTopping> ?x }","hasTopping","CajunSpiceTopping_dynamic_1; ChickenTopping_dynamic_1; GarlicTopping_dynamic_1; MozzarellaTopping_dynamic_1; RedOnionTopping_dynamic_1; SweetPepperTopping_dynamic_1; TomatoTopping_dynamic_1",1,1
"1hop-NamedPizza_PolloAdAstra_23_PolloAdAstra_23-PolloAdAstra_23-rdf:type-MC","NamedPizza_PolloAdAstra_23",117,8,"Membership","MC","SELECT ?x WHERE { <http://www.example.com/genealogy.owl#PolloAdAstra_23> <http://www.w3.org/1999/02/22-rdf-syntax-ns#type> ?x }","rdf:type","DomainConcept; Food; Pizza",4,4
"1hop-NamedPizza_PolloAdAstra_23_PolloAdAstra_23-PolloAdAstra_23-hasIngredient-CajunSpiceTopping_dynamic_1-BIN","NamedPizza_PolloAdAstra_23",117,8,"Property Assertion","BIN","ASK WHERE { <http://www.example.com/genealogy.owl#PolloAdAstra_23> <http://www.example.com/genealogy.owl#hasIngredient> <http://www.example.com/genealogy.owl#CajunSpiceTopping_dynamic_1> }","hasIngredient","TRUE",2,2
"1hop-NamedPizza_PolloAdAstra_23_PolloAdAstra_23-PolloAdAstra_23-hasIngredient-PolloAdAstra_23-NEG-BIN","NamedPizza_PolloAdAstra_23",117,8,"Property Assertion","BIN","ASK WHERE { <http://www.example.com/genealogy.owl#PolloAdAstra_23> <http://www.example.com/genealogy.owl#hasIngredient> <http://www.example.com/genealogy.owl#PolloAdAstra_23> }","hasIngredient","FALSE",2,2
"1hop-NamedPizza_PolloAdAstra_23_PolloAdAstra_23-PolloAdAstra_23-hasTopping-CajunSpiceTopping_dynamic_1-BIN","NamedPizza_PolloAdAstra_23",117,8,"Property Assertion","BIN","ASK WHERE { <http://www.example.com/genealogy.owl#PolloAdAstra_23> <http://www.example.com/genealogy.owl#hasTopping> <http://www.example.com/genealogy.owl#CajunSpiceTopping_dynamic_1> }","hasTopping","TRUE",1,1
"1hop-NamedPizza_PolloAdAstra_23_PolloAdAstra_23-PolloAdAstra_23-hasTopping-PolloAdAstra_23-NEG-BIN","NamedPizza_PolloAdAstra_23",117,8,"Property Assertion","BIN","ASK WHERE { <http://www.example.com/genealogy.owl#PolloAdAstra_23> <http://www.example.com/genealogy.owl#hasTopping> <http://www.example.com/genealogy.owl#PolloAdAstra_23> }","hasTopping","FALSE",1,1
"1hop-NamedPizza_PolloAdAstra_23_PolloAdAstra_23-PolloAdAstra_23-rdf:type-Food-BIN","NamedPizza_PolloAdAstra_23",117,8,"Membership","BIN","ASK WHERE { <http://www.example.com/genealogy.owl#PolloAdAstra_23> <http://www.w3.org/1999/02/22-rdf-syntax-ns#type> <http://www.example.com/genealogy.owl#Food> }","rdf:type","TRUE",3,3
"1hop-NamedPizza_PolloAdAstra_23_PolloAdAstra_23-PolloAdAstra_23-rdf:type-American-NEG-BIN","NamedPizza_PolloAdAstra_23",117,8,"Membership","BIN","ASK WHERE { <http://www.example.com/genealogy.owl#PolloAdAstra_23> <http://www.w3.org/1999/02/22-rdf-syntax-ns#type> <http://www.example.com/genealogy.owl#American> }","rdf:type","FALSE",3,3
"1hop-NamedPizza_PolloAdAstra_30_PolloAdAstra_30-PolloAdAstra_30-hasTopping-MC","NamedPizza_PolloAdAstra_30",117,8,"Property Assertion","MC","SELECT ?x WHERE { <http://www.example.com/genealogy.owl#PolloAdAstra_30> <http://www.example.com/genealogy.owl#hasTopping> ?x }","hasTopping","CajunSpiceTopping_dynamic_1; ChickenTopping_dynamic_1; GarlicTopping_dynamic_1; MozzarellaTopping_dynamic_1; RedOnionTopping_dynamic_1; SweetPepperTopping_dynamic_1; TomatoTopping_dynamic_1",1,1
"1hop-NamedPizza_PolloAdAstra_30_PolloAdAstra_30-PolloAdAstra_30-rdf:type-Food-BIN","NamedPizza_PolloAdAstra_30",117,8,"Membership","BIN","ASK WHERE { <http://www.example.com/genealogy.owl#PolloAdAstra_30> <http://www.w3.org/1999/02/22-rdf-syntax-ns#type> <http://www.example.com/genealogy.owl#Food> }","rdf:type","TRUE",3,3
"1hop-NamedPizza_PolloAdAstra_30_PolloAdAstra_30-PolloAdAstra_30-rdf:type-American-NEG-BIN","NamedPizza_PolloAdAstra_30",117,8,"Membership","BIN","ASK WHERE { <http://www.example.com/genealogy.owl#PolloAdAstra_30> <http://www.w3.org/1999/02/22-rdf-syntax-ns#type> <http://www.example.com/genealogy.owl#American> }","rdf:type","FALSE",3,3
"1hop-NamedPizza_PolloAdAstra_30_PolloAdAstra_30-PolloAdAstra_30-rdf:type-MC","NamedPizza_PolloAdAstra_30",117,8,"Membership","MC","SELECT ?x WHERE { <http://www.example.com/genealogy.owl#PolloAdAstra_30> <http://www.w3.org/1999/02/22-rdf-syntax-ns#type> ?x }","rdf:type","DomainConcept; Food; Pizza",3,3
"1hop-NamedPizza_PolloAdAstra_30_PolloAdAstra_30-PolloAdAstra_30-hasIngredient-MC","NamedPizza_PolloAdAstra_30",117,8,"Property Assertion","MC","SELECT ?x WHERE { <http://www.example.com/genealogy.owl#PolloAdAstra_30> <http://www.example.com/genealogy.owl#hasIngredient> ?x }","hasIngredient","CajunSpiceTopping_dynamic_1; ChickenTopping_dynamic_1; GarlicTopping_dynamic_1; MozzarellaTopping_dynamic_1; RedOnionTopping_dynamic_1; SweetPepperTopping_dynamic_1; TomatoTopping_dynamic_1",2,2
"1hop-NamedPizza_PolloAdAstra_30_PolloAdAstra_30-PolloAdAstra_30-hasTopping-CajunSpiceTopping_dynamic_1-BIN","NamedPizza_PolloAdAstra_30",117,8,"Property Assertion","BIN","ASK WHERE { <http://www.example.com/genealogy.owl#PolloAdAstra_30> <http://www.example.com/genealogy.owl#hasTopping> <http://www.example.com/genealogy.owl#CajunSpiceTopping_dynamic_1> }","hasTopping","TRUE",1,1
"1hop-NamedPizza_PolloAdAstra_30_PolloAdAstra_30-PolloAdAstra_30-hasTopping-PolloAdAstra_30-NEG-BIN","NamedPizza_PolloAdAstra_30",117,8,"Property Assertion","BIN","ASK WHERE { <http://www.example.com/genealogy.owl#PolloAdAstra_30> <http://www.example.com/genealogy.owl#hasTopping> <http://www.example.com/genealogy.owl#PolloAdAstra_30> }","hasTopping","FALSE",1,1
"1hop-NamedPizza_PolloAdAstra_30_PolloAdAstra_30-PolloAdAstra_30-hasIngredient-CajunSpiceTopping_dynamic_1-BIN","NamedPizza_PolloAdAstra_30",117,8,"Property Assertion","BIN","ASK WHERE { <http://www.example.com/genealogy.owl#PolloAdAstra_30> <http://www.example.com/genealogy.owl#hasIngredient> <http://www.example.com/genealogy.owl#CajunSpiceTopping_dynamic_1> }","hasIngredient","TRUE",2,2
"1hop-NamedPizza_PolloAdAstra_30_PolloAdAstra_30-PolloAdAstra_30-hasIngredient-PolloAdAstra_30-NEG-BIN","NamedPizza_PolloAdAstra_30",117,8,"Property Assertion","BIN","ASK WHERE { <http://www.example.com/genealogy.owl#PolloAdAstra_30> <http://www.example.com/genealogy.owl#hasIngredient> <http://www.example.com/genealogy.owl#PolloAdAstra_30> }","hasIngredient","FALSE",2,2
"1hop-NamedPizza_PolloAdAstra_38_PolloAdAstra_38-PolloAdAstra_38-hasIngredient-MC","NamedPizza_PolloAdAstra_38",117,8,"Property Assertion","MC","SELECT ?x WHERE { <http://www.example.com/genealogy.owl#PolloAdAstra_38> <http://www.example.com/genealogy.owl#hasIngredient> ?x }","hasIngredient","CajunSpiceTopping_dynamic_1; ChickenTopping_dynamic_1; GarlicTopping_dynamic_1; MozzarellaTopping_dynamic_1; RedOnionTopping_dynamic_1; SweetPepperTopping_dynamic_1; TomatoTopping_dynamic_1",2,2
"1hop-NamedPizza_PolloAdAstra_38_PolloAdAstra_38-PolloAdAstra_38-hasIngredient-CajunSpiceTopping_dynamic_1-BIN","NamedPizza_PolloAdAstra_38",117,8,"Property Assertion","BIN","ASK WHERE { <http://www.example.com/genealogy.owl#PolloAdAstra_38> <http://www.example.com/genealogy.owl#hasIngredient> <http://www.example.com/genealogy.owl#CajunSpiceTopping_dynamic_1> }","hasIngredient","TRUE",2,2
"1hop-NamedPizza_PolloAdAstra_38_PolloAdAstra_38-PolloAdAstra_38-hasIngredient-PolloAdAstra_38-NEG-BIN","NamedPizza_PolloAdAstra_38",117,8,"Property Assertion","BIN","ASK WHERE { <http://www.example.com/genealogy.owl#PolloAdAstra_38> <http://www.example.com/genealogy.owl#hasIngredient> <http://www.example.com/genealogy.owl#PolloAdAstra_38> }","hasIngredient","FALSE",2,2
"1hop-NamedPizza_PolloAdAstra_38_PolloAdAstra_38-PolloAdAstra_38-hasTopping-MC","NamedPizza_PolloAdAstra_38",117,8,"Property Assertion","MC","SELECT ?x WHERE { <http://www.example.com/genealogy.owl#PolloAdAstra_38> <http://www.example.com/genealogy.owl#hasTopping> ?x }","hasTopping","CajunSpiceTopping_dynamic_1; ChickenTopping_dynamic_1; GarlicTopping_dynamic_1; MozzarellaTopping_dynamic_1; RedOnionTopping_dynamic_1; SweetPepperTopping_dynamic_1; TomatoTopping_dynamic_1",1,1
"1hop-NamedPizza_PolloAdAstra_38_PolloAdAstra_38-PolloAdAstra_38-hasTopping-CajunSpiceTopping_dynamic_1-BIN","NamedPizza_PolloAdAstra_38",117,8,"Property Assertion","BIN","ASK WHERE { <http://www.example.com/genealogy.owl#PolloAdAstra_38> <http://www.example.com/genealogy.owl#hasTopping> <http://www.example.com/genealogy.owl#CajunSpiceTopping_dynamic_1> }","hasTopping","TRUE",1,1
"1hop-NamedPizza_PolloAdAstra_38_PolloAdAstra_38-PolloAdAstra_38-hasTopping-PolloAdAstra_38-NEG-BIN","NamedPizza_PolloAdAstra_38",117,8,"Property Assertion","BIN","ASK WHERE { <http://www.example.com/genealogy.owl#PolloAdAstra_38> <http://www.example.com/genealogy.owl#hasTopping> <http://www.example.com/genealogy.owl#PolloAdAstra_38> }","hasTopping","FALSE",1,1
"1hop-NamedPizza_PolloAdAstra_38_PolloAdAstra_38-PolloAdAstra_38-rdf:type-Food-BIN","NamedPizza_PolloAdAstra_38",117,8,"Membership","BIN","ASK WHERE { <http://www.example.com/genealogy.owl#PolloAdAstra_38> <http://www.w3.org/1999/02/22-rdf-syntax-ns#type> <http://www.example.com/genealogy.owl#Food> }","rdf:type","TRUE",3,3
"1hop-NamedPizza_PolloAdAstra_38_PolloAdAstra_38-PolloAdAstra_38-rdf:type-American-NEG-BIN","NamedPizza_PolloAdAstra_38",117,8,"Membership","BIN","ASK WHERE { <http://www.example.com/genealogy.owl#PolloAdAstra_38> <http://www.w3.org/1999/02/22-rdf-syntax-ns#type> <http://www.example.com/genealogy.owl#American> }","rdf:type","FALSE",3,3
"1hop-NamedPizza_PolloAdAstra_38_PolloAdAstra_38-PolloAdAstra_38-rdf:type-MC","NamedPizza_PolloAdAstra_38",117,8,"Membership","MC","SELECT ?x WHERE { <http://www.example.com/genealogy.owl#PolloAdAstra_38> <http://www.w3.org/1999/02/22-rdf-syntax-ns#type> ?x }","rdf:type","DomainConcept; Food; Pizza",3,3
"1hop-NamedPizza_PolloAdAstra_39_PolloAdAstra_39-PolloAdAstra_39-hasIngredient-MC","NamedPizza_PolloAdAstra_39",117,8,"Property Assertion","MC","SELECT ?x WHERE { <http://www.example.com/genealogy.owl#PolloAdAstra_39> <http://www.example.com/genealogy.owl#hasIngredient> ?x }","hasIngredient","CajunSpiceTopping_dynamic_1; ChickenTopping_dynamic_1; GarlicTopping_dynamic_1; MozzarellaTopping_dynamic_1; RedOnionTopping_dynamic_1; SweetPepperTopping_dynamic_1; TomatoTopping_dynamic_1",2,2
"1hop-NamedPizza_PolloAdAstra_39_PolloAdAstra_39-PolloAdAstra_39-hasTopping-CajunSpiceTopping_dynamic_1-BIN","NamedPizza_PolloAdAstra_39",117,8,"Property Assertion","BIN","ASK WHERE { <http://www.example.com/genealogy.owl#PolloAdAstra_39> <http://www.example.com/genealogy.owl#hasTopping> <http://www.example.com/genealogy.owl#CajunSpiceTopping_dynamic_1> }","hasTopping","TRUE",1,1
"1hop-NamedPizza_PolloAdAstra_39_PolloAdAstra_39-PolloAdAstra_39-hasTopping-PolloAdAstra_39-NEG-BIN","NamedPizza_PolloAdAstra_39",117,8,"Property Assertion","BIN","ASK WHERE { <http://www.example.com/genealogy.owl#PolloAdAstra_39> <http://www.example.com/genealogy.owl#hasTopping> <http://www.example.com/genealogy.owl#PolloAdAstra_39> }","hasTopping","FALSE",1,1
"1hop-NamedPizza_PolloAdAstra_39_PolloAdAstra_39-PolloAdAstra_39-hasTopping-MC","NamedPizza_PolloAdAstra_39",117,8,"Property Assertion","MC","SELECT ?x WHERE { <http://www.example.com/genealogy.owl#PolloAdAstra_39> <http://www.example.com/genealogy.owl#hasTopping> ?x }","hasTopping","CajunSpiceTopping_dynamic_1; ChickenTopping_dynamic_1; GarlicTopping_dynamic_1; MozzarellaTopping_dynamic_1; RedOnionTopping_dynamic_1; SweetPepperTopping_dynamic_1; TomatoTopping_dynamic_1",1,1
"1hop-NamedPizza_PolloAdAstra_39_PolloAdAstra_39-PolloAdAstra_39-rdf:type-MC","NamedPizza_PolloAdAstra_39",117,8,"Membership","MC","SELECT ?x WHERE { <http://www.example.com/genealogy.owl#PolloAdAstra_39> <http://www.w3.org/1999/02/22-rdf-syntax-ns#type> ?x }","rdf:type","DomainConcept; Food; Pizza",2,2
"1hop-NamedPizza_PolloAdAstra_39_PolloAdAstra_39-PolloAdAstra_39-hasIngredient-CajunSpiceTopping_dynamic_1-BIN","NamedPizza_PolloAdAstra_39",117,8,"Property Assertion","BIN","ASK WHERE { <http://www.example.com/genealogy.owl#PolloAdAstra_39> <http://www.example.com/genealogy.owl#hasIngredient> <http://www.example.com/genealogy.owl#CajunSpiceTopping_dynamic_1> }","hasIngredient","TRUE",2,2
"1hop-NamedPizza_PolloAdAstra_39_PolloAdAstra_39-PolloAdAstra_39-hasIngredient-PolloAdAstra_39-NEG-BIN","NamedPizza_PolloAdAstra_39",117,8,"Property Assertion","BIN","ASK WHERE { <http://www.example.com/genealogy.owl#PolloAdAstra_39> <http://www.example.com/genealogy.owl#hasIngredient> <http://www.example.com/genealogy.owl#PolloAdAstra_39> }","hasIngredient","FALSE",2,2
"1hop-NamedPizza_PolloAdAstra_39_PolloAdAstra_39-PolloAdAstra_39-rdf:type-Food-BIN","NamedPizza_PolloAdAstra_39",117,8,"Membership","BIN","ASK WHERE { <http://www.example.com/genealogy.owl#PolloAdAstra_39> <http://www.w3.org/1999/02/22-rdf-syntax-ns#type> <http://www.example.com/genealogy.owl#Food> }","rdf:type","TRUE",3,3
"1hop-NamedPizza_PolloAdAstra_39_PolloAdAstra_39-PolloAdAstra_39-rdf:type-American-NEG-BIN","NamedPizza_PolloAdAstra_39",117,8,"Membership","BIN","ASK WHERE { <http://www.example.com/genealogy.owl#PolloAdAstra_39> <http://www.w3.org/1999/02/22-rdf-syntax-ns#type> <http://www.example.com/genealogy.owl#American> }","rdf:type","FALSE",3,3
"1hop-NamedPizza_PolloAdAstra_62_PolloAdAstra_62-PolloAdAstra_62-hasTopping-MC","NamedPizza_PolloAdAstra_62",117,8,"Property Assertion","MC","SELECT ?x WHERE { <http://www.example.com/genealogy.owl#PolloAdAstra_62> <http://www.example.com/genealogy.owl#hasTopping> ?x }","hasTopping","CajunSpiceTopping_dynamic_1; ChickenTopping_dynamic_1; GarlicTopping_dynamic_1; MozzarellaTopping_dynamic_1; RedOnionTopping_dynamic_1; SweetPepperTopping_dynamic_1; TomatoTopping_dynamic_1",1,1
"1hop-NamedPizza_PolloAdAstra_62_PolloAdAstra_62-PolloAdAstra_62-hasIngredient-MC","NamedPizza_PolloAdAstra_62",117,8,"Property Assertion","MC","SELECT ?x WHERE { <http://www.example.com/genealogy.owl#PolloAdAstra_62> <http://www.example.com/genealogy.owl#hasIngredient> ?x }","hasIngredient","CajunSpiceTopping_dynamic_1; ChickenTopping_dynamic_1; GarlicTopping_dynamic_1; MozzarellaTopping_dynamic_1; RedOnionTopping_dynamic_1; SweetPepperTopping_dynamic_1; TomatoTopping_dynamic_1",2,2
"1hop-NamedPizza_PolloAdAstra_62_PolloAdAstra_62-PolloAdAstra_62-hasTopping-CajunSpiceTopping_dynamic_1-BIN","NamedPizza_PolloAdAstra_62",117,8,"Property Assertion","BIN","ASK WHERE { <http://www.example.com/genealogy.owl#PolloAdAstra_62> <http://www.example.com/genealogy.owl#hasTopping> <http://www.example.com/genealogy.owl#CajunSpiceTopping_dynamic_1> }","hasTopping","TRUE",1,1
"1hop-NamedPizza_PolloAdAstra_62_PolloAdAstra_62-PolloAdAstra_62-hasTopping-PolloAdAstra_62-NEG-BIN","NamedPizza_PolloAdAstra_62",117,8,"Property Assertion","BIN","ASK WHERE { <http://www.example.com/genealogy.owl#PolloAdAstra_62> <http://www.example.com/genealogy.owl#hasTopping> <http://www.example.com/genealogy.owl#PolloAdAstra_62> }","hasTopping","FALSE",1,1
"1hop-NamedPizza_PolloAdAstra_62_PolloAdAstra_62-PolloAdAstra_62-hasIngredient-CajunSpiceTopping_dynamic_1-BIN","NamedPizza_PolloAdAstra_62",117,8,"Property Assertion","BIN","ASK WHERE { <http://www.example.com/genealogy.owl#PolloAdAstra_62> <http://www.example.com/genealogy.owl#hasIngredient> <http://www.example.com/genealogy.owl#CajunSpiceTopping_dynamic_1> }","hasIngredient","TRUE",2,2
"1hop-NamedPizza_PolloAdAstra_62_PolloAdAstra_62-PolloAdAstra_62-hasIngredient-PolloAdAstra_62-NEG-BIN","NamedPizza_PolloAdAstra_62",117,8,"Property Assertion","BIN","ASK WHERE { <http://www.example.com/genealogy.owl#PolloAdAstra_62> <http://www.example.com/genealogy.owl#hasIngredient> <http://www.example.com/genealogy.owl#PolloAdAstra_62> }","hasIngredient","FALSE",2,2
"1hop-NamedPizza_PolloAdAstra_62_PolloAdAstra_62-PolloAdAstra_62-rdf:type-MC","NamedPizza_PolloAdAstra_62",117,8,"Membership","MC","SELECT ?x WHERE { <http://www.example.com/genealogy.owl#PolloAdAstra_62> <http://www.w3.org/1999/02/22-rdf-syntax-ns#type> ?x }","rdf:type","DomainConcept; Food; Pizza",2,2
"1hop-NamedPizza_PolloAdAstra_62_PolloAdAstra_62-PolloAdAstra_62-rdf:type-Food-BIN","NamedPizza_PolloAdAstra_62",117,8,"Membership","BIN","ASK WHERE { <http://www.example.com/genealogy.owl#PolloAdAstra_62> <http://www.w3.org/1999/02/22-rdf-syntax-ns#type> <http://www.example.com/genealogy.owl#Food> }","rdf:type","TRUE",3,3
"1hop-NamedPizza_PolloAdAstra_62_PolloAdAstra_62-PolloAdAstra_62-rdf:type-American-NEG-BIN","NamedPizza_PolloAdAstra_62",117,8,"Membership","BIN","ASK WHERE { <http://www.example.com/genealogy.owl#PolloAdAstra_62> <http://www.w3.org/1999/02/22-rdf-syntax-ns#type> <http://www.example.com/genealogy.owl#American> }","rdf:type","FALSE",3,3
"1hop-NamedPizza_PolloAdAstra_70_PolloAdAstra_70-PolloAdAstra_70-hasIngredient-MC","NamedPizza_PolloAdAstra_70",117,8,"Property Assertion","MC","SELECT ?x WHERE { <http://www.example.com/genealogy.owl#PolloAdAstra_70> <http://www.example.com/genealogy.owl#hasIngredient> ?x }","hasIngredient","CajunSpiceTopping_dynamic_1; ChickenTopping_dynamic_1; GarlicTopping_dynamic_1; MozzarellaTopping_dynamic_1; RedOnionTopping_dynamic_1; SweetPepperTopping_dynamic_1; TomatoTopping_dynamic_1",2,2
"1hop-NamedPizza_PolloAdAstra_70_PolloAdAstra_70-PolloAdAstra_70-rdf:type-MC","NamedPizza_PolloAdAstra_70",117,8,"Membership","MC","SELECT ?x WHERE { <http://www.example.com/genealogy.owl#PolloAdAstra_70> <http://www.w3.org/1999/02/22-rdf-syntax-ns#type> ?x }","rdf:type","DomainConcept; Food; Pizza",2,2
"1hop-NamedPizza_PolloAdAstra_70_PolloAdAstra_70-PolloAdAstra_70-hasTopping-MC","NamedPizza_PolloAdAstra_70",117,8,"Property Assertion","MC","SELECT ?x WHERE { <http://www.example.com/genealogy.owl#PolloAdAstra_70> <http://www.example.com/genealogy.owl#hasTopping> ?x }","hasTopping","CajunSpiceTopping_dynamic_1; ChickenTopping_dynamic_1; GarlicTopping_dynamic_1; MozzarellaTopping_dynamic_1; RedOnionTopping_dynamic_1; SweetPepperTopping_dynamic_1; TomatoTopping_dynamic_1",1,1
"1hop-NamedPizza_PolloAdAstra_70_PolloAdAstra_70-PolloAdAstra_70-hasTopping-CajunSpiceTopping_dynamic_1-BIN","NamedPizza_PolloAdAstra_70",117,8,"Property Assertion","BIN","ASK WHERE { <http://www.example.com/genealogy.owl#PolloAdAstra_70> <http://www.example.com/genealogy.owl#hasTopping> <http://www.example.com/genealogy.owl#CajunSpiceTopping_dynamic_1> }","hasTopping","TRUE",1,1
"1hop-NamedPizza_PolloAdAstra_70_PolloAdAstra_70-PolloAdAstra_70-hasTopping-PolloAdAstra_70-NEG-BIN","NamedPizza_PolloAdAstra_70",117,8,"Property Assertion","BIN","ASK WHERE { <http://www.example.com/genealogy.owl#PolloAdAstra_70> <http://www.example.com/genealogy.owl#hasTopping> <http://www.example.com/genealogy.owl#PolloAdAstra_70> }","hasTopping","FALSE",1,1
"1hop-NamedPizza_PolloAdAstra_70_PolloAdAstra_70-PolloAdAstra_70-hasIngredient-CajunSpiceTopping_dynamic_1-BIN","NamedPizza_PolloAdAstra_70",117,8,"Property Assertion","BIN","ASK WHERE { <http://www.example.com/genealogy.owl#PolloAdAstra_70> <http://www.example.com/genealogy.owl#hasIngredient> <http://www.example.com/genealogy.owl#CajunSpiceTopping_dynamic_1> }","hasIngredient","TRUE",2,2
"1hop-NamedPizza_PolloAdAstra_70_PolloAdAstra_70-PolloAdAstra_70-hasIngredient-PolloAdAstra_70-NEG-BIN","NamedPizza_PolloAdAstra_70",117,8,"Property Assertion","BIN","ASK WHERE { <http://www.example.com/genealogy.owl#PolloAdAstra_70> <http://www.example.com/genealogy.owl#hasIngredient> <http://www.example.com/genealogy.owl#PolloAdAstra_70> }","hasIngredient","FALSE",2,2
"1hop-NamedPizza_PolloAdAstra_70_PolloAdAstra_70-PolloAdAstra_70-rdf:type-Food-BIN","NamedPizza_PolloAdAstra_70",117,8,"Membership","BIN","ASK WHERE { <http://www.example.com/genealogy.owl#PolloAdAstra_70> <http://www.w3.org/1999/02/22-rdf-syntax-ns#type> <http://www.example.com/genealogy.owl#Food> }","rdf:type","TRUE",3,3
"1hop-NamedPizza_PolloAdAstra_70_PolloAdAstra_70-PolloAdAstra_70-rdf:type-American-NEG-BIN","NamedPizza_PolloAdAstra_70",117,8,"Membership","BIN","ASK WHERE { <http://www.example.com/genealogy.owl#PolloAdAstra_70> <http://www.w3.org/1999/02/22-rdf-syntax-ns#type> <http://www.example.com/genealogy.owl#American> }","rdf:type","FALSE",3,3
"1hop-NamedPizza_PolloAdAstra_80_PolloAdAstra_80-PolloAdAstra_80-hasIngredient-CajunSpiceTopping_dynamic_1-BIN","NamedPizza_PolloAdAstra_80",117,8,"Property Assertion","BIN","ASK WHERE { <http://www.example.com/genealogy.owl#PolloAdAstra_80> <http://www.example.com/genealogy.owl#hasIngredient> <http://www.example.com/genealogy.owl#CajunSpiceTopping_dynamic_1> }","hasIngredient","TRUE",2,2
"1hop-NamedPizza_PolloAdAstra_80_PolloAdAstra_80-PolloAdAstra_80-hasIngredient-PolloAdAstra_80-NEG-BIN","NamedPizza_PolloAdAstra_80",117,8,"Property Assertion","BIN","ASK WHERE { <http://www.example.com/genealogy.owl#PolloAdAstra_80> <http://www.example.com/genealogy.owl#hasIngredient> <http://www.example.com/genealogy.owl#PolloAdAstra_80> }","hasIngredient","FALSE",2,2
"1hop-NamedPizza_PolloAdAstra_80_PolloAdAstra_80-PolloAdAstra_80-hasIngredient-MC","NamedPizza_PolloAdAstra_80",117,8,"Property Assertion","MC","SELECT ?x WHERE { <http://www.example.com/genealogy.owl#PolloAdAstra_80> <http://www.example.com/genealogy.owl#hasIngredient> ?x }","hasIngredient","CajunSpiceTopping_dynamic_1; ChickenTopping_dynamic_1; GarlicTopping_dynamic_1; MozzarellaTopping_dynamic_1; RedOnionTopping_dynamic_1; SweetPepperTopping_dynamic_1; TomatoTopping_dynamic_1",2,2
"1hop-NamedPizza_PolloAdAstra_80_PolloAdAstra_80-PolloAdAstra_80-hasTopping-MC","NamedPizza_PolloAdAstra_80",117,8,"Property Assertion","MC","SELECT ?x WHERE { <http://www.example.com/genealogy.owl#PolloAdAstra_80> <http://www.example.com/genealogy.owl#hasTopping> ?x }","hasTopping","CajunSpiceTopping_dynamic_1; ChickenTopping_dynamic_1; GarlicTopping_dynamic_1; MozzarellaTopping_dynamic_1; RedOnionTopping_dynamic_1; SweetPepperTopping_dynamic_1; TomatoTopping_dynamic_1",1,1
"1hop-NamedPizza_PolloAdAstra_80_PolloAdAstra_80-PolloAdAstra_80-rdf:type-Food-BIN","NamedPizza_PolloAdAstra_80",117,8,"Membership","BIN","ASK WHERE { <http://www.example.com/genealogy.owl#PolloAdAstra_80> <http://www.w3.org/1999/02/22-rdf-syntax-ns#type> <http://www.example.com/genealogy.owl#Food> }","rdf:type","TRUE",3,3
"1hop-NamedPizza_PolloAdAstra_80_PolloAdAstra_80-PolloAdAstra_80-rdf:type-American-NEG-BIN","NamedPizza_PolloAdAstra_80",117,8,"Membership","BIN","ASK WHERE { <http://www.example.com/genealogy.owl#PolloAdAstra_80> <http://www.w3.org/1999/02/22-rdf-syntax-ns#type> <http://www.example.com/genealogy.owl#American> }","rdf:type","FALSE",3,3
"1hop-NamedPizza_PolloAdAstra_80_PolloAdAstra_80-PolloAdAstra_80-rdf:type-MC","NamedPizza_PolloAdAstra_80",117,8,"Membership","MC","SELECT ?x WHERE { <http://www.example.com/genealogy.owl#PolloAdAstra_80> <http://www.w3.org/1999/02/22-rdf-syntax-ns#type> ?x }","rdf:type","DomainConcept; Food; Pizza",3,3
"1hop-NamedPizza_PolloAdAstra_80_PolloAdAstra_80-PolloAdAstra_80-hasTopping-CajunSpiceTopping_dynamic_1-BIN","NamedPizza_PolloAdAstra_80",117,8,"Property Assertion","BIN","ASK WHERE { <http://www.example.com/genealogy.owl#PolloAdAstra_80> <http://www.example.com/genealogy.owl#hasTopping> <http://www.example.com/genealogy.owl#CajunSpiceTopping_dynamic_1> }","hasTopping","TRUE",1,1
"1hop-NamedPizza_PolloAdAstra_80_PolloAdAstra_80-PolloAdAstra_80-hasTopping-PolloAdAstra_80-NEG-BIN","NamedPizza_PolloAdAstra_80",117,8,"Property Assertion","BIN","ASK WHERE { <http://www.example.com/genealogy.owl#PolloAdAstra_80> <http://www.example.com/genealogy.owl#hasTopping> <http://www.example.com/genealogy.owl#PolloAdAstra_80> }","hasTopping","FALSE",1,1
"1hop-NamedPizza_PolloAdAstra_81_PolloAdAstra_81-PolloAdAstra_81-hasIngredient-MC","NamedPizza_PolloAdAstra_81",117,8,"Property Assertion","MC","SELECT ?x WHERE { <http://www.example.com/genealogy.owl#PolloAdAstra_81> <http://www.example.com/genealogy.owl#hasIngredient> ?x }","hasIngredient","CajunSpiceTopping_dynamic_1; ChickenTopping_dynamic_1; GarlicTopping_dynamic_1; MozzarellaTopping_dynamic_1; RedOnionTopping_dynamic_1; SweetPepperTopping_dynamic_1; TomatoTopping_dynamic_1",2,2
"1hop-NamedPizza_PolloAdAstra_81_PolloAdAstra_81-PolloAdAstra_81-hasIngredient-CajunSpiceTopping_dynamic_1-BIN","NamedPizza_PolloAdAstra_81",117,8,"Property Assertion","BIN","ASK WHERE { <http://www.example.com/genealogy.owl#PolloAdAstra_81> <http://www.example.com/genealogy.owl#hasIngredient> <http://www.example.com/genealogy.owl#CajunSpiceTopping_dynamic_1> }","hasIngredient","TRUE",2,2
"1hop-NamedPizza_PolloAdAstra_81_PolloAdAstra_81-PolloAdAstra_81-hasIngredient-PolloAdAstra_81-NEG-BIN","NamedPizza_PolloAdAstra_81",117,8,"Property Assertion","BIN","ASK WHERE { <http://www.example.com/genealogy.owl#PolloAdAstra_81> <http://www.example.com/genealogy.owl#hasIngredient> <http://www.example.com/genealogy.owl#PolloAdAstra_81> }","hasIngredient","FALSE",2,2
"1hop-NamedPizza_PolloAdAstra_81_PolloAdAstra_81-PolloAdAstra_81-hasTopping-MC","NamedPizza_PolloAdAstra_81",117,8,"Property Assertion","MC","SELECT ?x WHERE { <http://www.example.com/genealogy.owl#PolloAdAstra_81> <http://www.example.com/genealogy.owl#hasTopping> ?x }","hasTopping","CajunSpiceTopping_dynamic_1; ChickenTopping_dynamic_1; GarlicTopping_dynamic_1; MozzarellaTopping_dynamic_1; RedOnionTopping_dynamic_1; SweetPepperTopping_dynamic_1; TomatoTopping_dynamic_1",1,1
"1hop-NamedPizza_PolloAdAstra_81_PolloAdAstra_81-PolloAdAstra_81-rdf:type-Food-BIN","NamedPizza_PolloAdAstra_81",117,8,"Membership","BIN","ASK WHERE { <http://www.example.com/genealogy.owl#PolloAdAstra_81> <http://www.w3.org/1999/02/22-rdf-syntax-ns#type> <http://www.example.com/genealogy.owl#Food> }","rdf:type","TRUE",3,3
"1hop-NamedPizza_PolloAdAstra_81_PolloAdAstra_81-PolloAdAstra_81-rdf:type-American-NEG-BIN","NamedPizza_PolloAdAstra_81",117,8,"Membership","BIN","ASK WHERE { <http://www.example.com/genealogy.owl#PolloAdAstra_81> <http://www.w3.org/1999/02/22-rdf-syntax-ns#type> <http://www.example.com/genealogy.owl#American> }","rdf:type","FALSE",3,3
"1hop-NamedPizza_PolloAdAstra_81_PolloAdAstra_81-PolloAdAstra_81-rdf:type-MC","NamedPizza_PolloAdAstra_81",117,8,"Membership","MC","SELECT ?x WHERE { <http://www.example.com/genealogy.owl#PolloAdAstra_81> <http://www.w3.org/1999/02/22-rdf-syntax-ns#type> ?x }","rdf:type","DomainConcept; Food; Pizza",3,3
"1hop-NamedPizza_PolloAdAstra_81_PolloAdAstra_81-PolloAdAstra_81-hasTopping-CajunSpiceTopping_dynamic_1-BIN","NamedPizza_PolloAdAstra_81",117,8,"Property Assertion","BIN","ASK WHERE { <http://www.example.com/genealogy.owl#PolloAdAstra_81> <http://www.example.com/genealogy.owl#hasTopping> <http://www.example.com/genealogy.owl#CajunSpiceTopping_dynamic_1> }","hasTopping","TRUE",1,1
"1hop-NamedPizza_PolloAdAstra_81_PolloAdAstra_81-PolloAdAstra_81-hasTopping-PolloAdAstra_81-NEG-BIN","NamedPizza_PolloAdAstra_81",117,8,"Property Assertion","BIN","ASK WHERE { <http://www.example.com/genealogy.owl#PolloAdAstra_81> <http://www.example.com/genealogy.owl#hasTopping> <http://www.example.com/genealogy.owl#PolloAdAstra_81> }","hasTopping","FALSE",1,1
"1hop-NamedPizza_PolloAdAstra_9_PolloAdAstra_9-PolloAdAstra_9-hasIngredient-CajunSpiceTopping_dynamic_1-BIN","NamedPizza_PolloAdAstra_9",117,8,"Property Assertion","BIN","ASK WHERE { <http://www.example.com/genealogy.owl#PolloAdAstra_9> <http://www.example.com/genealogy.owl#hasIngredient> <http://www.example.com/genealogy.owl#CajunSpiceTopping_dynamic_1> }","hasIngredient","TRUE",2,2
"1hop-NamedPizza_PolloAdAstra_9_PolloAdAstra_9-PolloAdAstra_9-hasIngredient-PolloAdAstra_9-NEG-BIN","NamedPizza_PolloAdAstra_9",117,8,"Property Assertion","BIN","ASK WHERE { <http://www.example.com/genealogy.owl#PolloAdAstra_9> <http://www.example.com/genealogy.owl#hasIngredient> <http://www.example.com/genealogy.owl#PolloAdAstra_9> }","hasIngredient","FALSE",2,2
"1hop-NamedPizza_PolloAdAstra_9_PolloAdAstra_9-PolloAdAstra_9-hasIngredient-MC","NamedPizza_PolloAdAstra_9",117,8,"Property Assertion","MC","SELECT ?x WHERE { <http://www.example.com/genealogy.owl#PolloAdAstra_9> <http://www.example.com/genealogy.owl#hasIngredient> ?x }","hasIngredient","CajunSpiceTopping_dynamic_1; ChickenTopping_dynamic_1; GarlicTopping_dynamic_1; MozzarellaTopping_dynamic_1; RedOnionTopping_dynamic_1; SweetPepperTopping_dynamic_1; TomatoTopping_dynamic_1",2,2
"1hop-NamedPizza_PolloAdAstra_9_PolloAdAstra_9-PolloAdAstra_9-hasTopping-MC","NamedPizza_PolloAdAstra_9",117,8,"Property Assertion","MC","SELECT ?x WHERE { <http://www.example.com/genealogy.owl#PolloAdAstra_9> <http://www.example.com/genealogy.owl#hasTopping> ?x }","hasTopping","CajunSpiceTopping_dynamic_1; ChickenTopping_dynamic_1; GarlicTopping_dynamic_1; MozzarellaTopping_dynamic_1; RedOnionTopping_dynamic_1; SweetPepperTopping_dynamic_1; TomatoTopping_dynamic_1",1,1
"1hop-NamedPizza_PolloAdAstra_9_PolloAdAstra_9-PolloAdAstra_9-rdf:type-Food-BIN","NamedPizza_PolloAdAstra_9",117,8,"Membership","BIN","ASK WHERE { <http://www.example.com/genealogy.owl#PolloAdAstra_9> <http://www.w3.org/1999/02/22-rdf-syntax-ns#type> <http://www.example.com/genealogy.owl#Food> }","rdf:type","TRUE",3,3
"1hop-NamedPizza_PolloAdAstra_9_PolloAdAstra_9-PolloAdAstra_9-rdf:type-American-NEG-BIN","NamedPizza_PolloAdAstra_9",117,8,"Membership","BIN","ASK WHERE { <http://www.example.com/genealogy.owl#PolloAdAstra_9> <http://www.w3.org/1999/02/22-rdf-syntax-ns#type> <http://www.example.com/genealogy.owl#American> }","rdf:type","FALSE",3,3
"1hop-NamedPizza_PolloAdAstra_9_PolloAdAstra_9-PolloAdAstra_9-rdf:type-MC","NamedPizza_PolloAdAstra_9",117,8,"Membership","MC","SELECT ?x WHERE { <http://www.example.com/genealogy.owl#PolloAdAstra_9> <http://www.w3.org/1999/02/22-rdf-syntax-ns#type> ?x }","rdf:type","DomainConcept; Food; Pizza",3,3
"1hop-NamedPizza_PolloAdAstra_9_PolloAdAstra_9-PolloAdAstra_9-hasTopping-CajunSpiceTopping_dynamic_1-BIN","NamedPizza_PolloAdAstra_9",117,8,"Property Assertion","BIN","ASK WHERE { <http://www.example.com/genealogy.owl#PolloAdAstra_9> <http://www.example.com/genealogy.owl#hasTopping> <http://www.example.com/genealogy.owl#CajunSpiceTopping_dynamic_1> }","hasTopping","TRUE",1,1
"1hop-NamedPizza_PolloAdAstra_9_PolloAdAstra_9-PolloAdAstra_9-hasTopping-PolloAdAstra_9-NEG-BIN","NamedPizza_PolloAdAstra_9",117,8,"Property Assertion","BIN","ASK WHERE { <http://www.example.com/genealogy.owl#PolloAdAstra_9> <http://www.example.com/genealogy.owl#hasTopping> <http://www.example.com/genealogy.owl#PolloAdAstra_9> }","hasTopping","FALSE",1,1
"1hop-NamedPizza_PrinceCarlo_24_PrinceCarlo_24-PrinceCarlo_24-hasIngredient-MC","NamedPizza_PrinceCarlo_24",117,6,"Property Assertion","MC","SELECT ?x WHERE { <http://www.example.com/genealogy.owl#PrinceCarlo_24> <http://www.example.com/genealogy.owl#hasIngredient> ?x }","hasIngredient","LeekTopping_dynamic_1; MozzarellaTopping_dynamic_1; ParmesanTopping_dynamic_1; RosemaryTopping_dynamic_1; TomatoTopping_dynamic_1",2,2
"1hop-NamedPizza_PrinceCarlo_24_PrinceCarlo_24-PrinceCarlo_24-hasTopping-MC","NamedPizza_PrinceCarlo_24",117,6,"Property Assertion","MC","SELECT ?x WHERE { <http://www.example.com/genealogy.owl#PrinceCarlo_24> <http://www.example.com/genealogy.owl#hasTopping> ?x }","hasTopping","LeekTopping_dynamic_1; MozzarellaTopping_dynamic_1; ParmesanTopping_dynamic_1; RosemaryTopping_dynamic_1; TomatoTopping_dynamic_1",1,1
"1hop-NamedPizza_PrinceCarlo_24_PrinceCarlo_24-PrinceCarlo_24-rdf:type-MC","NamedPizza_PrinceCarlo_24",117,6,"Membership","MC","SELECT ?x WHERE { <http://www.example.com/genealogy.owl#PrinceCarlo_24> <http://www.w3.org/1999/02/22-rdf-syntax-ns#type> ?x }","rdf:type","DomainConcept; Food; Pizza",2,2
"1hop-NamedPizza_PrinceCarlo_24_PrinceCarlo_24-PrinceCarlo_24-rdf:type-Food-BIN","NamedPizza_PrinceCarlo_24",117,6,"Membership","BIN","ASK WHERE { <http://www.example.com/genealogy.owl#PrinceCarlo_24> <http://www.w3.org/1999/02/22-rdf-syntax-ns#type> <http://www.example.com/genealogy.owl#Food> }","rdf:type","TRUE",3,3
"1hop-NamedPizza_PrinceCarlo_24_PrinceCarlo_24-PrinceCarlo_24-rdf:type-American-NEG-BIN","NamedPizza_PrinceCarlo_24",117,6,"Membership","BIN","ASK WHERE { <http://www.example.com/genealogy.owl#PrinceCarlo_24> <http://www.w3.org/1999/02/22-rdf-syntax-ns#type> <http://www.example.com/genealogy.owl#American> }","rdf:type","FALSE",3,3
"1hop-NamedPizza_PrinceCarlo_24_PrinceCarlo_24-PrinceCarlo_24-hasTopping-LeekTopping_dynamic_1-BIN","NamedPizza_PrinceCarlo_24",117,6,"Property Assertion","BIN","ASK WHERE { <http://www.example.com/genealogy.owl#PrinceCarlo_24> <http://www.example.com/genealogy.owl#hasTopping> <http://www.example.com/genealogy.owl#LeekTopping_dynamic_1> }","hasTopping","TRUE",1,1
"1hop-NamedPizza_PrinceCarlo_24_PrinceCarlo_24-PrinceCarlo_24-hasTopping-PrinceCarlo_24-NEG-BIN","NamedPizza_PrinceCarlo_24",117,6,"Property Assertion","BIN","ASK WHERE { <http://www.example.com/genealogy.owl#PrinceCarlo_24> <http://www.example.com/genealogy.owl#hasTopping> <http://www.example.com/genealogy.owl#PrinceCarlo_24> }","hasTopping","FALSE",1,1
"1hop-NamedPizza_PrinceCarlo_24_PrinceCarlo_24-PrinceCarlo_24-hasIngredient-LeekTopping_dynamic_1-BIN","NamedPizza_PrinceCarlo_24",117,6,"Property Assertion","BIN","ASK WHERE { <http://www.example.com/genealogy.owl#PrinceCarlo_24> <http://www.example.com/genealogy.owl#hasIngredient> <http://www.example.com/genealogy.owl#LeekTopping_dynamic_1> }","hasIngredient","TRUE",2,2
"1hop-NamedPizza_PrinceCarlo_24_PrinceCarlo_24-PrinceCarlo_24-hasIngredient-PrinceCarlo_24-NEG-BIN","NamedPizza_PrinceCarlo_24",117,6,"Property Assertion","BIN","ASK WHERE { <http://www.example.com/genealogy.owl#PrinceCarlo_24> <http://www.example.com/genealogy.owl#hasIngredient> <http://www.example.com/genealogy.owl#PrinceCarlo_24> }","hasIngredient","FALSE",2,2
"1hop-NamedPizza_PrinceCarlo_31_PrinceCarlo_31-PrinceCarlo_31-hasIngredient-MC","NamedPizza_PrinceCarlo_31",117,6,"Property Assertion","MC","SELECT ?x WHERE { <http://www.example.com/genealogy.owl#PrinceCarlo_31> <http://www.example.com/genealogy.owl#hasIngredient> ?x }","hasIngredient","LeekTopping_dynamic_1; MozzarellaTopping_dynamic_1; ParmesanTopping_dynamic_1; RosemaryTopping_dynamic_1; TomatoTopping_dynamic_1",2,2
"1hop-NamedPizza_PrinceCarlo_31_PrinceCarlo_31-PrinceCarlo_31-hasTopping-MC","NamedPizza_PrinceCarlo_31",117,6,"Property Assertion","MC","SELECT ?x WHERE { <http://www.example.com/genealogy.owl#PrinceCarlo_31> <http://www.example.com/genealogy.owl#hasTopping> ?x }","hasTopping","LeekTopping_dynamic_1; MozzarellaTopping_dynamic_1; ParmesanTopping_dynamic_1; RosemaryTopping_dynamic_1; TomatoTopping_dynamic_1",1,1
"1hop-NamedPizza_PrinceCarlo_31_PrinceCarlo_31-PrinceCarlo_31-rdf:type-MC","NamedPizza_PrinceCarlo_31",117,6,"Membership","MC","SELECT ?x WHERE { <http://www.example.com/genealogy.owl#PrinceCarlo_31> <http://www.w3.org/1999/02/22-rdf-syntax-ns#type> ?x }","rdf:type","DomainConcept; Food; Pizza",4,4
"1hop-NamedPizza_PrinceCarlo_31_PrinceCarlo_31-PrinceCarlo_31-hasIngredient-LeekTopping_dynamic_1-BIN","NamedPizza_PrinceCarlo_31",117,6,"Property Assertion","BIN","ASK WHERE { <http://www.example.com/genealogy.owl#PrinceCarlo_31> <http://www.example.com/genealogy.owl#hasIngredient> <http://www.example.com/genealogy.owl#LeekTopping_dynamic_1> }","hasIngredient","TRUE",2,2
"1hop-NamedPizza_PrinceCarlo_31_PrinceCarlo_31-PrinceCarlo_31-hasIngredient-PrinceCarlo_31-NEG-BIN","NamedPizza_PrinceCarlo_31",117,6,"Property Assertion","BIN","ASK WHERE { <http://www.example.com/genealogy.owl#PrinceCarlo_31> <http://www.example.com/genealogy.owl#hasIngredient> <http://www.example.com/genealogy.owl#PrinceCarlo_31> }","hasIngredient","FALSE",2,2
"1hop-NamedPizza_PrinceCarlo_31_PrinceCarlo_31-PrinceCarlo_31-rdf:type-Food-BIN","NamedPizza_PrinceCarlo_31",117,6,"Membership","BIN","ASK WHERE { <http://www.example.com/genealogy.owl#PrinceCarlo_31> <http://www.w3.org/1999/02/22-rdf-syntax-ns#type> <http://www.example.com/genealogy.owl#Food> }","rdf:type","TRUE",3,3
"1hop-NamedPizza_PrinceCarlo_31_PrinceCarlo_31-PrinceCarlo_31-rdf:type-American-NEG-BIN","NamedPizza_PrinceCarlo_31",117,6,"Membership","BIN","ASK WHERE { <http://www.example.com/genealogy.owl#PrinceCarlo_31> <http://www.w3.org/1999/02/22-rdf-syntax-ns#type> <http://www.example.com/genealogy.owl#American> }","rdf:type","FALSE",3,3
"1hop-NamedPizza_PrinceCarlo_31_PrinceCarlo_31-PrinceCarlo_31-hasTopping-LeekTopping_dynamic_1-BIN","NamedPizza_PrinceCarlo_31",117,6,"Property Assertion","BIN","ASK WHERE { <http://www.example.com/genealogy.owl#PrinceCarlo_31> <http://www.example.com/genealogy.owl#hasTopping> <http://www.example.com/genealogy.owl#LeekTopping_dynamic_1> }","hasTopping","TRUE",1,1
"1hop-NamedPizza_PrinceCarlo_31_PrinceCarlo_31-PrinceCarlo_31-hasTopping-PrinceCarlo_31-NEG-BIN","NamedPizza_PrinceCarlo_31",117,6,"Property Assertion","BIN","ASK WHERE { <http://www.example.com/genealogy.owl#PrinceCarlo_31> <http://www.example.com/genealogy.owl#hasTopping> <http://www.example.com/genealogy.owl#PrinceCarlo_31> }","hasTopping","FALSE",1,1
"1hop-NamedPizza_PrinceCarlo_32_PrinceCarlo_32-PrinceCarlo_32-rdf:type-MC","NamedPizza_PrinceCarlo_32",117,6,"Membership","MC","SELECT ?x WHERE { <http://www.example.com/genealogy.owl#PrinceCarlo_32> <http://www.w3.org/1999/02/22-rdf-syntax-ns#type> ?x }","rdf:type","DomainConcept; Food; Pizza",2,2
"1hop-NamedPizza_PrinceCarlo_32_PrinceCarlo_32-PrinceCarlo_32-hasIngredient-MC","NamedPizza_PrinceCarlo_32",117,6,"Property Assertion","MC","SELECT ?x WHERE { <http://www.example.com/genealogy.owl#PrinceCarlo_32> <http://www.example.com/genealogy.owl#hasIngredient> ?x }","hasIngredient","LeekTopping_dynamic_1; MozzarellaTopping_dynamic_1; ParmesanTopping_dynamic_1; RosemaryTopping_dynamic_1; TomatoTopping_dynamic_1",2,2
"1hop-NamedPizza_PrinceCarlo_32_PrinceCarlo_32-PrinceCarlo_32-hasIngredient-LeekTopping_dynamic_1-BIN","NamedPizza_PrinceCarlo_32",117,6,"Property Assertion","BIN","ASK WHERE { <http://www.example.com/genealogy.owl#PrinceCarlo_32> <http://www.example.com/genealogy.owl#hasIngredient> <http://www.example.com/genealogy.owl#LeekTopping_dynamic_1> }","hasIngredient","TRUE",2,2
"1hop-NamedPizza_PrinceCarlo_32_PrinceCarlo_32-PrinceCarlo_32-hasIngredient-PrinceCarlo_32-NEG-BIN","NamedPizza_PrinceCarlo_32",117,6,"Property Assertion","BIN","ASK WHERE { <http://www.example.com/genealogy.owl#PrinceCarlo_32> <http://www.example.com/genealogy.owl#hasIngredient> <http://www.example.com/genealogy.owl#PrinceCarlo_32> }","hasIngredient","FALSE",2,2
"1hop-NamedPizza_PrinceCarlo_32_PrinceCarlo_32-PrinceCarlo_32-hasTopping-MC","NamedPizza_PrinceCarlo_32",117,6,"Property Assertion","MC","SELECT ?x WHERE { <http://www.example.com/genealogy.owl#PrinceCarlo_32> <http://www.example.com/genealogy.owl#hasTopping> ?x }","hasTopping","LeekTopping_dynamic_1; MozzarellaTopping_dynamic_1; ParmesanTopping_dynamic_1; RosemaryTopping_dynamic_1; TomatoTopping_dynamic_1",1,1
"1hop-NamedPizza_PrinceCarlo_32_PrinceCarlo_32-PrinceCarlo_32-rdf:type-Food-BIN","NamedPizza_PrinceCarlo_32",117,6,"Membership","BIN","ASK WHERE { <http://www.example.com/genealogy.owl#PrinceCarlo_32> <http://www.w3.org/1999/02/22-rdf-syntax-ns#type> <http://www.example.com/genealogy.owl#Food> }","rdf:type","TRUE",3,3
"1hop-NamedPizza_PrinceCarlo_32_PrinceCarlo_32-PrinceCarlo_32-rdf:type-American-NEG-BIN","NamedPizza_PrinceCarlo_32",117,6,"Membership","BIN","ASK WHERE { <http://www.example.com/genealogy.owl#PrinceCarlo_32> <http://www.w3.org/1999/02/22-rdf-syntax-ns#type> <http://www.example.com/genealogy.owl#American> }","rdf:type","FALSE",3,3
"1hop-NamedPizza_PrinceCarlo_32_PrinceCarlo_32-PrinceCarlo_32-hasTopping-LeekTopping_dynamic_1-BIN","NamedPizza_PrinceCarlo_32",117,6,"Property Assertion","BIN","ASK WHERE { <http://www.example.com/genealogy.owl#PrinceCarlo_32> <http://www.example.com/genealogy.owl#hasTopping> <http://www.example.com/genealogy.owl#LeekTopping_dynamic_1> }","hasTopping","TRUE",1,1
"1hop-NamedPizza_PrinceCarlo_32_PrinceCarlo_32-PrinceCarlo_32-hasTopping-PrinceCarlo_32-NEG-BIN","NamedPizza_PrinceCarlo_32",117,6,"Property Assertion","BIN","ASK WHERE { <http://www.example.com/genealogy.owl#PrinceCarlo_32> <http://www.example.com/genealogy.owl#hasTopping> <http://www.example.com/genealogy.owl#PrinceCarlo_32> }","hasTopping","FALSE",1,1
"1hop-NamedPizza_PrinceCarlo_37_PrinceCarlo_37-PrinceCarlo_37-hasTopping-MC","NamedPizza_PrinceCarlo_37",117,6,"Property Assertion","MC","SELECT ?x WHERE { <http://www.example.com/genealogy.owl#PrinceCarlo_37> <http://www.example.com/genealogy.owl#hasTopping> ?x }","hasTopping","LeekTopping_dynamic_1; MozzarellaTopping_dynamic_1; ParmesanTopping_dynamic_1; RosemaryTopping_dynamic_1; TomatoTopping_dynamic_1",1,1
"1hop-NamedPizza_PrinceCarlo_37_PrinceCarlo_37-PrinceCarlo_37-rdf:type-MC","NamedPizza_PrinceCarlo_37",117,6,"Membership","MC","SELECT ?x WHERE { <http://www.example.com/genealogy.owl#PrinceCarlo_37> <http://www.w3.org/1999/02/22-rdf-syntax-ns#type> ?x }","rdf:type","DomainConcept; Food; Pizza",2,2
"1hop-NamedPizza_PrinceCarlo_37_PrinceCarlo_37-PrinceCarlo_37-hasIngredient-LeekTopping_dynamic_1-BIN","NamedPizza_PrinceCarlo_37",117,6,"Property Assertion","BIN","ASK WHERE { <http://www.example.com/genealogy.owl#PrinceCarlo_37> <http://www.example.com/genealogy.owl#hasIngredient> <http://www.example.com/genealogy.owl#LeekTopping_dynamic_1> }","hasIngredient","TRUE",2,2
"1hop-NamedPizza_PrinceCarlo_37_PrinceCarlo_37-PrinceCarlo_37-hasIngredient-PrinceCarlo_37-NEG-BIN","NamedPizza_PrinceCarlo_37",117,6,"Property Assertion","BIN","ASK WHERE { <http://www.example.com/genealogy.owl#PrinceCarlo_37> <http://www.example.com/genealogy.owl#hasIngredient> <http://www.example.com/genealogy.owl#PrinceCarlo_37> }","hasIngredient","FALSE",2,2
"1hop-NamedPizza_PrinceCarlo_37_PrinceCarlo_37-PrinceCarlo_37-hasIngredient-MC","NamedPizza_PrinceCarlo_37",117,6,"Property Assertion","MC","SELECT ?x WHERE { <http://www.example.com/genealogy.owl#PrinceCarlo_37> <http://www.example.com/genealogy.owl#hasIngredient> ?x }","hasIngredient","LeekTopping_dynamic_1; MozzarellaTopping_dynamic_1; ParmesanTopping_dynamic_1; RosemaryTopping_dynamic_1; TomatoTopping_dynamic_1",2,2
"1hop-NamedPizza_PrinceCarlo_37_PrinceCarlo_37-PrinceCarlo_37-rdf:type-Food-BIN","NamedPizza_PrinceCarlo_37",117,6,"Membership","BIN","ASK WHERE { <http://www.example.com/genealogy.owl#PrinceCarlo_37> <http://www.w3.org/1999/02/22-rdf-syntax-ns#type> <http://www.example.com/genealogy.owl#Food> }","rdf:type","TRUE",3,3
"1hop-NamedPizza_PrinceCarlo_37_PrinceCarlo_37-PrinceCarlo_37-rdf:type-American-NEG-BIN","NamedPizza_PrinceCarlo_37",117,6,"Membership","BIN","ASK WHERE { <http://www.example.com/genealogy.owl#PrinceCarlo_37> <http://www.w3.org/1999/02/22-rdf-syntax-ns#type> <http://www.example.com/genealogy.owl#American> }","rdf:type","FALSE",3,3
"1hop-NamedPizza_PrinceCarlo_37_PrinceCarlo_37-PrinceCarlo_37-hasTopping-LeekTopping_dynamic_1-BIN","NamedPizza_PrinceCarlo_37",117,6,"Property Assertion","BIN","ASK WHERE { <http://www.example.com/genealogy.owl#PrinceCarlo_37> <http://www.example.com/genealogy.owl#hasTopping> <http://www.example.com/genealogy.owl#LeekTopping_dynamic_1> }","hasTopping","TRUE",1,1
"1hop-NamedPizza_PrinceCarlo_37_PrinceCarlo_37-PrinceCarlo_37-hasTopping-PrinceCarlo_37-NEG-BIN","NamedPizza_PrinceCarlo_37",117,6,"Property Assertion","BIN","ASK WHERE { <http://www.example.com/genealogy.owl#PrinceCarlo_37> <http://www.example.com/genealogy.owl#hasTopping> <http://www.example.com/genealogy.owl#PrinceCarlo_37> }","hasTopping","FALSE",1,1
"1hop-NamedPizza_PrinceCarlo_38_PrinceCarlo_38-PrinceCarlo_38-hasIngredient-MC","NamedPizza_PrinceCarlo_38",117,6,"Property Assertion","MC","SELECT ?x WHERE { <http://www.example.com/genealogy.owl#PrinceCarlo_38> <http://www.example.com/genealogy.owl#hasIngredient> ?x }","hasIngredient","LeekTopping_dynamic_1; MozzarellaTopping_dynamic_1; ParmesanTopping_dynamic_1; RosemaryTopping_dynamic_1; TomatoTopping_dynamic_1",2,2
"1hop-NamedPizza_PrinceCarlo_38_PrinceCarlo_38-PrinceCarlo_38-hasTopping-MC","NamedPizza_PrinceCarlo_38",117,6,"Property Assertion","MC","SELECT ?x WHERE { <http://www.example.com/genealogy.owl#PrinceCarlo_38> <http://www.example.com/genealogy.owl#hasTopping> ?x }","hasTopping","LeekTopping_dynamic_1; MozzarellaTopping_dynamic_1; ParmesanTopping_dynamic_1; RosemaryTopping_dynamic_1; TomatoTopping_dynamic_1",1,1
"1hop-NamedPizza_PrinceCarlo_38_PrinceCarlo_38-PrinceCarlo_38-hasIngredient-LeekTopping_dynamic_1-BIN","NamedPizza_PrinceCarlo_38",117,6,"Property Assertion","BIN","ASK WHERE { <http://www.example.com/genealogy.owl#PrinceCarlo_38> <http://www.example.com/genealogy.owl#hasIngredient> <http://www.example.com/genealogy.owl#LeekTopping_dynamic_1> }","hasIngredient","TRUE",2,2
"1hop-NamedPizza_PrinceCarlo_38_PrinceCarlo_38-PrinceCarlo_38-hasIngredient-PrinceCarlo_38-NEG-BIN","NamedPizza_PrinceCarlo_38",117,6,"Property Assertion","BIN","ASK WHERE { <http://www.example.com/genealogy.owl#PrinceCarlo_38> <http://www.example.com/genealogy.owl#hasIngredient> <http://www.example.com/genealogy.owl#PrinceCarlo_38> }","hasIngredient","FALSE",2,2
"1hop-NamedPizza_PrinceCarlo_38_PrinceCarlo_38-PrinceCarlo_38-rdf:type-MC","NamedPizza_PrinceCarlo_38",117,6,"Membership","MC","SELECT ?x WHERE { <http://www.example.com/genealogy.owl#PrinceCarlo_38> <http://www.w3.org/1999/02/22-rdf-syntax-ns#type> ?x }","rdf:type","DomainConcept; Food; Pizza",2,2
"1hop-NamedPizza_PrinceCarlo_38_PrinceCarlo_38-PrinceCarlo_38-rdf:type-Food-BIN","NamedPizza_PrinceCarlo_38",117,6,"Membership","BIN","ASK WHERE { <http://www.example.com/genealogy.owl#PrinceCarlo_38> <http://www.w3.org/1999/02/22-rdf-syntax-ns#type> <http://www.example.com/genealogy.owl#Food> }","rdf:type","TRUE",3,3
"1hop-NamedPizza_PrinceCarlo_38_PrinceCarlo_38-PrinceCarlo_38-rdf:type-American-NEG-BIN","NamedPizza_PrinceCarlo_38",117,6,"Membership","BIN","ASK WHERE { <http://www.example.com/genealogy.owl#PrinceCarlo_38> <http://www.w3.org/1999/02/22-rdf-syntax-ns#type> <http://www.example.com/genealogy.owl#American> }","rdf:type","FALSE",3,3
"1hop-NamedPizza_PrinceCarlo_38_PrinceCarlo_38-PrinceCarlo_38-hasTopping-LeekTopping_dynamic_1-BIN","NamedPizza_PrinceCarlo_38",117,6,"Property Assertion","BIN","ASK WHERE { <http://www.example.com/genealogy.owl#PrinceCarlo_38> <http://www.example.com/genealogy.owl#hasTopping> <http://www.example.com/genealogy.owl#LeekTopping_dynamic_1> }","hasTopping","TRUE",1,1
"1hop-NamedPizza_PrinceCarlo_38_PrinceCarlo_38-PrinceCarlo_38-hasTopping-PrinceCarlo_38-NEG-BIN","NamedPizza_PrinceCarlo_38",117,6,"Property Assertion","BIN","ASK WHERE { <http://www.example.com/genealogy.owl#PrinceCarlo_38> <http://www.example.com/genealogy.owl#hasTopping> <http://www.example.com/genealogy.owl#PrinceCarlo_38> }","hasTopping","FALSE",1,1
"1hop-NamedPizza_PrinceCarlo_4_PrinceCarlo_4-PrinceCarlo_4-hasIngredient-MC","NamedPizza_PrinceCarlo_4",117,6,"Property Assertion","MC","SELECT ?x WHERE { <http://www.example.com/genealogy.owl#PrinceCarlo_4> <http://www.example.com/genealogy.owl#hasIngredient> ?x }","hasIngredient","LeekTopping_dynamic_1; MozzarellaTopping_dynamic_1; ParmesanTopping_dynamic_1; RosemaryTopping_dynamic_1; TomatoTopping_dynamic_1",2,2
"1hop-NamedPizza_PrinceCarlo_4_PrinceCarlo_4-PrinceCarlo_4-hasTopping-MC","NamedPizza_PrinceCarlo_4",117,6,"Property Assertion","MC","SELECT ?x WHERE { <http://www.example.com/genealogy.owl#PrinceCarlo_4> <http://www.example.com/genealogy.owl#hasTopping> ?x }","hasTopping","LeekTopping_dynamic_1; MozzarellaTopping_dynamic_1; ParmesanTopping_dynamic_1; RosemaryTopping_dynamic_1; TomatoTopping_dynamic_1",1,1
"1hop-NamedPizza_PrinceCarlo_4_PrinceCarlo_4-PrinceCarlo_4-hasTopping-LeekTopping_dynamic_1-BIN","NamedPizza_PrinceCarlo_4",117,6,"Property Assertion","BIN","ASK WHERE { <http://www.example.com/genealogy.owl#PrinceCarlo_4> <http://www.example.com/genealogy.owl#hasTopping> <http://www.example.com/genealogy.owl#LeekTopping_dynamic_1> }","hasTopping","TRUE",1,1
"1hop-NamedPizza_PrinceCarlo_4_PrinceCarlo_4-PrinceCarlo_4-hasTopping-PrinceCarlo_4-NEG-BIN","NamedPizza_PrinceCarlo_4",117,6,"Property Assertion","BIN","ASK WHERE { <http://www.example.com/genealogy.owl#PrinceCarlo_4> <http://www.example.com/genealogy.owl#hasTopping> <http://www.example.com/genealogy.owl#PrinceCarlo_4> }","hasTopping","FALSE",1,1
"1hop-NamedPizza_PrinceCarlo_4_PrinceCarlo_4-PrinceCarlo_4-rdf:type-MC","NamedPizza_PrinceCarlo_4",117,6,"Membership","MC","SELECT ?x WHERE { <http://www.example.com/genealogy.owl#PrinceCarlo_4> <http://www.w3.org/1999/02/22-rdf-syntax-ns#type> ?x }","rdf:type","DomainConcept; Food; Pizza",2,2
"1hop-NamedPizza_PrinceCarlo_4_PrinceCarlo_4-PrinceCarlo_4-rdf:type-Food-BIN","NamedPizza_PrinceCarlo_4",117,6,"Membership","BIN","ASK WHERE { <http://www.example.com/genealogy.owl#PrinceCarlo_4> <http://www.w3.org/1999/02/22-rdf-syntax-ns#type> <http://www.example.com/genealogy.owl#Food> }","rdf:type","TRUE",3,3
"1hop-NamedPizza_PrinceCarlo_4_PrinceCarlo_4-PrinceCarlo_4-rdf:type-American-NEG-BIN","NamedPizza_PrinceCarlo_4",117,6,"Membership","BIN","ASK WHERE { <http://www.example.com/genealogy.owl#PrinceCarlo_4> <http://www.w3.org/1999/02/22-rdf-syntax-ns#type> <http://www.example.com/genealogy.owl#American> }","rdf:type","FALSE",3,3
"1hop-NamedPizza_PrinceCarlo_4_PrinceCarlo_4-PrinceCarlo_4-hasIngredient-LeekTopping_dynamic_1-BIN","NamedPizza_PrinceCarlo_4",117,6,"Property Assertion","BIN","ASK WHERE { <http://www.example.com/genealogy.owl#PrinceCarlo_4> <http://www.example.com/genealogy.owl#hasIngredient> <http://www.example.com/genealogy.owl#LeekTopping_dynamic_1> }","hasIngredient","TRUE",2,2
"1hop-NamedPizza_PrinceCarlo_4_PrinceCarlo_4-PrinceCarlo_4-hasIngredient-PrinceCarlo_4-NEG-BIN","NamedPizza_PrinceCarlo_4",117,6,"Property Assertion","BIN","ASK WHERE { <http://www.example.com/genealogy.owl#PrinceCarlo_4> <http://www.example.com/genealogy.owl#hasIngredient> <http://www.example.com/genealogy.owl#PrinceCarlo_4> }","hasIngredient","FALSE",2,2
"1hop-NamedPizza_PrinceCarlo_44_PrinceCarlo_44-PrinceCarlo_44-hasIngredient-MC","NamedPizza_PrinceCarlo_44",117,6,"Property Assertion","MC","SELECT ?x WHERE { <http://www.example.com/genealogy.owl#PrinceCarlo_44> <http://www.example.com/genealogy.owl#hasIngredient> ?x }","hasIngredient","LeekTopping_dynamic_1; MozzarellaTopping_dynamic_1; ParmesanTopping_dynamic_1; RosemaryTopping_dynamic_1; TomatoTopping_dynamic_1",2,2
"1hop-NamedPizza_PrinceCarlo_44_PrinceCarlo_44-PrinceCarlo_44-hasTopping-MC","NamedPizza_PrinceCarlo_44",117,6,"Property Assertion","MC","SELECT ?x WHERE { <http://www.example.com/genealogy.owl#PrinceCarlo_44> <http://www.example.com/genealogy.owl#hasTopping> ?x }","hasTopping","LeekTopping_dynamic_1; MozzarellaTopping_dynamic_1; ParmesanTopping_dynamic_1; RosemaryTopping_dynamic_1; TomatoTopping_dynamic_1",1,1
"1hop-NamedPizza_PrinceCarlo_44_PrinceCarlo_44-PrinceCarlo_44-rdf:type-Food-BIN","NamedPizza_PrinceCarlo_44",117,6,"Membership","BIN","ASK WHERE { <http://www.example.com/genealogy.owl#PrinceCarlo_44> <http://www.w3.org/1999/02/22-rdf-syntax-ns#type> <http://www.example.com/genealogy.owl#Food> }","rdf:type","TRUE",3,3
"1hop-NamedPizza_PrinceCarlo_44_PrinceCarlo_44-PrinceCarlo_44-rdf:type-American-NEG-BIN","NamedPizza_PrinceCarlo_44",117,6,"Membership","BIN","ASK WHERE { <http://www.example.com/genealogy.owl#PrinceCarlo_44> <http://www.w3.org/1999/02/22-rdf-syntax-ns#type> <http://www.example.com/genealogy.owl#American> }","rdf:type","FALSE",3,3
"1hop-NamedPizza_PrinceCarlo_44_PrinceCarlo_44-PrinceCarlo_44-rdf:type-MC","NamedPizza_PrinceCarlo_44",117,6,"Membership","MC","SELECT ?x WHERE { <http://www.example.com/genealogy.owl#PrinceCarlo_44> <http://www.w3.org/1999/02/22-rdf-syntax-ns#type> ?x }","rdf:type","DomainConcept; Food; Pizza",3,3
"1hop-NamedPizza_PrinceCarlo_44_PrinceCarlo_44-PrinceCarlo_44-hasTopping-LeekTopping_dynamic_1-BIN","NamedPizza_PrinceCarlo_44",117,6,"Property Assertion","BIN","ASK WHERE { <http://www.example.com/genealogy.owl#PrinceCarlo_44> <http://www.example.com/genealogy.owl#hasTopping> <http://www.example.com/genealogy.owl#LeekTopping_dynamic_1> }","hasTopping","TRUE",1,1
"1hop-NamedPizza_PrinceCarlo_44_PrinceCarlo_44-PrinceCarlo_44-hasTopping-PrinceCarlo_44-NEG-BIN","NamedPizza_PrinceCarlo_44",117,6,"Property Assertion","BIN","ASK WHERE { <http://www.example.com/genealogy.owl#PrinceCarlo_44> <http://www.example.com/genealogy.owl#hasTopping> <http://www.example.com/genealogy.owl#PrinceCarlo_44> }","hasTopping","FALSE",1,1
"1hop-NamedPizza_PrinceCarlo_44_PrinceCarlo_44-PrinceCarlo_44-hasIngredient-LeekTopping_dynamic_1-BIN","NamedPizza_PrinceCarlo_44",117,6,"Property Assertion","BIN","ASK WHERE { <http://www.example.com/genealogy.owl#PrinceCarlo_44> <http://www.example.com/genealogy.owl#hasIngredient> <http://www.example.com/genealogy.owl#LeekTopping_dynamic_1> }","hasIngredient","TRUE",2,2
"1hop-NamedPizza_PrinceCarlo_44_PrinceCarlo_44-PrinceCarlo_44-hasIngredient-PrinceCarlo_44-NEG-BIN","NamedPizza_PrinceCarlo_44",117,6,"Property Assertion","BIN","ASK WHERE { <http://www.example.com/genealogy.owl#PrinceCarlo_44> <http://www.example.com/genealogy.owl#hasIngredient> <http://www.example.com/genealogy.owl#PrinceCarlo_44> }","hasIngredient","FALSE",2,2
"1hop-NamedPizza_PrinceCarlo_66_PrinceCarlo_66-PrinceCarlo_66-hasIngredient-MC","NamedPizza_PrinceCarlo_66",117,6,"Property Assertion","MC","SELECT ?x WHERE { <http://www.example.com/genealogy.owl#PrinceCarlo_66> <http://www.example.com/genealogy.owl#hasIngredient> ?x }","hasIngredient","LeekTopping_dynamic_1; MozzarellaTopping_dynamic_1; ParmesanTopping_dynamic_1; RosemaryTopping_dynamic_1; TomatoTopping_dynamic_1",2,2
"1hop-NamedPizza_PrinceCarlo_66_PrinceCarlo_66-PrinceCarlo_66-hasTopping-MC","NamedPizza_PrinceCarlo_66",117,6,"Property Assertion","MC","SELECT ?x WHERE { <http://www.example.com/genealogy.owl#PrinceCarlo_66> <http://www.example.com/genealogy.owl#hasTopping> ?x }","hasTopping","LeekTopping_dynamic_1; MozzarellaTopping_dynamic_1; ParmesanTopping_dynamic_1; RosemaryTopping_dynamic_1; TomatoTopping_dynamic_1",1,1
"1hop-NamedPizza_PrinceCarlo_66_PrinceCarlo_66-PrinceCarlo_66-hasTopping-LeekTopping_dynamic_1-BIN","NamedPizza_PrinceCarlo_66",117,6,"Property Assertion","BIN","ASK WHERE { <http://www.example.com/genealogy.owl#PrinceCarlo_66> <http://www.example.com/genealogy.owl#hasTopping> <http://www.example.com/genealogy.owl#LeekTopping_dynamic_1> }","hasTopping","TRUE",1,1
"1hop-NamedPizza_PrinceCarlo_66_PrinceCarlo_66-PrinceCarlo_66-hasTopping-PrinceCarlo_66-NEG-BIN","NamedPizza_PrinceCarlo_66",117,6,"Property Assertion","BIN","ASK WHERE { <http://www.example.com/genealogy.owl#PrinceCarlo_66> <http://www.example.com/genealogy.owl#hasTopping> <http://www.example.com/genealogy.owl#PrinceCarlo_66> }","hasTopping","FALSE",1,1
"1hop-NamedPizza_PrinceCarlo_66_PrinceCarlo_66-PrinceCarlo_66-hasIngredient-LeekTopping_dynamic_1-BIN","NamedPizza_PrinceCarlo_66",117,6,"Property Assertion","BIN","ASK WHERE { <http://www.example.com/genealogy.owl#PrinceCarlo_66> <http://www.example.com/genealogy.owl#hasIngredient> <http://www.example.com/genealogy.owl#LeekTopping_dynamic_1> }","hasIngredient","TRUE",2,2
"1hop-NamedPizza_PrinceCarlo_66_PrinceCarlo_66-PrinceCarlo_66-hasIngredient-PrinceCarlo_66-NEG-BIN","NamedPizza_PrinceCarlo_66",117,6,"Property Assertion","BIN","ASK WHERE { <http://www.example.com/genealogy.owl#PrinceCarlo_66> <http://www.example.com/genealogy.owl#hasIngredient> <http://www.example.com/genealogy.owl#PrinceCarlo_66> }","hasIngredient","FALSE",2,2
"1hop-NamedPizza_PrinceCarlo_66_PrinceCarlo_66-PrinceCarlo_66-rdf:type-MC","NamedPizza_PrinceCarlo_66",117,6,"Membership","MC","SELECT ?x WHERE { <http://www.example.com/genealogy.owl#PrinceCarlo_66> <http://www.w3.org/1999/02/22-rdf-syntax-ns#type> ?x }","rdf:type","DomainConcept; Food; Pizza",2,2
"1hop-NamedPizza_PrinceCarlo_66_PrinceCarlo_66-PrinceCarlo_66-rdf:type-Food-BIN","NamedPizza_PrinceCarlo_66",117,6,"Membership","BIN","ASK WHERE { <http://www.example.com/genealogy.owl#PrinceCarlo_66> <http://www.w3.org/1999/02/22-rdf-syntax-ns#type> <http://www.example.com/genealogy.owl#Food> }","rdf:type","TRUE",3,3
"1hop-NamedPizza_PrinceCarlo_66_PrinceCarlo_66-PrinceCarlo_66-rdf:type-American-NEG-BIN","NamedPizza_PrinceCarlo_66",117,6,"Membership","BIN","ASK WHERE { <http://www.example.com/genealogy.owl#PrinceCarlo_66> <http://www.w3.org/1999/02/22-rdf-syntax-ns#type> <http://www.example.com/genealogy.owl#American> }","rdf:type","FALSE",3,3
"1hop-NamedPizza_PrinceCarlo_74_PrinceCarlo_74-PrinceCarlo_74-rdf:type-MC","NamedPizza_PrinceCarlo_74",117,6,"Membership","MC","SELECT ?x WHERE { <http://www.example.com/genealogy.owl#PrinceCarlo_74> <http://www.w3.org/1999/02/22-rdf-syntax-ns#type> ?x }","rdf:type","DomainConcept; Food; Pizza",4,4
"1hop-NamedPizza_PrinceCarlo_74_PrinceCarlo_74-PrinceCarlo_74-hasIngredient-MC","NamedPizza_PrinceCarlo_74",117,6,"Property Assertion","MC","SELECT ?x WHERE { <http://www.example.com/genealogy.owl#PrinceCarlo_74> <http://www.example.com/genealogy.owl#hasIngredient> ?x }","hasIngredient","LeekTopping_dynamic_1; MozzarellaTopping_dynamic_1; ParmesanTopping_dynamic_1; RosemaryTopping_dynamic_1; TomatoTopping_dynamic_1",2,2
"1hop-NamedPizza_PrinceCarlo_74_PrinceCarlo_74-PrinceCarlo_74-hasIngredient-LeekTopping_dynamic_1-BIN","NamedPizza_PrinceCarlo_74",117,6,"Property Assertion","BIN","ASK WHERE { <http://www.example.com/genealogy.owl#PrinceCarlo_74> <http://www.example.com/genealogy.owl#hasIngredient> <http://www.example.com/genealogy.owl#LeekTopping_dynamic_1> }","hasIngredient","TRUE",2,2
"1hop-NamedPizza_PrinceCarlo_74_PrinceCarlo_74-PrinceCarlo_74-hasIngredient-PrinceCarlo_74-NEG-BIN","NamedPizza_PrinceCarlo_74",117,6,"Property Assertion","BIN","ASK WHERE { <http://www.example.com/genealogy.owl#PrinceCarlo_74> <http://www.example.com/genealogy.owl#hasIngredient> <http://www.example.com/genealogy.owl#PrinceCarlo_74> }","hasIngredient","FALSE",2,2
"1hop-NamedPizza_PrinceCarlo_74_PrinceCarlo_74-PrinceCarlo_74-hasTopping-MC","NamedPizza_PrinceCarlo_74",117,6,"Property Assertion","MC","SELECT ?x WHERE { <http://www.example.com/genealogy.owl#PrinceCarlo_74> <http://www.example.com/genealogy.owl#hasTopping> ?x }","hasTopping","LeekTopping_dynamic_1; MozzarellaTopping_dynamic_1; ParmesanTopping_dynamic_1; RosemaryTopping_dynamic_1; TomatoTopping_dynamic_1",1,1
"1hop-NamedPizza_PrinceCarlo_74_PrinceCarlo_74-PrinceCarlo_74-rdf:type-Food-BIN","NamedPizza_PrinceCarlo_74",117,6,"Membership","BIN","ASK WHERE { <http://www.example.com/genealogy.owl#PrinceCarlo_74> <http://www.w3.org/1999/02/22-rdf-syntax-ns#type> <http://www.example.com/genealogy.owl#Food> }","rdf:type","TRUE",3,3
"1hop-NamedPizza_PrinceCarlo_74_PrinceCarlo_74-PrinceCarlo_74-rdf:type-American-NEG-BIN","NamedPizza_PrinceCarlo_74",117,6,"Membership","BIN","ASK WHERE { <http://www.example.com/genealogy.owl#PrinceCarlo_74> <http://www.w3.org/1999/02/22-rdf-syntax-ns#type> <http://www.example.com/genealogy.owl#American> }","rdf:type","FALSE",3,3
"1hop-NamedPizza_PrinceCarlo_74_PrinceCarlo_74-PrinceCarlo_74-hasTopping-LeekTopping_dynamic_1-BIN","NamedPizza_PrinceCarlo_74",117,6,"Property Assertion","BIN","ASK WHERE { <http://www.example.com/genealogy.owl#PrinceCarlo_74> <http://www.example.com/genealogy.owl#hasTopping> <http://www.example.com/genealogy.owl#LeekTopping_dynamic_1> }","hasTopping","TRUE",1,1
"1hop-NamedPizza_PrinceCarlo_74_PrinceCarlo_74-PrinceCarlo_74-hasTopping-PrinceCarlo_74-NEG-BIN","NamedPizza_PrinceCarlo_74",117,6,"Property Assertion","BIN","ASK WHERE { <http://www.example.com/genealogy.owl#PrinceCarlo_74> <http://www.example.com/genealogy.owl#hasTopping> <http://www.example.com/genealogy.owl#PrinceCarlo_74> }","hasTopping","FALSE",1,1
"1hop-NamedPizza_PrinceCarlo_76_PrinceCarlo_76-PrinceCarlo_76-hasIngredient-MC","NamedPizza_PrinceCarlo_76",117,6,"Property Assertion","MC","SELECT ?x WHERE { <http://www.example.com/genealogy.owl#PrinceCarlo_76> <http://www.example.com/genealogy.owl#hasIngredient> ?x }","hasIngredient","LeekTopping_dynamic_1; MozzarellaTopping_dynamic_1; ParmesanTopping_dynamic_1; RosemaryTopping_dynamic_1; TomatoTopping_dynamic_1",2,2
"1hop-NamedPizza_PrinceCarlo_76_PrinceCarlo_76-PrinceCarlo_76-hasTopping-MC","NamedPizza_PrinceCarlo_76",117,6,"Property Assertion","MC","SELECT ?x WHERE { <http://www.example.com/genealogy.owl#PrinceCarlo_76> <http://www.example.com/genealogy.owl#hasTopping> ?x }","hasTopping","LeekTopping_dynamic_1; MozzarellaTopping_dynamic_1; ParmesanTopping_dynamic_1; RosemaryTopping_dynamic_1; TomatoTopping_dynamic_1",1,1
"1hop-NamedPizza_PrinceCarlo_76_PrinceCarlo_76-PrinceCarlo_76-rdf:type-MC","NamedPizza_PrinceCarlo_76",117,6,"Membership","MC","SELECT ?x WHERE { <http://www.example.com/genealogy.owl#PrinceCarlo_76> <http://www.w3.org/1999/02/22-rdf-syntax-ns#type> ?x }","rdf:type","DomainConcept; Food; Pizza",4,4
"1hop-NamedPizza_PrinceCarlo_76_PrinceCarlo_76-PrinceCarlo_76-hasIngredient-LeekTopping_dynamic_1-BIN","NamedPizza_PrinceCarlo_76",117,6,"Property Assertion","BIN","ASK WHERE { <http://www.example.com/genealogy.owl#PrinceCarlo_76> <http://www.example.com/genealogy.owl#hasIngredient> <http://www.example.com/genealogy.owl#LeekTopping_dynamic_1> }","hasIngredient","TRUE",2,2
"1hop-NamedPizza_PrinceCarlo_76_PrinceCarlo_76-PrinceCarlo_76-hasIngredient-PrinceCarlo_76-NEG-BIN","NamedPizza_PrinceCarlo_76",117,6,"Property Assertion","BIN","ASK WHERE { <http://www.example.com/genealogy.owl#PrinceCarlo_76> <http://www.example.com/genealogy.owl#hasIngredient> <http://www.example.com/genealogy.owl#PrinceCarlo_76> }","hasIngredient","FALSE",2,2
"1hop-NamedPizza_PrinceCarlo_76_PrinceCarlo_76-PrinceCarlo_76-rdf:type-Food-BIN","NamedPizza_PrinceCarlo_76",117,6,"Membership","BIN","ASK WHERE { <http://www.example.com/genealogy.owl#PrinceCarlo_76> <http://www.w3.org/1999/02/22-rdf-syntax-ns#type> <http://www.example.com/genealogy.owl#Food> }","rdf:type","TRUE",3,3
"1hop-NamedPizza_PrinceCarlo_76_PrinceCarlo_76-PrinceCarlo_76-rdf:type-American-NEG-BIN","NamedPizza_PrinceCarlo_76",117,6,"Membership","BIN","ASK WHERE { <http://www.example.com/genealogy.owl#PrinceCarlo_76> <http://www.w3.org/1999/02/22-rdf-syntax-ns#type> <http://www.example.com/genealogy.owl#American> }","rdf:type","FALSE",3,3
"1hop-NamedPizza_PrinceCarlo_76_PrinceCarlo_76-PrinceCarlo_76-hasTopping-LeekTopping_dynamic_1-BIN","NamedPizza_PrinceCarlo_76",117,6,"Property Assertion","BIN","ASK WHERE { <http://www.example.com/genealogy.owl#PrinceCarlo_76> <http://www.example.com/genealogy.owl#hasTopping> <http://www.example.com/genealogy.owl#LeekTopping_dynamic_1> }","hasTopping","TRUE",1,1
"1hop-NamedPizza_PrinceCarlo_76_PrinceCarlo_76-PrinceCarlo_76-hasTopping-PrinceCarlo_76-NEG-BIN","NamedPizza_PrinceCarlo_76",117,6,"Property Assertion","BIN","ASK WHERE { <http://www.example.com/genealogy.owl#PrinceCarlo_76> <http://www.example.com/genealogy.owl#hasTopping> <http://www.example.com/genealogy.owl#PrinceCarlo_76> }","hasTopping","FALSE",1,1
"1hop-NamedPizza_PrinceCarlo_90_PrinceCarlo_90-PrinceCarlo_90-hasTopping-LeekTopping_dynamic_1-BIN","NamedPizza_PrinceCarlo_90",117,6,"Property Assertion","BIN","ASK WHERE { <http://www.example.com/genealogy.owl#PrinceCarlo_90> <http://www.example.com/genealogy.owl#hasTopping> <http://www.example.com/genealogy.owl#LeekTopping_dynamic_1> }","hasTopping","TRUE",1,1
"1hop-NamedPizza_PrinceCarlo_90_PrinceCarlo_90-PrinceCarlo_90-hasTopping-PrinceCarlo_90-NEG-BIN","NamedPizza_PrinceCarlo_90",117,6,"Property Assertion","BIN","ASK WHERE { <http://www.example.com/genealogy.owl#PrinceCarlo_90> <http://www.example.com/genealogy.owl#hasTopping> <http://www.example.com/genealogy.owl#PrinceCarlo_90> }","hasTopping","FALSE",1,1
"1hop-NamedPizza_PrinceCarlo_90_PrinceCarlo_90-PrinceCarlo_90-hasTopping-MC","NamedPizza_PrinceCarlo_90",117,6,"Property Assertion","MC","SELECT ?x WHERE { <http://www.example.com/genealogy.owl#PrinceCarlo_90> <http://www.example.com/genealogy.owl#hasTopping> ?x }","hasTopping","LeekTopping_dynamic_1; MozzarellaTopping_dynamic_1; ParmesanTopping_dynamic_1; RosemaryTopping_dynamic_1; TomatoTopping_dynamic_1",1,1
"1hop-NamedPizza_PrinceCarlo_90_PrinceCarlo_90-PrinceCarlo_90-hasIngredient-LeekTopping_dynamic_1-BIN","NamedPizza_PrinceCarlo_90",117,6,"Property Assertion","BIN","ASK WHERE { <http://www.example.com/genealogy.owl#PrinceCarlo_90> <http://www.example.com/genealogy.owl#hasIngredient> <http://www.example.com/genealogy.owl#LeekTopping_dynamic_1> }","hasIngredient","TRUE",2,2
"1hop-NamedPizza_PrinceCarlo_90_PrinceCarlo_90-PrinceCarlo_90-hasIngredient-PrinceCarlo_90-NEG-BIN","NamedPizza_PrinceCarlo_90",117,6,"Property Assertion","BIN","ASK WHERE { <http://www.example.com/genealogy.owl#PrinceCarlo_90> <http://www.example.com/genealogy.owl#hasIngredient> <http://www.example.com/genealogy.owl#PrinceCarlo_90> }","hasIngredient","FALSE",2,2
"1hop-NamedPizza_PrinceCarlo_90_PrinceCarlo_90-PrinceCarlo_90-hasIngredient-MC","NamedPizza_PrinceCarlo_90",117,6,"Property Assertion","MC","SELECT ?x WHERE { <http://www.example.com/genealogy.owl#PrinceCarlo_90> <http://www.example.com/genealogy.owl#hasIngredient> ?x }","hasIngredient","LeekTopping_dynamic_1; MozzarellaTopping_dynamic_1; ParmesanTopping_dynamic_1; RosemaryTopping_dynamic_1; TomatoTopping_dynamic_1",2,2
"1hop-NamedPizza_PrinceCarlo_90_PrinceCarlo_90-PrinceCarlo_90-rdf:type-MC","NamedPizza_PrinceCarlo_90",117,6,"Membership","MC","SELECT ?x WHERE { <http://www.example.com/genealogy.owl#PrinceCarlo_90> <http://www.w3.org/1999/02/22-rdf-syntax-ns#type> ?x }","rdf:type","DomainConcept; Food; Pizza",4,4
"1hop-NamedPizza_PrinceCarlo_90_PrinceCarlo_90-PrinceCarlo_90-rdf:type-Food-BIN","NamedPizza_PrinceCarlo_90",117,6,"Membership","BIN","ASK WHERE { <http://www.example.com/genealogy.owl#PrinceCarlo_90> <http://www.w3.org/1999/02/22-rdf-syntax-ns#type> <http://www.example.com/genealogy.owl#Food> }","rdf:type","TRUE",3,3
"1hop-NamedPizza_PrinceCarlo_90_PrinceCarlo_90-PrinceCarlo_90-rdf:type-American-NEG-BIN","NamedPizza_PrinceCarlo_90",117,6,"Membership","BIN","ASK WHERE { <http://www.example.com/genealogy.owl#PrinceCarlo_90> <http://www.w3.org/1999/02/22-rdf-syntax-ns#type> <http://www.example.com/genealogy.owl#American> }","rdf:type","FALSE",3,3
"1hop-NamedPizza_PrinceCarlo_97_PrinceCarlo_97-PrinceCarlo_97-hasIngredient-MC","NamedPizza_PrinceCarlo_97",117,6,"Property Assertion","MC","SELECT ?x WHERE { <http://www.example.com/genealogy.owl#PrinceCarlo_97> <http://www.example.com/genealogy.owl#hasIngredient> ?x }","hasIngredient","LeekTopping_dynamic_1; MozzarellaTopping_dynamic_1; ParmesanTopping_dynamic_1; RosemaryTopping_dynamic_1; TomatoTopping_dynamic_1",2,2
"1hop-NamedPizza_PrinceCarlo_97_PrinceCarlo_97-PrinceCarlo_97-hasTopping-LeekTopping_dynamic_1-BIN","NamedPizza_PrinceCarlo_97",117,6,"Property Assertion","BIN","ASK WHERE { <http://www.example.com/genealogy.owl#PrinceCarlo_97> <http://www.example.com/genealogy.owl#hasTopping> <http://www.example.com/genealogy.owl#LeekTopping_dynamic_1> }","hasTopping","TRUE",1,1
"1hop-NamedPizza_PrinceCarlo_97_PrinceCarlo_97-PrinceCarlo_97-hasTopping-PrinceCarlo_97-NEG-BIN","NamedPizza_PrinceCarlo_97",117,6,"Property Assertion","BIN","ASK WHERE { <http://www.example.com/genealogy.owl#PrinceCarlo_97> <http://www.example.com/genealogy.owl#hasTopping> <http://www.example.com/genealogy.owl#PrinceCarlo_97> }","hasTopping","FALSE",1,1
"1hop-NamedPizza_PrinceCarlo_97_PrinceCarlo_97-PrinceCarlo_97-hasTopping-MC","NamedPizza_PrinceCarlo_97",117,6,"Property Assertion","MC","SELECT ?x WHERE { <http://www.example.com/genealogy.owl#PrinceCarlo_97> <http://www.example.com/genealogy.owl#hasTopping> ?x }","hasTopping","LeekTopping_dynamic_1; MozzarellaTopping_dynamic_1; ParmesanTopping_dynamic_1; RosemaryTopping_dynamic_1; TomatoTopping_dynamic_1",1,1
"1hop-NamedPizza_PrinceCarlo_97_PrinceCarlo_97-PrinceCarlo_97-rdf:type-MC","NamedPizza_PrinceCarlo_97",117,6,"Membership","MC","SELECT ?x WHERE { <http://www.example.com/genealogy.owl#PrinceCarlo_97> <http://www.w3.org/1999/02/22-rdf-syntax-ns#type> ?x }","rdf:type","DomainConcept; Food; Pizza",4,4
"1hop-NamedPizza_PrinceCarlo_97_PrinceCarlo_97-PrinceCarlo_97-hasIngredient-LeekTopping_dynamic_1-BIN","NamedPizza_PrinceCarlo_97",117,6,"Property Assertion","BIN","ASK WHERE { <http://www.example.com/genealogy.owl#PrinceCarlo_97> <http://www.example.com/genealogy.owl#hasIngredient> <http://www.example.com/genealogy.owl#LeekTopping_dynamic_1> }","hasIngredient","TRUE",2,2
"1hop-NamedPizza_PrinceCarlo_97_PrinceCarlo_97-PrinceCarlo_97-hasIngredient-PrinceCarlo_97-NEG-BIN","NamedPizza_PrinceCarlo_97",117,6,"Property Assertion","BIN","ASK WHERE { <http://www.example.com/genealogy.owl#PrinceCarlo_97> <http://www.example.com/genealogy.owl#hasIngredient> <http://www.example.com/genealogy.owl#PrinceCarlo_97> }","hasIngredient","FALSE",2,2
"1hop-NamedPizza_PrinceCarlo_97_PrinceCarlo_97-PrinceCarlo_97-rdf:type-Food-BIN","NamedPizza_PrinceCarlo_97",117,6,"Membership","BIN","ASK WHERE { <http://www.example.com/genealogy.owl#PrinceCarlo_97> <http://www.w3.org/1999/02/22-rdf-syntax-ns#type> <http://www.example.com/genealogy.owl#Food> }","rdf:type","TRUE",3,3
"1hop-NamedPizza_PrinceCarlo_97_PrinceCarlo_97-PrinceCarlo_97-rdf:type-American-NEG-BIN","NamedPizza_PrinceCarlo_97",117,6,"Membership","BIN","ASK WHERE { <http://www.example.com/genealogy.owl#PrinceCarlo_97> <http://www.w3.org/1999/02/22-rdf-syntax-ns#type> <http://www.example.com/genealogy.owl#American> }","rdf:type","FALSE",3,3
"1hop-NamedPizza_PrinceCarlo_99_PrinceCarlo_99-PrinceCarlo_99-hasTopping-MC","NamedPizza_PrinceCarlo_99",117,6,"Property Assertion","MC","SELECT ?x WHERE { <http://www.example.com/genealogy.owl#PrinceCarlo_99> <http://www.example.com/genealogy.owl#hasTopping> ?x }","hasTopping","LeekTopping_dynamic_1; MozzarellaTopping_dynamic_1; ParmesanTopping_dynamic_1; RosemaryTopping_dynamic_1; TomatoTopping_dynamic_1",1,1
"1hop-NamedPizza_PrinceCarlo_99_PrinceCarlo_99-PrinceCarlo_99-hasIngredient-MC","NamedPizza_PrinceCarlo_99",117,6,"Property Assertion","MC","SELECT ?x WHERE { <http://www.example.com/genealogy.owl#PrinceCarlo_99> <http://www.example.com/genealogy.owl#hasIngredient> ?x }","hasIngredient","LeekTopping_dynamic_1; MozzarellaTopping_dynamic_1; ParmesanTopping_dynamic_1; RosemaryTopping_dynamic_1; TomatoTopping_dynamic_1",2,2
"1hop-NamedPizza_PrinceCarlo_99_PrinceCarlo_99-PrinceCarlo_99-rdf:type-Food-BIN","NamedPizza_PrinceCarlo_99",117,6,"Membership","BIN","ASK WHERE { <http://www.example.com/genealogy.owl#PrinceCarlo_99> <http://www.w3.org/1999/02/22-rdf-syntax-ns#type> <http://www.example.com/genealogy.owl#Food> }","rdf:type","TRUE",3,3
"1hop-NamedPizza_PrinceCarlo_99_PrinceCarlo_99-PrinceCarlo_99-rdf:type-American-NEG-BIN","NamedPizza_PrinceCarlo_99",117,6,"Membership","BIN","ASK WHERE { <http://www.example.com/genealogy.owl#PrinceCarlo_99> <http://www.w3.org/1999/02/22-rdf-syntax-ns#type> <http://www.example.com/genealogy.owl#American> }","rdf:type","FALSE",3,3
"1hop-NamedPizza_PrinceCarlo_99_PrinceCarlo_99-PrinceCarlo_99-rdf:type-MC","NamedPizza_PrinceCarlo_99",117,6,"Membership","MC","SELECT ?x WHERE { <http://www.example.com/genealogy.owl#PrinceCarlo_99> <http://www.w3.org/1999/02/22-rdf-syntax-ns#type> ?x }","rdf:type","DomainConcept; Food; Pizza",3,3
"1hop-NamedPizza_PrinceCarlo_99_PrinceCarlo_99-PrinceCarlo_99-hasTopping-LeekTopping_dynamic_1-BIN","NamedPizza_PrinceCarlo_99",117,6,"Property Assertion","BIN","ASK WHERE { <http://www.example.com/genealogy.owl#PrinceCarlo_99> <http://www.example.com/genealogy.owl#hasTopping> <http://www.example.com/genealogy.owl#LeekTopping_dynamic_1> }","hasTopping","TRUE",1,1
"1hop-NamedPizza_PrinceCarlo_99_PrinceCarlo_99-PrinceCarlo_99-hasTopping-PrinceCarlo_99-NEG-BIN","NamedPizza_PrinceCarlo_99",117,6,"Property Assertion","BIN","ASK WHERE { <http://www.example.com/genealogy.owl#PrinceCarlo_99> <http://www.example.com/genealogy.owl#hasTopping> <http://www.example.com/genealogy.owl#PrinceCarlo_99> }","hasTopping","FALSE",1,1
"1hop-NamedPizza_PrinceCarlo_99_PrinceCarlo_99-PrinceCarlo_99-hasIngredient-LeekTopping_dynamic_1-BIN","NamedPizza_PrinceCarlo_99",117,6,"Property Assertion","BIN","ASK WHERE { <http://www.example.com/genealogy.owl#PrinceCarlo_99> <http://www.example.com/genealogy.owl#hasIngredient> <http://www.example.com/genealogy.owl#LeekTopping_dynamic_1> }","hasIngredient","TRUE",2,2
"1hop-NamedPizza_PrinceCarlo_99_PrinceCarlo_99-PrinceCarlo_99-hasIngredient-PrinceCarlo_99-NEG-BIN","NamedPizza_PrinceCarlo_99",117,6,"Property Assertion","BIN","ASK WHERE { <http://www.example.com/genealogy.owl#PrinceCarlo_99> <http://www.example.com/genealogy.owl#hasIngredient> <http://www.example.com/genealogy.owl#PrinceCarlo_99> }","hasIngredient","FALSE",2,2
"1hop-NamedPizza_QuattroFormaggi_37_QuattroFormaggi_37-QuattroFormaggi_37-hasTopping-MC","NamedPizza_QuattroFormaggi_37",117,3,"Property Assertion","MC","SELECT ?x WHERE { <http://www.example.com/genealogy.owl#QuattroFormaggi_37> <http://www.example.com/genealogy.owl#hasTopping> ?x }","hasTopping","FourCheesesTopping_dynamic_1; TomatoTopping_dynamic_1",1,1
"1hop-NamedPizza_QuattroFormaggi_37_QuattroFormaggi_37-QuattroFormaggi_37-hasIngredient-FourCheesesTopping_dynamic_1-BIN","NamedPizza_QuattroFormaggi_37",117,3,"Property Assertion","BIN","ASK WHERE { <http://www.example.com/genealogy.owl#QuattroFormaggi_37> <http://www.example.com/genealogy.owl#hasIngredient> <http://www.example.com/genealogy.owl#FourCheesesTopping_dynamic_1> }","hasIngredient","TRUE",2,2
"1hop-NamedPizza_QuattroFormaggi_37_QuattroFormaggi_37-QuattroFormaggi_37-hasIngredient-QuattroFormaggi_37-NEG-BIN","NamedPizza_QuattroFormaggi_37",117,3,"Property Assertion","BIN","ASK WHERE { <http://www.example.com/genealogy.owl#QuattroFormaggi_37> <http://www.example.com/genealogy.owl#hasIngredient> <http://www.example.com/genealogy.owl#QuattroFormaggi_37> }","hasIngredient","FALSE",2,2
"1hop-NamedPizza_QuattroFormaggi_37_QuattroFormaggi_37-QuattroFormaggi_37-hasIngredient-MC","NamedPizza_QuattroFormaggi_37",117,3,"Property Assertion","MC","SELECT ?x WHERE { <http://www.example.com/genealogy.owl#QuattroFormaggi_37> <http://www.example.com/genealogy.owl#hasIngredient> ?x }","hasIngredient","FourCheesesTopping_dynamic_1; TomatoTopping_dynamic_1",2,2
"1hop-NamedPizza_QuattroFormaggi_37_QuattroFormaggi_37-QuattroFormaggi_37-rdf:type-MC","NamedPizza_QuattroFormaggi_37",117,3,"Membership","MC","SELECT ?x WHERE { <http://www.example.com/genealogy.owl#QuattroFormaggi_37> <http://www.w3.org/1999/02/22-rdf-syntax-ns#type> ?x }","rdf:type","DomainConcept; Food; Pizza",4,4
"1hop-NamedPizza_QuattroFormaggi_37_QuattroFormaggi_37-QuattroFormaggi_37-hasTopping-FourCheesesTopping_dynamic_1-BIN","NamedPizza_QuattroFormaggi_37",117,3,"Property Assertion","BIN","ASK WHERE { <http://www.example.com/genealogy.owl#QuattroFormaggi_37> <http://www.example.com/genealogy.owl#hasTopping> <http://www.example.com/genealogy.owl#FourCheesesTopping_dynamic_1> }","hasTopping","TRUE",1,1
"1hop-NamedPizza_QuattroFormaggi_37_QuattroFormaggi_37-QuattroFormaggi_37-hasTopping-QuattroFormaggi_37-NEG-BIN","NamedPizza_QuattroFormaggi_37",117,3,"Property Assertion","BIN","ASK WHERE { <http://www.example.com/genealogy.owl#QuattroFormaggi_37> <http://www.example.com/genealogy.owl#hasTopping> <http://www.example.com/genealogy.owl#QuattroFormaggi_37> }","hasTopping","FALSE",1,1
"1hop-NamedPizza_QuattroFormaggi_37_QuattroFormaggi_37-QuattroFormaggi_37-rdf:type-Food-BIN","NamedPizza_QuattroFormaggi_37",117,3,"Membership","BIN","ASK WHERE { <http://www.example.com/genealogy.owl#QuattroFormaggi_37> <http://www.w3.org/1999/02/22-rdf-syntax-ns#type> <http://www.example.com/genealogy.owl#Food> }","rdf:type","TRUE",3,3
"1hop-NamedPizza_QuattroFormaggi_37_QuattroFormaggi_37-QuattroFormaggi_37-rdf:type-American-NEG-BIN","NamedPizza_QuattroFormaggi_37",117,3,"Membership","BIN","ASK WHERE { <http://www.example.com/genealogy.owl#QuattroFormaggi_37> <http://www.w3.org/1999/02/22-rdf-syntax-ns#type> <http://www.example.com/genealogy.owl#American> }","rdf:type","FALSE",3,3
"1hop-NamedPizza_QuattroFormaggi_4_QuattroFormaggi_4-QuattroFormaggi_4-rdf:type-MC","NamedPizza_QuattroFormaggi_4",117,3,"Membership","MC","SELECT ?x WHERE { <http://www.example.com/genealogy.owl#QuattroFormaggi_4> <http://www.w3.org/1999/02/22-rdf-syntax-ns#type> ?x }","rdf:type","DomainConcept; Food; Pizza",4,4
"1hop-NamedPizza_QuattroFormaggi_4_QuattroFormaggi_4-QuattroFormaggi_4-hasIngredient-MC","NamedPizza_QuattroFormaggi_4",117,3,"Property Assertion","MC","SELECT ?x WHERE { <http://www.example.com/genealogy.owl#QuattroFormaggi_4> <http://www.example.com/genealogy.owl#hasIngredient> ?x }","hasIngredient","FourCheesesTopping_dynamic_1; TomatoTopping_dynamic_1",2,2
"1hop-NamedPizza_QuattroFormaggi_4_QuattroFormaggi_4-QuattroFormaggi_4-hasTopping-FourCheesesTopping_dynamic_1-BIN","NamedPizza_QuattroFormaggi_4",117,3,"Property Assertion","BIN","ASK WHERE { <http://www.example.com/genealogy.owl#QuattroFormaggi_4> <http://www.example.com/genealogy.owl#hasTopping> <http://www.example.com/genealogy.owl#FourCheesesTopping_dynamic_1> }","hasTopping","TRUE",1,1
"1hop-NamedPizza_QuattroFormaggi_4_QuattroFormaggi_4-QuattroFormaggi_4-hasTopping-QuattroFormaggi_4-NEG-BIN","NamedPizza_QuattroFormaggi_4",117,3,"Property Assertion","BIN","ASK WHERE { <http://www.example.com/genealogy.owl#QuattroFormaggi_4> <http://www.example.com/genealogy.owl#hasTopping> <http://www.example.com/genealogy.owl#QuattroFormaggi_4> }","hasTopping","FALSE",1,1
"1hop-NamedPizza_QuattroFormaggi_4_QuattroFormaggi_4-QuattroFormaggi_4-hasTopping-MC","NamedPizza_QuattroFormaggi_4",117,3,"Property Assertion","MC","SELECT ?x WHERE { <http://www.example.com/genealogy.owl#QuattroFormaggi_4> <http://www.example.com/genealogy.owl#hasTopping> ?x }","hasTopping","FourCheesesTopping_dynamic_1; TomatoTopping_dynamic_1",1,1
"1hop-NamedPizza_QuattroFormaggi_4_QuattroFormaggi_4-QuattroFormaggi_4-hasIngredient-FourCheesesTopping_dynamic_1-BIN","NamedPizza_QuattroFormaggi_4",117,3,"Property Assertion","BIN","ASK WHERE { <http://www.example.com/genealogy.owl#QuattroFormaggi_4> <http://www.example.com/genealogy.owl#hasIngredient> <http://www.example.com/genealogy.owl#FourCheesesTopping_dynamic_1> }","hasIngredient","TRUE",2,2
"1hop-NamedPizza_QuattroFormaggi_4_QuattroFormaggi_4-QuattroFormaggi_4-hasIngredient-QuattroFormaggi_4-NEG-BIN","NamedPizza_QuattroFormaggi_4",117,3,"Property Assertion","BIN","ASK WHERE { <http://www.example.com/genealogy.owl#QuattroFormaggi_4> <http://www.example.com/genealogy.owl#hasIngredient> <http://www.example.com/genealogy.owl#QuattroFormaggi_4> }","hasIngredient","FALSE",2,2
"1hop-NamedPizza_QuattroFormaggi_4_QuattroFormaggi_4-QuattroFormaggi_4-rdf:type-Food-BIN","NamedPizza_QuattroFormaggi_4",117,3,"Membership","BIN","ASK WHERE { <http://www.example.com/genealogy.owl#QuattroFormaggi_4> <http://www.w3.org/1999/02/22-rdf-syntax-ns#type> <http://www.example.com/genealogy.owl#Food> }","rdf:type","TRUE",3,3
"1hop-NamedPizza_QuattroFormaggi_4_QuattroFormaggi_4-QuattroFormaggi_4-rdf:type-American-NEG-BIN","NamedPizza_QuattroFormaggi_4",117,3,"Membership","BIN","ASK WHERE { <http://www.example.com/genealogy.owl#QuattroFormaggi_4> <http://www.w3.org/1999/02/22-rdf-syntax-ns#type> <http://www.example.com/genealogy.owl#American> }","rdf:type","FALSE",3,3
"1hop-NamedPizza_QuattroFormaggi_42_QuattroFormaggi_42-QuattroFormaggi_42-rdf:type-MC","NamedPizza_QuattroFormaggi_42",117,3,"Membership","MC","SELECT ?x WHERE { <http://www.example.com/genealogy.owl#QuattroFormaggi_42> <http://www.w3.org/1999/02/22-rdf-syntax-ns#type> ?x }","rdf:type","DomainConcept; Food; Pizza",2,2
"1hop-NamedPizza_QuattroFormaggi_42_QuattroFormaggi_42-QuattroFormaggi_42-hasTopping-FourCheesesTopping_dynamic_1-BIN","NamedPizza_QuattroFormaggi_42",117,3,"Property Assertion","BIN","ASK WHERE { <http://www.example.com/genealogy.owl#QuattroFormaggi_42> <http://www.example.com/genealogy.owl#hasTopping> <http://www.example.com/genealogy.owl#FourCheesesTopping_dynamic_1> }","hasTopping","TRUE",1,1
"1hop-NamedPizza_QuattroFormaggi_42_QuattroFormaggi_42-QuattroFormaggi_42-hasTopping-QuattroFormaggi_42-NEG-BIN","NamedPizza_QuattroFormaggi_42",117,3,"Property Assertion","BIN","ASK WHERE { <http://www.example.com/genealogy.owl#QuattroFormaggi_42> <http://www.example.com/genealogy.owl#hasTopping> <http://www.example.com/genealogy.owl#QuattroFormaggi_42> }","hasTopping","FALSE",1,1
"1hop-NamedPizza_QuattroFormaggi_42_QuattroFormaggi_42-QuattroFormaggi_42-hasTopping-MC","NamedPizza_QuattroFormaggi_42",117,3,"Property Assertion","MC","SELECT ?x WHERE { <http://www.example.com/genealogy.owl#QuattroFormaggi_42> <http://www.example.com/genealogy.owl#hasTopping> ?x }","hasTopping","FourCheesesTopping_dynamic_1; TomatoTopping_dynamic_1",1,1
"1hop-NamedPizza_QuattroFormaggi_42_QuattroFormaggi_42-QuattroFormaggi_42-hasIngredient-MC","NamedPizza_QuattroFormaggi_42",117,3,"Property Assertion","MC","SELECT ?x WHERE { <http://www.example.com/genealogy.owl#QuattroFormaggi_42> <http://www.example.com/genealogy.owl#hasIngredient> ?x }","hasIngredient","FourCheesesTopping_dynamic_1; TomatoTopping_dynamic_1",2,2
"1hop-NamedPizza_QuattroFormaggi_42_QuattroFormaggi_42-QuattroFormaggi_42-rdf:type-Food-BIN","NamedPizza_QuattroFormaggi_42",117,3,"Membership","BIN","ASK WHERE { <http://www.example.com/genealogy.owl#QuattroFormaggi_42> <http://www.w3.org/1999/02/22-rdf-syntax-ns#type> <http://www.example.com/genealogy.owl#Food> }","rdf:type","TRUE",3,3
"1hop-NamedPizza_QuattroFormaggi_42_QuattroFormaggi_42-QuattroFormaggi_42-rdf:type-American-NEG-BIN","NamedPizza_QuattroFormaggi_42",117,3,"Membership","BIN","ASK WHERE { <http://www.example.com/genealogy.owl#QuattroFormaggi_42> <http://www.w3.org/1999/02/22-rdf-syntax-ns#type> <http://www.example.com/genealogy.owl#American> }","rdf:type","FALSE",3,3
"1hop-NamedPizza_QuattroFormaggi_42_QuattroFormaggi_42-QuattroFormaggi_42-hasIngredient-FourCheesesTopping_dynamic_1-BIN","NamedPizza_QuattroFormaggi_42",117,3,"Property Assertion","BIN","ASK WHERE { <http://www.example.com/genealogy.owl#QuattroFormaggi_42> <http://www.example.com/genealogy.owl#hasIngredient> <http://www.example.com/genealogy.owl#FourCheesesTopping_dynamic_1> }","hasIngredient","TRUE",2,2
"1hop-NamedPizza_QuattroFormaggi_42_QuattroFormaggi_42-QuattroFormaggi_42-hasIngredient-QuattroFormaggi_42-NEG-BIN","NamedPizza_QuattroFormaggi_42",117,3,"Property Assertion","BIN","ASK WHERE { <http://www.example.com/genealogy.owl#QuattroFormaggi_42> <http://www.example.com/genealogy.owl#hasIngredient> <http://www.example.com/genealogy.owl#QuattroFormaggi_42> }","hasIngredient","FALSE",2,2
"1hop-NamedPizza_QuattroFormaggi_61_QuattroFormaggi_61-QuattroFormaggi_61-rdf:type-MC","NamedPizza_QuattroFormaggi_61",117,3,"Membership","MC","SELECT ?x WHERE { <http://www.example.com/genealogy.owl#QuattroFormaggi_61> <http://www.w3.org/1999/02/22-rdf-syntax-ns#type> ?x }","rdf:type","DomainConcept; Food; Pizza",2,2
"1hop-NamedPizza_QuattroFormaggi_61_QuattroFormaggi_61-QuattroFormaggi_61-hasTopping-MC","NamedPizza_QuattroFormaggi_61",117,3,"Property Assertion","MC","SELECT ?x WHERE { <http://www.example.com/genealogy.owl#QuattroFormaggi_61> <http://www.example.com/genealogy.owl#hasTopping> ?x }","hasTopping","FourCheesesTopping_dynamic_1; TomatoTopping_dynamic_1",1,1
"1hop-NamedPizza_QuattroFormaggi_61_QuattroFormaggi_61-QuattroFormaggi_61-rdf:type-Food-BIN","NamedPizza_QuattroFormaggi_61",117,3,"Membership","BIN","ASK WHERE { <http://www.example.com/genealogy.owl#QuattroFormaggi_61> <http://www.w3.org/1999/02/22-rdf-syntax-ns#type> <http://www.example.com/genealogy.owl#Food> }","rdf:type","TRUE",3,3
"1hop-NamedPizza_QuattroFormaggi_61_QuattroFormaggi_61-QuattroFormaggi_61-rdf:type-American-NEG-BIN","NamedPizza_QuattroFormaggi_61",117,3,"Membership","BIN","ASK WHERE { <http://www.example.com/genealogy.owl#QuattroFormaggi_61> <http://www.w3.org/1999/02/22-rdf-syntax-ns#type> <http://www.example.com/genealogy.owl#American> }","rdf:type","FALSE",3,3
"1hop-NamedPizza_QuattroFormaggi_61_QuattroFormaggi_61-QuattroFormaggi_61-hasTopping-FourCheesesTopping_dynamic_1-BIN","NamedPizza_QuattroFormaggi_61",117,3,"Property Assertion","BIN","ASK WHERE { <http://www.example.com/genealogy.owl#QuattroFormaggi_61> <http://www.example.com/genealogy.owl#hasTopping> <http://www.example.com/genealogy.owl#FourCheesesTopping_dynamic_1> }","hasTopping","TRUE",1,1
"1hop-NamedPizza_QuattroFormaggi_61_QuattroFormaggi_61-QuattroFormaggi_61-hasTopping-QuattroFormaggi_61-NEG-BIN","NamedPizza_QuattroFormaggi_61",117,3,"Property Assertion","BIN","ASK WHERE { <http://www.example.com/genealogy.owl#QuattroFormaggi_61> <http://www.example.com/genealogy.owl#hasTopping> <http://www.example.com/genealogy.owl#QuattroFormaggi_61> }","hasTopping","FALSE",1,1
"1hop-NamedPizza_QuattroFormaggi_61_QuattroFormaggi_61-QuattroFormaggi_61-hasIngredient-MC","NamedPizza_QuattroFormaggi_61",117,3,"Property Assertion","MC","SELECT ?x WHERE { <http://www.example.com/genealogy.owl#QuattroFormaggi_61> <http://www.example.com/genealogy.owl#hasIngredient> ?x }","hasIngredient","FourCheesesTopping_dynamic_1; TomatoTopping_dynamic_1",2,2
"1hop-NamedPizza_QuattroFormaggi_61_QuattroFormaggi_61-QuattroFormaggi_61-hasIngredient-FourCheesesTopping_dynamic_1-BIN","NamedPizza_QuattroFormaggi_61",117,3,"Property Assertion","BIN","ASK WHERE { <http://www.example.com/genealogy.owl#QuattroFormaggi_61> <http://www.example.com/genealogy.owl#hasIngredient> <http://www.example.com/genealogy.owl#FourCheesesTopping_dynamic_1> }","hasIngredient","TRUE",2,2
"1hop-NamedPizza_QuattroFormaggi_61_QuattroFormaggi_61-QuattroFormaggi_61-hasIngredient-QuattroFormaggi_61-NEG-BIN","NamedPizza_QuattroFormaggi_61",117,3,"Property Assertion","BIN","ASK WHERE { <http://www.example.com/genealogy.owl#QuattroFormaggi_61> <http://www.example.com/genealogy.owl#hasIngredient> <http://www.example.com/genealogy.owl#QuattroFormaggi_61> }","hasIngredient","FALSE",2,2
"1hop-NamedPizza_QuattroFormaggi_65_QuattroFormaggi_65-QuattroFormaggi_65-hasIngredient-FourCheesesTopping_dynamic_1-BIN","NamedPizza_QuattroFormaggi_65",117,3,"Property Assertion","BIN","ASK WHERE { <http://www.example.com/genealogy.owl#QuattroFormaggi_65> <http://www.example.com/genealogy.owl#hasIngredient> <http://www.example.com/genealogy.owl#FourCheesesTopping_dynamic_1> }","hasIngredient","TRUE",2,2
"1hop-NamedPizza_QuattroFormaggi_65_QuattroFormaggi_65-QuattroFormaggi_65-hasIngredient-QuattroFormaggi_65-NEG-BIN","NamedPizza_QuattroFormaggi_65",117,3,"Property Assertion","BIN","ASK WHERE { <http://www.example.com/genealogy.owl#QuattroFormaggi_65> <http://www.example.com/genealogy.owl#hasIngredient> <http://www.example.com/genealogy.owl#QuattroFormaggi_65> }","hasIngredient","FALSE",2,2
"1hop-NamedPizza_QuattroFormaggi_65_QuattroFormaggi_65-QuattroFormaggi_65-hasIngredient-MC","NamedPizza_QuattroFormaggi_65",117,3,"Property Assertion","MC","SELECT ?x WHERE { <http://www.example.com/genealogy.owl#QuattroFormaggi_65> <http://www.example.com/genealogy.owl#hasIngredient> ?x }","hasIngredient","FourCheesesTopping_dynamic_1; TomatoTopping_dynamic_1",2,2
"1hop-NamedPizza_QuattroFormaggi_65_QuattroFormaggi_65-QuattroFormaggi_65-rdf:type-Food-BIN","NamedPizza_QuattroFormaggi_65",117,3,"Membership","BIN","ASK WHERE { <http://www.example.com/genealogy.owl#QuattroFormaggi_65> <http://www.w3.org/1999/02/22-rdf-syntax-ns#type> <http://www.example.com/genealogy.owl#Food> }","rdf:type","TRUE",3,3
"1hop-NamedPizza_QuattroFormaggi_65_QuattroFormaggi_65-QuattroFormaggi_65-rdf:type-American-NEG-BIN","NamedPizza_QuattroFormaggi_65",117,3,"Membership","BIN","ASK WHERE { <http://www.example.com/genealogy.owl#QuattroFormaggi_65> <http://www.w3.org/1999/02/22-rdf-syntax-ns#type> <http://www.example.com/genealogy.owl#American> }","rdf:type","FALSE",3,3
"1hop-NamedPizza_QuattroFormaggi_65_QuattroFormaggi_65-QuattroFormaggi_65-rdf:type-MC","NamedPizza_QuattroFormaggi_65",117,3,"Membership","MC","SELECT ?x WHERE { <http://www.example.com/genealogy.owl#QuattroFormaggi_65> <http://www.w3.org/1999/02/22-rdf-syntax-ns#type> ?x }","rdf:type","DomainConcept; Food; Pizza",3,3
"1hop-NamedPizza_QuattroFormaggi_65_QuattroFormaggi_65-QuattroFormaggi_65-hasTopping-MC","NamedPizza_QuattroFormaggi_65",117,3,"Property Assertion","MC","SELECT ?x WHERE { <http://www.example.com/genealogy.owl#QuattroFormaggi_65> <http://www.example.com/genealogy.owl#hasTopping> ?x }","hasTopping","FourCheesesTopping_dynamic_1; TomatoTopping_dynamic_1",1,1
"1hop-NamedPizza_QuattroFormaggi_65_QuattroFormaggi_65-QuattroFormaggi_65-hasTopping-FourCheesesTopping_dynamic_1-BIN","NamedPizza_QuattroFormaggi_65",117,3,"Property Assertion","BIN","ASK WHERE { <http://www.example.com/genealogy.owl#QuattroFormaggi_65> <http://www.example.com/genealogy.owl#hasTopping> <http://www.example.com/genealogy.owl#FourCheesesTopping_dynamic_1> }","hasTopping","TRUE",1,1
"1hop-NamedPizza_QuattroFormaggi_65_QuattroFormaggi_65-QuattroFormaggi_65-hasTopping-QuattroFormaggi_65-NEG-BIN","NamedPizza_QuattroFormaggi_65",117,3,"Property Assertion","BIN","ASK WHERE { <http://www.example.com/genealogy.owl#QuattroFormaggi_65> <http://www.example.com/genealogy.owl#hasTopping> <http://www.example.com/genealogy.owl#QuattroFormaggi_65> }","hasTopping","FALSE",1,1
"1hop-NamedPizza_QuattroFormaggi_69_QuattroFormaggi_69-QuattroFormaggi_69-hasTopping-MC","NamedPizza_QuattroFormaggi_69",117,3,"Property Assertion","MC","SELECT ?x WHERE { <http://www.example.com/genealogy.owl#QuattroFormaggi_69> <http://www.example.com/genealogy.owl#hasTopping> ?x }","hasTopping","FourCheesesTopping_dynamic_1; TomatoTopping_dynamic_1",1,1
"1hop-NamedPizza_QuattroFormaggi_69_QuattroFormaggi_69-QuattroFormaggi_69-hasTopping-FourCheesesTopping_dynamic_1-BIN","NamedPizza_QuattroFormaggi_69",117,3,"Property Assertion","BIN","ASK WHERE { <http://www.example.com/genealogy.owl#QuattroFormaggi_69> <http://www.example.com/genealogy.owl#hasTopping> <http://www.example.com/genealogy.owl#FourCheesesTopping_dynamic_1> }","hasTopping","TRUE",1,1
"1hop-NamedPizza_QuattroFormaggi_69_QuattroFormaggi_69-QuattroFormaggi_69-hasTopping-QuattroFormaggi_69-NEG-BIN","NamedPizza_QuattroFormaggi_69",117,3,"Property Assertion","BIN","ASK WHERE { <http://www.example.com/genealogy.owl#QuattroFormaggi_69> <http://www.example.com/genealogy.owl#hasTopping> <http://www.example.com/genealogy.owl#QuattroFormaggi_69> }","hasTopping","FALSE",1,1
"1hop-NamedPizza_QuattroFormaggi_69_QuattroFormaggi_69-QuattroFormaggi_69-hasIngredient-MC","NamedPizza_QuattroFormaggi_69",117,3,"Property Assertion","MC","SELECT ?x WHERE { <http://www.example.com/genealogy.owl#QuattroFormaggi_69> <http://www.example.com/genealogy.owl#hasIngredient> ?x }","hasIngredient","FourCheesesTopping_dynamic_1; TomatoTopping_dynamic_1",2,2
"1hop-NamedPizza_QuattroFormaggi_69_QuattroFormaggi_69-QuattroFormaggi_69-rdf:type-Food-BIN","NamedPizza_QuattroFormaggi_69",117,3,"Membership","BIN","ASK WHERE { <http://www.example.com/genealogy.owl#QuattroFormaggi_69> <http://www.w3.org/1999/02/22-rdf-syntax-ns#type> <http://www.example.com/genealogy.owl#Food> }","rdf:type","TRUE",3,3
"1hop-NamedPizza_QuattroFormaggi_69_QuattroFormaggi_69-QuattroFormaggi_69-rdf:type-American-NEG-BIN","NamedPizza_QuattroFormaggi_69",117,3,"Membership","BIN","ASK WHERE { <http://www.example.com/genealogy.owl#QuattroFormaggi_69> <http://www.w3.org/1999/02/22-rdf-syntax-ns#type> <http://www.example.com/genealogy.owl#American> }","rdf:type","FALSE",3,3
"1hop-NamedPizza_QuattroFormaggi_69_QuattroFormaggi_69-QuattroFormaggi_69-rdf:type-MC","NamedPizza_QuattroFormaggi_69",117,3,"Membership","MC","SELECT ?x WHERE { <http://www.example.com/genealogy.owl#QuattroFormaggi_69> <http://www.w3.org/1999/02/22-rdf-syntax-ns#type> ?x }","rdf:type","DomainConcept; Food; Pizza",3,3
"1hop-NamedPizza_QuattroFormaggi_69_QuattroFormaggi_69-QuattroFormaggi_69-hasIngredient-FourCheesesTopping_dynamic_1-BIN","NamedPizza_QuattroFormaggi_69",117,3,"Property Assertion","BIN","ASK WHERE { <http://www.example.com/genealogy.owl#QuattroFormaggi_69> <http://www.example.com/genealogy.owl#hasIngredient> <http://www.example.com/genealogy.owl#FourCheesesTopping_dynamic_1> }","hasIngredient","TRUE",2,2
"1hop-NamedPizza_QuattroFormaggi_69_QuattroFormaggi_69-QuattroFormaggi_69-hasIngredient-QuattroFormaggi_69-NEG-BIN","NamedPizza_QuattroFormaggi_69",117,3,"Property Assertion","BIN","ASK WHERE { <http://www.example.com/genealogy.owl#QuattroFormaggi_69> <http://www.example.com/genealogy.owl#hasIngredient> <http://www.example.com/genealogy.owl#QuattroFormaggi_69> }","hasIngredient","FALSE",2,2
"1hop-NamedPizza_QuattroFormaggi_79_QuattroFormaggi_79-QuattroFormaggi_79-rdf:type-MC","NamedPizza_QuattroFormaggi_79",117,3,"Membership","MC","SELECT ?x WHERE { <http://www.example.com/genealogy.owl#QuattroFormaggi_79> <http://www.w3.org/1999/02/22-rdf-syntax-ns#type> ?x }","rdf:type","DomainConcept; Food; Pizza",2,2
"1hop-NamedPizza_QuattroFormaggi_79_QuattroFormaggi_79-QuattroFormaggi_79-hasTopping-FourCheesesTopping_dynamic_1-BIN","NamedPizza_QuattroFormaggi_79",117,3,"Property Assertion","BIN","ASK WHERE { <http://www.example.com/genealogy.owl#QuattroFormaggi_79> <http://www.example.com/genealogy.owl#hasTopping> <http://www.example.com/genealogy.owl#FourCheesesTopping_dynamic_1> }","hasTopping","TRUE",1,1
"1hop-NamedPizza_QuattroFormaggi_79_QuattroFormaggi_79-QuattroFormaggi_79-hasTopping-QuattroFormaggi_79-NEG-BIN","NamedPizza_QuattroFormaggi_79",117,3,"Property Assertion","BIN","ASK WHERE { <http://www.example.com/genealogy.owl#QuattroFormaggi_79> <http://www.example.com/genealogy.owl#hasTopping> <http://www.example.com/genealogy.owl#QuattroFormaggi_79> }","hasTopping","FALSE",1,1
"1hop-NamedPizza_QuattroFormaggi_79_QuattroFormaggi_79-QuattroFormaggi_79-hasTopping-MC","NamedPizza_QuattroFormaggi_79",117,3,"Property Assertion","MC","SELECT ?x WHERE { <http://www.example.com/genealogy.owl#QuattroFormaggi_79> <http://www.example.com/genealogy.owl#hasTopping> ?x }","hasTopping","FourCheesesTopping_dynamic_1; TomatoTopping_dynamic_1",1,1
"1hop-NamedPizza_QuattroFormaggi_79_QuattroFormaggi_79-QuattroFormaggi_79-rdf:type-Food-BIN","NamedPizza_QuattroFormaggi_79",117,3,"Membership","BIN","ASK WHERE { <http://www.example.com/genealogy.owl#QuattroFormaggi_79> <http://www.w3.org/1999/02/22-rdf-syntax-ns#type> <http://www.example.com/genealogy.owl#Food> }","rdf:type","TRUE",3,3
"1hop-NamedPizza_QuattroFormaggi_79_QuattroFormaggi_79-QuattroFormaggi_79-rdf:type-American-NEG-BIN","NamedPizza_QuattroFormaggi_79",117,3,"Membership","BIN","ASK WHERE { <http://www.example.com/genealogy.owl#QuattroFormaggi_79> <http://www.w3.org/1999/02/22-rdf-syntax-ns#type> <http://www.example.com/genealogy.owl#American> }","rdf:type","FALSE",3,3
"1hop-NamedPizza_QuattroFormaggi_79_QuattroFormaggi_79-QuattroFormaggi_79-hasIngredient-MC","NamedPizza_QuattroFormaggi_79",117,3,"Property Assertion","MC","SELECT ?x WHERE { <http://www.example.com/genealogy.owl#QuattroFormaggi_79> <http://www.example.com/genealogy.owl#hasIngredient> ?x }","hasIngredient","FourCheesesTopping_dynamic_1; TomatoTopping_dynamic_1",2,2
"1hop-NamedPizza_QuattroFormaggi_79_QuattroFormaggi_79-QuattroFormaggi_79-hasIngredient-FourCheesesTopping_dynamic_1-BIN","NamedPizza_QuattroFormaggi_79",117,3,"Property Assertion","BIN","ASK WHERE { <http://www.example.com/genealogy.owl#QuattroFormaggi_79> <http://www.example.com/genealogy.owl#hasIngredient> <http://www.example.com/genealogy.owl#FourCheesesTopping_dynamic_1> }","hasIngredient","TRUE",2,2
"1hop-NamedPizza_QuattroFormaggi_79_QuattroFormaggi_79-QuattroFormaggi_79-hasIngredient-QuattroFormaggi_79-NEG-BIN","NamedPizza_QuattroFormaggi_79",117,3,"Property Assertion","BIN","ASK WHERE { <http://www.example.com/genealogy.owl#QuattroFormaggi_79> <http://www.example.com/genealogy.owl#hasIngredient> <http://www.example.com/genealogy.owl#QuattroFormaggi_79> }","hasIngredient","FALSE",2,2
"1hop-NamedPizza_QuattroFormaggi_89_QuattroFormaggi_89-QuattroFormaggi_89-hasIngredient-MC","NamedPizza_QuattroFormaggi_89",117,3,"Property Assertion","MC","SELECT ?x WHERE { <http://www.example.com/genealogy.owl#QuattroFormaggi_89> <http://www.example.com/genealogy.owl#hasIngredient> ?x }","hasIngredient","FourCheesesTopping_dynamic_1; TomatoTopping_dynamic_1",2,2
"1hop-NamedPizza_QuattroFormaggi_89_QuattroFormaggi_89-QuattroFormaggi_89-hasTopping-MC","NamedPizza_QuattroFormaggi_89",117,3,"Property Assertion","MC","SELECT ?x WHERE { <http://www.example.com/genealogy.owl#QuattroFormaggi_89> <http://www.example.com/genealogy.owl#hasTopping> ?x }","hasTopping","FourCheesesTopping_dynamic_1; TomatoTopping_dynamic_1",1,1
"1hop-NamedPizza_QuattroFormaggi_89_QuattroFormaggi_89-QuattroFormaggi_89-rdf:type-MC","NamedPizza_QuattroFormaggi_89",117,3,"Membership","MC","SELECT ?x WHERE { <http://www.example.com/genealogy.owl#QuattroFormaggi_89> <http://www.w3.org/1999/02/22-rdf-syntax-ns#type> ?x }","rdf:type","DomainConcept; Food; Pizza",2,2
"1hop-NamedPizza_QuattroFormaggi_89_QuattroFormaggi_89-QuattroFormaggi_89-hasIngredient-FourCheesesTopping_dynamic_1-BIN","NamedPizza_QuattroFormaggi_89",117,3,"Property Assertion","BIN","ASK WHERE { <http://www.example.com/genealogy.owl#QuattroFormaggi_89> <http://www.example.com/genealogy.owl#hasIngredient> <http://www.example.com/genealogy.owl#FourCheesesTopping_dynamic_1> }","hasIngredient","TRUE",2,2
"1hop-NamedPizza_QuattroFormaggi_89_QuattroFormaggi_89-QuattroFormaggi_89-hasIngredient-QuattroFormaggi_89-NEG-BIN","NamedPizza_QuattroFormaggi_89",117,3,"Property Assertion","BIN","ASK WHERE { <http://www.example.com/genealogy.owl#QuattroFormaggi_89> <http://www.example.com/genealogy.owl#hasIngredient> <http://www.example.com/genealogy.owl#QuattroFormaggi_89> }","hasIngredient","FALSE",2,2
"1hop-NamedPizza_QuattroFormaggi_89_QuattroFormaggi_89-QuattroFormaggi_89-rdf:type-Food-BIN","NamedPizza_QuattroFormaggi_89",117,3,"Membership","BIN","ASK WHERE { <http://www.example.com/genealogy.owl#QuattroFormaggi_89> <http://www.w3.org/1999/02/22-rdf-syntax-ns#type> <http://www.example.com/genealogy.owl#Food> }","rdf:type","TRUE",3,3
"1hop-NamedPizza_QuattroFormaggi_89_QuattroFormaggi_89-QuattroFormaggi_89-rdf:type-American-NEG-BIN","NamedPizza_QuattroFormaggi_89",117,3,"Membership","BIN","ASK WHERE { <http://www.example.com/genealogy.owl#QuattroFormaggi_89> <http://www.w3.org/1999/02/22-rdf-syntax-ns#type> <http://www.example.com/genealogy.owl#American> }","rdf:type","FALSE",3,3
"1hop-NamedPizza_QuattroFormaggi_89_QuattroFormaggi_89-QuattroFormaggi_89-hasTopping-FourCheesesTopping_dynamic_1-BIN","NamedPizza_QuattroFormaggi_89",117,3,"Property Assertion","BIN","ASK WHERE { <http://www.example.com/genealogy.owl#QuattroFormaggi_89> <http://www.example.com/genealogy.owl#hasTopping> <http://www.example.com/genealogy.owl#FourCheesesTopping_dynamic_1> }","hasTopping","TRUE",1,1
"1hop-NamedPizza_QuattroFormaggi_89_QuattroFormaggi_89-QuattroFormaggi_89-hasTopping-QuattroFormaggi_89-NEG-BIN","NamedPizza_QuattroFormaggi_89",117,3,"Property Assertion","BIN","ASK WHERE { <http://www.example.com/genealogy.owl#QuattroFormaggi_89> <http://www.example.com/genealogy.owl#hasTopping> <http://www.example.com/genealogy.owl#QuattroFormaggi_89> }","hasTopping","FALSE",1,1
"1hop-NamedPizza_QuattroFormaggi_94_QuattroFormaggi_94-QuattroFormaggi_94-rdf:type-MC","NamedPizza_QuattroFormaggi_94",117,3,"Membership","MC","SELECT ?x WHERE { <http://www.example.com/genealogy.owl#QuattroFormaggi_94> <http://www.w3.org/1999/02/22-rdf-syntax-ns#type> ?x }","rdf:type","DomainConcept; Food; Pizza",2,2
"1hop-NamedPizza_QuattroFormaggi_94_QuattroFormaggi_94-QuattroFormaggi_94-hasIngredient-FourCheesesTopping_dynamic_1-BIN","NamedPizza_QuattroFormaggi_94",117,3,"Property Assertion","BIN","ASK WHERE { <http://www.example.com/genealogy.owl#QuattroFormaggi_94> <http://www.example.com/genealogy.owl#hasIngredient> <http://www.example.com/genealogy.owl#FourCheesesTopping_dynamic_1> }","hasIngredient","TRUE",2,2
"1hop-NamedPizza_QuattroFormaggi_94_QuattroFormaggi_94-QuattroFormaggi_94-hasIngredient-QuattroFormaggi_94-NEG-BIN","NamedPizza_QuattroFormaggi_94",117,3,"Property Assertion","BIN","ASK WHERE { <http://www.example.com/genealogy.owl#QuattroFormaggi_94> <http://www.example.com/genealogy.owl#hasIngredient> <http://www.example.com/genealogy.owl#QuattroFormaggi_94> }","hasIngredient","FALSE",2,2
"1hop-NamedPizza_QuattroFormaggi_94_QuattroFormaggi_94-QuattroFormaggi_94-hasIngredient-MC","NamedPizza_QuattroFormaggi_94",117,3,"Property Assertion","MC","SELECT ?x WHERE { <http://www.example.com/genealogy.owl#QuattroFormaggi_94> <http://www.example.com/genealogy.owl#hasIngredient> ?x }","hasIngredient","FourCheesesTopping_dynamic_1; TomatoTopping_dynamic_1",2,2
"1hop-NamedPizza_QuattroFormaggi_94_QuattroFormaggi_94-QuattroFormaggi_94-hasTopping-MC","NamedPizza_QuattroFormaggi_94",117,3,"Property Assertion","MC","SELECT ?x WHERE { <http://www.example.com/genealogy.owl#QuattroFormaggi_94> <http://www.example.com/genealogy.owl#hasTopping> ?x }","hasTopping","FourCheesesTopping_dynamic_1; TomatoTopping_dynamic_1",1,1
"1hop-NamedPizza_QuattroFormaggi_94_QuattroFormaggi_94-QuattroFormaggi_94-hasTopping-FourCheesesTopping_dynamic_1-BIN","NamedPizza_QuattroFormaggi_94",117,3,"Property Assertion","BIN","ASK WHERE { <http://www.example.com/genealogy.owl#QuattroFormaggi_94> <http://www.example.com/genealogy.owl#hasTopping> <http://www.example.com/genealogy.owl#FourCheesesTopping_dynamic_1> }","hasTopping","TRUE",1,1
"1hop-NamedPizza_QuattroFormaggi_94_QuattroFormaggi_94-QuattroFormaggi_94-hasTopping-QuattroFormaggi_94-NEG-BIN","NamedPizza_QuattroFormaggi_94",117,3,"Property Assertion","BIN","ASK WHERE { <http://www.example.com/genealogy.owl#QuattroFormaggi_94> <http://www.example.com/genealogy.owl#hasTopping> <http://www.example.com/genealogy.owl#QuattroFormaggi_94> }","hasTopping","FALSE",1,1
"1hop-NamedPizza_QuattroFormaggi_94_QuattroFormaggi_94-QuattroFormaggi_94-rdf:type-Food-BIN","NamedPizza_QuattroFormaggi_94",117,3,"Membership","BIN","ASK WHERE { <http://www.example.com/genealogy.owl#QuattroFormaggi_94> <http://www.w3.org/1999/02/22-rdf-syntax-ns#type> <http://www.example.com/genealogy.owl#Food> }","rdf:type","TRUE",3,3
"1hop-NamedPizza_QuattroFormaggi_94_QuattroFormaggi_94-QuattroFormaggi_94-rdf:type-American-NEG-BIN","NamedPizza_QuattroFormaggi_94",117,3,"Membership","BIN","ASK WHERE { <http://www.example.com/genealogy.owl#QuattroFormaggi_94> <http://www.w3.org/1999/02/22-rdf-syntax-ns#type> <http://www.example.com/genealogy.owl#American> }","rdf:type","FALSE",3,3
"1hop-NamedPizza_QuattroFormaggi_95_QuattroFormaggi_95-QuattroFormaggi_95-hasIngredient-FourCheesesTopping_dynamic_1-BIN","NamedPizza_QuattroFormaggi_95",117,3,"Property Assertion","BIN","ASK WHERE { <http://www.example.com/genealogy.owl#QuattroFormaggi_95> <http://www.example.com/genealogy.owl#hasIngredient> <http://www.example.com/genealogy.owl#FourCheesesTopping_dynamic_1> }","hasIngredient","TRUE",2,2
"1hop-NamedPizza_QuattroFormaggi_95_QuattroFormaggi_95-QuattroFormaggi_95-hasIngredient-QuattroFormaggi_95-NEG-BIN","NamedPizza_QuattroFormaggi_95",117,3,"Property Assertion","BIN","ASK WHERE { <http://www.example.com/genealogy.owl#QuattroFormaggi_95> <http://www.example.com/genealogy.owl#hasIngredient> <http://www.example.com/genealogy.owl#QuattroFormaggi_95> }","hasIngredient","FALSE",2,2
"1hop-NamedPizza_QuattroFormaggi_95_QuattroFormaggi_95-QuattroFormaggi_95-hasIngredient-MC","NamedPizza_QuattroFormaggi_95",117,3,"Property Assertion","MC","SELECT ?x WHERE { <http://www.example.com/genealogy.owl#QuattroFormaggi_95> <http://www.example.com/genealogy.owl#hasIngredient> ?x }","hasIngredient","FourCheesesTopping_dynamic_1; TomatoTopping_dynamic_1",2,2
"1hop-NamedPizza_QuattroFormaggi_95_QuattroFormaggi_95-QuattroFormaggi_95-hasTopping-MC","NamedPizza_QuattroFormaggi_95",117,3,"Property Assertion","MC","SELECT ?x WHERE { <http://www.example.com/genealogy.owl#QuattroFormaggi_95> <http://www.example.com/genealogy.owl#hasTopping> ?x }","hasTopping","FourCheesesTopping_dynamic_1; TomatoTopping_dynamic_1",1,1
"1hop-NamedPizza_QuattroFormaggi_95_QuattroFormaggi_95-QuattroFormaggi_95-hasTopping-FourCheesesTopping_dynamic_1-BIN","NamedPizza_QuattroFormaggi_95",117,3,"Property Assertion","BIN","ASK WHERE { <http://www.example.com/genealogy.owl#QuattroFormaggi_95> <http://www.example.com/genealogy.owl#hasTopping> <http://www.example.com/genealogy.owl#FourCheesesTopping_dynamic_1> }","hasTopping","TRUE",1,1
"1hop-NamedPizza_QuattroFormaggi_95_QuattroFormaggi_95-QuattroFormaggi_95-hasTopping-QuattroFormaggi_95-NEG-BIN","NamedPizza_QuattroFormaggi_95",117,3,"Property Assertion","BIN","ASK WHERE { <http://www.example.com/genealogy.owl#QuattroFormaggi_95> <http://www.example.com/genealogy.owl#hasTopping> <http://www.example.com/genealogy.owl#QuattroFormaggi_95> }","hasTopping","FALSE",1,1
"1hop-NamedPizza_QuattroFormaggi_95_QuattroFormaggi_95-QuattroFormaggi_95-rdf:type-Food-BIN","NamedPizza_QuattroFormaggi_95",117,3,"Membership","BIN","ASK WHERE { <http://www.example.com/genealogy.owl#QuattroFormaggi_95> <http://www.w3.org/1999/02/22-rdf-syntax-ns#type> <http://www.example.com/genealogy.owl#Food> }","rdf:type","TRUE",3,3
"1hop-NamedPizza_QuattroFormaggi_95_QuattroFormaggi_95-QuattroFormaggi_95-rdf:type-American-NEG-BIN","NamedPizza_QuattroFormaggi_95",117,3,"Membership","BIN","ASK WHERE { <http://www.example.com/genealogy.owl#QuattroFormaggi_95> <http://www.w3.org/1999/02/22-rdf-syntax-ns#type> <http://www.example.com/genealogy.owl#American> }","rdf:type","FALSE",3,3
"1hop-NamedPizza_QuattroFormaggi_95_QuattroFormaggi_95-QuattroFormaggi_95-rdf:type-MC","NamedPizza_QuattroFormaggi_95",117,3,"Membership","MC","SELECT ?x WHERE { <http://www.example.com/genealogy.owl#QuattroFormaggi_95> <http://www.w3.org/1999/02/22-rdf-syntax-ns#type> ?x }","rdf:type","DomainConcept; Food; Pizza",3,3
"1hop-NamedPizza_Rosa_12_Rosa_12-Rosa_12-hasIngredient-MC","NamedPizza_Rosa_12",117,4,"Property Assertion","MC","SELECT ?x WHERE { <http://www.example.com/genealogy.owl#Rosa_12> <http://www.example.com/genealogy.owl#hasIngredient> ?x }","hasIngredient","GorgonzolaTopping_dynamic_1; MozzarellaTopping_dynamic_1; TomatoTopping_dynamic_1",2,2
"1hop-NamedPizza_Rosa_12_Rosa_12-Rosa_12-rdf:type-Food-BIN","NamedPizza_Rosa_12",117,4,"Membership","BIN","ASK WHERE { <http://www.example.com/genealogy.owl#Rosa_12> <http://www.w3.org/1999/02/22-rdf-syntax-ns#type> <http://www.example.com/genealogy.owl#Food> }","rdf:type","TRUE",3,3
"1hop-NamedPizza_Rosa_12_Rosa_12-Rosa_12-rdf:type-American-NEG-BIN","NamedPizza_Rosa_12",117,4,"Membership","BIN","ASK WHERE { <http://www.example.com/genealogy.owl#Rosa_12> <http://www.w3.org/1999/02/22-rdf-syntax-ns#type> <http://www.example.com/genealogy.owl#American> }","rdf:type","FALSE",3,3
"1hop-NamedPizza_Rosa_12_Rosa_12-Rosa_12-rdf:type-MC","NamedPizza_Rosa_12",117,4,"Membership","MC","SELECT ?x WHERE { <http://www.example.com/genealogy.owl#Rosa_12> <http://www.w3.org/1999/02/22-rdf-syntax-ns#type> ?x }","rdf:type","DomainConcept; Food; Pizza",3,3
"1hop-NamedPizza_Rosa_12_Rosa_12-Rosa_12-hasTopping-GorgonzolaTopping_dynamic_1-BIN","NamedPizza_Rosa_12",117,4,"Property Assertion","BIN","ASK WHERE { <http://www.example.com/genealogy.owl#Rosa_12> <http://www.example.com/genealogy.owl#hasTopping> <http://www.example.com/genealogy.owl#GorgonzolaTopping_dynamic_1> }","hasTopping","TRUE",1,1
"1hop-NamedPizza_Rosa_12_Rosa_12-Rosa_12-hasTopping-Rosa_12-NEG-BIN","NamedPizza_Rosa_12",117,4,"Property Assertion","BIN","ASK WHERE { <http://www.example.com/genealogy.owl#Rosa_12> <http://www.example.com/genealogy.owl#hasTopping> <http://www.example.com/genealogy.owl#Rosa_12> }","hasTopping","FALSE",1,1
"1hop-NamedPizza_Rosa_12_Rosa_12-Rosa_12-hasTopping-MC","NamedPizza_Rosa_12",117,4,"Property Assertion","MC","SELECT ?x WHERE { <http://www.example.com/genealogy.owl#Rosa_12> <http://www.example.com/genealogy.owl#hasTopping> ?x }","hasTopping","GorgonzolaTopping_dynamic_1; MozzarellaTopping_dynamic_1; TomatoTopping_dynamic_1",1,1
"1hop-NamedPizza_Rosa_12_Rosa_12-Rosa_12-hasIngredient-GorgonzolaTopping_dynamic_1-BIN","NamedPizza_Rosa_12",117,4,"Property Assertion","BIN","ASK WHERE { <http://www.example.com/genealogy.owl#Rosa_12> <http://www.example.com/genealogy.owl#hasIngredient> <http://www.example.com/genealogy.owl#GorgonzolaTopping_dynamic_1> }","hasIngredient","TRUE",2,2
"1hop-NamedPizza_Rosa_12_Rosa_12-Rosa_12-hasIngredient-Rosa_12-NEG-BIN","NamedPizza_Rosa_12",117,4,"Property Assertion","BIN","ASK WHERE { <http://www.example.com/genealogy.owl#Rosa_12> <http://www.example.com/genealogy.owl#hasIngredient> <http://www.example.com/genealogy.owl#Rosa_12> }","hasIngredient","FALSE",2,2
"1hop-NamedPizza_Rosa_60_Rosa_60-Rosa_60-rdf:type-MC","NamedPizza_Rosa_60",117,4,"Membership","MC","SELECT ?x WHERE { <http://www.example.com/genealogy.owl#Rosa_60> <http://www.w3.org/1999/02/22-rdf-syntax-ns#type> ?x }","rdf:type","DomainConcept; Food; Pizza",2,2
"1hop-NamedPizza_Rosa_60_Rosa_60-Rosa_60-rdf:type-Food-BIN","NamedPizza_Rosa_60",117,4,"Membership","BIN","ASK WHERE { <http://www.example.com/genealogy.owl#Rosa_60> <http://www.w3.org/1999/02/22-rdf-syntax-ns#type> <http://www.example.com/genealogy.owl#Food> }","rdf:type","TRUE",3,3
"1hop-NamedPizza_Rosa_60_Rosa_60-Rosa_60-rdf:type-American-NEG-BIN","NamedPizza_Rosa_60",117,4,"Membership","BIN","ASK WHERE { <http://www.example.com/genealogy.owl#Rosa_60> <http://www.w3.org/1999/02/22-rdf-syntax-ns#type> <http://www.example.com/genealogy.owl#American> }","rdf:type","FALSE",3,3
"1hop-NamedPizza_Rosa_60_Rosa_60-Rosa_60-hasIngredient-GorgonzolaTopping_dynamic_1-BIN","NamedPizza_Rosa_60",117,4,"Property Assertion","BIN","ASK WHERE { <http://www.example.com/genealogy.owl#Rosa_60> <http://www.example.com/genealogy.owl#hasIngredient> <http://www.example.com/genealogy.owl#GorgonzolaTopping_dynamic_1> }","hasIngredient","TRUE",2,2
"1hop-NamedPizza_Rosa_60_Rosa_60-Rosa_60-hasIngredient-Rosa_60-NEG-BIN","NamedPizza_Rosa_60",117,4,"Property Assertion","BIN","ASK WHERE { <http://www.example.com/genealogy.owl#Rosa_60> <http://www.example.com/genealogy.owl#hasIngredient> <http://www.example.com/genealogy.owl#Rosa_60> }","hasIngredient","FALSE",2,2
"1hop-NamedPizza_Rosa_60_Rosa_60-Rosa_60-hasIngredient-MC","NamedPizza_Rosa_60",117,4,"Property Assertion","MC","SELECT ?x WHERE { <http://www.example.com/genealogy.owl#Rosa_60> <http://www.example.com/genealogy.owl#hasIngredient> ?x }","hasIngredient","GorgonzolaTopping_dynamic_1; MozzarellaTopping_dynamic_1; TomatoTopping_dynamic_1",2,2
"1hop-NamedPizza_Rosa_60_Rosa_60-Rosa_60-hasTopping-MC","NamedPizza_Rosa_60",117,4,"Property Assertion","MC","SELECT ?x WHERE { <http://www.example.com/genealogy.owl#Rosa_60> <http://www.example.com/genealogy.owl#hasTopping> ?x }","hasTopping","GorgonzolaTopping_dynamic_1; MozzarellaTopping_dynamic_1; TomatoTopping_dynamic_1",1,1
"1hop-NamedPizza_Rosa_60_Rosa_60-Rosa_60-hasTopping-GorgonzolaTopping_dynamic_1-BIN","NamedPizza_Rosa_60",117,4,"Property Assertion","BIN","ASK WHERE { <http://www.example.com/genealogy.owl#Rosa_60> <http://www.example.com/genealogy.owl#hasTopping> <http://www.example.com/genealogy.owl#GorgonzolaTopping_dynamic_1> }","hasTopping","TRUE",1,1
"1hop-NamedPizza_Rosa_60_Rosa_60-Rosa_60-hasTopping-Rosa_60-NEG-BIN","NamedPizza_Rosa_60",117,4,"Property Assertion","BIN","ASK WHERE { <http://www.example.com/genealogy.owl#Rosa_60> <http://www.example.com/genealogy.owl#hasTopping> <http://www.example.com/genealogy.owl#Rosa_60> }","hasTopping","FALSE",1,1
"1hop-NamedPizza_Rosa_68_Rosa_68-Rosa_68-rdf:type-MC","NamedPizza_Rosa_68",117,4,"Membership","MC","SELECT ?x WHERE { <http://www.example.com/genealogy.owl#Rosa_68> <http://www.w3.org/1999/02/22-rdf-syntax-ns#type> ?x }","rdf:type","DomainConcept; Food; Pizza",4,4
"1hop-NamedPizza_Rosa_68_Rosa_68-Rosa_68-hasTopping-MC","NamedPizza_Rosa_68",117,4,"Property Assertion","MC","SELECT ?x WHERE { <http://www.example.com/genealogy.owl#Rosa_68> <http://www.example.com/genealogy.owl#hasTopping> ?x }","hasTopping","GorgonzolaTopping_dynamic_1; MozzarellaTopping_dynamic_1; TomatoTopping_dynamic_1",1,1
"1hop-NamedPizza_Rosa_68_Rosa_68-Rosa_68-hasTopping-GorgonzolaTopping_dynamic_1-BIN","NamedPizza_Rosa_68",117,4,"Property Assertion","BIN","ASK WHERE { <http://www.example.com/genealogy.owl#Rosa_68> <http://www.example.com/genealogy.owl#hasTopping> <http://www.example.com/genealogy.owl#GorgonzolaTopping_dynamic_1> }","hasTopping","TRUE",1,1
"1hop-NamedPizza_Rosa_68_Rosa_68-Rosa_68-hasTopping-Rosa_68-NEG-BIN","NamedPizza_Rosa_68",117,4,"Property Assertion","BIN","ASK WHERE { <http://www.example.com/genealogy.owl#Rosa_68> <http://www.example.com/genealogy.owl#hasTopping> <http://www.example.com/genealogy.owl#Rosa_68> }","hasTopping","FALSE",1,1
"1hop-NamedPizza_Rosa_68_Rosa_68-Rosa_68-rdf:type-Food-BIN","NamedPizza_Rosa_68",117,4,"Membership","BIN","ASK WHERE { <http://www.example.com/genealogy.owl#Rosa_68> <http://www.w3.org/1999/02/22-rdf-syntax-ns#type> <http://www.example.com/genealogy.owl#Food> }","rdf:type","TRUE",3,3
"1hop-NamedPizza_Rosa_68_Rosa_68-Rosa_68-rdf:type-American-NEG-BIN","NamedPizza_Rosa_68",117,4,"Membership","BIN","ASK WHERE { <http://www.example.com/genealogy.owl#Rosa_68> <http://www.w3.org/1999/02/22-rdf-syntax-ns#type> <http://www.example.com/genealogy.owl#American> }","rdf:type","FALSE",3,3
"1hop-NamedPizza_Rosa_68_Rosa_68-Rosa_68-hasIngredient-GorgonzolaTopping_dynamic_1-BIN","NamedPizza_Rosa_68",117,4,"Property Assertion","BIN","ASK WHERE { <http://www.example.com/genealogy.owl#Rosa_68> <http://www.example.com/genealogy.owl#hasIngredient> <http://www.example.com/genealogy.owl#GorgonzolaTopping_dynamic_1> }","hasIngredient","TRUE",2,2
"1hop-NamedPizza_Rosa_68_Rosa_68-Rosa_68-hasIngredient-Rosa_68-NEG-BIN","NamedPizza_Rosa_68",117,4,"Property Assertion","BIN","ASK WHERE { <http://www.example.com/genealogy.owl#Rosa_68> <http://www.example.com/genealogy.owl#hasIngredient> <http://www.example.com/genealogy.owl#Rosa_68> }","hasIngredient","FALSE",2,2
"1hop-NamedPizza_Rosa_68_Rosa_68-Rosa_68-hasIngredient-MC","NamedPizza_Rosa_68",117,4,"Property Assertion","MC","SELECT ?x WHERE { <http://www.example.com/genealogy.owl#Rosa_68> <http://www.example.com/genealogy.owl#hasIngredient> ?x }","hasIngredient","GorgonzolaTopping_dynamic_1; MozzarellaTopping_dynamic_1; TomatoTopping_dynamic_1",2,2
"1hop-NamedPizza_Rosa_83_Rosa_83-Rosa_83-hasIngredient-MC","NamedPizza_Rosa_83",117,4,"Property Assertion","MC","SELECT ?x WHERE { <http://www.example.com/genealogy.owl#Rosa_83> <http://www.example.com/genealogy.owl#hasIngredient> ?x }","hasIngredient","GorgonzolaTopping_dynamic_1; MozzarellaTopping_dynamic_1; TomatoTopping_dynamic_1",2,2
"1hop-NamedPizza_Rosa_83_Rosa_83-Rosa_83-rdf:type-MC","NamedPizza_Rosa_83",117,4,"Membership","MC","SELECT ?x WHERE { <http://www.example.com/genealogy.owl#Rosa_83> <http://www.w3.org/1999/02/22-rdf-syntax-ns#type> ?x }","rdf:type","DomainConcept; Food; Pizza",4,4
"1hop-NamedPizza_Rosa_83_Rosa_83-Rosa_83-hasTopping-MC","NamedPizza_Rosa_83",117,4,"Property Assertion","MC","SELECT ?x WHERE { <http://www.example.com/genealogy.owl#Rosa_83> <http://www.example.com/genealogy.owl#hasTopping> ?x }","hasTopping","GorgonzolaTopping_dynamic_1; MozzarellaTopping_dynamic_1; TomatoTopping_dynamic_1",1,1
"1hop-NamedPizza_Rosa_83_Rosa_83-Rosa_83-rdf:type-Food-BIN","NamedPizza_Rosa_83",117,4,"Membership","BIN","ASK WHERE { <http://www.example.com/genealogy.owl#Rosa_83> <http://www.w3.org/1999/02/22-rdf-syntax-ns#type> <http://www.example.com/genealogy.owl#Food> }","rdf:type","TRUE",3,3
"1hop-NamedPizza_Rosa_83_Rosa_83-Rosa_83-rdf:type-American-NEG-BIN","NamedPizza_Rosa_83",117,4,"Membership","BIN","ASK WHERE { <http://www.example.com/genealogy.owl#Rosa_83> <http://www.w3.org/1999/02/22-rdf-syntax-ns#type> <http://www.example.com/genealogy.owl#American> }","rdf:type","FALSE",3,3
"1hop-NamedPizza_Rosa_83_Rosa_83-Rosa_83-hasTopping-GorgonzolaTopping_dynamic_1-BIN","NamedPizza_Rosa_83",117,4,"Property Assertion","BIN","ASK WHERE { <http://www.example.com/genealogy.owl#Rosa_83> <http://www.example.com/genealogy.owl#hasTopping> <http://www.example.com/genealogy.owl#GorgonzolaTopping_dynamic_1> }","hasTopping","TRUE",1,1
"1hop-NamedPizza_Rosa_83_Rosa_83-Rosa_83-hasTopping-Rosa_83-NEG-BIN","NamedPizza_Rosa_83",117,4,"Property Assertion","BIN","ASK WHERE { <http://www.example.com/genealogy.owl#Rosa_83> <http://www.example.com/genealogy.owl#hasTopping> <http://www.example.com/genealogy.owl#Rosa_83> }","hasTopping","FALSE",1,1
"1hop-NamedPizza_Rosa_83_Rosa_83-Rosa_83-hasIngredient-GorgonzolaTopping_dynamic_1-BIN","NamedPizza_Rosa_83",117,4,"Property Assertion","BIN","ASK WHERE { <http://www.example.com/genealogy.owl#Rosa_83> <http://www.example.com/genealogy.owl#hasIngredient> <http://www.example.com/genealogy.owl#GorgonzolaTopping_dynamic_1> }","hasIngredient","TRUE",2,2
"1hop-NamedPizza_Rosa_83_Rosa_83-Rosa_83-hasIngredient-Rosa_83-NEG-BIN","NamedPizza_Rosa_83",117,4,"Property Assertion","BIN","ASK WHERE { <http://www.example.com/genealogy.owl#Rosa_83> <http://www.example.com/genealogy.owl#hasIngredient> <http://www.example.com/genealogy.owl#Rosa_83> }","hasIngredient","FALSE",2,2
"1hop-NamedPizza_Rosa_90_Rosa_90-Rosa_90-rdf:type-Food-BIN","NamedPizza_Rosa_90",117,4,"Membership","BIN","ASK WHERE { <http://www.example.com/genealogy.owl#Rosa_90> <http://www.w3.org/1999/02/22-rdf-syntax-ns#type> <http://www.example.com/genealogy.owl#Food> }","rdf:type","TRUE",3,3
"1hop-NamedPizza_Rosa_90_Rosa_90-Rosa_90-rdf:type-American-NEG-BIN","NamedPizza_Rosa_90",117,4,"Membership","BIN","ASK WHERE { <http://www.example.com/genealogy.owl#Rosa_90> <http://www.w3.org/1999/02/22-rdf-syntax-ns#type> <http://www.example.com/genealogy.owl#American> }","rdf:type","FALSE",3,3
"1hop-NamedPizza_Rosa_90_Rosa_90-Rosa_90-rdf:type-MC","NamedPizza_Rosa_90",117,4,"Membership","MC","SELECT ?x WHERE { <http://www.example.com/genealogy.owl#Rosa_90> <http://www.w3.org/1999/02/22-rdf-syntax-ns#type> ?x }","rdf:type","DomainConcept; Food; Pizza",3,3
"1hop-NamedPizza_Rosa_90_Rosa_90-Rosa_90-hasIngredient-GorgonzolaTopping_dynamic_1-BIN","NamedPizza_Rosa_90",117,4,"Property Assertion","BIN","ASK WHERE { <http://www.example.com/genealogy.owl#Rosa_90> <http://www.example.com/genealogy.owl#hasIngredient> <http://www.example.com/genealogy.owl#GorgonzolaTopping_dynamic_1> }","hasIngredient","TRUE",2,2
"1hop-NamedPizza_Rosa_90_Rosa_90-Rosa_90-hasIngredient-Rosa_90-NEG-BIN","NamedPizza_Rosa_90",117,4,"Property Assertion","BIN","ASK WHERE { <http://www.example.com/genealogy.owl#Rosa_90> <http://www.example.com/genealogy.owl#hasIngredient> <http://www.example.com/genealogy.owl#Rosa_90> }","hasIngredient","FALSE",2,2
"1hop-NamedPizza_Rosa_90_Rosa_90-Rosa_90-hasIngredient-MC","NamedPizza_Rosa_90",117,4,"Property Assertion","MC","SELECT ?x WHERE { <http://www.example.com/genealogy.owl#Rosa_90> <http://www.example.com/genealogy.owl#hasIngredient> ?x }","hasIngredient","GorgonzolaTopping_dynamic_1; MozzarellaTopping_dynamic_1; TomatoTopping_dynamic_1",2,2
"1hop-NamedPizza_Rosa_90_Rosa_90-Rosa_90-hasTopping-GorgonzolaTopping_dynamic_1-BIN","NamedPizza_Rosa_90",117,4,"Property Assertion","BIN","ASK WHERE { <http://www.example.com/genealogy.owl#Rosa_90> <http://www.example.com/genealogy.owl#hasTopping> <http://www.example.com/genealogy.owl#GorgonzolaTopping_dynamic_1> }","hasTopping","TRUE",1,1
"1hop-NamedPizza_Rosa_90_Rosa_90-Rosa_90-hasTopping-Rosa_90-NEG-BIN","NamedPizza_Rosa_90",117,4,"Property Assertion","BIN","ASK WHERE { <http://www.example.com/genealogy.owl#Rosa_90> <http://www.example.com/genealogy.owl#hasTopping> <http://www.example.com/genealogy.owl#Rosa_90> }","hasTopping","FALSE",1,1
"1hop-NamedPizza_Rosa_90_Rosa_90-Rosa_90-hasTopping-MC","NamedPizza_Rosa_90",117,4,"Property Assertion","MC","SELECT ?x WHERE { <http://www.example.com/genealogy.owl#Rosa_90> <http://www.example.com/genealogy.owl#hasTopping> ?x }","hasTopping","GorgonzolaTopping_dynamic_1; MozzarellaTopping_dynamic_1; TomatoTopping_dynamic_1",1,1
"1hop-NamedPizza_Rosa_91_Rosa_91-Rosa_91-hasIngredient-GorgonzolaTopping_dynamic_1-BIN","NamedPizza_Rosa_91",117,4,"Property Assertion","BIN","ASK WHERE { <http://www.example.com/genealogy.owl#Rosa_91> <http://www.example.com/genealogy.owl#hasIngredient> <http://www.example.com/genealogy.owl#GorgonzolaTopping_dynamic_1> }","hasIngredient","TRUE",2,2
"1hop-NamedPizza_Rosa_91_Rosa_91-Rosa_91-hasIngredient-Rosa_91-NEG-BIN","NamedPizza_Rosa_91",117,4,"Property Assertion","BIN","ASK WHERE { <http://www.example.com/genealogy.owl#Rosa_91> <http://www.example.com/genealogy.owl#hasIngredient> <http://www.example.com/genealogy.owl#Rosa_91> }","hasIngredient","FALSE",2,2
"1hop-NamedPizza_Rosa_91_Rosa_91-Rosa_91-hasIngredient-MC","NamedPizza_Rosa_91",117,4,"Property Assertion","MC","SELECT ?x WHERE { <http://www.example.com/genealogy.owl#Rosa_91> <http://www.example.com/genealogy.owl#hasIngredient> ?x }","hasIngredient","GorgonzolaTopping_dynamic_1; MozzarellaTopping_dynamic_1; TomatoTopping_dynamic_1",2,2
"1hop-NamedPizza_Rosa_91_Rosa_91-Rosa_91-rdf:type-MC","NamedPizza_Rosa_91",117,4,"Membership","MC","SELECT ?x WHERE { <http://www.example.com/genealogy.owl#Rosa_91> <http://www.w3.org/1999/02/22-rdf-syntax-ns#type> ?x }","rdf:type","DomainConcept; Food; Pizza",2,2
"1hop-NamedPizza_Rosa_91_Rosa_91-Rosa_91-hasTopping-GorgonzolaTopping_dynamic_1-BIN","NamedPizza_Rosa_91",117,4,"Property Assertion","BIN","ASK WHERE { <http://www.example.com/genealogy.owl#Rosa_91> <http://www.example.com/genealogy.owl#hasTopping> <http://www.example.com/genealogy.owl#GorgonzolaTopping_dynamic_1> }","hasTopping","TRUE",1,1
"1hop-NamedPizza_Rosa_91_Rosa_91-Rosa_91-hasTopping-Rosa_91-NEG-BIN","NamedPizza_Rosa_91",117,4,"Property Assertion","BIN","ASK WHERE { <http://www.example.com/genealogy.owl#Rosa_91> <http://www.example.com/genealogy.owl#hasTopping> <http://www.example.com/genealogy.owl#Rosa_91> }","hasTopping","FALSE",1,1
"1hop-NamedPizza_Rosa_91_Rosa_91-Rosa_91-hasTopping-MC","NamedPizza_Rosa_91",117,4,"Property Assertion","MC","SELECT ?x WHERE { <http://www.example.com/genealogy.owl#Rosa_91> <http://www.example.com/genealogy.owl#hasTopping> ?x }","hasTopping","GorgonzolaTopping_dynamic_1; MozzarellaTopping_dynamic_1; TomatoTopping_dynamic_1",1,1
"1hop-NamedPizza_Rosa_91_Rosa_91-Rosa_91-rdf:type-Food-BIN","NamedPizza_Rosa_91",117,4,"Membership","BIN","ASK WHERE { <http://www.example.com/genealogy.owl#Rosa_91> <http://www.w3.org/1999/02/22-rdf-syntax-ns#type> <http://www.example.com/genealogy.owl#Food> }","rdf:type","TRUE",3,3
"1hop-NamedPizza_Rosa_91_Rosa_91-Rosa_91-rdf:type-American-NEG-BIN","NamedPizza_Rosa_91",117,4,"Membership","BIN","ASK WHERE { <http://www.example.com/genealogy.owl#Rosa_91> <http://www.w3.org/1999/02/22-rdf-syntax-ns#type> <http://www.example.com/genealogy.owl#American> }","rdf:type","FALSE",3,3
"1hop-NamedPizza_Rosa_96_Rosa_96-Rosa_96-rdf:type-Food-BIN","NamedPizza_Rosa_96",117,4,"Membership","BIN","ASK WHERE { <http://www.example.com/genealogy.owl#Rosa_96> <http://www.w3.org/1999/02/22-rdf-syntax-ns#type> <http://www.example.com/genealogy.owl#Food> }","rdf:type","TRUE",3,3
"1hop-NamedPizza_Rosa_96_Rosa_96-Rosa_96-rdf:type-American-NEG-BIN","NamedPizza_Rosa_96",117,4,"Membership","BIN","ASK WHERE { <http://www.example.com/genealogy.owl#Rosa_96> <http://www.w3.org/1999/02/22-rdf-syntax-ns#type> <http://www.example.com/genealogy.owl#American> }","rdf:type","FALSE",3,3
"1hop-NamedPizza_Rosa_96_Rosa_96-Rosa_96-rdf:type-MC","NamedPizza_Rosa_96",117,4,"Membership","MC","SELECT ?x WHERE { <http://www.example.com/genealogy.owl#Rosa_96> <http://www.w3.org/1999/02/22-rdf-syntax-ns#type> ?x }","rdf:type","DomainConcept; Food; Pizza",3,3
"1hop-NamedPizza_Rosa_96_Rosa_96-Rosa_96-hasIngredient-MC","NamedPizza_Rosa_96",117,4,"Property Assertion","MC","SELECT ?x WHERE { <http://www.example.com/genealogy.owl#Rosa_96> <http://www.example.com/genealogy.owl#hasIngredient> ?x }","hasIngredient","GorgonzolaTopping_dynamic_1; MozzarellaTopping_dynamic_1; TomatoTopping_dynamic_1",2,2
"1hop-NamedPizza_Rosa_96_Rosa_96-Rosa_96-hasTopping-MC","NamedPizza_Rosa_96",117,4,"Property Assertion","MC","SELECT ?x WHERE { <http://www.example.com/genealogy.owl#Rosa_96> <http://www.example.com/genealogy.owl#hasTopping> ?x }","hasTopping","GorgonzolaTopping_dynamic_1; MozzarellaTopping_dynamic_1; TomatoTopping_dynamic_1",1,1
"1hop-NamedPizza_Rosa_96_Rosa_96-Rosa_96-hasIngredient-GorgonzolaTopping_dynamic_1-BIN","NamedPizza_Rosa_96",117,4,"Property Assertion","BIN","ASK WHERE { <http://www.example.com/genealogy.owl#Rosa_96> <http://www.example.com/genealogy.owl#hasIngredient> <http://www.example.com/genealogy.owl#GorgonzolaTopping_dynamic_1> }","hasIngredient","TRUE",2,2
"1hop-NamedPizza_Rosa_96_Rosa_96-Rosa_96-hasIngredient-Rosa_96-NEG-BIN","NamedPizza_Rosa_96",117,4,"Property Assertion","BIN","ASK WHERE { <http://www.example.com/genealogy.owl#Rosa_96> <http://www.example.com/genealogy.owl#hasIngredient> <http://www.example.com/genealogy.owl#Rosa_96> }","hasIngredient","FALSE",2,2
"1hop-NamedPizza_Rosa_96_Rosa_96-Rosa_96-hasTopping-GorgonzolaTopping_dynamic_1-BIN","NamedPizza_Rosa_96",117,4,"Property Assertion","BIN","ASK WHERE { <http://www.example.com/genealogy.owl#Rosa_96> <http://www.example.com/genealogy.owl#hasTopping> <http://www.example.com/genealogy.owl#GorgonzolaTopping_dynamic_1> }","hasTopping","TRUE",1,1
"1hop-NamedPizza_Rosa_96_Rosa_96-Rosa_96-hasTopping-Rosa_96-NEG-BIN","NamedPizza_Rosa_96",117,4,"Property Assertion","BIN","ASK WHERE { <http://www.example.com/genealogy.owl#Rosa_96> <http://www.example.com/genealogy.owl#hasTopping> <http://www.example.com/genealogy.owl#Rosa_96> }","hasTopping","FALSE",1,1
"1hop-NamedPizza_Siciliana_13_Siciliana_13-Siciliana_13-rdf:type-MC","NamedPizza_Siciliana_13",117,8,"Membership","MC","SELECT ?x WHERE { <http://www.example.com/genealogy.owl#Siciliana_13> <http://www.w3.org/1999/02/22-rdf-syntax-ns#type> ?x }","rdf:type","DomainConcept; Food; Pizza",2,2
"1hop-NamedPizza_Siciliana_13_Siciliana_13-Siciliana_13-hasIngredient-MC","NamedPizza_Siciliana_13",117,8,"Property Assertion","MC","SELECT ?x WHERE { <http://www.example.com/genealogy.owl#Siciliana_13> <http://www.example.com/genealogy.owl#hasIngredient> ?x }","hasIngredient","AnchoviesTopping_dynamic_1; ArtichokeTopping_dynamic_1; GarlicTopping_dynamic_1; HamTopping_dynamic_1; MozzarellaTopping_dynamic_1; OliveTopping_dynamic_1; TomatoTopping_dynamic_1",2,2
"1hop-NamedPizza_Siciliana_13_Siciliana_13-Siciliana_13-hasTopping-MC","NamedPizza_Siciliana_13",117,8,"Property Assertion","MC","SELECT ?x WHERE { <http://www.example.com/genealogy.owl#Siciliana_13> <http://www.example.com/genealogy.owl#hasTopping> ?x }","hasTopping","AnchoviesTopping_dynamic_1; ArtichokeTopping_dynamic_1; GarlicTopping_dynamic_1; HamTopping_dynamic_1; MozzarellaTopping_dynamic_1; OliveTopping_dynamic_1; TomatoTopping_dynamic_1",1,1
"1hop-NamedPizza_Siciliana_13_Siciliana_13-Siciliana_13-hasTopping-AnchoviesTopping_dynamic_1-BIN","NamedPizza_Siciliana_13",117,8,"Property Assertion","BIN","ASK WHERE { <http://www.example.com/genealogy.owl#Siciliana_13> <http://www.example.com/genealogy.owl#hasTopping> <http://www.example.com/genealogy.owl#AnchoviesTopping_dynamic_1> }","hasTopping","TRUE",1,1
"1hop-NamedPizza_Siciliana_13_Siciliana_13-Siciliana_13-hasTopping-Siciliana_13-NEG-BIN","NamedPizza_Siciliana_13",117,8,"Property Assertion","BIN","ASK WHERE { <http://www.example.com/genealogy.owl#Siciliana_13> <http://www.example.com/genealogy.owl#hasTopping> <http://www.example.com/genealogy.owl#Siciliana_13> }","hasTopping","FALSE",1,1
"1hop-NamedPizza_Siciliana_13_Siciliana_13-Siciliana_13-hasIngredient-AnchoviesTopping_dynamic_1-BIN","NamedPizza_Siciliana_13",117,8,"Property Assertion","BIN","ASK WHERE { <http://www.example.com/genealogy.owl#Siciliana_13> <http://www.example.com/genealogy.owl#hasIngredient> <http://www.example.com/genealogy.owl#AnchoviesTopping_dynamic_1> }","hasIngredient","TRUE",2,2
"1hop-NamedPizza_Siciliana_13_Siciliana_13-Siciliana_13-hasIngredient-Siciliana_13-NEG-BIN","NamedPizza_Siciliana_13",117,8,"Property Assertion","BIN","ASK WHERE { <http://www.example.com/genealogy.owl#Siciliana_13> <http://www.example.com/genealogy.owl#hasIngredient> <http://www.example.com/genealogy.owl#Siciliana_13> }","hasIngredient","FALSE",2,2
"1hop-NamedPizza_Siciliana_13_Siciliana_13-Siciliana_13-rdf:type-Food-BIN","NamedPizza_Siciliana_13",117,8,"Membership","BIN","ASK WHERE { <http://www.example.com/genealogy.owl#Siciliana_13> <http://www.w3.org/1999/02/22-rdf-syntax-ns#type> <http://www.example.com/genealogy.owl#Food> }","rdf:type","TRUE",3,3
"1hop-NamedPizza_Siciliana_13_Siciliana_13-Siciliana_13-rdf:type-American-NEG-BIN","NamedPizza_Siciliana_13",117,8,"Membership","BIN","ASK WHERE { <http://www.example.com/genealogy.owl#Siciliana_13> <http://www.w3.org/1999/02/22-rdf-syntax-ns#type> <http://www.example.com/genealogy.owl#American> }","rdf:type","FALSE",3,3
"1hop-NamedPizza_Siciliana_40_Siciliana_40-Siciliana_40-hasIngredient-MC","NamedPizza_Siciliana_40",117,8,"Property Assertion","MC","SELECT ?x WHERE { <http://www.example.com/genealogy.owl#Siciliana_40> <http://www.example.com/genealogy.owl#hasIngredient> ?x }","hasIngredient","AnchoviesTopping_dynamic_1; ArtichokeTopping_dynamic_1; GarlicTopping_dynamic_1; HamTopping_dynamic_1; MozzarellaTopping_dynamic_1; OliveTopping_dynamic_1; TomatoTopping_dynamic_1",2,2
"1hop-NamedPizza_Siciliana_40_Siciliana_40-Siciliana_40-hasTopping-AnchoviesTopping_dynamic_1-BIN","NamedPizza_Siciliana_40",117,8,"Property Assertion","BIN","ASK WHERE { <http://www.example.com/genealogy.owl#Siciliana_40> <http://www.example.com/genealogy.owl#hasTopping> <http://www.example.com/genealogy.owl#AnchoviesTopping_dynamic_1> }","hasTopping","TRUE",1,1
"1hop-NamedPizza_Siciliana_40_Siciliana_40-Siciliana_40-hasTopping-Siciliana_40-NEG-BIN","NamedPizza_Siciliana_40",117,8,"Property Assertion","BIN","ASK WHERE { <http://www.example.com/genealogy.owl#Siciliana_40> <http://www.example.com/genealogy.owl#hasTopping> <http://www.example.com/genealogy.owl#Siciliana_40> }","hasTopping","FALSE",1,1
"1hop-NamedPizza_Siciliana_40_Siciliana_40-Siciliana_40-hasTopping-MC","NamedPizza_Siciliana_40",117,8,"Property Assertion","MC","SELECT ?x WHERE { <http://www.example.com/genealogy.owl#Siciliana_40> <http://www.example.com/genealogy.owl#hasTopping> ?x }","hasTopping","AnchoviesTopping_dynamic_1; ArtichokeTopping_dynamic_1; GarlicTopping_dynamic_1; HamTopping_dynamic_1; MozzarellaTopping_dynamic_1; OliveTopping_dynamic_1; TomatoTopping_dynamic_1",1,1
"1hop-NamedPizza_Siciliana_40_Siciliana_40-Siciliana_40-hasIngredient-AnchoviesTopping_dynamic_1-BIN","NamedPizza_Siciliana_40",117,8,"Property Assertion","BIN","ASK WHERE { <http://www.example.com/genealogy.owl#Siciliana_40> <http://www.example.com/genealogy.owl#hasIngredient> <http://www.example.com/genealogy.owl#AnchoviesTopping_dynamic_1> }","hasIngredient","TRUE",2,2
"1hop-NamedPizza_Siciliana_40_Siciliana_40-Siciliana_40-hasIngredient-Siciliana_40-NEG-BIN","NamedPizza_Siciliana_40",117,8,"Property Assertion","BIN","ASK WHERE { <http://www.example.com/genealogy.owl#Siciliana_40> <http://www.example.com/genealogy.owl#hasIngredient> <http://www.example.com/genealogy.owl#Siciliana_40> }","hasIngredient","FALSE",2,2
"1hop-NamedPizza_Siciliana_40_Siciliana_40-Siciliana_40-rdf:type-MC","NamedPizza_Siciliana_40",117,8,"Membership","MC","SELECT ?x WHERE { <http://www.example.com/genealogy.owl#Siciliana_40> <http://www.w3.org/1999/02/22-rdf-syntax-ns#type> ?x }","rdf:type","DomainConcept; Food; Pizza",2,2
"1hop-NamedPizza_Siciliana_40_Siciliana_40-Siciliana_40-rdf:type-Food-BIN","NamedPizza_Siciliana_40",117,8,"Membership","BIN","ASK WHERE { <http://www.example.com/genealogy.owl#Siciliana_40> <http://www.w3.org/1999/02/22-rdf-syntax-ns#type> <http://www.example.com/genealogy.owl#Food> }","rdf:type","TRUE",3,3
"1hop-NamedPizza_Siciliana_40_Siciliana_40-Siciliana_40-rdf:type-American-NEG-BIN","NamedPizza_Siciliana_40",117,8,"Membership","BIN","ASK WHERE { <http://www.example.com/genealogy.owl#Siciliana_40> <http://www.w3.org/1999/02/22-rdf-syntax-ns#type> <http://www.example.com/genealogy.owl#American> }","rdf:type","FALSE",3,3
"1hop-NamedPizza_Siciliana_45_Siciliana_45-Siciliana_45-hasIngredient-MC","NamedPizza_Siciliana_45",117,8,"Property Assertion","MC","SELECT ?x WHERE { <http://www.example.com/genealogy.owl#Siciliana_45> <http://www.example.com/genealogy.owl#hasIngredient> ?x }","hasIngredient","AnchoviesTopping_dynamic_1; ArtichokeTopping_dynamic_1; GarlicTopping_dynamic_1; HamTopping_dynamic_1; MozzarellaTopping_dynamic_1; OliveTopping_dynamic_1; TomatoTopping_dynamic_1",2,2
"1hop-NamedPizza_Siciliana_45_Siciliana_45-Siciliana_45-hasTopping-MC","NamedPizza_Siciliana_45",117,8,"Property Assertion","MC","SELECT ?x WHERE { <http://www.example.com/genealogy.owl#Siciliana_45> <http://www.example.com/genealogy.owl#hasTopping> ?x }","hasTopping","AnchoviesTopping_dynamic_1; ArtichokeTopping_dynamic_1; GarlicTopping_dynamic_1; HamTopping_dynamic_1; MozzarellaTopping_dynamic_1; OliveTopping_dynamic_1; TomatoTopping_dynamic_1",1,1
"1hop-NamedPizza_Siciliana_45_Siciliana_45-Siciliana_45-rdf:type-MC","NamedPizza_Siciliana_45",117,8,"Membership","MC","SELECT ?x WHERE { <http://www.example.com/genealogy.owl#Siciliana_45> <http://www.w3.org/1999/02/22-rdf-syntax-ns#type> ?x }","rdf:type","DomainConcept; Food; Pizza",2,2
"1hop-NamedPizza_Siciliana_45_Siciliana_45-Siciliana_45-hasIngredient-AnchoviesTopping_dynamic_1-BIN","NamedPizza_Siciliana_45",117,8,"Property Assertion","BIN","ASK WHERE { <http://www.example.com/genealogy.owl#Siciliana_45> <http://www.example.com/genealogy.owl#hasIngredient> <http://www.example.com/genealogy.owl#AnchoviesTopping_dynamic_1> }","hasIngredient","TRUE",2,2
"1hop-NamedPizza_Siciliana_45_Siciliana_45-Siciliana_45-hasIngredient-Siciliana_45-NEG-BIN","NamedPizza_Siciliana_45",117,8,"Property Assertion","BIN","ASK WHERE { <http://www.example.com/genealogy.owl#Siciliana_45> <http://www.example.com/genealogy.owl#hasIngredient> <http://www.example.com/genealogy.owl#Siciliana_45> }","hasIngredient","FALSE",2,2
"1hop-NamedPizza_Siciliana_45_Siciliana_45-Siciliana_45-hasTopping-AnchoviesTopping_dynamic_1-BIN","NamedPizza_Siciliana_45",117,8,"Property Assertion","BIN","ASK WHERE { <http://www.example.com/genealogy.owl#Siciliana_45> <http://www.example.com/genealogy.owl#hasTopping> <http://www.example.com/genealogy.owl#AnchoviesTopping_dynamic_1> }","hasTopping","TRUE",1,1
"1hop-NamedPizza_Siciliana_45_Siciliana_45-Siciliana_45-hasTopping-Siciliana_45-NEG-BIN","NamedPizza_Siciliana_45",117,8,"Property Assertion","BIN","ASK WHERE { <http://www.example.com/genealogy.owl#Siciliana_45> <http://www.example.com/genealogy.owl#hasTopping> <http://www.example.com/genealogy.owl#Siciliana_45> }","hasTopping","FALSE",1,1
"1hop-NamedPizza_Siciliana_45_Siciliana_45-Siciliana_45-rdf:type-Food-BIN","NamedPizza_Siciliana_45",117,8,"Membership","BIN","ASK WHERE { <http://www.example.com/genealogy.owl#Siciliana_45> <http://www.w3.org/1999/02/22-rdf-syntax-ns#type> <http://www.example.com/genealogy.owl#Food> }","rdf:type","TRUE",3,3
"1hop-NamedPizza_Siciliana_45_Siciliana_45-Siciliana_45-rdf:type-American-NEG-BIN","NamedPizza_Siciliana_45",117,8,"Membership","BIN","ASK WHERE { <http://www.example.com/genealogy.owl#Siciliana_45> <http://www.w3.org/1999/02/22-rdf-syntax-ns#type> <http://www.example.com/genealogy.owl#American> }","rdf:type","FALSE",3,3
"1hop-NamedPizza_Siciliana_47_Siciliana_47-Siciliana_47-hasIngredient-MC","NamedPizza_Siciliana_47",117,8,"Property Assertion","MC","SELECT ?x WHERE { <http://www.example.com/genealogy.owl#Siciliana_47> <http://www.example.com/genealogy.owl#hasIngredient> ?x }","hasIngredient","AnchoviesTopping_dynamic_1; ArtichokeTopping_dynamic_1; GarlicTopping_dynamic_1; HamTopping_dynamic_1; MozzarellaTopping_dynamic_1; OliveTopping_dynamic_1; TomatoTopping_dynamic_1",2,2
"1hop-NamedPizza_Siciliana_47_Siciliana_47-Siciliana_47-hasTopping-MC","NamedPizza_Siciliana_47",117,8,"Property Assertion","MC","SELECT ?x WHERE { <http://www.example.com/genealogy.owl#Siciliana_47> <http://www.example.com/genealogy.owl#hasTopping> ?x }","hasTopping","AnchoviesTopping_dynamic_1; ArtichokeTopping_dynamic_1; GarlicTopping_dynamic_1; HamTopping_dynamic_1; MozzarellaTopping_dynamic_1; OliveTopping_dynamic_1; TomatoTopping_dynamic_1",1,1
"1hop-NamedPizza_Siciliana_47_Siciliana_47-Siciliana_47-hasTopping-AnchoviesTopping_dynamic_1-BIN","NamedPizza_Siciliana_47",117,8,"Property Assertion","BIN","ASK WHERE { <http://www.example.com/genealogy.owl#Siciliana_47> <http://www.example.com/genealogy.owl#hasTopping> <http://www.example.com/genealogy.owl#AnchoviesTopping_dynamic_1> }","hasTopping","TRUE",1,1
"1hop-NamedPizza_Siciliana_47_Siciliana_47-Siciliana_47-hasTopping-Siciliana_47-NEG-BIN","NamedPizza_Siciliana_47",117,8,"Property Assertion","BIN","ASK WHERE { <http://www.example.com/genealogy.owl#Siciliana_47> <http://www.example.com/genealogy.owl#hasTopping> <http://www.example.com/genealogy.owl#Siciliana_47> }","hasTopping","FALSE",1,1
"1hop-NamedPizza_Siciliana_47_Siciliana_47-Siciliana_47-rdf:type-Food-BIN","NamedPizza_Siciliana_47",117,8,"Membership","BIN","ASK WHERE { <http://www.example.com/genealogy.owl#Siciliana_47> <http://www.w3.org/1999/02/22-rdf-syntax-ns#type> <http://www.example.com/genealogy.owl#Food> }","rdf:type","TRUE",3,3
"1hop-NamedPizza_Siciliana_47_Siciliana_47-Siciliana_47-rdf:type-American-NEG-BIN","NamedPizza_Siciliana_47",117,8,"Membership","BIN","ASK WHERE { <http://www.example.com/genealogy.owl#Siciliana_47> <http://www.w3.org/1999/02/22-rdf-syntax-ns#type> <http://www.example.com/genealogy.owl#American> }","rdf:type","FALSE",3,3
"1hop-NamedPizza_Siciliana_47_Siciliana_47-Siciliana_47-rdf:type-MC","NamedPizza_Siciliana_47",117,8,"Membership","MC","SELECT ?x WHERE { <http://www.example.com/genealogy.owl#Siciliana_47> <http://www.w3.org/1999/02/22-rdf-syntax-ns#type> ?x }","rdf:type","DomainConcept; Food; Pizza",3,3
"1hop-NamedPizza_Siciliana_47_Siciliana_47-Siciliana_47-hasIngredient-AnchoviesTopping_dynamic_1-BIN","NamedPizza_Siciliana_47",117,8,"Property Assertion","BIN","ASK WHERE { <http://www.example.com/genealogy.owl#Siciliana_47> <http://www.example.com/genealogy.owl#hasIngredient> <http://www.example.com/genealogy.owl#AnchoviesTopping_dynamic_1> }","hasIngredient","TRUE",2,2
"1hop-NamedPizza_Siciliana_47_Siciliana_47-Siciliana_47-hasIngredient-Siciliana_47-NEG-BIN","NamedPizza_Siciliana_47",117,8,"Property Assertion","BIN","ASK WHERE { <http://www.example.com/genealogy.owl#Siciliana_47> <http://www.example.com/genealogy.owl#hasIngredient> <http://www.example.com/genealogy.owl#Siciliana_47> }","hasIngredient","FALSE",2,2
"1hop-NamedPizza_Siciliana_5_Siciliana_5-Siciliana_5-rdf:type-Food-BIN","NamedPizza_Siciliana_5",117,8,"Membership","BIN","ASK WHERE { <http://www.example.com/genealogy.owl#Siciliana_5> <http://www.w3.org/1999/02/22-rdf-syntax-ns#type> <http://www.example.com/genealogy.owl#Food> }","rdf:type","TRUE",3,3
"1hop-NamedPizza_Siciliana_5_Siciliana_5-Siciliana_5-rdf:type-American-NEG-BIN","NamedPizza_Siciliana_5",117,8,"Membership","BIN","ASK WHERE { <http://www.example.com/genealogy.owl#Siciliana_5> <http://www.w3.org/1999/02/22-rdf-syntax-ns#type> <http://www.example.com/genealogy.owl#American> }","rdf:type","FALSE",3,3
"1hop-NamedPizza_Siciliana_5_Siciliana_5-Siciliana_5-rdf:type-MC","NamedPizza_Siciliana_5",117,8,"Membership","MC","SELECT ?x WHERE { <http://www.example.com/genealogy.owl#Siciliana_5> <http://www.w3.org/1999/02/22-rdf-syntax-ns#type> ?x }","rdf:type","DomainConcept; Food; Pizza",3,3
"1hop-NamedPizza_Siciliana_5_Siciliana_5-Siciliana_5-hasTopping-AnchoviesTopping_dynamic_1-BIN","NamedPizza_Siciliana_5",117,8,"Property Assertion","BIN","ASK WHERE { <http://www.example.com/genealogy.owl#Siciliana_5> <http://www.example.com/genealogy.owl#hasTopping> <http://www.example.com/genealogy.owl#AnchoviesTopping_dynamic_1> }","hasTopping","TRUE",1,1
"1hop-NamedPizza_Siciliana_5_Siciliana_5-Siciliana_5-hasTopping-Siciliana_5-NEG-BIN","NamedPizza_Siciliana_5",117,8,"Property Assertion","BIN","ASK WHERE { <http://www.example.com/genealogy.owl#Siciliana_5> <http://www.example.com/genealogy.owl#hasTopping> <http://www.example.com/genealogy.owl#Siciliana_5> }","hasTopping","FALSE",1,1
"1hop-NamedPizza_Siciliana_5_Siciliana_5-Siciliana_5-hasTopping-MC","NamedPizza_Siciliana_5",117,8,"Property Assertion","MC","SELECT ?x WHERE { <http://www.example.com/genealogy.owl#Siciliana_5> <http://www.example.com/genealogy.owl#hasTopping> ?x }","hasTopping","AnchoviesTopping_dynamic_1; ArtichokeTopping_dynamic_1; GarlicTopping_dynamic_1; HamTopping_dynamic_1; MozzarellaTopping_dynamic_1; OliveTopping_dynamic_1; TomatoTopping_dynamic_1",1,1
"1hop-NamedPizza_Siciliana_5_Siciliana_5-Siciliana_5-hasIngredient-MC","NamedPizza_Siciliana_5",117,8,"Property Assertion","MC","SELECT ?x WHERE { <http://www.example.com/genealogy.owl#Siciliana_5> <http://www.example.com/genealogy.owl#hasIngredient> ?x }","hasIngredient","AnchoviesTopping_dynamic_1; ArtichokeTopping_dynamic_1; GarlicTopping_dynamic_1; HamTopping_dynamic_1; MozzarellaTopping_dynamic_1; OliveTopping_dynamic_1; TomatoTopping_dynamic_1",2,2
"1hop-NamedPizza_Siciliana_5_Siciliana_5-Siciliana_5-hasIngredient-AnchoviesTopping_dynamic_1-BIN","NamedPizza_Siciliana_5",117,8,"Property Assertion","BIN","ASK WHERE { <http://www.example.com/genealogy.owl#Siciliana_5> <http://www.example.com/genealogy.owl#hasIngredient> <http://www.example.com/genealogy.owl#AnchoviesTopping_dynamic_1> }","hasIngredient","TRUE",2,2
"1hop-NamedPizza_Siciliana_5_Siciliana_5-Siciliana_5-hasIngredient-Siciliana_5-NEG-BIN","NamedPizza_Siciliana_5",117,8,"Property Assertion","BIN","ASK WHERE { <http://www.example.com/genealogy.owl#Siciliana_5> <http://www.example.com/genealogy.owl#hasIngredient> <http://www.example.com/genealogy.owl#Siciliana_5> }","hasIngredient","FALSE",2,2
"1hop-NamedPizza_Siciliana_54_Siciliana_54-Siciliana_54-hasIngredient-MC","NamedPizza_Siciliana_54",117,8,"Property Assertion","MC","SELECT ?x WHERE { <http://www.example.com/genealogy.owl#Siciliana_54> <http://www.example.com/genealogy.owl#hasIngredient> ?x }","hasIngredient","AnchoviesTopping_dynamic_1; ArtichokeTopping_dynamic_1; GarlicTopping_dynamic_1; HamTopping_dynamic_1; MozzarellaTopping_dynamic_1; OliveTopping_dynamic_1; TomatoTopping_dynamic_1",2,2
"1hop-NamedPizza_Siciliana_54_Siciliana_54-Siciliana_54-hasTopping-AnchoviesTopping_dynamic_1-BIN","NamedPizza_Siciliana_54",117,8,"Property Assertion","BIN","ASK WHERE { <http://www.example.com/genealogy.owl#Siciliana_54> <http://www.example.com/genealogy.owl#hasTopping> <http://www.example.com/genealogy.owl#AnchoviesTopping_dynamic_1> }","hasTopping","TRUE",1,1
"1hop-NamedPizza_Siciliana_54_Siciliana_54-Siciliana_54-hasTopping-Siciliana_54-NEG-BIN","NamedPizza_Siciliana_54",117,8,"Property Assertion","BIN","ASK WHERE { <http://www.example.com/genealogy.owl#Siciliana_54> <http://www.example.com/genealogy.owl#hasTopping> <http://www.example.com/genealogy.owl#Siciliana_54> }","hasTopping","FALSE",1,1
"1hop-NamedPizza_Siciliana_54_Siciliana_54-Siciliana_54-hasTopping-MC","NamedPizza_Siciliana_54",117,8,"Property Assertion","MC","SELECT ?x WHERE { <http://www.example.com/genealogy.owl#Siciliana_54> <http://www.example.com/genealogy.owl#hasTopping> ?x }","hasTopping","AnchoviesTopping_dynamic_1; ArtichokeTopping_dynamic_1; GarlicTopping_dynamic_1; HamTopping_dynamic_1; MozzarellaTopping_dynamic_1; OliveTopping_dynamic_1; TomatoTopping_dynamic_1",1,1
"1hop-NamedPizza_Siciliana_54_Siciliana_54-Siciliana_54-rdf:type-Food-BIN","NamedPizza_Siciliana_54",117,8,"Membership","BIN","ASK WHERE { <http://www.example.com/genealogy.owl#Siciliana_54> <http://www.w3.org/1999/02/22-rdf-syntax-ns#type> <http://www.example.com/genealogy.owl#Food> }","rdf:type","TRUE",3,3
"1hop-NamedPizza_Siciliana_54_Siciliana_54-Siciliana_54-rdf:type-American-NEG-BIN","NamedPizza_Siciliana_54",117,8,"Membership","BIN","ASK WHERE { <http://www.example.com/genealogy.owl#Siciliana_54> <http://www.w3.org/1999/02/22-rdf-syntax-ns#type> <http://www.example.com/genealogy.owl#American> }","rdf:type","FALSE",3,3
"1hop-NamedPizza_Siciliana_54_Siciliana_54-Siciliana_54-rdf:type-MC","NamedPizza_Siciliana_54",117,8,"Membership","MC","SELECT ?x WHERE { <http://www.example.com/genealogy.owl#Siciliana_54> <http://www.w3.org/1999/02/22-rdf-syntax-ns#type> ?x }","rdf:type","DomainConcept; Food; Pizza",3,3
"1hop-NamedPizza_Siciliana_54_Siciliana_54-Siciliana_54-hasIngredient-AnchoviesTopping_dynamic_1-BIN","NamedPizza_Siciliana_54",117,8,"Property Assertion","BIN","ASK WHERE { <http://www.example.com/genealogy.owl#Siciliana_54> <http://www.example.com/genealogy.owl#hasIngredient> <http://www.example.com/genealogy.owl#AnchoviesTopping_dynamic_1> }","hasIngredient","TRUE",2,2
"1hop-NamedPizza_Siciliana_54_Siciliana_54-Siciliana_54-hasIngredient-Siciliana_54-NEG-BIN","NamedPizza_Siciliana_54",117,8,"Property Assertion","BIN","ASK WHERE { <http://www.example.com/genealogy.owl#Siciliana_54> <http://www.example.com/genealogy.owl#hasIngredient> <http://www.example.com/genealogy.owl#Siciliana_54> }","hasIngredient","FALSE",2,2
"1hop-NamedPizza_Siciliana_61_Siciliana_61-Siciliana_61-hasTopping-AnchoviesTopping_dynamic_1-BIN","NamedPizza_Siciliana_61",117,8,"Property Assertion","BIN","ASK WHERE { <http://www.example.com/genealogy.owl#Siciliana_61> <http://www.example.com/genealogy.owl#hasTopping> <http://www.example.com/genealogy.owl#AnchoviesTopping_dynamic_1> }","hasTopping","TRUE",1,1
"1hop-NamedPizza_Siciliana_61_Siciliana_61-Siciliana_61-hasTopping-Siciliana_61-NEG-BIN","NamedPizza_Siciliana_61",117,8,"Property Assertion","BIN","ASK WHERE { <http://www.example.com/genealogy.owl#Siciliana_61> <http://www.example.com/genealogy.owl#hasTopping> <http://www.example.com/genealogy.owl#Siciliana_61> }","hasTopping","FALSE",1,1
"1hop-NamedPizza_Siciliana_61_Siciliana_61-Siciliana_61-hasTopping-MC","NamedPizza_Siciliana_61",117,8,"Property Assertion","MC","SELECT ?x WHERE { <http://www.example.com/genealogy.owl#Siciliana_61> <http://www.example.com/genealogy.owl#hasTopping> ?x }","hasTopping","AnchoviesTopping_dynamic_1; ArtichokeTopping_dynamic_1; GarlicTopping_dynamic_1; HamTopping_dynamic_1; MozzarellaTopping_dynamic_1; OliveTopping_dynamic_1; TomatoTopping_dynamic_1",1,1
"1hop-NamedPizza_Siciliana_61_Siciliana_61-Siciliana_61-hasIngredient-MC","NamedPizza_Siciliana_61",117,8,"Property Assertion","MC","SELECT ?x WHERE { <http://www.example.com/genealogy.owl#Siciliana_61> <http://www.example.com/genealogy.owl#hasIngredient> ?x }","hasIngredient","AnchoviesTopping_dynamic_1; ArtichokeTopping_dynamic_1; GarlicTopping_dynamic_1; HamTopping_dynamic_1; MozzarellaTopping_dynamic_1; OliveTopping_dynamic_1; TomatoTopping_dynamic_1",2,2
"1hop-NamedPizza_Siciliana_61_Siciliana_61-Siciliana_61-rdf:type-MC","NamedPizza_Siciliana_61",117,8,"Membership","MC","SELECT ?x WHERE { <http://www.example.com/genealogy.owl#Siciliana_61> <http://www.w3.org/1999/02/22-rdf-syntax-ns#type> ?x }","rdf:type","DomainConcept; Food; Pizza",4,4
"1hop-NamedPizza_Siciliana_61_Siciliana_61-Siciliana_61-hasIngredient-AnchoviesTopping_dynamic_1-BIN","NamedPizza_Siciliana_61",117,8,"Property Assertion","BIN","ASK WHERE { <http://www.example.com/genealogy.owl#Siciliana_61> <http://www.example.com/genealogy.owl#hasIngredient> <http://www.example.com/genealogy.owl#AnchoviesTopping_dynamic_1> }","hasIngredient","TRUE",2,2
"1hop-NamedPizza_Siciliana_61_Siciliana_61-Siciliana_61-hasIngredient-Siciliana_61-NEG-BIN","NamedPizza_Siciliana_61",117,8,"Property Assertion","BIN","ASK WHERE { <http://www.example.com/genealogy.owl#Siciliana_61> <http://www.example.com/genealogy.owl#hasIngredient> <http://www.example.com/genealogy.owl#Siciliana_61> }","hasIngredient","FALSE",2,2
"1hop-NamedPizza_Siciliana_61_Siciliana_61-Siciliana_61-rdf:type-Food-BIN","NamedPizza_Siciliana_61",117,8,"Membership","BIN","ASK WHERE { <http://www.example.com/genealogy.owl#Siciliana_61> <http://www.w3.org/1999/02/22-rdf-syntax-ns#type> <http://www.example.com/genealogy.owl#Food> }","rdf:type","TRUE",3,3
"1hop-NamedPizza_Siciliana_61_Siciliana_61-Siciliana_61-rdf:type-American-NEG-BIN","NamedPizza_Siciliana_61",117,8,"Membership","BIN","ASK WHERE { <http://www.example.com/genealogy.owl#Siciliana_61> <http://www.w3.org/1999/02/22-rdf-syntax-ns#type> <http://www.example.com/genealogy.owl#American> }","rdf:type","FALSE",3,3
"1hop-NamedPizza_SloppyGiuseppe_1_SloppyGiuseppe_1-SloppyGiuseppe_1-hasTopping-MC","NamedPizza_SloppyGiuseppe_1",117,6,"Property Assertion","MC","SELECT ?x WHERE { <http://www.example.com/genealogy.owl#SloppyGiuseppe_1> <http://www.example.com/genealogy.owl#hasTopping> ?x }","hasTopping","GreenPepperTopping_dynamic_1; HotSpicedBeefTopping_dynamic_1; MozzarellaTopping_dynamic_1; OnionTopping_dynamic_1; TomatoTopping_dynamic_1",1,1
"1hop-NamedPizza_SloppyGiuseppe_1_SloppyGiuseppe_1-SloppyGiuseppe_1-rdf:type-Food-BIN","NamedPizza_SloppyGiuseppe_1",117,6,"Membership","BIN","ASK WHERE { <http://www.example.com/genealogy.owl#SloppyGiuseppe_1> <http://www.w3.org/1999/02/22-rdf-syntax-ns#type> <http://www.example.com/genealogy.owl#Food> }","rdf:type","TRUE",3,3
"1hop-NamedPizza_SloppyGiuseppe_1_SloppyGiuseppe_1-SloppyGiuseppe_1-rdf:type-American-NEG-BIN","NamedPizza_SloppyGiuseppe_1",117,6,"Membership","BIN","ASK WHERE { <http://www.example.com/genealogy.owl#SloppyGiuseppe_1> <http://www.w3.org/1999/02/22-rdf-syntax-ns#type> <http://www.example.com/genealogy.owl#American> }","rdf:type","FALSE",3,3
"1hop-NamedPizza_SloppyGiuseppe_1_SloppyGiuseppe_1-SloppyGiuseppe_1-rdf:type-MC","NamedPizza_SloppyGiuseppe_1",117,6,"Membership","MC","SELECT ?x WHERE { <http://www.example.com/genealogy.owl#SloppyGiuseppe_1> <http://www.w3.org/1999/02/22-rdf-syntax-ns#type> ?x }","rdf:type","DomainConcept; Food; Pizza",3,3
"1hop-NamedPizza_SloppyGiuseppe_1_SloppyGiuseppe_1-SloppyGiuseppe_1-hasIngredient-MC","NamedPizza_SloppyGiuseppe_1",117,6,"Property Assertion","MC","SELECT ?x WHERE { <http://www.example.com/genealogy.owl#SloppyGiuseppe_1> <http://www.example.com/genealogy.owl#hasIngredient> ?x }","hasIngredient","GreenPepperTopping_dynamic_1; HotSpicedBeefTopping_dynamic_1; MozzarellaTopping_dynamic_1; OnionTopping_dynamic_1; TomatoTopping_dynamic_1",2,2
"1hop-NamedPizza_SloppyGiuseppe_1_SloppyGiuseppe_1-SloppyGiuseppe_1-hasTopping-GreenPepperTopping_dynamic_1-BIN","NamedPizza_SloppyGiuseppe_1",117,6,"Property Assertion","BIN","ASK WHERE { <http://www.example.com/genealogy.owl#SloppyGiuseppe_1> <http://www.example.com/genealogy.owl#hasTopping> <http://www.example.com/genealogy.owl#GreenPepperTopping_dynamic_1> }","hasTopping","TRUE",1,1
"1hop-NamedPizza_SloppyGiuseppe_1_SloppyGiuseppe_1-SloppyGiuseppe_1-hasTopping-SloppyGiuseppe_1-NEG-BIN","NamedPizza_SloppyGiuseppe_1",117,6,"Property Assertion","BIN","ASK WHERE { <http://www.example.com/genealogy.owl#SloppyGiuseppe_1> <http://www.example.com/genealogy.owl#hasTopping> <http://www.example.com/genealogy.owl#SloppyGiuseppe_1> }","hasTopping","FALSE",1,1
"1hop-NamedPizza_SloppyGiuseppe_1_SloppyGiuseppe_1-SloppyGiuseppe_1-hasIngredient-GreenPepperTopping_dynamic_1-BIN","NamedPizza_SloppyGiuseppe_1",117,6,"Property Assertion","BIN","ASK WHERE { <http://www.example.com/genealogy.owl#SloppyGiuseppe_1> <http://www.example.com/genealogy.owl#hasIngredient> <http://www.example.com/genealogy.owl#GreenPepperTopping_dynamic_1> }","hasIngredient","TRUE",2,2
"1hop-NamedPizza_SloppyGiuseppe_1_SloppyGiuseppe_1-SloppyGiuseppe_1-hasIngredient-SloppyGiuseppe_1-NEG-BIN","NamedPizza_SloppyGiuseppe_1",117,6,"Property Assertion","BIN","ASK WHERE { <http://www.example.com/genealogy.owl#SloppyGiuseppe_1> <http://www.example.com/genealogy.owl#hasIngredient> <http://www.example.com/genealogy.owl#SloppyGiuseppe_1> }","hasIngredient","FALSE",2,2
"1hop-NamedPizza_SloppyGiuseppe_11_SloppyGiuseppe_11-SloppyGiuseppe_11-rdf:type-Food-BIN","NamedPizza_SloppyGiuseppe_11",117,6,"Membership","BIN","ASK WHERE { <http://www.example.com/genealogy.owl#SloppyGiuseppe_11> <http://www.w3.org/1999/02/22-rdf-syntax-ns#type> <http://www.example.com/genealogy.owl#Food> }","rdf:type","TRUE",3,3
"1hop-NamedPizza_SloppyGiuseppe_11_SloppyGiuseppe_11-SloppyGiuseppe_11-rdf:type-American-NEG-BIN","NamedPizza_SloppyGiuseppe_11",117,6,"Membership","BIN","ASK WHERE { <http://www.example.com/genealogy.owl#SloppyGiuseppe_11> <http://www.w3.org/1999/02/22-rdf-syntax-ns#type> <http://www.example.com/genealogy.owl#American> }","rdf:type","FALSE",3,3
"1hop-NamedPizza_SloppyGiuseppe_11_SloppyGiuseppe_11-SloppyGiuseppe_11-rdf:type-MC","NamedPizza_SloppyGiuseppe_11",117,6,"Membership","MC","SELECT ?x WHERE { <http://www.example.com/genealogy.owl#SloppyGiuseppe_11> <http://www.w3.org/1999/02/22-rdf-syntax-ns#type> ?x }","rdf:type","DomainConcept; Food; Pizza",3,3
"1hop-NamedPizza_SloppyGiuseppe_11_SloppyGiuseppe_11-SloppyGiuseppe_11-hasIngredient-MC","NamedPizza_SloppyGiuseppe_11",117,6,"Property Assertion","MC","SELECT ?x WHERE { <http://www.example.com/genealogy.owl#SloppyGiuseppe_11> <http://www.example.com/genealogy.owl#hasIngredient> ?x }","hasIngredient","GreenPepperTopping_dynamic_1; HotSpicedBeefTopping_dynamic_1; MozzarellaTopping_dynamic_1; OnionTopping_dynamic_1; TomatoTopping_dynamic_1",2,2
"1hop-NamedPizza_SloppyGiuseppe_11_SloppyGiuseppe_11-SloppyGiuseppe_11-hasTopping-MC","NamedPizza_SloppyGiuseppe_11",117,6,"Property Assertion","MC","SELECT ?x WHERE { <http://www.example.com/genealogy.owl#SloppyGiuseppe_11> <http://www.example.com/genealogy.owl#hasTopping> ?x }","hasTopping","GreenPepperTopping_dynamic_1; HotSpicedBeefTopping_dynamic_1; MozzarellaTopping_dynamic_1; OnionTopping_dynamic_1; TomatoTopping_dynamic_1",1,1
"1hop-NamedPizza_SloppyGiuseppe_11_SloppyGiuseppe_11-SloppyGiuseppe_11-hasTopping-GreenPepperTopping_dynamic_1-BIN","NamedPizza_SloppyGiuseppe_11",117,6,"Property Assertion","BIN","ASK WHERE { <http://www.example.com/genealogy.owl#SloppyGiuseppe_11> <http://www.example.com/genealogy.owl#hasTopping> <http://www.example.com/genealogy.owl#GreenPepperTopping_dynamic_1> }","hasTopping","TRUE",1,1
"1hop-NamedPizza_SloppyGiuseppe_11_SloppyGiuseppe_11-SloppyGiuseppe_11-hasTopping-SloppyGiuseppe_11-NEG-BIN","NamedPizza_SloppyGiuseppe_11",117,6,"Property Assertion","BIN","ASK WHERE { <http://www.example.com/genealogy.owl#SloppyGiuseppe_11> <http://www.example.com/genealogy.owl#hasTopping> <http://www.example.com/genealogy.owl#SloppyGiuseppe_11> }","hasTopping","FALSE",1,1
"1hop-NamedPizza_SloppyGiuseppe_11_SloppyGiuseppe_11-SloppyGiuseppe_11-hasIngredient-GreenPepperTopping_dynamic_1-BIN","NamedPizza_SloppyGiuseppe_11",117,6,"Property Assertion","BIN","ASK WHERE { <http://www.example.com/genealogy.owl#SloppyGiuseppe_11> <http://www.example.com/genealogy.owl#hasIngredient> <http://www.example.com/genealogy.owl#GreenPepperTopping_dynamic_1> }","hasIngredient","TRUE",2,2
"1hop-NamedPizza_SloppyGiuseppe_11_SloppyGiuseppe_11-SloppyGiuseppe_11-hasIngredient-SloppyGiuseppe_11-NEG-BIN","NamedPizza_SloppyGiuseppe_11",117,6,"Property Assertion","BIN","ASK WHERE { <http://www.example.com/genealogy.owl#SloppyGiuseppe_11> <http://www.example.com/genealogy.owl#hasIngredient> <http://www.example.com/genealogy.owl#SloppyGiuseppe_11> }","hasIngredient","FALSE",2,2
"1hop-NamedPizza_SloppyGiuseppe_15_SloppyGiuseppe_15-SloppyGiuseppe_15-rdf:type-MC","NamedPizza_SloppyGiuseppe_15",117,6,"Membership","MC","SELECT ?x WHERE { <http://www.example.com/genealogy.owl#SloppyGiuseppe_15> <http://www.w3.org/1999/02/22-rdf-syntax-ns#type> ?x }","rdf:type","DomainConcept; Food; Pizza",2,2
"1hop-NamedPizza_SloppyGiuseppe_15_SloppyGiuseppe_15-SloppyGiuseppe_15-hasTopping-GreenPepperTopping_dynamic_1-BIN","NamedPizza_SloppyGiuseppe_15",117,6,"Property Assertion","BIN","ASK WHERE { <http://www.example.com/genealogy.owl#SloppyGiuseppe_15> <http://www.example.com/genealogy.owl#hasTopping> <http://www.example.com/genealogy.owl#GreenPepperTopping_dynamic_1> }","hasTopping","TRUE",1,1
"1hop-NamedPizza_SloppyGiuseppe_15_SloppyGiuseppe_15-SloppyGiuseppe_15-hasTopping-SloppyGiuseppe_15-NEG-BIN","NamedPizza_SloppyGiuseppe_15",117,6,"Property Assertion","BIN","ASK WHERE { <http://www.example.com/genealogy.owl#SloppyGiuseppe_15> <http://www.example.com/genealogy.owl#hasTopping> <http://www.example.com/genealogy.owl#SloppyGiuseppe_15> }","hasTopping","FALSE",1,1
"1hop-NamedPizza_SloppyGiuseppe_15_SloppyGiuseppe_15-SloppyGiuseppe_15-hasTopping-MC","NamedPizza_SloppyGiuseppe_15",117,6,"Property Assertion","MC","SELECT ?x WHERE { <http://www.example.com/genealogy.owl#SloppyGiuseppe_15> <http://www.example.com/genealogy.owl#hasTopping> ?x }","hasTopping","GreenPepperTopping_dynamic_1; HotSpicedBeefTopping_dynamic_1; MozzarellaTopping_dynamic_1; OnionTopping_dynamic_1; TomatoTopping_dynamic_1",1,1
"1hop-NamedPizza_SloppyGiuseppe_15_SloppyGiuseppe_15-SloppyGiuseppe_15-hasIngredient-GreenPepperTopping_dynamic_1-BIN","NamedPizza_SloppyGiuseppe_15",117,6,"Property Assertion","BIN","ASK WHERE { <http://www.example.com/genealogy.owl#SloppyGiuseppe_15> <http://www.example.com/genealogy.owl#hasIngredient> <http://www.example.com/genealogy.owl#GreenPepperTopping_dynamic_1> }","hasIngredient","TRUE",2,2
"1hop-NamedPizza_SloppyGiuseppe_15_SloppyGiuseppe_15-SloppyGiuseppe_15-hasIngredient-SloppyGiuseppe_15-NEG-BIN","NamedPizza_SloppyGiuseppe_15",117,6,"Property Assertion","BIN","ASK WHERE { <http://www.example.com/genealogy.owl#SloppyGiuseppe_15> <http://www.example.com/genealogy.owl#hasIngredient> <http://www.example.com/genealogy.owl#SloppyGiuseppe_15> }","hasIngredient","FALSE",2,2
"1hop-NamedPizza_SloppyGiuseppe_15_SloppyGiuseppe_15-SloppyGiuseppe_15-hasIngredient-MC","NamedPizza_SloppyGiuseppe_15",117,6,"Property Assertion","MC","SELECT ?x WHERE { <http://www.example.com/genealogy.owl#SloppyGiuseppe_15> <http://www.example.com/genealogy.owl#hasIngredient> ?x }","hasIngredient","GreenPepperTopping_dynamic_1; HotSpicedBeefTopping_dynamic_1; MozzarellaTopping_dynamic_1; OnionTopping_dynamic_1; TomatoTopping_dynamic_1",2,2
"1hop-NamedPizza_SloppyGiuseppe_15_SloppyGiuseppe_15-SloppyGiuseppe_15-rdf:type-Food-BIN","NamedPizza_SloppyGiuseppe_15",117,6,"Membership","BIN","ASK WHERE { <http://www.example.com/genealogy.owl#SloppyGiuseppe_15> <http://www.w3.org/1999/02/22-rdf-syntax-ns#type> <http://www.example.com/genealogy.owl#Food> }","rdf:type","TRUE",3,3
"1hop-NamedPizza_SloppyGiuseppe_15_SloppyGiuseppe_15-SloppyGiuseppe_15-rdf:type-American-NEG-BIN","NamedPizza_SloppyGiuseppe_15",117,6,"Membership","BIN","ASK WHERE { <http://www.example.com/genealogy.owl#SloppyGiuseppe_15> <http://www.w3.org/1999/02/22-rdf-syntax-ns#type> <http://www.example.com/genealogy.owl#American> }","rdf:type","FALSE",3,3
"1hop-NamedPizza_SloppyGiuseppe_17_SloppyGiuseppe_17-SloppyGiuseppe_17-hasTopping-MC","NamedPizza_SloppyGiuseppe_17",117,6,"Property Assertion","MC","SELECT ?x WHERE { <http://www.example.com/genealogy.owl#SloppyGiuseppe_17> <http://www.example.com/genealogy.owl#hasTopping> ?x }","hasTopping","GreenPepperTopping_dynamic_1; HotSpicedBeefTopping_dynamic_1; MozzarellaTopping_dynamic_1; OnionTopping_dynamic_1; TomatoTopping_dynamic_1",1,1
"1hop-NamedPizza_SloppyGiuseppe_17_SloppyGiuseppe_17-SloppyGiuseppe_17-hasTopping-GreenPepperTopping_dynamic_1-BIN","NamedPizza_SloppyGiuseppe_17",117,6,"Property Assertion","BIN","ASK WHERE { <http://www.example.com/genealogy.owl#SloppyGiuseppe_17> <http://www.example.com/genealogy.owl#hasTopping> <http://www.example.com/genealogy.owl#GreenPepperTopping_dynamic_1> }","hasTopping","TRUE",1,1
"1hop-NamedPizza_SloppyGiuseppe_17_SloppyGiuseppe_17-SloppyGiuseppe_17-hasTopping-SloppyGiuseppe_17-NEG-BIN","NamedPizza_SloppyGiuseppe_17",117,6,"Property Assertion","BIN","ASK WHERE { <http://www.example.com/genealogy.owl#SloppyGiuseppe_17> <http://www.example.com/genealogy.owl#hasTopping> <http://www.example.com/genealogy.owl#SloppyGiuseppe_17> }","hasTopping","FALSE",1,1
"1hop-NamedPizza_SloppyGiuseppe_17_SloppyGiuseppe_17-SloppyGiuseppe_17-hasIngredient-MC","NamedPizza_SloppyGiuseppe_17",117,6,"Property Assertion","MC","SELECT ?x WHERE { <http://www.example.com/genealogy.owl#SloppyGiuseppe_17> <http://www.example.com/genealogy.owl#hasIngredient> ?x }","hasIngredient","GreenPepperTopping_dynamic_1; HotSpicedBeefTopping_dynamic_1; MozzarellaTopping_dynamic_1; OnionTopping_dynamic_1; TomatoTopping_dynamic_1",2,2
"1hop-NamedPizza_SloppyGiuseppe_17_SloppyGiuseppe_17-SloppyGiuseppe_17-rdf:type-MC","NamedPizza_SloppyGiuseppe_17",117,6,"Membership","MC","SELECT ?x WHERE { <http://www.example.com/genealogy.owl#SloppyGiuseppe_17> <http://www.w3.org/1999/02/22-rdf-syntax-ns#type> ?x }","rdf:type","DomainConcept; Food; Pizza",2,2
"1hop-NamedPizza_SloppyGiuseppe_17_SloppyGiuseppe_17-SloppyGiuseppe_17-rdf:type-Food-BIN","NamedPizza_SloppyGiuseppe_17",117,6,"Membership","BIN","ASK WHERE { <http://www.example.com/genealogy.owl#SloppyGiuseppe_17> <http://www.w3.org/1999/02/22-rdf-syntax-ns#type> <http://www.example.com/genealogy.owl#Food> }","rdf:type","TRUE",3,3
"1hop-NamedPizza_SloppyGiuseppe_17_SloppyGiuseppe_17-SloppyGiuseppe_17-rdf:type-American-NEG-BIN","NamedPizza_SloppyGiuseppe_17",117,6,"Membership","BIN","ASK WHERE { <http://www.example.com/genealogy.owl#SloppyGiuseppe_17> <http://www.w3.org/1999/02/22-rdf-syntax-ns#type> <http://www.example.com/genealogy.owl#American> }","rdf:type","FALSE",3,3
"1hop-NamedPizza_SloppyGiuseppe_17_SloppyGiuseppe_17-SloppyGiuseppe_17-hasIngredient-GreenPepperTopping_dynamic_1-BIN","NamedPizza_SloppyGiuseppe_17",117,6,"Property Assertion","BIN","ASK WHERE { <http://www.example.com/genealogy.owl#SloppyGiuseppe_17> <http://www.example.com/genealogy.owl#hasIngredient> <http://www.example.com/genealogy.owl#GreenPepperTopping_dynamic_1> }","hasIngredient","TRUE",2,2
"1hop-NamedPizza_SloppyGiuseppe_17_SloppyGiuseppe_17-SloppyGiuseppe_17-hasIngredient-SloppyGiuseppe_17-NEG-BIN","NamedPizza_SloppyGiuseppe_17",117,6,"Property Assertion","BIN","ASK WHERE { <http://www.example.com/genealogy.owl#SloppyGiuseppe_17> <http://www.example.com/genealogy.owl#hasIngredient> <http://www.example.com/genealogy.owl#SloppyGiuseppe_17> }","hasIngredient","FALSE",2,2
"1hop-NamedPizza_SloppyGiuseppe_23_SloppyGiuseppe_23-SloppyGiuseppe_23-hasTopping-GreenPepperTopping_dynamic_1-BIN","NamedPizza_SloppyGiuseppe_23",117,6,"Property Assertion","BIN","ASK WHERE { <http://www.example.com/genealogy.owl#SloppyGiuseppe_23> <http://www.example.com/genealogy.owl#hasTopping> <http://www.example.com/genealogy.owl#GreenPepperTopping_dynamic_1> }","hasTopping","TRUE",1,1
"1hop-NamedPizza_SloppyGiuseppe_23_SloppyGiuseppe_23-SloppyGiuseppe_23-hasTopping-SloppyGiuseppe_23-NEG-BIN","NamedPizza_SloppyGiuseppe_23",117,6,"Property Assertion","BIN","ASK WHERE { <http://www.example.com/genealogy.owl#SloppyGiuseppe_23> <http://www.example.com/genealogy.owl#hasTopping> <http://www.example.com/genealogy.owl#SloppyGiuseppe_23> }","hasTopping","FALSE",1,1
"1hop-NamedPizza_SloppyGiuseppe_23_SloppyGiuseppe_23-SloppyGiuseppe_23-hasTopping-MC","NamedPizza_SloppyGiuseppe_23",117,6,"Property Assertion","MC","SELECT ?x WHERE { <http://www.example.com/genealogy.owl#SloppyGiuseppe_23> <http://www.example.com/genealogy.owl#hasTopping> ?x }","hasTopping","GreenPepperTopping_dynamic_1; HotSpicedBeefTopping_dynamic_1; MozzarellaTopping_dynamic_1; OnionTopping_dynamic_1; TomatoTopping_dynamic_1",1,1
"1hop-NamedPizza_SloppyGiuseppe_23_SloppyGiuseppe_23-SloppyGiuseppe_23-hasIngredient-MC","NamedPizza_SloppyGiuseppe_23",117,6,"Property Assertion","MC","SELECT ?x WHERE { <http://www.example.com/genealogy.owl#SloppyGiuseppe_23> <http://www.example.com/genealogy.owl#hasIngredient> ?x }","hasIngredient","GreenPepperTopping_dynamic_1; HotSpicedBeefTopping_dynamic_1; MozzarellaTopping_dynamic_1; OnionTopping_dynamic_1; TomatoTopping_dynamic_1",2,2
"1hop-NamedPizza_SloppyGiuseppe_23_SloppyGiuseppe_23-SloppyGiuseppe_23-rdf:type-MC","NamedPizza_SloppyGiuseppe_23",117,6,"Membership","MC","SELECT ?x WHERE { <http://www.example.com/genealogy.owl#SloppyGiuseppe_23> <http://www.w3.org/1999/02/22-rdf-syntax-ns#type> ?x }","rdf:type","DomainConcept; Food; Pizza",4,4
"1hop-NamedPizza_SloppyGiuseppe_23_SloppyGiuseppe_23-SloppyGiuseppe_23-hasIngredient-GreenPepperTopping_dynamic_1-BIN","NamedPizza_SloppyGiuseppe_23",117,6,"Property Assertion","BIN","ASK WHERE { <http://www.example.com/genealogy.owl#SloppyGiuseppe_23> <http://www.example.com/genealogy.owl#hasIngredient> <http://www.example.com/genealogy.owl#GreenPepperTopping_dynamic_1> }","hasIngredient","TRUE",2,2
"1hop-NamedPizza_SloppyGiuseppe_23_SloppyGiuseppe_23-SloppyGiuseppe_23-hasIngredient-SloppyGiuseppe_23-NEG-BIN","NamedPizza_SloppyGiuseppe_23",117,6,"Property Assertion","BIN","ASK WHERE { <http://www.example.com/genealogy.owl#SloppyGiuseppe_23> <http://www.example.com/genealogy.owl#hasIngredient> <http://www.example.com/genealogy.owl#SloppyGiuseppe_23> }","hasIngredient","FALSE",2,2
"1hop-NamedPizza_SloppyGiuseppe_23_SloppyGiuseppe_23-SloppyGiuseppe_23-rdf:type-Food-BIN","NamedPizza_SloppyGiuseppe_23",117,6,"Membership","BIN","ASK WHERE { <http://www.example.com/genealogy.owl#SloppyGiuseppe_23> <http://www.w3.org/1999/02/22-rdf-syntax-ns#type> <http://www.example.com/genealogy.owl#Food> }","rdf:type","TRUE",3,3
"1hop-NamedPizza_SloppyGiuseppe_23_SloppyGiuseppe_23-SloppyGiuseppe_23-rdf:type-American-NEG-BIN","NamedPizza_SloppyGiuseppe_23",117,6,"Membership","BIN","ASK WHERE { <http://www.example.com/genealogy.owl#SloppyGiuseppe_23> <http://www.w3.org/1999/02/22-rdf-syntax-ns#type> <http://www.example.com/genealogy.owl#American> }","rdf:type","FALSE",3,3
"1hop-NamedPizza_SloppyGiuseppe_98_SloppyGiuseppe_98-SloppyGiuseppe_98-hasIngredient-MC","NamedPizza_SloppyGiuseppe_98",117,6,"Property Assertion","MC","SELECT ?x WHERE { <http://www.example.com/genealogy.owl#SloppyGiuseppe_98> <http://www.example.com/genealogy.owl#hasIngredient> ?x }","hasIngredient","GreenPepperTopping_dynamic_1; HotSpicedBeefTopping_dynamic_1; MozzarellaTopping_dynamic_1; OnionTopping_dynamic_1; TomatoTopping_dynamic_1",2,2
"1hop-NamedPizza_SloppyGiuseppe_98_SloppyGiuseppe_98-SloppyGiuseppe_98-hasTopping-GreenPepperTopping_dynamic_1-BIN","NamedPizza_SloppyGiuseppe_98",117,6,"Property Assertion","BIN","ASK WHERE { <http://www.example.com/genealogy.owl#SloppyGiuseppe_98> <http://www.example.com/genealogy.owl#hasTopping> <http://www.example.com/genealogy.owl#GreenPepperTopping_dynamic_1> }","hasTopping","TRUE",1,1
"1hop-NamedPizza_SloppyGiuseppe_98_SloppyGiuseppe_98-SloppyGiuseppe_98-hasTopping-SloppyGiuseppe_98-NEG-BIN","NamedPizza_SloppyGiuseppe_98",117,6,"Property Assertion","BIN","ASK WHERE { <http://www.example.com/genealogy.owl#SloppyGiuseppe_98> <http://www.example.com/genealogy.owl#hasTopping> <http://www.example.com/genealogy.owl#SloppyGiuseppe_98> }","hasTopping","FALSE",1,1
"1hop-NamedPizza_SloppyGiuseppe_98_SloppyGiuseppe_98-SloppyGiuseppe_98-hasTopping-MC","NamedPizza_SloppyGiuseppe_98",117,6,"Property Assertion","MC","SELECT ?x WHERE { <http://www.example.com/genealogy.owl#SloppyGiuseppe_98> <http://www.example.com/genealogy.owl#hasTopping> ?x }","hasTopping","GreenPepperTopping_dynamic_1; HotSpicedBeefTopping_dynamic_1; MozzarellaTopping_dynamic_1; OnionTopping_dynamic_1; TomatoTopping_dynamic_1",1,1
"1hop-NamedPizza_SloppyGiuseppe_98_SloppyGiuseppe_98-SloppyGiuseppe_98-rdf:type-MC","NamedPizza_SloppyGiuseppe_98",117,6,"Membership","MC","SELECT ?x WHERE { <http://www.example.com/genealogy.owl#SloppyGiuseppe_98> <http://www.w3.org/1999/02/22-rdf-syntax-ns#type> ?x }","rdf:type","DomainConcept; Food; Pizza",4,4
"1hop-NamedPizza_SloppyGiuseppe_98_SloppyGiuseppe_98-SloppyGiuseppe_98-rdf:type-Food-BIN","NamedPizza_SloppyGiuseppe_98",117,6,"Membership","BIN","ASK WHERE { <http://www.example.com/genealogy.owl#SloppyGiuseppe_98> <http://www.w3.org/1999/02/22-rdf-syntax-ns#type> <http://www.example.com/genealogy.owl#Food> }","rdf:type","TRUE",3,3
"1hop-NamedPizza_SloppyGiuseppe_98_SloppyGiuseppe_98-SloppyGiuseppe_98-rdf:type-American-NEG-BIN","NamedPizza_SloppyGiuseppe_98",117,6,"Membership","BIN","ASK WHERE { <http://www.example.com/genealogy.owl#SloppyGiuseppe_98> <http://www.w3.org/1999/02/22-rdf-syntax-ns#type> <http://www.example.com/genealogy.owl#American> }","rdf:type","FALSE",3,3
"1hop-NamedPizza_SloppyGiuseppe_98_SloppyGiuseppe_98-SloppyGiuseppe_98-hasIngredient-GreenPepperTopping_dynamic_1-BIN","NamedPizza_SloppyGiuseppe_98",117,6,"Property Assertion","BIN","ASK WHERE { <http://www.example.com/genealogy.owl#SloppyGiuseppe_98> <http://www.example.com/genealogy.owl#hasIngredient> <http://www.example.com/genealogy.owl#GreenPepperTopping_dynamic_1> }","hasIngredient","TRUE",2,2
"1hop-NamedPizza_SloppyGiuseppe_98_SloppyGiuseppe_98-SloppyGiuseppe_98-hasIngredient-SloppyGiuseppe_98-NEG-BIN","NamedPizza_SloppyGiuseppe_98",117,6,"Property Assertion","BIN","ASK WHERE { <http://www.example.com/genealogy.owl#SloppyGiuseppe_98> <http://www.example.com/genealogy.owl#hasIngredient> <http://www.example.com/genealogy.owl#SloppyGiuseppe_98> }","hasIngredient","FALSE",2,2
"1hop-NamedPizza_SloppyGiuseppe_99_SloppyGiuseppe_99-SloppyGiuseppe_99-hasIngredient-MC","NamedPizza_SloppyGiuseppe_99",117,6,"Property Assertion","MC","SELECT ?x WHERE { <http://www.example.com/genealogy.owl#SloppyGiuseppe_99> <http://www.example.com/genealogy.owl#hasIngredient> ?x }","hasIngredient","GreenPepperTopping_dynamic_1; HotSpicedBeefTopping_dynamic_1; MozzarellaTopping_dynamic_1; OnionTopping_dynamic_1; TomatoTopping_dynamic_1",2,2
"1hop-NamedPizza_SloppyGiuseppe_99_SloppyGiuseppe_99-SloppyGiuseppe_99-hasIngredient-GreenPepperTopping_dynamic_1-BIN","NamedPizza_SloppyGiuseppe_99",117,6,"Property Assertion","BIN","ASK WHERE { <http://www.example.com/genealogy.owl#SloppyGiuseppe_99> <http://www.example.com/genealogy.owl#hasIngredient> <http://www.example.com/genealogy.owl#GreenPepperTopping_dynamic_1> }","hasIngredient","TRUE",2,2
"1hop-NamedPizza_SloppyGiuseppe_99_SloppyGiuseppe_99-SloppyGiuseppe_99-hasIngredient-SloppyGiuseppe_99-NEG-BIN","NamedPizza_SloppyGiuseppe_99",117,6,"Property Assertion","BIN","ASK WHERE { <http://www.example.com/genealogy.owl#SloppyGiuseppe_99> <http://www.example.com/genealogy.owl#hasIngredient> <http://www.example.com/genealogy.owl#SloppyGiuseppe_99> }","hasIngredient","FALSE",2,2
"1hop-NamedPizza_SloppyGiuseppe_99_SloppyGiuseppe_99-SloppyGiuseppe_99-rdf:type-MC","NamedPizza_SloppyGiuseppe_99",117,6,"Membership","MC","SELECT ?x WHERE { <http://www.example.com/genealogy.owl#SloppyGiuseppe_99> <http://www.w3.org/1999/02/22-rdf-syntax-ns#type> ?x }","rdf:type","DomainConcept; Food; Pizza",2,2
"1hop-NamedPizza_SloppyGiuseppe_99_SloppyGiuseppe_99-SloppyGiuseppe_99-hasTopping-GreenPepperTopping_dynamic_1-BIN","NamedPizza_SloppyGiuseppe_99",117,6,"Property Assertion","BIN","ASK WHERE { <http://www.example.com/genealogy.owl#SloppyGiuseppe_99> <http://www.example.com/genealogy.owl#hasTopping> <http://www.example.com/genealogy.owl#GreenPepperTopping_dynamic_1> }","hasTopping","TRUE",1,1
"1hop-NamedPizza_SloppyGiuseppe_99_SloppyGiuseppe_99-SloppyGiuseppe_99-hasTopping-SloppyGiuseppe_99-NEG-BIN","NamedPizza_SloppyGiuseppe_99",117,6,"Property Assertion","BIN","ASK WHERE { <http://www.example.com/genealogy.owl#SloppyGiuseppe_99> <http://www.example.com/genealogy.owl#hasTopping> <http://www.example.com/genealogy.owl#SloppyGiuseppe_99> }","hasTopping","FALSE",1,1
"1hop-NamedPizza_SloppyGiuseppe_99_SloppyGiuseppe_99-SloppyGiuseppe_99-hasTopping-MC","NamedPizza_SloppyGiuseppe_99",117,6,"Property Assertion","MC","SELECT ?x WHERE { <http://www.example.com/genealogy.owl#SloppyGiuseppe_99> <http://www.example.com/genealogy.owl#hasTopping> ?x }","hasTopping","GreenPepperTopping_dynamic_1; HotSpicedBeefTopping_dynamic_1; MozzarellaTopping_dynamic_1; OnionTopping_dynamic_1; TomatoTopping_dynamic_1",1,1
"1hop-NamedPizza_SloppyGiuseppe_99_SloppyGiuseppe_99-SloppyGiuseppe_99-rdf:type-Food-BIN","NamedPizza_SloppyGiuseppe_99",117,6,"Membership","BIN","ASK WHERE { <http://www.example.com/genealogy.owl#SloppyGiuseppe_99> <http://www.w3.org/1999/02/22-rdf-syntax-ns#type> <http://www.example.com/genealogy.owl#Food> }","rdf:type","TRUE",3,3
"1hop-NamedPizza_SloppyGiuseppe_99_SloppyGiuseppe_99-SloppyGiuseppe_99-rdf:type-American-NEG-BIN","NamedPizza_SloppyGiuseppe_99",117,6,"Membership","BIN","ASK WHERE { <http://www.example.com/genealogy.owl#SloppyGiuseppe_99> <http://www.w3.org/1999/02/22-rdf-syntax-ns#type> <http://www.example.com/genealogy.owl#American> }","rdf:type","FALSE",3,3
"1hop-NamedPizza_Soho_24_Soho_24-Soho_24-hasTopping-MC","NamedPizza_Soho_24",117,7,"Property Assertion","MC","SELECT ?x WHERE { <http://www.example.com/genealogy.owl#Soho_24> <http://www.example.com/genealogy.owl#hasTopping> ?x }","hasTopping","GarlicTopping_dynamic_1; MozzarellaTopping_dynamic_1; OliveTopping_dynamic_1; ParmesanTopping_dynamic_1; RocketTopping_dynamic_1; TomatoTopping_dynamic_1",1,1
"1hop-NamedPizza_Soho_24_Soho_24-Soho_24-hasIngredient-MC","NamedPizza_Soho_24",117,7,"Property Assertion","MC","SELECT ?x WHERE { <http://www.example.com/genealogy.owl#Soho_24> <http://www.example.com/genealogy.owl#hasIngredient> ?x }","hasIngredient","GarlicTopping_dynamic_1; MozzarellaTopping_dynamic_1; OliveTopping_dynamic_1; ParmesanTopping_dynamic_1; RocketTopping_dynamic_1; TomatoTopping_dynamic_1",2,2
"1hop-NamedPizza_Soho_24_Soho_24-Soho_24-rdf:type-Food-BIN","NamedPizza_Soho_24",117,7,"Membership","BIN","ASK WHERE { <http://www.example.com/genealogy.owl#Soho_24> <http://www.w3.org/1999/02/22-rdf-syntax-ns#type> <http://www.example.com/genealogy.owl#Food> }","rdf:type","TRUE",3,3
"1hop-NamedPizza_Soho_24_Soho_24-Soho_24-rdf:type-American-NEG-BIN","NamedPizza_Soho_24",117,7,"Membership","BIN","ASK WHERE { <http://www.example.com/genealogy.owl#Soho_24> <http://www.w3.org/1999/02/22-rdf-syntax-ns#type> <http://www.example.com/genealogy.owl#American> }","rdf:type","FALSE",3,3
"1hop-NamedPizza_Soho_24_Soho_24-Soho_24-rdf:type-MC","NamedPizza_Soho_24",117,7,"Membership","MC","SELECT ?x WHERE { <http://www.example.com/genealogy.owl#Soho_24> <http://www.w3.org/1999/02/22-rdf-syntax-ns#type> ?x }","rdf:type","DomainConcept; Food; Pizza",3,3
"1hop-NamedPizza_Soho_24_Soho_24-Soho_24-hasTopping-GarlicTopping_dynamic_1-BIN","NamedPizza_Soho_24",117,7,"Property Assertion","BIN","ASK WHERE { <http://www.example.com/genealogy.owl#Soho_24> <http://www.example.com/genealogy.owl#hasTopping> <http://www.example.com/genealogy.owl#GarlicTopping_dynamic_1> }","hasTopping","TRUE",1,1
"1hop-NamedPizza_Soho_24_Soho_24-Soho_24-hasTopping-Soho_24-NEG-BIN","NamedPizza_Soho_24",117,7,"Property Assertion","BIN","ASK WHERE { <http://www.example.com/genealogy.owl#Soho_24> <http://www.example.com/genealogy.owl#hasTopping> <http://www.example.com/genealogy.owl#Soho_24> }","hasTopping","FALSE",1,1
"1hop-NamedPizza_Soho_24_Soho_24-Soho_24-hasIngredient-GarlicTopping_dynamic_1-BIN","NamedPizza_Soho_24",117,7,"Property Assertion","BIN","ASK WHERE { <http://www.example.com/genealogy.owl#Soho_24> <http://www.example.com/genealogy.owl#hasIngredient> <http://www.example.com/genealogy.owl#GarlicTopping_dynamic_1> }","hasIngredient","TRUE",2,2
"1hop-NamedPizza_Soho_24_Soho_24-Soho_24-hasIngredient-Soho_24-NEG-BIN","NamedPizza_Soho_24",117,7,"Property Assertion","BIN","ASK WHERE { <http://www.example.com/genealogy.owl#Soho_24> <http://www.example.com/genealogy.owl#hasIngredient> <http://www.example.com/genealogy.owl#Soho_24> }","hasIngredient","FALSE",2,2
"1hop-NamedPizza_Soho_35_Soho_35-Soho_35-hasTopping-MC","NamedPizza_Soho_35",117,7,"Property Assertion","MC","SELECT ?x WHERE { <http://www.example.com/genealogy.owl#Soho_35> <http://www.example.com/genealogy.owl#hasTopping> ?x }","hasTopping","GarlicTopping_dynamic_1; MozzarellaTopping_dynamic_1; OliveTopping_dynamic_1; ParmesanTopping_dynamic_1; RocketTopping_dynamic_1; TomatoTopping_dynamic_1",1,1
"1hop-NamedPizza_Soho_35_Soho_35-Soho_35-hasIngredient-MC","NamedPizza_Soho_35",117,7,"Property Assertion","MC","SELECT ?x WHERE { <http://www.example.com/genealogy.owl#Soho_35> <http://www.example.com/genealogy.owl#hasIngredient> ?x }","hasIngredient","GarlicTopping_dynamic_1; MozzarellaTopping_dynamic_1; OliveTopping_dynamic_1; ParmesanTopping_dynamic_1; RocketTopping_dynamic_1; TomatoTopping_dynamic_1",2,2
"1hop-NamedPizza_Soho_35_Soho_35-Soho_35-rdf:type-MC","NamedPizza_Soho_35",117,7,"Membership","MC","SELECT ?x WHERE { <http://www.example.com/genealogy.owl#Soho_35> <http://www.w3.org/1999/02/22-rdf-syntax-ns#type> ?x }","rdf:type","DomainConcept; Food; Pizza",4,4
"1hop-NamedPizza_Soho_35_Soho_35-Soho_35-hasTopping-GarlicTopping_dynamic_1-BIN","NamedPizza_Soho_35",117,7,"Property Assertion","BIN","ASK WHERE { <http://www.example.com/genealogy.owl#Soho_35> <http://www.example.com/genealogy.owl#hasTopping> <http://www.example.com/genealogy.owl#GarlicTopping_dynamic_1> }","hasTopping","TRUE",1,1
"1hop-NamedPizza_Soho_35_Soho_35-Soho_35-hasTopping-Soho_35-NEG-BIN","NamedPizza_Soho_35",117,7,"Property Assertion","BIN","ASK WHERE { <http://www.example.com/genealogy.owl#Soho_35> <http://www.example.com/genealogy.owl#hasTopping> <http://www.example.com/genealogy.owl#Soho_35> }","hasTopping","FALSE",1,1
"1hop-NamedPizza_Soho_35_Soho_35-Soho_35-rdf:type-Food-BIN","NamedPizza_Soho_35",117,7,"Membership","BIN","ASK WHERE { <http://www.example.com/genealogy.owl#Soho_35> <http://www.w3.org/1999/02/22-rdf-syntax-ns#type> <http://www.example.com/genealogy.owl#Food> }","rdf:type","TRUE",3,3
"1hop-NamedPizza_Soho_35_Soho_35-Soho_35-rdf:type-American-NEG-BIN","NamedPizza_Soho_35",117,7,"Membership","BIN","ASK WHERE { <http://www.example.com/genealogy.owl#Soho_35> <http://www.w3.org/1999/02/22-rdf-syntax-ns#type> <http://www.example.com/genealogy.owl#American> }","rdf:type","FALSE",3,3
"1hop-NamedPizza_Soho_35_Soho_35-Soho_35-hasIngredient-GarlicTopping_dynamic_1-BIN","NamedPizza_Soho_35",117,7,"Property Assertion","BIN","ASK WHERE { <http://www.example.com/genealogy.owl#Soho_35> <http://www.example.com/genealogy.owl#hasIngredient> <http://www.example.com/genealogy.owl#GarlicTopping_dynamic_1> }","hasIngredient","TRUE",2,2
"1hop-NamedPizza_Soho_35_Soho_35-Soho_35-hasIngredient-Soho_35-NEG-BIN","NamedPizza_Soho_35",117,7,"Property Assertion","BIN","ASK WHERE { <http://www.example.com/genealogy.owl#Soho_35> <http://www.example.com/genealogy.owl#hasIngredient> <http://www.example.com/genealogy.owl#Soho_35> }","hasIngredient","FALSE",2,2
"1hop-NamedPizza_Soho_5_Soho_5-Soho_5-hasIngredient-GarlicTopping_dynamic_1-BIN","NamedPizza_Soho_5",117,7,"Property Assertion","BIN","ASK WHERE { <http://www.example.com/genealogy.owl#Soho_5> <http://www.example.com/genealogy.owl#hasIngredient> <http://www.example.com/genealogy.owl#GarlicTopping_dynamic_1> }","hasIngredient","TRUE",2,2
"1hop-NamedPizza_Soho_5_Soho_5-Soho_5-hasIngredient-Soho_5-NEG-BIN","NamedPizza_Soho_5",117,7,"Property Assertion","BIN","ASK WHERE { <http://www.example.com/genealogy.owl#Soho_5> <http://www.example.com/genealogy.owl#hasIngredient> <http://www.example.com/genealogy.owl#Soho_5> }","hasIngredient","FALSE",2,2
"1hop-NamedPizza_Soho_5_Soho_5-Soho_5-hasIngredient-MC","NamedPizza_Soho_5",117,7,"Property Assertion","MC","SELECT ?x WHERE { <http://www.example.com/genealogy.owl#Soho_5> <http://www.example.com/genealogy.owl#hasIngredient> ?x }","hasIngredient","GarlicTopping_dynamic_1; MozzarellaTopping_dynamic_1; OliveTopping_dynamic_1; ParmesanTopping_dynamic_1; RocketTopping_dynamic_1; TomatoTopping_dynamic_1",2,2
"1hop-NamedPizza_Soho_5_Soho_5-Soho_5-hasTopping-MC","NamedPizza_Soho_5",117,7,"Property Assertion","MC","SELECT ?x WHERE { <http://www.example.com/genealogy.owl#Soho_5> <http://www.example.com/genealogy.owl#hasTopping> ?x }","hasTopping","GarlicTopping_dynamic_1; MozzarellaTopping_dynamic_1; OliveTopping_dynamic_1; ParmesanTopping_dynamic_1; RocketTopping_dynamic_1; TomatoTopping_dynamic_1",1,1
"1hop-NamedPizza_Soho_5_Soho_5-Soho_5-rdf:type-Food-BIN","NamedPizza_Soho_5",117,7,"Membership","BIN","ASK WHERE { <http://www.example.com/genealogy.owl#Soho_5> <http://www.w3.org/1999/02/22-rdf-syntax-ns#type> <http://www.example.com/genealogy.owl#Food> }","rdf:type","TRUE",3,3
"1hop-NamedPizza_Soho_5_Soho_5-Soho_5-rdf:type-American-NEG-BIN","NamedPizza_Soho_5",117,7,"Membership","BIN","ASK WHERE { <http://www.example.com/genealogy.owl#Soho_5> <http://www.w3.org/1999/02/22-rdf-syntax-ns#type> <http://www.example.com/genealogy.owl#American> }","rdf:type","FALSE",3,3
"1hop-NamedPizza_Soho_5_Soho_5-Soho_5-rdf:type-MC","NamedPizza_Soho_5",117,7,"Membership","MC","SELECT ?x WHERE { <http://www.example.com/genealogy.owl#Soho_5> <http://www.w3.org/1999/02/22-rdf-syntax-ns#type> ?x }","rdf:type","DomainConcept; Food; Pizza",3,3
"1hop-NamedPizza_Soho_5_Soho_5-Soho_5-hasTopping-GarlicTopping_dynamic_1-BIN","NamedPizza_Soho_5",117,7,"Property Assertion","BIN","ASK WHERE { <http://www.example.com/genealogy.owl#Soho_5> <http://www.example.com/genealogy.owl#hasTopping> <http://www.example.com/genealogy.owl#GarlicTopping_dynamic_1> }","hasTopping","TRUE",1,1
"1hop-NamedPizza_Soho_5_Soho_5-Soho_5-hasTopping-Soho_5-NEG-BIN","NamedPizza_Soho_5",117,7,"Property Assertion","BIN","ASK WHERE { <http://www.example.com/genealogy.owl#Soho_5> <http://www.example.com/genealogy.owl#hasTopping> <http://www.example.com/genealogy.owl#Soho_5> }","hasTopping","FALSE",1,1
"1hop-NamedPizza_Soho_50_Soho_50-Soho_50-rdf:type-MC","NamedPizza_Soho_50",117,7,"Membership","MC","SELECT ?x WHERE { <http://www.example.com/genealogy.owl#Soho_50> <http://www.w3.org/1999/02/22-rdf-syntax-ns#type> ?x }","rdf:type","DomainConcept; Food; Pizza",2,2
"1hop-NamedPizza_Soho_50_Soho_50-Soho_50-hasTopping-GarlicTopping_dynamic_1-BIN","NamedPizza_Soho_50",117,7,"Property Assertion","BIN","ASK WHERE { <http://www.example.com/genealogy.owl#Soho_50> <http://www.example.com/genealogy.owl#hasTopping> <http://www.example.com/genealogy.owl#GarlicTopping_dynamic_1> }","hasTopping","TRUE",1,1
"1hop-NamedPizza_Soho_50_Soho_50-Soho_50-hasTopping-Soho_50-NEG-BIN","NamedPizza_Soho_50",117,7,"Property Assertion","BIN","ASK WHERE { <http://www.example.com/genealogy.owl#Soho_50> <http://www.example.com/genealogy.owl#hasTopping> <http://www.example.com/genealogy.owl#Soho_50> }","hasTopping","FALSE",1,1
"1hop-NamedPizza_Soho_50_Soho_50-Soho_50-hasTopping-MC","NamedPizza_Soho_50",117,7,"Property Assertion","MC","SELECT ?x WHERE { <http://www.example.com/genealogy.owl#Soho_50> <http://www.example.com/genealogy.owl#hasTopping> ?x }","hasTopping","GarlicTopping_dynamic_1; MozzarellaTopping_dynamic_1; OliveTopping_dynamic_1; ParmesanTopping_dynamic_1; RocketTopping_dynamic_1; TomatoTopping_dynamic_1",1,1
"1hop-NamedPizza_Soho_50_Soho_50-Soho_50-hasIngredient-GarlicTopping_dynamic_1-BIN","NamedPizza_Soho_50",117,7,"Property Assertion","BIN","ASK WHERE { <http://www.example.com/genealogy.owl#Soho_50> <http://www.example.com/genealogy.owl#hasIngredient> <http://www.example.com/genealogy.owl#GarlicTopping_dynamic_1> }","hasIngredient","TRUE",2,2
"1hop-NamedPizza_Soho_50_Soho_50-Soho_50-hasIngredient-Soho_50-NEG-BIN","NamedPizza_Soho_50",117,7,"Property Assertion","BIN","ASK WHERE { <http://www.example.com/genealogy.owl#Soho_50> <http://www.example.com/genealogy.owl#hasIngredient> <http://www.example.com/genealogy.owl#Soho_50> }","hasIngredient","FALSE",2,2
"1hop-NamedPizza_Soho_50_Soho_50-Soho_50-hasIngredient-MC","NamedPizza_Soho_50",117,7,"Property Assertion","MC","SELECT ?x WHERE { <http://www.example.com/genealogy.owl#Soho_50> <http://www.example.com/genealogy.owl#hasIngredient> ?x }","hasIngredient","GarlicTopping_dynamic_1; MozzarellaTopping_dynamic_1; OliveTopping_dynamic_1; ParmesanTopping_dynamic_1; RocketTopping_dynamic_1; TomatoTopping_dynamic_1",2,2
"1hop-NamedPizza_Soho_50_Soho_50-Soho_50-rdf:type-Food-BIN","NamedPizza_Soho_50",117,7,"Membership","BIN","ASK WHERE { <http://www.example.com/genealogy.owl#Soho_50> <http://www.w3.org/1999/02/22-rdf-syntax-ns#type> <http://www.example.com/genealogy.owl#Food> }","rdf:type","TRUE",3,3
"1hop-NamedPizza_Soho_50_Soho_50-Soho_50-rdf:type-American-NEG-BIN","NamedPizza_Soho_50",117,7,"Membership","BIN","ASK WHERE { <http://www.example.com/genealogy.owl#Soho_50> <http://www.w3.org/1999/02/22-rdf-syntax-ns#type> <http://www.example.com/genealogy.owl#American> }","rdf:type","FALSE",3,3
"1hop-NamedPizza_Soho_70_Soho_70-Soho_70-hasTopping-MC","NamedPizza_Soho_70",117,7,"Property Assertion","MC","SELECT ?x WHERE { <http://www.example.com/genealogy.owl#Soho_70> <http://www.example.com/genealogy.owl#hasTopping> ?x }","hasTopping","GarlicTopping_dynamic_1; MozzarellaTopping_dynamic_1; OliveTopping_dynamic_1; ParmesanTopping_dynamic_1; RocketTopping_dynamic_1; TomatoTopping_dynamic_1",1,1
"1hop-NamedPizza_Soho_70_Soho_70-Soho_70-hasIngredient-GarlicTopping_dynamic_1-BIN","NamedPizza_Soho_70",117,7,"Property Assertion","BIN","ASK WHERE { <http://www.example.com/genealogy.owl#Soho_70> <http://www.example.com/genealogy.owl#hasIngredient> <http://www.example.com/genealogy.owl#GarlicTopping_dynamic_1> }","hasIngredient","TRUE",2,2
"1hop-NamedPizza_Soho_70_Soho_70-Soho_70-hasIngredient-Soho_70-NEG-BIN","NamedPizza_Soho_70",117,7,"Property Assertion","BIN","ASK WHERE { <http://www.example.com/genealogy.owl#Soho_70> <http://www.example.com/genealogy.owl#hasIngredient> <http://www.example.com/genealogy.owl#Soho_70> }","hasIngredient","FALSE",2,2
"1hop-NamedPizza_Soho_70_Soho_70-Soho_70-hasIngredient-MC","NamedPizza_Soho_70",117,7,"Property Assertion","MC","SELECT ?x WHERE { <http://www.example.com/genealogy.owl#Soho_70> <http://www.example.com/genealogy.owl#hasIngredient> ?x }","hasIngredient","GarlicTopping_dynamic_1; MozzarellaTopping_dynamic_1; OliveTopping_dynamic_1; ParmesanTopping_dynamic_1; RocketTopping_dynamic_1; TomatoTopping_dynamic_1",2,2
"1hop-NamedPizza_Soho_70_Soho_70-Soho_70-rdf:type-MC","NamedPizza_Soho_70",117,7,"Membership","MC","SELECT ?x WHERE { <http://www.example.com/genealogy.owl#Soho_70> <http://www.w3.org/1999/02/22-rdf-syntax-ns#type> ?x }","rdf:type","DomainConcept; Food; Pizza",4,4
"1hop-NamedPizza_Soho_70_Soho_70-Soho_70-rdf:type-Food-BIN","NamedPizza_Soho_70",117,7,"Membership","BIN","ASK WHERE { <http://www.example.com/genealogy.owl#Soho_70> <http://www.w3.org/1999/02/22-rdf-syntax-ns#type> <http://www.example.com/genealogy.owl#Food> }","rdf:type","TRUE",3,3
"1hop-NamedPizza_Soho_70_Soho_70-Soho_70-rdf:type-American-NEG-BIN","NamedPizza_Soho_70",117,7,"Membership","BIN","ASK WHERE { <http://www.example.com/genealogy.owl#Soho_70> <http://www.w3.org/1999/02/22-rdf-syntax-ns#type> <http://www.example.com/genealogy.owl#American> }","rdf:type","FALSE",3,3
"1hop-NamedPizza_Soho_70_Soho_70-Soho_70-hasTopping-GarlicTopping_dynamic_1-BIN","NamedPizza_Soho_70",117,7,"Property Assertion","BIN","ASK WHERE { <http://www.example.com/genealogy.owl#Soho_70> <http://www.example.com/genealogy.owl#hasTopping> <http://www.example.com/genealogy.owl#GarlicTopping_dynamic_1> }","hasTopping","TRUE",1,1
"1hop-NamedPizza_Soho_70_Soho_70-Soho_70-hasTopping-Soho_70-NEG-BIN","NamedPizza_Soho_70",117,7,"Property Assertion","BIN","ASK WHERE { <http://www.example.com/genealogy.owl#Soho_70> <http://www.example.com/genealogy.owl#hasTopping> <http://www.example.com/genealogy.owl#Soho_70> }","hasTopping","FALSE",1,1
"1hop-NamedPizza_Soho_73_Soho_73-Soho_73-hasTopping-MC","NamedPizza_Soho_73",117,7,"Property Assertion","MC","SELECT ?x WHERE { <http://www.example.com/genealogy.owl#Soho_73> <http://www.example.com/genealogy.owl#hasTopping> ?x }","hasTopping","GarlicTopping_dynamic_1; MozzarellaTopping_dynamic_1; OliveTopping_dynamic_1; ParmesanTopping_dynamic_1; RocketTopping_dynamic_1; TomatoTopping_dynamic_1",1,1
"1hop-NamedPizza_Soho_73_Soho_73-Soho_73-hasIngredient-MC","NamedPizza_Soho_73",117,7,"Property Assertion","MC","SELECT ?x WHERE { <http://www.example.com/genealogy.owl#Soho_73> <http://www.example.com/genealogy.owl#hasIngredient> ?x }","hasIngredient","GarlicTopping_dynamic_1; MozzarellaTopping_dynamic_1; OliveTopping_dynamic_1; ParmesanTopping_dynamic_1; RocketTopping_dynamic_1; TomatoTopping_dynamic_1",2,2
"1hop-NamedPizza_Soho_73_Soho_73-Soho_73-rdf:type-MC","NamedPizza_Soho_73",117,7,"Membership","MC","SELECT ?x WHERE { <http://www.example.com/genealogy.owl#Soho_73> <http://www.w3.org/1999/02/22-rdf-syntax-ns#type> ?x }","rdf:type","DomainConcept; Food; Pizza",4,4
"1hop-NamedPizza_Soho_73_Soho_73-Soho_73-rdf:type-Food-BIN","NamedPizza_Soho_73",117,7,"Membership","BIN","ASK WHERE { <http://www.example.com/genealogy.owl#Soho_73> <http://www.w3.org/1999/02/22-rdf-syntax-ns#type> <http://www.example.com/genealogy.owl#Food> }","rdf:type","TRUE",3,3
"1hop-NamedPizza_Soho_73_Soho_73-Soho_73-rdf:type-American-NEG-BIN","NamedPizza_Soho_73",117,7,"Membership","BIN","ASK WHERE { <http://www.example.com/genealogy.owl#Soho_73> <http://www.w3.org/1999/02/22-rdf-syntax-ns#type> <http://www.example.com/genealogy.owl#American> }","rdf:type","FALSE",3,3
"1hop-NamedPizza_Soho_73_Soho_73-Soho_73-hasIngredient-GarlicTopping_dynamic_1-BIN","NamedPizza_Soho_73",117,7,"Property Assertion","BIN","ASK WHERE { <http://www.example.com/genealogy.owl#Soho_73> <http://www.example.com/genealogy.owl#hasIngredient> <http://www.example.com/genealogy.owl#GarlicTopping_dynamic_1> }","hasIngredient","TRUE",2,2
"1hop-NamedPizza_Soho_73_Soho_73-Soho_73-hasIngredient-Soho_73-NEG-BIN","NamedPizza_Soho_73",117,7,"Property Assertion","BIN","ASK WHERE { <http://www.example.com/genealogy.owl#Soho_73> <http://www.example.com/genealogy.owl#hasIngredient> <http://www.example.com/genealogy.owl#Soho_73> }","hasIngredient","FALSE",2,2
"1hop-NamedPizza_Soho_73_Soho_73-Soho_73-hasTopping-GarlicTopping_dynamic_1-BIN","NamedPizza_Soho_73",117,7,"Property Assertion","BIN","ASK WHERE { <http://www.example.com/genealogy.owl#Soho_73> <http://www.example.com/genealogy.owl#hasTopping> <http://www.example.com/genealogy.owl#GarlicTopping_dynamic_1> }","hasTopping","TRUE",1,1
"1hop-NamedPizza_Soho_73_Soho_73-Soho_73-hasTopping-Soho_73-NEG-BIN","NamedPizza_Soho_73",117,7,"Property Assertion","BIN","ASK WHERE { <http://www.example.com/genealogy.owl#Soho_73> <http://www.example.com/genealogy.owl#hasTopping> <http://www.example.com/genealogy.owl#Soho_73> }","hasTopping","FALSE",1,1
"1hop-NamedPizza_Soho_8_Soho_8-Soho_8-hasIngredient-GarlicTopping_dynamic_1-BIN","NamedPizza_Soho_8",117,7,"Property Assertion","BIN","ASK WHERE { <http://www.example.com/genealogy.owl#Soho_8> <http://www.example.com/genealogy.owl#hasIngredient> <http://www.example.com/genealogy.owl#GarlicTopping_dynamic_1> }","hasIngredient","TRUE",2,2
"1hop-NamedPizza_Soho_8_Soho_8-Soho_8-hasIngredient-Soho_8-NEG-BIN","NamedPizza_Soho_8",117,7,"Property Assertion","BIN","ASK WHERE { <http://www.example.com/genealogy.owl#Soho_8> <http://www.example.com/genealogy.owl#hasIngredient> <http://www.example.com/genealogy.owl#Soho_8> }","hasIngredient","FALSE",2,2
"1hop-NamedPizza_Soho_8_Soho_8-Soho_8-hasIngredient-MC","NamedPizza_Soho_8",117,7,"Property Assertion","MC","SELECT ?x WHERE { <http://www.example.com/genealogy.owl#Soho_8> <http://www.example.com/genealogy.owl#hasIngredient> ?x }","hasIngredient","GarlicTopping_dynamic_1; MozzarellaTopping_dynamic_1; OliveTopping_dynamic_1; ParmesanTopping_dynamic_1; RocketTopping_dynamic_1; TomatoTopping_dynamic_1",2,2
"1hop-NamedPizza_Soho_8_Soho_8-Soho_8-rdf:type-MC","NamedPizza_Soho_8",117,7,"Membership","MC","SELECT ?x WHERE { <http://www.example.com/genealogy.owl#Soho_8> <http://www.w3.org/1999/02/22-rdf-syntax-ns#type> ?x }","rdf:type","DomainConcept; Food; Pizza",2,2
"1hop-NamedPizza_Soho_8_Soho_8-Soho_8-hasTopping-MC","NamedPizza_Soho_8",117,7,"Property Assertion","MC","SELECT ?x WHERE { <http://www.example.com/genealogy.owl#Soho_8> <http://www.example.com/genealogy.owl#hasTopping> ?x }","hasTopping","GarlicTopping_dynamic_1; MozzarellaTopping_dynamic_1; OliveTopping_dynamic_1; ParmesanTopping_dynamic_1; RocketTopping_dynamic_1; TomatoTopping_dynamic_1",1,1
"1hop-NamedPizza_Soho_8_Soho_8-Soho_8-rdf:type-Food-BIN","NamedPizza_Soho_8",117,7,"Membership","BIN","ASK WHERE { <http://www.example.com/genealogy.owl#Soho_8> <http://www.w3.org/1999/02/22-rdf-syntax-ns#type> <http://www.example.com/genealogy.owl#Food> }","rdf:type","TRUE",3,3
"1hop-NamedPizza_Soho_8_Soho_8-Soho_8-rdf:type-American-NEG-BIN","NamedPizza_Soho_8",117,7,"Membership","BIN","ASK WHERE { <http://www.example.com/genealogy.owl#Soho_8> <http://www.w3.org/1999/02/22-rdf-syntax-ns#type> <http://www.example.com/genealogy.owl#American> }","rdf:type","FALSE",3,3
"1hop-NamedPizza_Soho_8_Soho_8-Soho_8-hasTopping-GarlicTopping_dynamic_1-BIN","NamedPizza_Soho_8",117,7,"Property Assertion","BIN","ASK WHERE { <http://www.example.com/genealogy.owl#Soho_8> <http://www.example.com/genealogy.owl#hasTopping> <http://www.example.com/genealogy.owl#GarlicTopping_dynamic_1> }","hasTopping","TRUE",1,1
"1hop-NamedPizza_Soho_8_Soho_8-Soho_8-hasTopping-Soho_8-NEG-BIN","NamedPizza_Soho_8",117,7,"Property Assertion","BIN","ASK WHERE { <http://www.example.com/genealogy.owl#Soho_8> <http://www.example.com/genealogy.owl#hasTopping> <http://www.example.com/genealogy.owl#Soho_8> }","hasTopping","FALSE",1,1
"1hop-NamedPizza_Soho_82_Soho_82-Soho_82-rdf:type-MC","NamedPizza_Soho_82",117,7,"Membership","MC","SELECT ?x WHERE { <http://www.example.com/genealogy.owl#Soho_82> <http://www.w3.org/1999/02/22-rdf-syntax-ns#type> ?x }","rdf:type","DomainConcept; Food; Pizza",2,2
"1hop-NamedPizza_Soho_82_Soho_82-Soho_82-hasIngredient-GarlicTopping_dynamic_1-BIN","NamedPizza_Soho_82",117,7,"Property Assertion","BIN","ASK WHERE { <http://www.example.com/genealogy.owl#Soho_82> <http://www.example.com/genealogy.owl#hasIngredient> <http://www.example.com/genealogy.owl#GarlicTopping_dynamic_1> }","hasIngredient","TRUE",2,2
"1hop-NamedPizza_Soho_82_Soho_82-Soho_82-hasIngredient-Soho_82-NEG-BIN","NamedPizza_Soho_82",117,7,"Property Assertion","BIN","ASK WHERE { <http://www.example.com/genealogy.owl#Soho_82> <http://www.example.com/genealogy.owl#hasIngredient> <http://www.example.com/genealogy.owl#Soho_82> }","hasIngredient","FALSE",2,2
"1hop-NamedPizza_Soho_82_Soho_82-Soho_82-hasIngredient-MC","NamedPizza_Soho_82",117,7,"Property Assertion","MC","SELECT ?x WHERE { <http://www.example.com/genealogy.owl#Soho_82> <http://www.example.com/genealogy.owl#hasIngredient> ?x }","hasIngredient","GarlicTopping_dynamic_1; MozzarellaTopping_dynamic_1; OliveTopping_dynamic_1; ParmesanTopping_dynamic_1; RocketTopping_dynamic_1; TomatoTopping_dynamic_1",2,2
"1hop-NamedPizza_Soho_82_Soho_82-Soho_82-hasTopping-MC","NamedPizza_Soho_82",117,7,"Property Assertion","MC","SELECT ?x WHERE { <http://www.example.com/genealogy.owl#Soho_82> <http://www.example.com/genealogy.owl#hasTopping> ?x }","hasTopping","GarlicTopping_dynamic_1; MozzarellaTopping_dynamic_1; OliveTopping_dynamic_1; ParmesanTopping_dynamic_1; RocketTopping_dynamic_1; TomatoTopping_dynamic_1",1,1
"1hop-NamedPizza_Soho_82_Soho_82-Soho_82-rdf:type-Food-BIN","NamedPizza_Soho_82",117,7,"Membership","BIN","ASK WHERE { <http://www.example.com/genealogy.owl#Soho_82> <http://www.w3.org/1999/02/22-rdf-syntax-ns#type> <http://www.example.com/genealogy.owl#Food> }","rdf:type","TRUE",3,3
"1hop-NamedPizza_Soho_82_Soho_82-Soho_82-rdf:type-American-NEG-BIN","NamedPizza_Soho_82",117,7,"Membership","BIN","ASK WHERE { <http://www.example.com/genealogy.owl#Soho_82> <http://www.w3.org/1999/02/22-rdf-syntax-ns#type> <http://www.example.com/genealogy.owl#American> }","rdf:type","FALSE",3,3
"1hop-NamedPizza_Soho_82_Soho_82-Soho_82-hasTopping-GarlicTopping_dynamic_1-BIN","NamedPizza_Soho_82",117,7,"Property Assertion","BIN","ASK WHERE { <http://www.example.com/genealogy.owl#Soho_82> <http://www.example.com/genealogy.owl#hasTopping> <http://www.example.com/genealogy.owl#GarlicTopping_dynamic_1> }","hasTopping","TRUE",1,1
"1hop-NamedPizza_Soho_82_Soho_82-Soho_82-hasTopping-Soho_82-NEG-BIN","NamedPizza_Soho_82",117,7,"Property Assertion","BIN","ASK WHERE { <http://www.example.com/genealogy.owl#Soho_82> <http://www.example.com/genealogy.owl#hasTopping> <http://www.example.com/genealogy.owl#Soho_82> }","hasTopping","FALSE",1,1
"1hop-NamedPizza_Veneziana_3_Veneziana_3-Veneziana_3-hasTopping-MC","NamedPizza_Veneziana_3",117,8,"Property Assertion","MC","SELECT ?x WHERE { <http://www.example.com/genealogy.owl#Veneziana_3> <http://www.example.com/genealogy.owl#hasTopping> ?x }","hasTopping","CaperTopping_dynamic_1; MozzarellaTopping_dynamic_1; OliveTopping_dynamic_1; OnionTopping_dynamic_1; PineKernels_dynamic_1; SultanaTopping_dynamic_1; TomatoTopping_dynamic_1",1,1
"1hop-NamedPizza_Veneziana_3_Veneziana_3-Veneziana_3-hasTopping-CaperTopping_dynamic_1-BIN","NamedPizza_Veneziana_3",117,8,"Property Assertion","BIN","ASK WHERE { <http://www.example.com/genealogy.owl#Veneziana_3> <http://www.example.com/genealogy.owl#hasTopping> <http://www.example.com/genealogy.owl#CaperTopping_dynamic_1> }","hasTopping","TRUE",1,1
"1hop-NamedPizza_Veneziana_3_Veneziana_3-Veneziana_3-hasTopping-Veneziana_3-NEG-BIN","NamedPizza_Veneziana_3",117,8,"Property Assertion","BIN","ASK WHERE { <http://www.example.com/genealogy.owl#Veneziana_3> <http://www.example.com/genealogy.owl#hasTopping> <http://www.example.com/genealogy.owl#Veneziana_3> }","hasTopping","FALSE",1,1
"1hop-NamedPizza_Veneziana_3_Veneziana_3-Veneziana_3-hasIngredient-CaperTopping_dynamic_1-BIN","NamedPizza_Veneziana_3",117,8,"Property Assertion","BIN","ASK WHERE { <http://www.example.com/genealogy.owl#Veneziana_3> <http://www.example.com/genealogy.owl#hasIngredient> <http://www.example.com/genealogy.owl#CaperTopping_dynamic_1> }","hasIngredient","TRUE",2,2
"1hop-NamedPizza_Veneziana_3_Veneziana_3-Veneziana_3-hasIngredient-Veneziana_3-NEG-BIN","NamedPizza_Veneziana_3",117,8,"Property Assertion","BIN","ASK WHERE { <http://www.example.com/genealogy.owl#Veneziana_3> <http://www.example.com/genealogy.owl#hasIngredient> <http://www.example.com/genealogy.owl#Veneziana_3> }","hasIngredient","FALSE",2,2
"1hop-NamedPizza_Veneziana_3_Veneziana_3-Veneziana_3-hasIngredient-MC","NamedPizza_Veneziana_3",117,8,"Property Assertion","MC","SELECT ?x WHERE { <http://www.example.com/genealogy.owl#Veneziana_3> <http://www.example.com/genealogy.owl#hasIngredient> ?x }","hasIngredient","CaperTopping_dynamic_1; MozzarellaTopping_dynamic_1; OliveTopping_dynamic_1; OnionTopping_dynamic_1; PineKernels_dynamic_1; SultanaTopping_dynamic_1; TomatoTopping_dynamic_1",2,2
"1hop-NamedPizza_Veneziana_3_Veneziana_3-Veneziana_3-rdf:type-MC","NamedPizza_Veneziana_3",117,8,"Membership","MC","SELECT ?x WHERE { <http://www.example.com/genealogy.owl#Veneziana_3> <http://www.w3.org/1999/02/22-rdf-syntax-ns#type> ?x }","rdf:type","DomainConcept; Food; Pizza",4,4
"1hop-NamedPizza_Veneziana_3_Veneziana_3-Veneziana_3-rdf:type-Food-BIN","NamedPizza_Veneziana_3",117,8,"Membership","BIN","ASK WHERE { <http://www.example.com/genealogy.owl#Veneziana_3> <http://www.w3.org/1999/02/22-rdf-syntax-ns#type> <http://www.example.com/genealogy.owl#Food> }","rdf:type","TRUE",3,3
"1hop-NamedPizza_Veneziana_3_Veneziana_3-Veneziana_3-rdf:type-American-NEG-BIN","NamedPizza_Veneziana_3",117,8,"Membership","BIN","ASK WHERE { <http://www.example.com/genealogy.owl#Veneziana_3> <http://www.w3.org/1999/02/22-rdf-syntax-ns#type> <http://www.example.com/genealogy.owl#American> }","rdf:type","FALSE",3,3
"1hop-NamedPizza_Veneziana_45_Veneziana_45-Veneziana_45-hasTopping-MC","NamedPizza_Veneziana_45",117,8,"Property Assertion","MC","SELECT ?x WHERE { <http://www.example.com/genealogy.owl#Veneziana_45> <http://www.example.com/genealogy.owl#hasTopping> ?x }","hasTopping","CaperTopping_dynamic_1; MozzarellaTopping_dynamic_1; OliveTopping_dynamic_1; OnionTopping_dynamic_1; PineKernels_dynamic_1; SultanaTopping_dynamic_1; TomatoTopping_dynamic_1",1,1
"1hop-NamedPizza_Veneziana_45_Veneziana_45-Veneziana_45-hasIngredient-MC","NamedPizza_Veneziana_45",117,8,"Property Assertion","MC","SELECT ?x WHERE { <http://www.example.com/genealogy.owl#Veneziana_45> <http://www.example.com/genealogy.owl#hasIngredient> ?x }","hasIngredient","CaperTopping_dynamic_1; MozzarellaTopping_dynamic_1; OliveTopping_dynamic_1; OnionTopping_dynamic_1; PineKernels_dynamic_1; SultanaTopping_dynamic_1; TomatoTopping_dynamic_1",2,2
"1hop-NamedPizza_Veneziana_45_Veneziana_45-Veneziana_45-rdf:type-Food-BIN","NamedPizza_Veneziana_45",117,8,"Membership","BIN","ASK WHERE { <http://www.example.com/genealogy.owl#Veneziana_45> <http://www.w3.org/1999/02/22-rdf-syntax-ns#type> <http://www.example.com/genealogy.owl#Food> }","rdf:type","TRUE",3,3
"1hop-NamedPizza_Veneziana_45_Veneziana_45-Veneziana_45-rdf:type-American-NEG-BIN","NamedPizza_Veneziana_45",117,8,"Membership","BIN","ASK WHERE { <http://www.example.com/genealogy.owl#Veneziana_45> <http://www.w3.org/1999/02/22-rdf-syntax-ns#type> <http://www.example.com/genealogy.owl#American> }","rdf:type","FALSE",3,3
"1hop-NamedPizza_Veneziana_45_Veneziana_45-Veneziana_45-rdf:type-MC","NamedPizza_Veneziana_45",117,8,"Membership","MC","SELECT ?x WHERE { <http://www.example.com/genealogy.owl#Veneziana_45> <http://www.w3.org/1999/02/22-rdf-syntax-ns#type> ?x }","rdf:type","DomainConcept; Food; Pizza",3,3
"1hop-NamedPizza_Veneziana_45_Veneziana_45-Veneziana_45-hasIngredient-CaperTopping_dynamic_1-BIN","NamedPizza_Veneziana_45",117,8,"Property Assertion","BIN","ASK WHERE { <http://www.example.com/genealogy.owl#Veneziana_45> <http://www.example.com/genealogy.owl#hasIngredient> <http://www.example.com/genealogy.owl#CaperTopping_dynamic_1> }","hasIngredient","TRUE",2,2
"1hop-NamedPizza_Veneziana_45_Veneziana_45-Veneziana_45-hasIngredient-Veneziana_45-NEG-BIN","NamedPizza_Veneziana_45",117,8,"Property Assertion","BIN","ASK WHERE { <http://www.example.com/genealogy.owl#Veneziana_45> <http://www.example.com/genealogy.owl#hasIngredient> <http://www.example.com/genealogy.owl#Veneziana_45> }","hasIngredient","FALSE",2,2
"1hop-NamedPizza_Veneziana_45_Veneziana_45-Veneziana_45-hasTopping-CaperTopping_dynamic_1-BIN","NamedPizza_Veneziana_45",117,8,"Property Assertion","BIN","ASK WHERE { <http://www.example.com/genealogy.owl#Veneziana_45> <http://www.example.com/genealogy.owl#hasTopping> <http://www.example.com/genealogy.owl#CaperTopping_dynamic_1> }","hasTopping","TRUE",1,1
"1hop-NamedPizza_Veneziana_45_Veneziana_45-Veneziana_45-hasTopping-Veneziana_45-NEG-BIN","NamedPizza_Veneziana_45",117,8,"Property Assertion","BIN","ASK WHERE { <http://www.example.com/genealogy.owl#Veneziana_45> <http://www.example.com/genealogy.owl#hasTopping> <http://www.example.com/genealogy.owl#Veneziana_45> }","hasTopping","FALSE",1,1
"1hop-NamedPizza_Veneziana_48_Veneziana_48-Veneziana_48-hasTopping-MC","NamedPizza_Veneziana_48",117,8,"Property Assertion","MC","SELECT ?x WHERE { <http://www.example.com/genealogy.owl#Veneziana_48> <http://www.example.com/genealogy.owl#hasTopping> ?x }","hasTopping","CaperTopping_dynamic_1; MozzarellaTopping_dynamic_1; OliveTopping_dynamic_1; OnionTopping_dynamic_1; PineKernels_dynamic_1; SultanaTopping_dynamic_1; TomatoTopping_dynamic_1",1,1
"1hop-NamedPizza_Veneziana_48_Veneziana_48-Veneziana_48-rdf:type-Food-BIN","NamedPizza_Veneziana_48",117,8,"Membership","BIN","ASK WHERE { <http://www.example.com/genealogy.owl#Veneziana_48> <http://www.w3.org/1999/02/22-rdf-syntax-ns#type> <http://www.example.com/genealogy.owl#Food> }","rdf:type","TRUE",3,3
"1hop-NamedPizza_Veneziana_48_Veneziana_48-Veneziana_48-rdf:type-American-NEG-BIN","NamedPizza_Veneziana_48",117,8,"Membership","BIN","ASK WHERE { <http://www.example.com/genealogy.owl#Veneziana_48> <http://www.w3.org/1999/02/22-rdf-syntax-ns#type> <http://www.example.com/genealogy.owl#American> }","rdf:type","FALSE",3,3
"1hop-NamedPizza_Veneziana_48_Veneziana_48-Veneziana_48-rdf:type-MC","NamedPizza_Veneziana_48",117,8,"Membership","MC","SELECT ?x WHERE { <http://www.example.com/genealogy.owl#Veneziana_48> <http://www.w3.org/1999/02/22-rdf-syntax-ns#type> ?x }","rdf:type","DomainConcept; Food; Pizza",3,3
"1hop-NamedPizza_Veneziana_48_Veneziana_48-Veneziana_48-hasIngredient-MC","NamedPizza_Veneziana_48",117,8,"Property Assertion","MC","SELECT ?x WHERE { <http://www.example.com/genealogy.owl#Veneziana_48> <http://www.example.com/genealogy.owl#hasIngredient> ?x }","hasIngredient","CaperTopping_dynamic_1; MozzarellaTopping_dynamic_1; OliveTopping_dynamic_1; OnionTopping_dynamic_1; PineKernels_dynamic_1; SultanaTopping_dynamic_1; TomatoTopping_dynamic_1",2,2
"1hop-NamedPizza_Veneziana_48_Veneziana_48-Veneziana_48-hasTopping-CaperTopping_dynamic_1-BIN","NamedPizza_Veneziana_48",117,8,"Property Assertion","BIN","ASK WHERE { <http://www.example.com/genealogy.owl#Veneziana_48> <http://www.example.com/genealogy.owl#hasTopping> <http://www.example.com/genealogy.owl#CaperTopping_dynamic_1> }","hasTopping","TRUE",1,1
"1hop-NamedPizza_Veneziana_48_Veneziana_48-Veneziana_48-hasTopping-Veneziana_48-NEG-BIN","NamedPizza_Veneziana_48",117,8,"Property Assertion","BIN","ASK WHERE { <http://www.example.com/genealogy.owl#Veneziana_48> <http://www.example.com/genealogy.owl#hasTopping> <http://www.example.com/genealogy.owl#Veneziana_48> }","hasTopping","FALSE",1,1
"1hop-NamedPizza_Veneziana_48_Veneziana_48-Veneziana_48-hasIngredient-CaperTopping_dynamic_1-BIN","NamedPizza_Veneziana_48",117,8,"Property Assertion","BIN","ASK WHERE { <http://www.example.com/genealogy.owl#Veneziana_48> <http://www.example.com/genealogy.owl#hasIngredient> <http://www.example.com/genealogy.owl#CaperTopping_dynamic_1> }","hasIngredient","TRUE",2,2
"1hop-NamedPizza_Veneziana_48_Veneziana_48-Veneziana_48-hasIngredient-Veneziana_48-NEG-BIN","NamedPizza_Veneziana_48",117,8,"Property Assertion","BIN","ASK WHERE { <http://www.example.com/genealogy.owl#Veneziana_48> <http://www.example.com/genealogy.owl#hasIngredient> <http://www.example.com/genealogy.owl#Veneziana_48> }","hasIngredient","FALSE",2,2
"1hop-NamedPizza_Veneziana_59_Veneziana_59-Veneziana_59-hasIngredient-MC","NamedPizza_Veneziana_59",117,8,"Property Assertion","MC","SELECT ?x WHERE { <http://www.example.com/genealogy.owl#Veneziana_59> <http://www.example.com/genealogy.owl#hasIngredient> ?x }","hasIngredient","CaperTopping_dynamic_1; MozzarellaTopping_dynamic_1; OliveTopping_dynamic_1; OnionTopping_dynamic_1; PineKernels_dynamic_1; SultanaTopping_dynamic_1; TomatoTopping_dynamic_1",2,2
"1hop-NamedPizza_Veneziana_59_Veneziana_59-Veneziana_59-rdf:type-MC","NamedPizza_Veneziana_59",117,8,"Membership","MC","SELECT ?x WHERE { <http://www.example.com/genealogy.owl#Veneziana_59> <http://www.w3.org/1999/02/22-rdf-syntax-ns#type> ?x }","rdf:type","DomainConcept; Food; Pizza",4,4
"1hop-NamedPizza_Veneziana_59_Veneziana_59-Veneziana_59-hasTopping-CaperTopping_dynamic_1-BIN","NamedPizza_Veneziana_59",117,8,"Property Assertion","BIN","ASK WHERE { <http://www.example.com/genealogy.owl#Veneziana_59> <http://www.example.com/genealogy.owl#hasTopping> <http://www.example.com/genealogy.owl#CaperTopping_dynamic_1> }","hasTopping","TRUE",1,1
"1hop-NamedPizza_Veneziana_59_Veneziana_59-Veneziana_59-hasTopping-Veneziana_59-NEG-BIN","NamedPizza_Veneziana_59",117,8,"Property Assertion","BIN","ASK WHERE { <http://www.example.com/genealogy.owl#Veneziana_59> <http://www.example.com/genealogy.owl#hasTopping> <http://www.example.com/genealogy.owl#Veneziana_59> }","hasTopping","FALSE",1,1
"1hop-NamedPizza_Veneziana_59_Veneziana_59-Veneziana_59-hasTopping-MC","NamedPizza_Veneziana_59",117,8,"Property Assertion","MC","SELECT ?x WHERE { <http://www.example.com/genealogy.owl#Veneziana_59> <http://www.example.com/genealogy.owl#hasTopping> ?x }","hasTopping","CaperTopping_dynamic_1; MozzarellaTopping_dynamic_1; OliveTopping_dynamic_1; OnionTopping_dynamic_1; PineKernels_dynamic_1; SultanaTopping_dynamic_1; TomatoTopping_dynamic_1",1,1
"1hop-NamedPizza_Veneziana_59_Veneziana_59-Veneziana_59-rdf:type-Food-BIN","NamedPizza_Veneziana_59",117,8,"Membership","BIN","ASK WHERE { <http://www.example.com/genealogy.owl#Veneziana_59> <http://www.w3.org/1999/02/22-rdf-syntax-ns#type> <http://www.example.com/genealogy.owl#Food> }","rdf:type","TRUE",3,3
"1hop-NamedPizza_Veneziana_59_Veneziana_59-Veneziana_59-rdf:type-American-NEG-BIN","NamedPizza_Veneziana_59",117,8,"Membership","BIN","ASK WHERE { <http://www.example.com/genealogy.owl#Veneziana_59> <http://www.w3.org/1999/02/22-rdf-syntax-ns#type> <http://www.example.com/genealogy.owl#American> }","rdf:type","FALSE",3,3
"1hop-NamedPizza_Veneziana_59_Veneziana_59-Veneziana_59-hasIngredient-CaperTopping_dynamic_1-BIN","NamedPizza_Veneziana_59",117,8,"Property Assertion","BIN","ASK WHERE { <http://www.example.com/genealogy.owl#Veneziana_59> <http://www.example.com/genealogy.owl#hasIngredient> <http://www.example.com/genealogy.owl#CaperTopping_dynamic_1> }","hasIngredient","TRUE",2,2
"1hop-NamedPizza_Veneziana_59_Veneziana_59-Veneziana_59-hasIngredient-Veneziana_59-NEG-BIN","NamedPizza_Veneziana_59",117,8,"Property Assertion","BIN","ASK WHERE { <http://www.example.com/genealogy.owl#Veneziana_59> <http://www.example.com/genealogy.owl#hasIngredient> <http://www.example.com/genealogy.owl#Veneziana_59> }","hasIngredient","FALSE",2,2
"1hop-NamedPizza_Veneziana_8_Veneziana_8-Veneziana_8-hasIngredient-CaperTopping_dynamic_1-BIN","NamedPizza_Veneziana_8",117,8,"Property Assertion","BIN","ASK WHERE { <http://www.example.com/genealogy.owl#Veneziana_8> <http://www.example.com/genealogy.owl#hasIngredient> <http://www.example.com/genealogy.owl#CaperTopping_dynamic_1> }","hasIngredient","TRUE",2,2
"1hop-NamedPizza_Veneziana_8_Veneziana_8-Veneziana_8-hasIngredient-Veneziana_8-NEG-BIN","NamedPizza_Veneziana_8",117,8,"Property Assertion","BIN","ASK WHERE { <http://www.example.com/genealogy.owl#Veneziana_8> <http://www.example.com/genealogy.owl#hasIngredient> <http://www.example.com/genealogy.owl#Veneziana_8> }","hasIngredient","FALSE",2,2
"1hop-NamedPizza_Veneziana_8_Veneziana_8-Veneziana_8-hasIngredient-MC","NamedPizza_Veneziana_8",117,8,"Property Assertion","MC","SELECT ?x WHERE { <http://www.example.com/genealogy.owl#Veneziana_8> <http://www.example.com/genealogy.owl#hasIngredient> ?x }","hasIngredient","CaperTopping_dynamic_1; MozzarellaTopping_dynamic_1; OliveTopping_dynamic_1; OnionTopping_dynamic_1; PineKernels_dynamic_1; SultanaTopping_dynamic_1; TomatoTopping_dynamic_1",2,2
"1hop-NamedPizza_Veneziana_8_Veneziana_8-Veneziana_8-rdf:type-MC","NamedPizza_Veneziana_8",117,8,"Membership","MC","SELECT ?x WHERE { <http://www.example.com/genealogy.owl#Veneziana_8> <http://www.w3.org/1999/02/22-rdf-syntax-ns#type> ?x }","rdf:type","DomainConcept; Food; Pizza",4,4
"1hop-NamedPizza_Veneziana_8_Veneziana_8-Veneziana_8-rdf:type-Food-BIN","NamedPizza_Veneziana_8",117,8,"Membership","BIN","ASK WHERE { <http://www.example.com/genealogy.owl#Veneziana_8> <http://www.w3.org/1999/02/22-rdf-syntax-ns#type> <http://www.example.com/genealogy.owl#Food> }","rdf:type","TRUE",3,3
"1hop-NamedPizza_Veneziana_8_Veneziana_8-Veneziana_8-rdf:type-American-NEG-BIN","NamedPizza_Veneziana_8",117,8,"Membership","BIN","ASK WHERE { <http://www.example.com/genealogy.owl#Veneziana_8> <http://www.w3.org/1999/02/22-rdf-syntax-ns#type> <http://www.example.com/genealogy.owl#American> }","rdf:type","FALSE",3,3
"1hop-NamedPizza_Veneziana_8_Veneziana_8-Veneziana_8-hasTopping-MC","NamedPizza_Veneziana_8",117,8,"Property Assertion","MC","SELECT ?x WHERE { <http://www.example.com/genealogy.owl#Veneziana_8> <http://www.example.com/genealogy.owl#hasTopping> ?x }","hasTopping","CaperTopping_dynamic_1; MozzarellaTopping_dynamic_1; OliveTopping_dynamic_1; OnionTopping_dynamic_1; PineKernels_dynamic_1; SultanaTopping_dynamic_1; TomatoTopping_dynamic_1",1,1
"1hop-NamedPizza_Veneziana_8_Veneziana_8-Veneziana_8-hasTopping-CaperTopping_dynamic_1-BIN","NamedPizza_Veneziana_8",117,8,"Property Assertion","BIN","ASK WHERE { <http://www.example.com/genealogy.owl#Veneziana_8> <http://www.example.com/genealogy.owl#hasTopping> <http://www.example.com/genealogy.owl#CaperTopping_dynamic_1> }","hasTopping","TRUE",1,1
"1hop-NamedPizza_Veneziana_8_Veneziana_8-Veneziana_8-hasTopping-Veneziana_8-NEG-BIN","NamedPizza_Veneziana_8",117,8,"Property Assertion","BIN","ASK WHERE { <http://www.example.com/genealogy.owl#Veneziana_8> <http://www.example.com/genealogy.owl#hasTopping> <http://www.example.com/genealogy.owl#Veneziana_8> }","hasTopping","FALSE",1,1
"1hop-NamedPizza_Veneziana_87_Veneziana_87-Veneziana_87-hasIngredient-MC","NamedPizza_Veneziana_87",117,8,"Property Assertion","MC","SELECT ?x WHERE { <http://www.example.com/genealogy.owl#Veneziana_87> <http://www.example.com/genealogy.owl#hasIngredient> ?x }","hasIngredient","CaperTopping_dynamic_1; MozzarellaTopping_dynamic_1; OliveTopping_dynamic_1; OnionTopping_dynamic_1; PineKernels_dynamic_1; SultanaTopping_dynamic_1; TomatoTopping_dynamic_1",2,2
"1hop-NamedPizza_Veneziana_87_Veneziana_87-Veneziana_87-hasTopping-MC","NamedPizza_Veneziana_87",117,8,"Property Assertion","MC","SELECT ?x WHERE { <http://www.example.com/genealogy.owl#Veneziana_87> <http://www.example.com/genealogy.owl#hasTopping> ?x }","hasTopping","CaperTopping_dynamic_1; MozzarellaTopping_dynamic_1; OliveTopping_dynamic_1; OnionTopping_dynamic_1; PineKernels_dynamic_1; SultanaTopping_dynamic_1; TomatoTopping_dynamic_1",1,1
"1hop-NamedPizza_Veneziana_87_Veneziana_87-Veneziana_87-rdf:type-MC","NamedPizza_Veneziana_87",117,8,"Membership","MC","SELECT ?x WHERE { <http://www.example.com/genealogy.owl#Veneziana_87> <http://www.w3.org/1999/02/22-rdf-syntax-ns#type> ?x }","rdf:type","DomainConcept; Food; Pizza",2,2
"1hop-NamedPizza_Veneziana_87_Veneziana_87-Veneziana_87-hasTopping-CaperTopping_dynamic_1-BIN","NamedPizza_Veneziana_87",117,8,"Property Assertion","BIN","ASK WHERE { <http://www.example.com/genealogy.owl#Veneziana_87> <http://www.example.com/genealogy.owl#hasTopping> <http://www.example.com/genealogy.owl#CaperTopping_dynamic_1> }","hasTopping","TRUE",1,1
"1hop-NamedPizza_Veneziana_87_Veneziana_87-Veneziana_87-hasTopping-Veneziana_87-NEG-BIN","NamedPizza_Veneziana_87",117,8,"Property Assertion","BIN","ASK WHERE { <http://www.example.com/genealogy.owl#Veneziana_87> <http://www.example.com/genealogy.owl#hasTopping> <http://www.example.com/genealogy.owl#Veneziana_87> }","hasTopping","FALSE",1,1
"1hop-NamedPizza_Veneziana_87_Veneziana_87-Veneziana_87-rdf:type-Food-BIN","NamedPizza_Veneziana_87",117,8,"Membership","BIN","ASK WHERE { <http://www.example.com/genealogy.owl#Veneziana_87> <http://www.w3.org/1999/02/22-rdf-syntax-ns#type> <http://www.example.com/genealogy.owl#Food> }","rdf:type","TRUE",3,3
"1hop-NamedPizza_Veneziana_87_Veneziana_87-Veneziana_87-rdf:type-American-NEG-BIN","NamedPizza_Veneziana_87",117,8,"Membership","BIN","ASK WHERE { <http://www.example.com/genealogy.owl#Veneziana_87> <http://www.w3.org/1999/02/22-rdf-syntax-ns#type> <http://www.example.com/genealogy.owl#American> }","rdf:type","FALSE",3,3
"1hop-NamedPizza_Veneziana_87_Veneziana_87-Veneziana_87-hasIngredient-CaperTopping_dynamic_1-BIN","NamedPizza_Veneziana_87",117,8,"Property Assertion","BIN","ASK WHERE { <http://www.example.com/genealogy.owl#Veneziana_87> <http://www.example.com/genealogy.owl#hasIngredient> <http://www.example.com/genealogy.owl#CaperTopping_dynamic_1> }","hasIngredient","TRUE",2,2
"1hop-NamedPizza_Veneziana_87_Veneziana_87-Veneziana_87-hasIngredient-Veneziana_87-NEG-BIN","NamedPizza_Veneziana_87",117,8,"Property Assertion","BIN","ASK WHERE { <http://www.example.com/genealogy.owl#Veneziana_87> <http://www.example.com/genealogy.owl#hasIngredient> <http://www.example.com/genealogy.owl#Veneziana_87> }","hasIngredient","FALSE",2,2
"1hop-NamedPizza_Veneziana_91_Veneziana_91-Veneziana_91-hasIngredient-CaperTopping_dynamic_1-BIN","NamedPizza_Veneziana_91",117,8,"Property Assertion","BIN","ASK WHERE { <http://www.example.com/genealogy.owl#Veneziana_91> <http://www.example.com/genealogy.owl#hasIngredient> <http://www.example.com/genealogy.owl#CaperTopping_dynamic_1> }","hasIngredient","TRUE",2,2
"1hop-NamedPizza_Veneziana_91_Veneziana_91-Veneziana_91-hasIngredient-Veneziana_91-NEG-BIN","NamedPizza_Veneziana_91",117,8,"Property Assertion","BIN","ASK WHERE { <http://www.example.com/genealogy.owl#Veneziana_91> <http://www.example.com/genealogy.owl#hasIngredient> <http://www.example.com/genealogy.owl#Veneziana_91> }","hasIngredient","FALSE",2,2
"1hop-NamedPizza_Veneziana_91_Veneziana_91-Veneziana_91-hasIngredient-MC","NamedPizza_Veneziana_91",117,8,"Property Assertion","MC","SELECT ?x WHERE { <http://www.example.com/genealogy.owl#Veneziana_91> <http://www.example.com/genealogy.owl#hasIngredient> ?x }","hasIngredient","CaperTopping_dynamic_1; MozzarellaTopping_dynamic_1; OliveTopping_dynamic_1; OnionTopping_dynamic_1; PineKernels_dynamic_1; SultanaTopping_dynamic_1; TomatoTopping_dynamic_1",2,2
"1hop-NamedPizza_Veneziana_91_Veneziana_91-Veneziana_91-hasTopping-MC","NamedPizza_Veneziana_91",117,8,"Property Assertion","MC","SELECT ?x WHERE { <http://www.example.com/genealogy.owl#Veneziana_91> <http://www.example.com/genealogy.owl#hasTopping> ?x }","hasTopping","CaperTopping_dynamic_1; MozzarellaTopping_dynamic_1; OliveTopping_dynamic_1; OnionTopping_dynamic_1; PineKernels_dynamic_1; SultanaTopping_dynamic_1; TomatoTopping_dynamic_1",1,1
"1hop-NamedPizza_Veneziana_91_Veneziana_91-Veneziana_91-rdf:type-Food-BIN","NamedPizza_Veneziana_91",117,8,"Membership","BIN","ASK WHERE { <http://www.example.com/genealogy.owl#Veneziana_91> <http://www.w3.org/1999/02/22-rdf-syntax-ns#type> <http://www.example.com/genealogy.owl#Food> }","rdf:type","TRUE",3,3
"1hop-NamedPizza_Veneziana_91_Veneziana_91-Veneziana_91-rdf:type-American-NEG-BIN","NamedPizza_Veneziana_91",117,8,"Membership","BIN","ASK WHERE { <http://www.example.com/genealogy.owl#Veneziana_91> <http://www.w3.org/1999/02/22-rdf-syntax-ns#type> <http://www.example.com/genealogy.owl#American> }","rdf:type","FALSE",3,3
"1hop-NamedPizza_Veneziana_91_Veneziana_91-Veneziana_91-rdf:type-MC","NamedPizza_Veneziana_91",117,8,"Membership","MC","SELECT ?x WHERE { <http://www.example.com/genealogy.owl#Veneziana_91> <http://www.w3.org/1999/02/22-rdf-syntax-ns#type> ?x }","rdf:type","DomainConcept; Food; Pizza",3,3
"1hop-NamedPizza_Veneziana_91_Veneziana_91-Veneziana_91-hasTopping-CaperTopping_dynamic_1-BIN","NamedPizza_Veneziana_91",117,8,"Property Assertion","BIN","ASK WHERE { <http://www.example.com/genealogy.owl#Veneziana_91> <http://www.example.com/genealogy.owl#hasTopping> <http://www.example.com/genealogy.owl#CaperTopping_dynamic_1> }","hasTopping","TRUE",1,1
"1hop-NamedPizza_Veneziana_91_Veneziana_91-Veneziana_91-hasTopping-Veneziana_91-NEG-BIN","NamedPizza_Veneziana_91",117,8,"Property Assertion","BIN","ASK WHERE { <http://www.example.com/genealogy.owl#Veneziana_91> <http://www.example.com/genealogy.owl#hasTopping> <http://www.example.com/genealogy.owl#Veneziana_91> }","hasTopping","FALSE",1,1
"1hop-NamedPizza_Veneziana_97_Veneziana_97-Veneziana_97-rdf:type-MC","NamedPizza_Veneziana_97",117,8,"Membership","MC","SELECT ?x WHERE { <http://www.example.com/genealogy.owl#Veneziana_97> <http://www.w3.org/1999/02/22-rdf-syntax-ns#type> ?x }","rdf:type","DomainConcept; Food; Pizza",2,2
"1hop-NamedPizza_Veneziana_97_Veneziana_97-Veneziana_97-hasIngredient-MC","NamedPizza_Veneziana_97",117,8,"Property Assertion","MC","SELECT ?x WHERE { <http://www.example.com/genealogy.owl#Veneziana_97> <http://www.example.com/genealogy.owl#hasIngredient> ?x }","hasIngredient","CaperTopping_dynamic_1; MozzarellaTopping_dynamic_1; OliveTopping_dynamic_1; OnionTopping_dynamic_1; PineKernels_dynamic_1; SultanaTopping_dynamic_1; TomatoTopping_dynamic_1",2,2
"1hop-NamedPizza_Veneziana_97_Veneziana_97-Veneziana_97-hasTopping-CaperTopping_dynamic_1-BIN","NamedPizza_Veneziana_97",117,8,"Property Assertion","BIN","ASK WHERE { <http://www.example.com/genealogy.owl#Veneziana_97> <http://www.example.com/genealogy.owl#hasTopping> <http://www.example.com/genealogy.owl#CaperTopping_dynamic_1> }","hasTopping","TRUE",1,1
"1hop-NamedPizza_Veneziana_97_Veneziana_97-Veneziana_97-hasTopping-Veneziana_97-NEG-BIN","NamedPizza_Veneziana_97",117,8,"Property Assertion","BIN","ASK WHERE { <http://www.example.com/genealogy.owl#Veneziana_97> <http://www.example.com/genealogy.owl#hasTopping> <http://www.example.com/genealogy.owl#Veneziana_97> }","hasTopping","FALSE",1,1
"1hop-NamedPizza_Veneziana_97_Veneziana_97-Veneziana_97-hasTopping-MC","NamedPizza_Veneziana_97",117,8,"Property Assertion","MC","SELECT ?x WHERE { <http://www.example.com/genealogy.owl#Veneziana_97> <http://www.example.com/genealogy.owl#hasTopping> ?x }","hasTopping","CaperTopping_dynamic_1; MozzarellaTopping_dynamic_1; OliveTopping_dynamic_1; OnionTopping_dynamic_1; PineKernels_dynamic_1; SultanaTopping_dynamic_1; TomatoTopping_dynamic_1",1,1
"1hop-NamedPizza_Veneziana_97_Veneziana_97-Veneziana_97-hasIngredient-CaperTopping_dynamic_1-BIN","NamedPizza_Veneziana_97",117,8,"Property Assertion","BIN","ASK WHERE { <http://www.example.com/genealogy.owl#Veneziana_97> <http://www.example.com/genealogy.owl#hasIngredient> <http://www.example.com/genealogy.owl#CaperTopping_dynamic_1> }","hasIngredient","TRUE",2,2
"1hop-NamedPizza_Veneziana_97_Veneziana_97-Veneziana_97-hasIngredient-Veneziana_97-NEG-BIN","NamedPizza_Veneziana_97",117,8,"Property Assertion","BIN","ASK WHERE { <http://www.example.com/genealogy.owl#Veneziana_97> <http://www.example.com/genealogy.owl#hasIngredient> <http://www.example.com/genealogy.owl#Veneziana_97> }","hasIngredient","FALSE",2,2
"1hop-NamedPizza_Veneziana_97_Veneziana_97-Veneziana_97-rdf:type-Food-BIN","NamedPizza_Veneziana_97",117,8,"Membership","BIN","ASK WHERE { <http://www.example.com/genealogy.owl#Veneziana_97> <http://www.w3.org/1999/02/22-rdf-syntax-ns#type> <http://www.example.com/genealogy.owl#Food> }","rdf:type","TRUE",3,3
"1hop-NamedPizza_Veneziana_97_Veneziana_97-Veneziana_97-rdf:type-American-NEG-BIN","NamedPizza_Veneziana_97",117,8,"Membership","BIN","ASK WHERE { <http://www.example.com/genealogy.owl#Veneziana_97> <http://www.w3.org/1999/02/22-rdf-syntax-ns#type> <http://www.example.com/genealogy.owl#American> }","rdf:type","FALSE",3,3
"1hop-OliveTopping_OliveTopping_dynamic_1_OliveTopping_dynamic_1-OliveTopping_dynamic_1-isToppingOf-MC","OliveTopping_OliveTopping_dynamic_1",117,70,"Property Assertion","MC","SELECT ?x WHERE { <http://www.example.com/genealogy.owl#OliveTopping_dynamic_1> <http://www.example.com/genealogy.owl#isToppingOf> ?x }","isToppingOf","Capricciosa_0; Capricciosa_22; Capricciosa_27; Capricciosa_29; Capricciosa_32; Fiorentina_10; Fiorentina_22; Fiorentina_41; Fiorentina_44; Fiorentina_52; Fiorentina_6; Fiorentina_78; Fiorentina_95; FourSeasons_26; FourSeasons_43; FourSeasons_67; FourSeasons_71; FourSeasons_77; FourSeasons_88; FourSeasons_92; FourSeasons_94; Giardiniera_17; Giardiniera_19; Giardiniera_56; Giardiniera_79; Giardiniera_89; Giardiniera_92; LaReine_14; LaReine_16; LaReine_18; LaReine_58; LaReine_65; LaReine_66; LaReine_75; LaReine_78; LaReine_86; Napoletana_2; Napoletana_21; Napoletana_25; Napoletana_27; Napoletana_29; Napoletana_30; Napoletana_51; Napoletana_53; Napoletana_6; Napoletana_84; Siciliana_13; Siciliana_40; Siciliana_45; Siciliana_47; Siciliana_5; Siciliana_54; Siciliana_61; Soho_24; Soho_35; Soho_5; Soho_50; Soho_70; Soho_73; Soho_8; Soho_82; Veneziana_3; Veneziana_45; Veneziana_48; Veneziana_59; Veneziana_8; Veneziana_87; Veneziana_91; Veneziana_97",2,2
"1hop-OliveTopping_OliveTopping_dynamic_1_OliveTopping_dynamic_1-OliveTopping_dynamic_1-rdf:type-MC","OliveTopping_OliveTopping_dynamic_1",117,70,"Membership","MC","SELECT ?x WHERE { <http://www.example.com/genealogy.owl#OliveTopping_dynamic_1> <http://www.w3.org/1999/02/22-rdf-syntax-ns#type> ?x }","rdf:type","DomainConcept; Food; PizzaTopping; VegetableTopping",5,5
"1hop-OliveTopping_OliveTopping_dynamic_1_OliveTopping_dynamic_1-OliveTopping_dynamic_1-isToppingOf-Capricciosa_0-BIN","OliveTopping_OliveTopping_dynamic_1",117,70,"Property Assertion","BIN","ASK WHERE { <http://www.example.com/genealogy.owl#OliveTopping_dynamic_1> <http://www.example.com/genealogy.owl#isToppingOf> <http://www.example.com/genealogy.owl#Capricciosa_0> }","isToppingOf","TRUE",2,2
"1hop-OliveTopping_OliveTopping_dynamic_1_OliveTopping_dynamic_1-OliveTopping_dynamic_1-isToppingOf-OliveTopping_dynamic_1-NEG-BIN","OliveTopping_OliveTopping_dynamic_1",117,70,"Property Assertion","BIN","ASK WHERE { <http://www.example.com/genealogy.owl#OliveTopping_dynamic_1> <http://www.example.com/genealogy.owl#isToppingOf> <http://www.example.com/genealogy.owl#OliveTopping_dynamic_1> }","isToppingOf","FALSE",2,2
"1hop-OliveTopping_OliveTopping_dynamic_1_OliveTopping_dynamic_1-OliveTopping_dynamic_1-rdf:type-Food-BIN","OliveTopping_OliveTopping_dynamic_1",117,70,"Membership","BIN","ASK WHERE { <http://www.example.com/genealogy.owl#OliveTopping_dynamic_1> <http://www.w3.org/1999/02/22-rdf-syntax-ns#type> <http://www.example.com/genealogy.owl#Food> }","rdf:type","TRUE",4,4
"1hop-OliveTopping_OliveTopping_dynamic_1_OliveTopping_dynamic_1-OliveTopping_dynamic_1-rdf:type-American-NEG-BIN","OliveTopping_OliveTopping_dynamic_1",117,70,"Membership","BIN","ASK WHERE { <http://www.example.com/genealogy.owl#OliveTopping_dynamic_1> <http://www.w3.org/1999/02/22-rdf-syntax-ns#type> <http://www.example.com/genealogy.owl#American> }","rdf:type","FALSE",4,4
"1hop-OnionTopping_OnionTopping_dynamic_1_OnionTopping_dynamic_1-OnionTopping_dynamic_1-isToppingOf-Cajun_14-BIN","OnionTopping_OnionTopping_dynamic_1",117,22,"Property Assertion","BIN","ASK WHERE { <http://www.example.com/genealogy.owl#OnionTopping_dynamic_1> <http://www.example.com/genealogy.owl#isToppingOf> <http://www.example.com/genealogy.owl#Cajun_14> }","isToppingOf","TRUE",2,2
"1hop-OnionTopping_OnionTopping_dynamic_1_OnionTopping_dynamic_1-OnionTopping_dynamic_1-isToppingOf-OnionTopping_dynamic_1-NEG-BIN","OnionTopping_OnionTopping_dynamic_1",117,22,"Property Assertion","BIN","ASK WHERE { <http://www.example.com/genealogy.owl#OnionTopping_dynamic_1> <http://www.example.com/genealogy.owl#isToppingOf> <http://www.example.com/genealogy.owl#OnionTopping_dynamic_1> }","isToppingOf","FALSE",2,2
"1hop-OnionTopping_OnionTopping_dynamic_1_OnionTopping_dynamic_1-OnionTopping_dynamic_1-isToppingOf-MC","OnionTopping_OnionTopping_dynamic_1",117,22,"Property Assertion","MC","SELECT ?x WHERE { <http://www.example.com/genealogy.owl#OnionTopping_dynamic_1> <http://www.example.com/genealogy.owl#isToppingOf> ?x }","isToppingOf","Cajun_14; Cajun_20; Cajun_33; Cajun_49; Cajun_84; Cajun_86; SloppyGiuseppe_1; SloppyGiuseppe_11; SloppyGiuseppe_15; SloppyGiuseppe_17; SloppyGiuseppe_23; SloppyGiuseppe_98; SloppyGiuseppe_99; Veneziana_3; Veneziana_45; Veneziana_48; Veneziana_59; Veneziana_8; Veneziana_87; Veneziana_91; Veneziana_97",2,2
"1hop-OnionTopping_OnionTopping_dynamic_1_OnionTopping_dynamic_1-OnionTopping_dynamic_1-rdf:type-MC","OnionTopping_OnionTopping_dynamic_1",117,22,"Membership","MC","SELECT ?x WHERE { <http://www.example.com/genealogy.owl#OnionTopping_dynamic_1> <http://www.w3.org/1999/02/22-rdf-syntax-ns#type> ?x }","rdf:type","DomainConcept; Food; PizzaTopping; VegetableTopping",2,2
"1hop-OnionTopping_OnionTopping_dynamic_1_OnionTopping_dynamic_1-OnionTopping_dynamic_1-rdf:type-Food-BIN","OnionTopping_OnionTopping_dynamic_1",117,22,"Membership","BIN","ASK WHERE { <http://www.example.com/genealogy.owl#OnionTopping_dynamic_1> <http://www.w3.org/1999/02/22-rdf-syntax-ns#type> <http://www.example.com/genealogy.owl#Food> }","rdf:type","TRUE",4,4
"1hop-OnionTopping_OnionTopping_dynamic_1_OnionTopping_dynamic_1-OnionTopping_dynamic_1-rdf:type-American-NEG-BIN","OnionTopping_OnionTopping_dynamic_1",117,22,"Membership","BIN","ASK WHERE { <http://www.example.com/genealogy.owl#OnionTopping_dynamic_1> <http://www.w3.org/1999/02/22-rdf-syntax-ns#type> <http://www.example.com/genealogy.owl#American> }","rdf:type","FALSE",4,4
"1hop-ParmesanTopping_ParmesanTopping_dynamic_1_ParmesanTopping_dynamic_1-ParmesanTopping_dynamic_1-rdf:type-MC","ParmesanTopping_ParmesanTopping_dynamic_1",117,38,"Membership","MC","SELECT ?x WHERE { <http://www.example.com/genealogy.owl#ParmesanTopping_dynamic_1> <http://www.w3.org/1999/02/22-rdf-syntax-ns#type> ?x }","rdf:type","CheeseTopping; DomainConcept; Food; PizzaTopping",5,5
"1hop-ParmesanTopping_ParmesanTopping_dynamic_1_ParmesanTopping_dynamic_1-ParmesanTopping_dynamic_1-isToppingOf-MC","ParmesanTopping_ParmesanTopping_dynamic_1",117,38,"Property Assertion","MC","SELECT ?x WHERE { <http://www.example.com/genealogy.owl#ParmesanTopping_dynamic_1> <http://www.example.com/genealogy.owl#isToppingOf> ?x }","isToppingOf","Fiorentina_10; Fiorentina_22; Fiorentina_41; Fiorentina_44; Fiorentina_52; Fiorentina_6; Fiorentina_78; Fiorentina_95; Parmense_0; Parmense_11; Parmense_18; Parmense_64; Parmense_71; Parmense_76; Parmense_77; Parmense_87; PrinceCarlo_24; PrinceCarlo_31; PrinceCarlo_32; PrinceCarlo_37; PrinceCarlo_38; PrinceCarlo_4; PrinceCarlo_44; PrinceCarlo_66; PrinceCarlo_74; PrinceCarlo_76; PrinceCarlo_90; PrinceCarlo_97; PrinceCarlo_99; Soho_24; Soho_35; Soho_5; Soho_50; Soho_70; Soho_73; Soho_8; Soho_82",2,2
"1hop-ParmesanTopping_ParmesanTopping_dynamic_1_ParmesanTopping_dynamic_1-ParmesanTopping_dynamic_1-isToppingOf-Fiorentina_10-BIN","ParmesanTopping_ParmesanTopping_dynamic_1",117,38,"Property Assertion","BIN","ASK WHERE { <http://www.example.com/genealogy.owl#ParmesanTopping_dynamic_1> <http://www.example.com/genealogy.owl#isToppingOf> <http://www.example.com/genealogy.owl#Fiorentina_10> }","isToppingOf","TRUE",2,2
"1hop-ParmesanTopping_ParmesanTopping_dynamic_1_ParmesanTopping_dynamic_1-ParmesanTopping_dynamic_1-isToppingOf-ParmesanTopping_dynamic_1-NEG-BIN","ParmesanTopping_ParmesanTopping_dynamic_1",117,38,"Property Assertion","BIN","ASK WHERE { <http://www.example.com/genealogy.owl#ParmesanTopping_dynamic_1> <http://www.example.com/genealogy.owl#isToppingOf> <http://www.example.com/genealogy.owl#ParmesanTopping_dynamic_1> }","isToppingOf","FALSE",2,2
"1hop-ParmesanTopping_ParmesanTopping_dynamic_1_ParmesanTopping_dynamic_1-ParmesanTopping_dynamic_1-rdf:type-CheeseTopping-BIN","ParmesanTopping_ParmesanTopping_dynamic_1",117,38,"Membership","BIN","ASK WHERE { <http://www.example.com/genealogy.owl#ParmesanTopping_dynamic_1> <http://www.w3.org/1999/02/22-rdf-syntax-ns#type> <http://www.example.com/genealogy.owl#CheeseTopping> }","rdf:type","TRUE",2,2
"1hop-ParmesanTopping_ParmesanTopping_dynamic_1_ParmesanTopping_dynamic_1-ParmesanTopping_dynamic_1-rdf:type-American-NEG-BIN","ParmesanTopping_ParmesanTopping_dynamic_1",117,38,"Membership","BIN","ASK WHERE { <http://www.example.com/genealogy.owl#ParmesanTopping_dynamic_1> <http://www.w3.org/1999/02/22-rdf-syntax-ns#type> <http://www.example.com/genealogy.owl#American> }","rdf:type","FALSE",2,2
"1hop-PeperonataTopping_PeperonataTopping_dynamic_1_PeperonataTopping_dynamic_1-PeperonataTopping_dynamic_1-rdf:type-MC","PeperonataTopping_PeperonataTopping_dynamic_1",117,18,"Membership","MC","SELECT ?x WHERE { <http://www.example.com/genealogy.owl#PeperonataTopping_dynamic_1> <http://www.w3.org/1999/02/22-rdf-syntax-ns#type> ?x }","rdf:type","DomainConcept; Food; PepperTopping; PizzaTopping; VegetableTopping",3,3
"1hop-PeperonataTopping_PeperonataTopping_dynamic_1_PeperonataTopping_dynamic_1-PeperonataTopping_dynamic_1-isToppingOf-MC","PeperonataTopping_PeperonataTopping_dynamic_1",117,18,"Property Assertion","MC","SELECT ?x WHERE { <http://www.example.com/genealogy.owl#PeperonataTopping_dynamic_1> <http://www.example.com/genealogy.owl#isToppingOf> ?x }","isToppingOf","Cajun_14; Cajun_20; Cajun_33; Cajun_49; Cajun_84; Cajun_86; Capricciosa_0; Capricciosa_22; Capricciosa_27; Capricciosa_29; Capricciosa_32; Giardiniera_17; Giardiniera_19; Giardiniera_56; Giardiniera_79; Giardiniera_89; Giardiniera_92",2,2
"1hop-PeperonataTopping_PeperonataTopping_dynamic_1_PeperonataTopping_dynamic_1-PeperonataTopping_dynamic_1-rdf:type-Food-BIN","PeperonataTopping_PeperonataTopping_dynamic_1",117,18,"Membership","BIN","ASK WHERE { <http://www.example.com/genealogy.owl#PeperonataTopping_dynamic_1> <http://www.w3.org/1999/02/22-rdf-syntax-ns#type> <http://www.example.com/genealogy.owl#Food> }","rdf:type","TRUE",5,5
"1hop-PeperonataTopping_PeperonataTopping_dynamic_1_PeperonataTopping_dynamic_1-PeperonataTopping_dynamic_1-rdf:type-American-NEG-BIN","PeperonataTopping_PeperonataTopping_dynamic_1",117,18,"Membership","BIN","ASK WHERE { <http://www.example.com/genealogy.owl#PeperonataTopping_dynamic_1> <http://www.w3.org/1999/02/22-rdf-syntax-ns#type> <http://www.example.com/genealogy.owl#American> }","rdf:type","FALSE",5,5
"1hop-PeperonataTopping_PeperonataTopping_dynamic_1_PeperonataTopping_dynamic_1-PeperonataTopping_dynamic_1-isToppingOf-Cajun_14-BIN","PeperonataTopping_PeperonataTopping_dynamic_1",117,18,"Property Assertion","BIN","ASK WHERE { <http://www.example.com/genealogy.owl#PeperonataTopping_dynamic_1> <http://www.example.com/genealogy.owl#isToppingOf> <http://www.example.com/genealogy.owl#Cajun_14> }","isToppingOf","TRUE",2,2
"1hop-PeperonataTopping_PeperonataTopping_dynamic_1_PeperonataTopping_dynamic_1-PeperonataTopping_dynamic_1-isToppingOf-PeperonataTopping_dynamic_1-NEG-BIN","PeperonataTopping_PeperonataTopping_dynamic_1",117,18,"Property Assertion","BIN","ASK WHERE { <http://www.example.com/genealogy.owl#PeperonataTopping_dynamic_1> <http://www.example.com/genealogy.owl#isToppingOf> <http://www.example.com/genealogy.owl#PeperonataTopping_dynamic_1> }","isToppingOf","FALSE",2,2
"1hop-PeperoniSausageTopping_PeperoniSausageTopping_dynamic_1_PeperoniSausageTopping_dynamic_1-PeperoniSausageTopping_dynamic_1-isToppingOf-MC","PeperoniSausageTopping_PeperoniSausageTopping_dynamic_1",117,32,"Property Assertion","MC","SELECT ?x WHERE { <http://www.example.com/genealogy.owl#PeperoniSausageTopping_dynamic_1> <http://www.example.com/genealogy.owl#isToppingOf> ?x }","isToppingOf","AmericanHot_1; AmericanHot_28; AmericanHot_56; AmericanHot_57; AmericanHot_72; AmericanHot_73; American_10; American_19; American_2; American_28; American_34; American_43; American_46; American_49; American_54; American_55; American_57; American_63; American_7; American_83; American_85; American_88; American_9; FourSeasons_26; FourSeasons_43; FourSeasons_67; FourSeasons_71; FourSeasons_77; FourSeasons_88; FourSeasons_92; FourSeasons_94",2,2
"1hop-PeperoniSausageTopping_PeperoniSausageTopping_dynamic_1_PeperoniSausageTopping_dynamic_1-PeperoniSausageTopping_dynamic_1-rdf:type-Food-BIN","PeperoniSausageTopping_PeperoniSausageTopping_dynamic_1",117,32,"Membership","BIN","ASK WHERE { <http://www.example.com/genealogy.owl#PeperoniSausageTopping_dynamic_1> <http://www.w3.org/1999/02/22-rdf-syntax-ns#type> <http://www.example.com/genealogy.owl#Food> }","rdf:type","TRUE",4,4
"1hop-PeperoniSausageTopping_PeperoniSausageTopping_dynamic_1_PeperoniSausageTopping_dynamic_1-PeperoniSausageTopping_dynamic_1-rdf:type-American-NEG-BIN","PeperoniSausageTopping_PeperoniSausageTopping_dynamic_1",117,32,"Membership","BIN","ASK WHERE { <http://www.example.com/genealogy.owl#PeperoniSausageTopping_dynamic_1> <http://www.w3.org/1999/02/22-rdf-syntax-ns#type> <http://www.example.com/genealogy.owl#American> }","rdf:type","FALSE",4,4
"1hop-PeperoniSausageTopping_PeperoniSausageTopping_dynamic_1_PeperoniSausageTopping_dynamic_1-PeperoniSausageTopping_dynamic_1-rdf:type-MC","PeperoniSausageTopping_PeperoniSausageTopping_dynamic_1",117,32,"Membership","MC","SELECT ?x WHERE { <http://www.example.com/genealogy.owl#PeperoniSausageTopping_dynamic_1> <http://www.w3.org/1999/02/22-rdf-syntax-ns#type> ?x }","rdf:type","DomainConcept; Food; MeatTopping; PizzaTopping",4,4
"1hop-PeperoniSausageTopping_PeperoniSausageTopping_dynamic_1_PeperoniSausageTopping_dynamic_1-PeperoniSausageTopping_dynamic_1-isToppingOf-AmericanHot_1-BIN","PeperoniSausageTopping_PeperoniSausageTopping_dynamic_1",117,32,"Property Assertion","BIN","ASK WHERE { <http://www.example.com/genealogy.owl#PeperoniSausageTopping_dynamic_1> <http://www.example.com/genealogy.owl#isToppingOf> <http://www.example.com/genealogy.owl#AmericanHot_1> }","isToppingOf","TRUE",2,2
"1hop-PeperoniSausageTopping_PeperoniSausageTopping_dynamic_1_PeperoniSausageTopping_dynamic_1-PeperoniSausageTopping_dynamic_1-isToppingOf-PeperoniSausageTopping_dynamic_1-NEG-BIN","PeperoniSausageTopping_PeperoniSausageTopping_dynamic_1",117,32,"Property Assertion","BIN","ASK WHERE { <http://www.example.com/genealogy.owl#PeperoniSausageTopping_dynamic_1> <http://www.example.com/genealogy.owl#isToppingOf> <http://www.example.com/genealogy.owl#PeperoniSausageTopping_dynamic_1> }","isToppingOf","FALSE",2,2
"1hop-PetitPoisTopping_PetitPoisTopping_dynamic_1_PetitPoisTopping_dynamic_1-PetitPoisTopping_dynamic_1-isToppingOf-MC","PetitPoisTopping_PetitPoisTopping_dynamic_1",117,7,"Property Assertion","MC","SELECT ?x WHERE { <http://www.example.com/genealogy.owl#PetitPoisTopping_dynamic_1> <http://www.example.com/genealogy.owl#isToppingOf> ?x }","isToppingOf","Giardiniera_17; Giardiniera_19; Giardiniera_56; Giardiniera_79; Giardiniera_89; Giardiniera_92",2,2
"1hop-PetitPoisTopping_PetitPoisTopping_dynamic_1_PetitPoisTopping_dynamic_1-PetitPoisTopping_dynamic_1-rdf:type-MC","PetitPoisTopping_PetitPoisTopping_dynamic_1",117,7,"Membership","MC","SELECT ?x WHERE { <http://www.example.com/genealogy.owl#PetitPoisTopping_dynamic_1> <http://www.w3.org/1999/02/22-rdf-syntax-ns#type> ?x }","rdf:type","DomainConcept; Food; PizzaTopping; VegetableTopping",2,3
"1hop-PetitPoisTopping_PetitPoisTopping_dynamic_1_PetitPoisTopping_dynamic_1-PetitPoisTopping_dynamic_1-isToppingOf-Giardiniera_17-BIN","PetitPoisTopping_PetitPoisTopping_dynamic_1",117,7,"Property Assertion","BIN","ASK WHERE { <http://www.example.com/genealogy.owl#PetitPoisTopping_dynamic_1> <http://www.example.com/genealogy.owl#isToppingOf> <http://www.example.com/genealogy.owl#Giardiniera_17> }","isToppingOf","TRUE",2,2
"1hop-PetitPoisTopping_PetitPoisTopping_dynamic_1_PetitPoisTopping_dynamic_1-PetitPoisTopping_dynamic_1-isToppingOf-PetitPoisTopping_dynamic_1-NEG-BIN","PetitPoisTopping_PetitPoisTopping_dynamic_1",117,7,"Property Assertion","BIN","ASK WHERE { <http://www.example.com/genealogy.owl#PetitPoisTopping_dynamic_1> <http://www.example.com/genealogy.owl#isToppingOf> <http://www.example.com/genealogy.owl#PetitPoisTopping_dynamic_1> }","isToppingOf","FALSE",2,2
"1hop-PetitPoisTopping_PetitPoisTopping_dynamic_1_PetitPoisTopping_dynamic_1-PetitPoisTopping_dynamic_1-rdf:type-Food-BIN","PetitPoisTopping_PetitPoisTopping_dynamic_1",117,7,"Membership","BIN","ASK WHERE { <http://www.example.com/genealogy.owl#PetitPoisTopping_dynamic_1> <http://www.w3.org/1999/02/22-rdf-syntax-ns#type> <http://www.example.com/genealogy.owl#Food> }","rdf:type","TRUE",4,4
"1hop-PetitPoisTopping_PetitPoisTopping_dynamic_1_PetitPoisTopping_dynamic_1-PetitPoisTopping_dynamic_1-rdf:type-American-NEG-BIN","PetitPoisTopping_PetitPoisTopping_dynamic_1",117,7,"Membership","BIN","ASK WHERE { <http://www.example.com/genealogy.owl#PetitPoisTopping_dynamic_1> <http://www.w3.org/1999/02/22-rdf-syntax-ns#type> <http://www.example.com/genealogy.owl#American> }","rdf:type","FALSE",4,4
"1hop-PineKernels_PineKernels_dynamic_1_PineKernels_dynamic_1-PineKernels_dynamic_1-isToppingOf-MC","PineKernels_PineKernels_dynamic_1",117,9,"Property Assertion","MC","SELECT ?x WHERE { <http://www.example.com/genealogy.owl#PineKernels_dynamic_1> <http://www.example.com/genealogy.owl#isToppingOf> ?x }","isToppingOf","Veneziana_3; Veneziana_45; Veneziana_48; Veneziana_59; Veneziana_8; Veneziana_87; Veneziana_91; Veneziana_97",2,2
"1hop-PineKernels_PineKernels_dynamic_1_PineKernels_dynamic_1-PineKernels_dynamic_1-rdf:type-MC","PineKernels_PineKernels_dynamic_1",117,9,"Membership","MC","SELECT ?x WHERE { <http://www.example.com/genealogy.owl#PineKernels_dynamic_1> <http://www.w3.org/1999/02/22-rdf-syntax-ns#type> ?x }","rdf:type","DomainConcept; Food; NutTopping; PizzaTopping",2,3
"1hop-PineKernels_PineKernels_dynamic_1_PineKernels_dynamic_1-PineKernels_dynamic_1-rdf:type-Food-BIN","PineKernels_PineKernels_dynamic_1",117,9,"Membership","BIN","ASK WHERE { <http://www.example.com/genealogy.owl#PineKernels_dynamic_1> <http://www.w3.org/1999/02/22-rdf-syntax-ns#type> <http://www.example.com/genealogy.owl#Food> }","rdf:type","TRUE",4,4
"1hop-PineKernels_PineKernels_dynamic_1_PineKernels_dynamic_1-PineKernels_dynamic_1-rdf:type-American-NEG-BIN","PineKernels_PineKernels_dynamic_1",117,9,"Membership","BIN","ASK WHERE { <http://www.example.com/genealogy.owl#PineKernels_dynamic_1> <http://www.w3.org/1999/02/22-rdf-syntax-ns#type> <http://www.example.com/genealogy.owl#American> }","rdf:type","FALSE",4,4
"1hop-PineKernels_PineKernels_dynamic_1_PineKernels_dynamic_1-PineKernels_dynamic_1-isToppingOf-Veneziana_3-BIN","PineKernels_PineKernels_dynamic_1",117,9,"Property Assertion","BIN","ASK WHERE { <http://www.example.com/genealogy.owl#PineKernels_dynamic_1> <http://www.example.com/genealogy.owl#isToppingOf> <http://www.example.com/genealogy.owl#Veneziana_3> }","isToppingOf","TRUE",2,2
"1hop-PineKernels_PineKernels_dynamic_1_PineKernels_dynamic_1-PineKernels_dynamic_1-isToppingOf-PineKernels_dynamic_1-NEG-BIN","PineKernels_PineKernels_dynamic_1",117,9,"Property Assertion","BIN","ASK WHERE { <http://www.example.com/genealogy.owl#PineKernels_dynamic_1> <http://www.example.com/genealogy.owl#isToppingOf> <http://www.example.com/genealogy.owl#PineKernels_dynamic_1> }","isToppingOf","FALSE",2,2
"1hop-PrawnsTopping_PrawnsTopping_dynamic_1_PrawnsTopping_dynamic_1-PrawnsTopping_dynamic_1-isToppingOf-Cajun_14-BIN","PrawnsTopping_PrawnsTopping_dynamic_1",117,7,"Property Assertion","BIN","ASK WHERE { <http://www.example.com/genealogy.owl#PrawnsTopping_dynamic_1> <http://www.example.com/genealogy.owl#isToppingOf> <http://www.example.com/genealogy.owl#Cajun_14> }","isToppingOf","TRUE",2,2
"1hop-PrawnsTopping_PrawnsTopping_dynamic_1_PrawnsTopping_dynamic_1-PrawnsTopping_dynamic_1-isToppingOf-PrawnsTopping_dynamic_1-NEG-BIN","PrawnsTopping_PrawnsTopping_dynamic_1",117,7,"Property Assertion","BIN","ASK WHERE { <http://www.example.com/genealogy.owl#PrawnsTopping_dynamic_1> <http://www.example.com/genealogy.owl#isToppingOf> <http://www.example.com/genealogy.owl#PrawnsTopping_dynamic_1> }","isToppingOf","FALSE",2,2
"1hop-PrawnsTopping_PrawnsTopping_dynamic_1_PrawnsTopping_dynamic_1-PrawnsTopping_dynamic_1-isToppingOf-MC","PrawnsTopping_PrawnsTopping_dynamic_1",117,7,"Property Assertion","MC","SELECT ?x WHERE { <http://www.example.com/genealogy.owl#PrawnsTopping_dynamic_1> <http://www.example.com/genealogy.owl#isToppingOf> ?x }","isToppingOf","Cajun_14; Cajun_20; Cajun_33; Cajun_49; Cajun_84; Cajun_86",2,2
"1hop-PrawnsTopping_PrawnsTopping_dynamic_1_PrawnsTopping_dynamic_1-PrawnsTopping_dynamic_1-rdf:type-MC","PrawnsTopping_PrawnsTopping_dynamic_1",117,7,"Membership","MC","SELECT ?x WHERE { <http://www.example.com/genealogy.owl#PrawnsTopping_dynamic_1> <http://www.w3.org/1999/02/22-rdf-syntax-ns#type> ?x }","rdf:type","DomainConcept; FishTopping; Food; PizzaTopping",4,4
"1hop-PrawnsTopping_PrawnsTopping_dynamic_1_PrawnsTopping_dynamic_1-PrawnsTopping_dynamic_1-rdf:type-FishTopping-BIN","PrawnsTopping_PrawnsTopping_dynamic_1",117,7,"Membership","BIN","ASK WHERE { <http://www.example.com/genealogy.owl#PrawnsTopping_dynamic_1> <http://www.w3.org/1999/02/22-rdf-syntax-ns#type> <http://www.example.com/genealogy.owl#FishTopping> }","rdf:type","TRUE",2,2
"1hop-PrawnsTopping_PrawnsTopping_dynamic_1_PrawnsTopping_dynamic_1-PrawnsTopping_dynamic_1-rdf:type-American-NEG-BIN","PrawnsTopping_PrawnsTopping_dynamic_1",117,7,"Membership","BIN","ASK WHERE { <http://www.example.com/genealogy.owl#PrawnsTopping_dynamic_1> <http://www.w3.org/1999/02/22-rdf-syntax-ns#type> <http://www.example.com/genealogy.owl#American> }","rdf:type","FALSE",2,2
"1hop-RedOnionTopping_RedOnionTopping_dynamic_1_RedOnionTopping_dynamic_1-RedOnionTopping_dynamic_1-isToppingOf-MC","RedOnionTopping_RedOnionTopping_dynamic_1",117,10,"Property Assertion","MC","SELECT ?x WHERE { <http://www.example.com/genealogy.owl#RedOnionTopping_dynamic_1> <http://www.example.com/genealogy.owl#isToppingOf> ?x }","isToppingOf","PolloAdAstra_23; PolloAdAstra_30; PolloAdAstra_38; PolloAdAstra_39; PolloAdAstra_62; PolloAdAstra_70; PolloAdAstra_80; PolloAdAstra_81; PolloAdAstra_9",2,2
"1hop-RedOnionTopping_RedOnionTopping_dynamic_1_RedOnionTopping_dynamic_1-RedOnionTopping_dynamic_1-isToppingOf-PolloAdAstra_23-BIN","RedOnionTopping_RedOnionTopping_dynamic_1",117,10,"Property Assertion","BIN","ASK WHERE { <http://www.example.com/genealogy.owl#RedOnionTopping_dynamic_1> <http://www.example.com/genealogy.owl#isToppingOf> <http://www.example.com/genealogy.owl#PolloAdAstra_23> }","isToppingOf","TRUE",2,2
"1hop-RedOnionTopping_RedOnionTopping_dynamic_1_RedOnionTopping_dynamic_1-RedOnionTopping_dynamic_1-isToppingOf-RedOnionTopping_dynamic_1-NEG-BIN","RedOnionTopping_RedOnionTopping_dynamic_1",117,10,"Property Assertion","BIN","ASK WHERE { <http://www.example.com/genealogy.owl#RedOnionTopping_dynamic_1> <http://www.example.com/genealogy.owl#isToppingOf> <http://www.example.com/genealogy.owl#RedOnionTopping_dynamic_1> }","isToppingOf","FALSE",2,2
"1hop-RedOnionTopping_RedOnionTopping_dynamic_1_RedOnionTopping_dynamic_1-RedOnionTopping_dynamic_1-rdf:type-MC","RedOnionTopping_RedOnionTopping_dynamic_1",117,10,"Membership","MC","SELECT ?x WHERE { <http://www.example.com/genealogy.owl#RedOnionTopping_dynamic_1> <http://www.w3.org/1999/02/22-rdf-syntax-ns#type> ?x }","rdf:type","DomainConcept; Food; OnionTopping; PizzaTopping; VegetableTopping",2,2
"1hop-RedOnionTopping_RedOnionTopping_dynamic_1_RedOnionTopping_dynamic_1-RedOnionTopping_dynamic_1-rdf:type-Food-BIN","RedOnionTopping_RedOnionTopping_dynamic_1",117,10,"Membership","BIN","ASK WHERE { <http://www.example.com/genealogy.owl#RedOnionTopping_dynamic_1> <http://www.w3.org/1999/02/22-rdf-syntax-ns#type> <http://www.example.com/genealogy.owl#Food> }","rdf:type","TRUE",5,5
"1hop-RedOnionTopping_RedOnionTopping_dynamic_1_RedOnionTopping_dynamic_1-RedOnionTopping_dynamic_1-rdf:type-American-NEG-BIN","RedOnionTopping_RedOnionTopping_dynamic_1",117,10,"Membership","BIN","ASK WHERE { <http://www.example.com/genealogy.owl#RedOnionTopping_dynamic_1> <http://www.w3.org/1999/02/22-rdf-syntax-ns#type> <http://www.example.com/genealogy.owl#American> }","rdf:type","FALSE",5,5
"1hop-RocketTopping_RocketTopping_dynamic_1_RocketTopping_dynamic_1-RocketTopping_dynamic_1-isToppingOf-MC","RocketTopping_RocketTopping_dynamic_1",117,9,"Property Assertion","MC","SELECT ?x WHERE { <http://www.example.com/genealogy.owl#RocketTopping_dynamic_1> <http://www.example.com/genealogy.owl#isToppingOf> ?x }","isToppingOf","Soho_24; Soho_35; Soho_5; Soho_50; Soho_70; Soho_73; Soho_8; Soho_82",2,2
"1hop-RocketTopping_RocketTopping_dynamic_1_RocketTopping_dynamic_1-RocketTopping_dynamic_1-rdf:type-MC","RocketTopping_RocketTopping_dynamic_1",117,9,"Membership","MC","SELECT ?x WHERE { <http://www.example.com/genealogy.owl#RocketTopping_dynamic_1> <http://www.w3.org/1999/02/22-rdf-syntax-ns#type> ?x }","rdf:type","DomainConcept; Food; PizzaTopping; VegetableTopping",2,2
"1hop-RocketTopping_RocketTopping_dynamic_1_RocketTopping_dynamic_1-RocketTopping_dynamic_1-rdf:type-Food-BIN","RocketTopping_RocketTopping_dynamic_1",117,9,"Membership","BIN","ASK WHERE { <http://www.example.com/genealogy.owl#RocketTopping_dynamic_1> <http://www.w3.org/1999/02/22-rdf-syntax-ns#type> <http://www.example.com/genealogy.owl#Food> }","rdf:type","TRUE",4,4
"1hop-RocketTopping_RocketTopping_dynamic_1_RocketTopping_dynamic_1-RocketTopping_dynamic_1-rdf:type-American-NEG-BIN","RocketTopping_RocketTopping_dynamic_1",117,9,"Membership","BIN","ASK WHERE { <http://www.example.com/genealogy.owl#RocketTopping_dynamic_1> <http://www.w3.org/1999/02/22-rdf-syntax-ns#type> <http://www.example.com/genealogy.owl#American> }","rdf:type","FALSE",4,4
"1hop-RocketTopping_RocketTopping_dynamic_1_RocketTopping_dynamic_1-RocketTopping_dynamic_1-isToppingOf-Soho_24-BIN","RocketTopping_RocketTopping_dynamic_1",117,9,"Property Assertion","BIN","ASK WHERE { <http://www.example.com/genealogy.owl#RocketTopping_dynamic_1> <http://www.example.com/genealogy.owl#isToppingOf> <http://www.example.com/genealogy.owl#Soho_24> }","isToppingOf","TRUE",2,2
"1hop-RocketTopping_RocketTopping_dynamic_1_RocketTopping_dynamic_1-RocketTopping_dynamic_1-isToppingOf-RocketTopping_dynamic_1-NEG-BIN","RocketTopping_RocketTopping_dynamic_1",117,9,"Property Assertion","BIN","ASK WHERE { <http://www.example.com/genealogy.owl#RocketTopping_dynamic_1> <http://www.example.com/genealogy.owl#isToppingOf> <http://www.example.com/genealogy.owl#RocketTopping_dynamic_1> }","isToppingOf","FALSE",2,2
"1hop-RosemaryTopping_RosemaryTopping_dynamic_1_RosemaryTopping_dynamic_1-RosemaryTopping_dynamic_1-isToppingOf-PrinceCarlo_24-BIN","RosemaryTopping_RosemaryTopping_dynamic_1",117,14,"Property Assertion","BIN","ASK WHERE { <http://www.example.com/genealogy.owl#RosemaryTopping_dynamic_1> <http://www.example.com/genealogy.owl#isToppingOf> <http://www.example.com/genealogy.owl#PrinceCarlo_24> }","isToppingOf","TRUE",2,2
"1hop-RosemaryTopping_RosemaryTopping_dynamic_1_RosemaryTopping_dynamic_1-RosemaryTopping_dynamic_1-isToppingOf-RosemaryTopping_dynamic_1-NEG-BIN","RosemaryTopping_RosemaryTopping_dynamic_1",117,14,"Property Assertion","BIN","ASK WHERE { <http://www.example.com/genealogy.owl#RosemaryTopping_dynamic_1> <http://www.example.com/genealogy.owl#isToppingOf> <http://www.example.com/genealogy.owl#RosemaryTopping_dynamic_1> }","isToppingOf","FALSE",2,2
"1hop-RosemaryTopping_RosemaryTopping_dynamic_1_RosemaryTopping_dynamic_1-RosemaryTopping_dynamic_1-isToppingOf-MC","RosemaryTopping_RosemaryTopping_dynamic_1",117,14,"Property Assertion","MC","SELECT ?x WHERE { <http://www.example.com/genealogy.owl#RosemaryTopping_dynamic_1> <http://www.example.com/genealogy.owl#isToppingOf> ?x }","isToppingOf","PrinceCarlo_24; PrinceCarlo_31; PrinceCarlo_32; PrinceCarlo_37; PrinceCarlo_38; PrinceCarlo_4; PrinceCarlo_44; PrinceCarlo_66; PrinceCarlo_74; PrinceCarlo_76; PrinceCarlo_90; PrinceCarlo_97; PrinceCarlo_99",2,2
"1hop-RosemaryTopping_RosemaryTopping_dynamic_1_RosemaryTopping_dynamic_1-RosemaryTopping_dynamic_1-rdf:type-Food-BIN","RosemaryTopping_RosemaryTopping_dynamic_1",117,14,"Membership","BIN","ASK WHERE { <http://www.example.com/genealogy.owl#RosemaryTopping_dynamic_1> <http://www.w3.org/1999/02/22-rdf-syntax-ns#type> <http://www.example.com/genealogy.owl#Food> }","rdf:type","TRUE",4,4
"1hop-RosemaryTopping_RosemaryTopping_dynamic_1_RosemaryTopping_dynamic_1-RosemaryTopping_dynamic_1-rdf:type-American-NEG-BIN","RosemaryTopping_RosemaryTopping_dynamic_1",117,14,"Membership","BIN","ASK WHERE { <http://www.example.com/genealogy.owl#RosemaryTopping_dynamic_1> <http://www.w3.org/1999/02/22-rdf-syntax-ns#type> <http://www.example.com/genealogy.owl#American> }","rdf:type","FALSE",4,4
"1hop-RosemaryTopping_RosemaryTopping_dynamic_1_RosemaryTopping_dynamic_1-RosemaryTopping_dynamic_1-rdf:type-MC","RosemaryTopping_RosemaryTopping_dynamic_1",117,14,"Membership","MC","SELECT ?x WHERE { <http://www.example.com/genealogy.owl#RosemaryTopping_dynamic_1> <http://www.w3.org/1999/02/22-rdf-syntax-ns#type> ?x }","rdf:type","DomainConcept; Food; HerbSpiceTopping; PizzaTopping",4,4
"1hop-SlicedTomatoTopping_SlicedTomatoTopping_dynamic_1_SlicedTomatoTopping_dynamic_1-SlicedTomatoTopping_dynamic_1-rdf:type-MC","SlicedTomatoTopping_SlicedTomatoTopping_dynamic_1",117,7,"Membership","MC","SELECT ?x WHERE { <http://www.example.com/genealogy.owl#SlicedTomatoTopping_dynamic_1> <http://www.w3.org/1999/02/22-rdf-syntax-ns#type> ?x }","rdf:type","DomainConcept; Food; PizzaTopping; TomatoTopping; VegetableTopping",3,3
"1hop-SlicedTomatoTopping_SlicedTomatoTopping_dynamic_1_SlicedTomatoTopping_dynamic_1-SlicedTomatoTopping_dynamic_1-isToppingOf-MC","SlicedTomatoTopping_SlicedTomatoTopping_dynamic_1",117,7,"Property Assertion","MC","SELECT ?x WHERE { <http://www.example.com/genealogy.owl#SlicedTomatoTopping_dynamic_1> <http://www.example.com/genealogy.owl#isToppingOf> ?x }","isToppingOf","Giardiniera_17; Giardiniera_19; Giardiniera_56; Giardiniera_79; Giardiniera_89; Giardiniera_92",2,2
"1hop-SlicedTomatoTopping_SlicedTomatoTopping_dynamic_1_SlicedTomatoTopping_dynamic_1-SlicedTomatoTopping_dynamic_1-rdf:type-Food-BIN","SlicedTomatoTopping_SlicedTomatoTopping_dynamic_1",117,7,"Membership","BIN","ASK WHERE { <http://www.example.com/genealogy.owl#SlicedTomatoTopping_dynamic_1> <http://www.w3.org/1999/02/22-rdf-syntax-ns#type> <http://www.example.com/genealogy.owl#Food> }","rdf:type","TRUE",5,5
"1hop-SlicedTomatoTopping_SlicedTomatoTopping_dynamic_1_SlicedTomatoTopping_dynamic_1-SlicedTomatoTopping_dynamic_1-rdf:type-American-NEG-BIN","SlicedTomatoTopping_SlicedTomatoTopping_dynamic_1",117,7,"Membership","BIN","ASK WHERE { <http://www.example.com/genealogy.owl#SlicedTomatoTopping_dynamic_1> <http://www.w3.org/1999/02/22-rdf-syntax-ns#type> <http://www.example.com/genealogy.owl#American> }","rdf:type","FALSE",5,5
"1hop-SlicedTomatoTopping_SlicedTomatoTopping_dynamic_1_SlicedTomatoTopping_dynamic_1-SlicedTomatoTopping_dynamic_1-isToppingOf-Giardiniera_17-BIN","SlicedTomatoTopping_SlicedTomatoTopping_dynamic_1",117,7,"Property Assertion","BIN","ASK WHERE { <http://www.example.com/genealogy.owl#SlicedTomatoTopping_dynamic_1> <http://www.example.com/genealogy.owl#isToppingOf> <http://www.example.com/genealogy.owl#Giardiniera_17> }","isToppingOf","TRUE",2,2
"1hop-SlicedTomatoTopping_SlicedTomatoTopping_dynamic_1_SlicedTomatoTopping_dynamic_1-SlicedTomatoTopping_dynamic_1-isToppingOf-SlicedTomatoTopping_dynamic_1-NEG-BIN","SlicedTomatoTopping_SlicedTomatoTopping_dynamic_1",117,7,"Property Assertion","BIN","ASK WHERE { <http://www.example.com/genealogy.owl#SlicedTomatoTopping_dynamic_1> <http://www.example.com/genealogy.owl#isToppingOf> <http://www.example.com/genealogy.owl#SlicedTomatoTopping_dynamic_1> }","isToppingOf","FALSE",2,2
"1hop-SpinachTopping_SpinachTopping_dynamic_1_SpinachTopping_dynamic_1-SpinachTopping_dynamic_1-rdf:type-MC","SpinachTopping_SpinachTopping_dynamic_1",117,9,"Membership","MC","SELECT ?x WHERE { <http://www.example.com/genealogy.owl#SpinachTopping_dynamic_1> <http://www.w3.org/1999/02/22-rdf-syntax-ns#type> ?x }","rdf:type","DomainConcept; Food; PizzaTopping; VegetableTopping",5,5
"1hop-SpinachTopping_SpinachTopping_dynamic_1_SpinachTopping_dynamic_1-SpinachTopping_dynamic_1-isToppingOf-MC","SpinachTopping_SpinachTopping_dynamic_1",117,9,"Property Assertion","MC","SELECT ?x WHERE { <http://www.example.com/genealogy.owl#SpinachTopping_dynamic_1> <http://www.example.com/genealogy.owl#isToppingOf> ?x }","isToppingOf","Fiorentina_10; Fiorentina_22; Fiorentina_41; Fiorentina_44; Fiorentina_52; Fiorentina_6; Fiorentina_78; Fiorentina_95",2,2
"1hop-SpinachTopping_SpinachTopping_dynamic_1_SpinachTopping_dynamic_1-SpinachTopping_dynamic_1-isToppingOf-Fiorentina_10-BIN","SpinachTopping_SpinachTopping_dynamic_1",117,9,"Property Assertion","BIN","ASK WHERE { <http://www.example.com/genealogy.owl#SpinachTopping_dynamic_1> <http://www.example.com/genealogy.owl#isToppingOf> <http://www.example.com/genealogy.owl#Fiorentina_10> }","isToppingOf","TRUE",2,2
"1hop-SpinachTopping_SpinachTopping_dynamic_1_SpinachTopping_dynamic_1-SpinachTopping_dynamic_1-isToppingOf-SpinachTopping_dynamic_1-NEG-BIN","SpinachTopping_SpinachTopping_dynamic_1",117,9,"Property Assertion","BIN","ASK WHERE { <http://www.example.com/genealogy.owl#SpinachTopping_dynamic_1> <http://www.example.com/genealogy.owl#isToppingOf> <http://www.example.com/genealogy.owl#SpinachTopping_dynamic_1> }","isToppingOf","FALSE",2,2
"1hop-SpinachTopping_SpinachTopping_dynamic_1_SpinachTopping_dynamic_1-SpinachTopping_dynamic_1-rdf:type-Food-BIN","SpinachTopping_SpinachTopping_dynamic_1",117,9,"Membership","BIN","ASK WHERE { <http://www.example.com/genealogy.owl#SpinachTopping_dynamic_1> <http://www.w3.org/1999/02/22-rdf-syntax-ns#type> <http://www.example.com/genealogy.owl#Food> }","rdf:type","TRUE",4,4
"1hop-SpinachTopping_SpinachTopping_dynamic_1_SpinachTopping_dynamic_1-SpinachTopping_dynamic_1-rdf:type-American-NEG-BIN","SpinachTopping_SpinachTopping_dynamic_1",117,9,"Membership","BIN","ASK WHERE { <http://www.example.com/genealogy.owl#SpinachTopping_dynamic_1> <http://www.w3.org/1999/02/22-rdf-syntax-ns#type> <http://www.example.com/genealogy.owl#American> }","rdf:type","FALSE",4,4
"1hop-SultanaTopping_SultanaTopping_dynamic_1_SultanaTopping_dynamic_1-SultanaTopping_dynamic_1-isToppingOf-MC","SultanaTopping_SultanaTopping_dynamic_1",117,9,"Property Assertion","MC","SELECT ?x WHERE { <http://www.example.com/genealogy.owl#SultanaTopping_dynamic_1> <http://www.example.com/genealogy.owl#isToppingOf> ?x }","isToppingOf","Veneziana_3; Veneziana_45; Veneziana_48; Veneziana_59; Veneziana_8; Veneziana_87; Veneziana_91; Veneziana_97",2,2
"1hop-SultanaTopping_SultanaTopping_dynamic_1_SultanaTopping_dynamic_1-SultanaTopping_dynamic_1-rdf:type-Food-BIN","SultanaTopping_SultanaTopping_dynamic_1",117,9,"Membership","BIN","ASK WHERE { <http://www.example.com/genealogy.owl#SultanaTopping_dynamic_1> <http://www.w3.org/1999/02/22-rdf-syntax-ns#type> <http://www.example.com/genealogy.owl#Food> }","rdf:type","TRUE",4,4
"1hop-SultanaTopping_SultanaTopping_dynamic_1_SultanaTopping_dynamic_1-SultanaTopping_dynamic_1-rdf:type-American-NEG-BIN","SultanaTopping_SultanaTopping_dynamic_1",117,9,"Membership","BIN","ASK WHERE { <http://www.example.com/genealogy.owl#SultanaTopping_dynamic_1> <http://www.w3.org/1999/02/22-rdf-syntax-ns#type> <http://www.example.com/genealogy.owl#American> }","rdf:type","FALSE",4,4
"1hop-SultanaTopping_SultanaTopping_dynamic_1_SultanaTopping_dynamic_1-SultanaTopping_dynamic_1-rdf:type-MC","SultanaTopping_SultanaTopping_dynamic_1",117,9,"Membership","MC","SELECT ?x WHERE { <http://www.example.com/genealogy.owl#SultanaTopping_dynamic_1> <http://www.w3.org/1999/02/22-rdf-syntax-ns#type> ?x }","rdf:type","DomainConcept; Food; FruitTopping; PizzaTopping",4,4
"1hop-SultanaTopping_SultanaTopping_dynamic_1_SultanaTopping_dynamic_1-SultanaTopping_dynamic_1-isToppingOf-Veneziana_3-BIN","SultanaTopping_SultanaTopping_dynamic_1",117,9,"Property Assertion","BIN","ASK WHERE { <http://www.example.com/genealogy.owl#SultanaTopping_dynamic_1> <http://www.example.com/genealogy.owl#isToppingOf> <http://www.example.com/genealogy.owl#Veneziana_3> }","isToppingOf","TRUE",2,2
"1hop-SultanaTopping_SultanaTopping_dynamic_1_SultanaTopping_dynamic_1-SultanaTopping_dynamic_1-isToppingOf-SultanaTopping_dynamic_1-NEG-BIN","SultanaTopping_SultanaTopping_dynamic_1",117,9,"Property Assertion","BIN","ASK WHERE { <http://www.example.com/genealogy.owl#SultanaTopping_dynamic_1> <http://www.example.com/genealogy.owl#isToppingOf> <http://www.example.com/genealogy.owl#SultanaTopping_dynamic_1> }","isToppingOf","FALSE",2,2
"1hop-SundriedTomatoTopping_SundriedTomatoTopping_dynamic_1_SundriedTomatoTopping_dynamic_1-SundriedTomatoTopping_dynamic_1-rdf:type-MC","SundriedTomatoTopping_SundriedTomatoTopping_dynamic_1",117,13,"Membership","MC","SELECT ?x WHERE { <http://www.example.com/genealogy.owl#SundriedTomatoTopping_dynamic_1> <http://www.w3.org/1999/02/22-rdf-syntax-ns#type> ?x }","rdf:type","DomainConcept; Food; PizzaTopping; TomatoTopping; VegetableTopping",2,2
"1hop-SundriedTomatoTopping_SundriedTomatoTopping_dynamic_1_SundriedTomatoTopping_dynamic_1-SundriedTomatoTopping_dynamic_1-rdf:type-Food-BIN","SundriedTomatoTopping_SundriedTomatoTopping_dynamic_1",117,13,"Membership","BIN","ASK WHERE { <http://www.example.com/genealogy.owl#SundriedTomatoTopping_dynamic_1> <http://www.w3.org/1999/02/22-rdf-syntax-ns#type> <http://www.example.com/genealogy.owl#Food> }","rdf:type","TRUE",5,5
"1hop-SundriedTomatoTopping_SundriedTomatoTopping_dynamic_1_SundriedTomatoTopping_dynamic_1-SundriedTomatoTopping_dynamic_1-rdf:type-American-NEG-BIN","SundriedTomatoTopping_SundriedTomatoTopping_dynamic_1",117,13,"Membership","BIN","ASK WHERE { <http://www.example.com/genealogy.owl#SundriedTomatoTopping_dynamic_1> <http://www.w3.org/1999/02/22-rdf-syntax-ns#type> <http://www.example.com/genealogy.owl#American> }","rdf:type","FALSE",5,5
"1hop-SundriedTomatoTopping_SundriedTomatoTopping_dynamic_1_SundriedTomatoTopping_dynamic_1-SundriedTomatoTopping_dynamic_1-isToppingOf-MC","SundriedTomatoTopping_SundriedTomatoTopping_dynamic_1",117,13,"Property Assertion","MC","SELECT ?x WHERE { <http://www.example.com/genealogy.owl#SundriedTomatoTopping_dynamic_1> <http://www.example.com/genealogy.owl#isToppingOf> ?x }","isToppingOf","Caprina_25; Caprina_26; Caprina_31; Caprina_42; Caprina_46; Caprina_55; Caprina_64; Caprina_67; Caprina_72; Caprina_81; Caprina_82; Caprina_98",2,2
"1hop-SundriedTomatoTopping_SundriedTomatoTopping_dynamic_1_SundriedTomatoTopping_dynamic_1-SundriedTomatoTopping_dynamic_1-isToppingOf-Caprina_25-BIN","SundriedTomatoTopping_SundriedTomatoTopping_dynamic_1",117,13,"Property Assertion","BIN","ASK WHERE { <http://www.example.com/genealogy.owl#SundriedTomatoTopping_dynamic_1> <http://www.example.com/genealogy.owl#isToppingOf> <http://www.example.com/genealogy.owl#Caprina_25> }","isToppingOf","TRUE",2,2
"1hop-SundriedTomatoTopping_SundriedTomatoTopping_dynamic_1_SundriedTomatoTopping_dynamic_1-SundriedTomatoTopping_dynamic_1-isToppingOf-SundriedTomatoTopping_dynamic_1-NEG-BIN","SundriedTomatoTopping_SundriedTomatoTopping_dynamic_1",117,13,"Property Assertion","BIN","ASK WHERE { <http://www.example.com/genealogy.owl#SundriedTomatoTopping_dynamic_1> <http://www.example.com/genealogy.owl#isToppingOf> <http://www.example.com/genealogy.owl#SundriedTomatoTopping_dynamic_1> }","isToppingOf","FALSE",2,2
"1hop-SweetPepperTopping_SweetPepperTopping_dynamic_1_SweetPepperTopping_dynamic_1-SweetPepperTopping_dynamic_1-isToppingOf-MC","SweetPepperTopping_SweetPepperTopping_dynamic_1",117,10,"Property Assertion","MC","SELECT ?x WHERE { <http://www.example.com/genealogy.owl#SweetPepperTopping_dynamic_1> <http://www.example.com/genealogy.owl#isToppingOf> ?x }","isToppingOf","PolloAdAstra_23; PolloAdAstra_30; PolloAdAstra_38; PolloAdAstra_39; PolloAdAstra_62; PolloAdAstra_70; PolloAdAstra_80; PolloAdAstra_81; PolloAdAstra_9",2,2
"1hop-SweetPepperTopping_SweetPepperTopping_dynamic_1_SweetPepperTopping_dynamic_1-SweetPepperTopping_dynamic_1-rdf:type-Food-BIN","SweetPepperTopping_SweetPepperTopping_dynamic_1",117,10,"Membership","BIN","ASK WHERE { <http://www.example.com/genealogy.owl#SweetPepperTopping_dynamic_1> <http://www.w3.org/1999/02/22-rdf-syntax-ns#type> <http://www.example.com/genealogy.owl#Food> }","rdf:type","TRUE",5,5
"1hop-SweetPepperTopping_SweetPepperTopping_dynamic_1_SweetPepperTopping_dynamic_1-SweetPepperTopping_dynamic_1-rdf:type-American-NEG-BIN","SweetPepperTopping_SweetPepperTopping_dynamic_1",117,10,"Membership","BIN","ASK WHERE { <http://www.example.com/genealogy.owl#SweetPepperTopping_dynamic_1> <http://www.w3.org/1999/02/22-rdf-syntax-ns#type> <http://www.example.com/genealogy.owl#American> }","rdf:type","FALSE",5,5
"1hop-SweetPepperTopping_SweetPepperTopping_dynamic_1_SweetPepperTopping_dynamic_1-SweetPepperTopping_dynamic_1-rdf:type-MC","SweetPepperTopping_SweetPepperTopping_dynamic_1",117,10,"Membership","MC","SELECT ?x WHERE { <http://www.example.com/genealogy.owl#SweetPepperTopping_dynamic_1> <http://www.w3.org/1999/02/22-rdf-syntax-ns#type> ?x }","rdf:type","DomainConcept; Food; PepperTopping; PizzaTopping; VegetableTopping",5,5
"1hop-SweetPepperTopping_SweetPepperTopping_dynamic_1_SweetPepperTopping_dynamic_1-SweetPepperTopping_dynamic_1-isToppingOf-PolloAdAstra_23-BIN","SweetPepperTopping_SweetPepperTopping_dynamic_1",117,10,"Property Assertion","BIN","ASK WHERE { <http://www.example.com/genealogy.owl#SweetPepperTopping_dynamic_1> <http://www.example.com/genealogy.owl#isToppingOf> <http://www.example.com/genealogy.owl#PolloAdAstra_23> }","isToppingOf","TRUE",2,2
"1hop-SweetPepperTopping_SweetPepperTopping_dynamic_1_SweetPepperTopping_dynamic_1-SweetPepperTopping_dynamic_1-isToppingOf-SweetPepperTopping_dynamic_1-NEG-BIN","SweetPepperTopping_SweetPepperTopping_dynamic_1",117,10,"Property Assertion","BIN","ASK WHERE { <http://www.example.com/genealogy.owl#SweetPepperTopping_dynamic_1> <http://www.example.com/genealogy.owl#isToppingOf> <http://www.example.com/genealogy.owl#SweetPepperTopping_dynamic_1> }","isToppingOf","FALSE",2,2
"1hop-TobascoPepperSauce_TobascoPepperSauce_dynamic_1_TobascoPepperSauce_dynamic_1-TobascoPepperSauce_dynamic_1-rdf:type-Food-BIN","TobascoPepperSauce_TobascoPepperSauce_dynamic_1",117,7,"Membership","BIN","ASK WHERE { <http://www.example.com/genealogy.owl#TobascoPepperSauce_dynamic_1> <http://www.w3.org/1999/02/22-rdf-syntax-ns#type> <http://www.example.com/genealogy.owl#Food> }","rdf:type","TRUE",4,4
"1hop-TobascoPepperSauce_TobascoPepperSauce_dynamic_1_TobascoPepperSauce_dynamic_1-TobascoPepperSauce_dynamic_1-rdf:type-American-NEG-BIN","TobascoPepperSauce_TobascoPepperSauce_dynamic_1",117,7,"Membership","BIN","ASK WHERE { <http://www.example.com/genealogy.owl#TobascoPepperSauce_dynamic_1> <http://www.w3.org/1999/02/22-rdf-syntax-ns#type> <http://www.example.com/genealogy.owl#American> }","rdf:type","FALSE",4,4
"1hop-TobascoPepperSauce_TobascoPepperSauce_dynamic_1_TobascoPepperSauce_dynamic_1-TobascoPepperSauce_dynamic_1-rdf:type-MC","TobascoPepperSauce_TobascoPepperSauce_dynamic_1",117,7,"Membership","MC","SELECT ?x WHERE { <http://www.example.com/genealogy.owl#TobascoPepperSauce_dynamic_1> <http://www.w3.org/1999/02/22-rdf-syntax-ns#type> ?x }","rdf:type","DomainConcept; Food; PizzaTopping; SauceTopping",4,4
"1hop-TobascoPepperSauce_TobascoPepperSauce_dynamic_1_TobascoPepperSauce_dynamic_1-TobascoPepperSauce_dynamic_1-isToppingOf-MC","TobascoPepperSauce_TobascoPepperSauce_dynamic_1",117,7,"Property Assertion","MC","SELECT ?x WHERE { <http://www.example.com/genealogy.owl#TobascoPepperSauce_dynamic_1> <http://www.example.com/genealogy.owl#isToppingOf> ?x }","isToppingOf","Cajun_14; Cajun_20; Cajun_33; Cajun_49; Cajun_84; Cajun_86",2,2
"1hop-TobascoPepperSauce_TobascoPepperSauce_dynamic_1_TobascoPepperSauce_dynamic_1-TobascoPepperSauce_dynamic_1-isToppingOf-Cajun_14-BIN","TobascoPepperSauce_TobascoPepperSauce_dynamic_1",117,7,"Property Assertion","BIN","ASK WHERE { <http://www.example.com/genealogy.owl#TobascoPepperSauce_dynamic_1> <http://www.example.com/genealogy.owl#isToppingOf> <http://www.example.com/genealogy.owl#Cajun_14> }","isToppingOf","TRUE",2,2
"1hop-TobascoPepperSauce_TobascoPepperSauce_dynamic_1_TobascoPepperSauce_dynamic_1-TobascoPepperSauce_dynamic_1-isToppingOf-TobascoPepperSauce_dynamic_1-NEG-BIN","TobascoPepperSauce_TobascoPepperSauce_dynamic_1",117,7,"Property Assertion","BIN","ASK WHERE { <http://www.example.com/genealogy.owl#TobascoPepperSauce_dynamic_1> <http://www.example.com/genealogy.owl#isToppingOf> <http://www.example.com/genealogy.owl#TobascoPepperSauce_dynamic_1> }","isToppingOf","FALSE",2,2
"1hop-TomatoTopping_TomatoTopping_dynamic_1_TomatoTopping_dynamic_1-TomatoTopping_dynamic_1-isToppingOf-MC","TomatoTopping_TomatoTopping_dynamic_1",117,196,"Property Assertion","MC","SELECT ?x WHERE { <http://www.example.com/genealogy.owl#TomatoTopping_dynamic_1> <http://www.example.com/genealogy.owl#isToppingOf> ?x }","isToppingOf","AmericanHot_1; AmericanHot_28; AmericanHot_56; AmericanHot_57; AmericanHot_72; AmericanHot_73; American_10; American_19; American_2; American_28; American_34; American_43; American_46; American_49; American_54; American_55; American_57; American_63; American_7; American_83; American_85; American_88; American_9; Cajun_14; Cajun_20; Cajun_33; Cajun_49; Cajun_84; Cajun_86; Capricciosa_0; Capricciosa_22; Capricciosa_27; Capricciosa_29; Capricciosa_32; Caprina_25; Caprina_26; Caprina_31; Caprina_42; Caprina_46; Caprina_55; Caprina_64; Caprina_67; Caprina_72; Caprina_81; Caprina_82; Caprina_98; Fiorentina_10; Fiorentina_22; Fiorentina_41; Fiorentina_44; Fiorentina_52; Fiorentina_6; Fiorentina_78; Fiorentina_95; FourSeasons_26; FourSeasons_43; FourSeasons_67; FourSeasons_71; FourSeasons_77; FourSeasons_88; FourSeasons_92; FourSeasons_94; FruttiDiMare_13; FruttiDiMare_15; FruttiDiMare_33; FruttiDiMare_36; FruttiDiMare_74; FruttiDiMare_75; FruttiDiMare_93; FruttiDiMare_96; Giardiniera_17; Giardiniera_19; Giardiniera_56; Giardiniera_79; Giardiniera_89; Giardiniera_92; LaReine_14; LaReine_16; LaReine_18; LaReine_58; LaReine_65; LaReine_66; LaReine_75; LaReine_78; LaReine_86; Margherita_20; Margherita_21; Margherita_34; Margherita_35; Margherita_36; Margherita_40; Margherita_48; Margherita_50; Margherita_53; Margherita_58; Margherita_59; Margherita_60; Margherita_62; Margherita_68; Margherita_69; Mushroom_12; Mushroom_3; Mushroom_41; Mushroom_51; Mushroom_52; Mushroom_63; Mushroom_7; Mushroom_93; Napoletana_2; Napoletana_21; Napoletana_25; Napoletana_27; Napoletana_29; Napoletana_30; Napoletana_51; Napoletana_53; Napoletana_6; Napoletana_84; Parmense_0; Parmense_11; Parmense_18; Parmense_64; Parmense_71; Parmense_76; Parmense_77; Parmense_87; PolloAdAstra_23; PolloAdAstra_30; PolloAdAstra_38; PolloAdAstra_39; PolloAdAstra_62; PolloAdAstra_70; PolloAdAstra_80; PolloAdAstra_81; PolloAdAstra_9; PrinceCarlo_24; PrinceCarlo_31; PrinceCarlo_32; PrinceCarlo_37; PrinceCarlo_38; PrinceCarlo_4; PrinceCarlo_44; PrinceCarlo_66; PrinceCarlo_74; PrinceCarlo_76; PrinceCarlo_90; PrinceCarlo_97; PrinceCarlo_99; QuattroFormaggi_37; QuattroFormaggi_4; QuattroFormaggi_42; QuattroFormaggi_61; QuattroFormaggi_65; QuattroFormaggi_69; QuattroFormaggi_79; QuattroFormaggi_89; QuattroFormaggi_94; QuattroFormaggi_95; Rosa_12; Rosa_60; Rosa_68; Rosa_83; Rosa_90; Rosa_91; Rosa_96; Siciliana_13; Siciliana_40; Siciliana_45; Siciliana_47; Siciliana_5; Siciliana_54; Siciliana_61; SloppyGiuseppe_1; SloppyGiuseppe_11; SloppyGiuseppe_15; SloppyGiuseppe_17; SloppyGiuseppe_23; SloppyGiuseppe_98; SloppyGiuseppe_99; Soho_24; Soho_35; Soho_5; Soho_50; Soho_70; Soho_73; Soho_8; Soho_82; Veneziana_3; Veneziana_45; Veneziana_48; Veneziana_59; Veneziana_8; Veneziana_87; Veneziana_91; Veneziana_97",2,2
"1hop-TomatoTopping_TomatoTopping_dynamic_1_TomatoTopping_dynamic_1-TomatoTopping_dynamic_1-rdf:type-MC","TomatoTopping_TomatoTopping_dynamic_1",117,196,"Membership","MC","SELECT ?x WHERE { <http://www.example.com/genealogy.owl#TomatoTopping_dynamic_1> <http://www.w3.org/1999/02/22-rdf-syntax-ns#type> ?x }","rdf:type","DomainConcept; Food; PizzaTopping; VegetableTopping",2,2
"1hop-TomatoTopping_TomatoTopping_dynamic_1_TomatoTopping_dynamic_1-TomatoTopping_dynamic_1-isToppingOf-AmericanHot_1-BIN","TomatoTopping_TomatoTopping_dynamic_1",117,196,"Property Assertion","BIN","ASK WHERE { <http://www.example.com/genealogy.owl#TomatoTopping_dynamic_1> <http://www.example.com/genealogy.owl#isToppingOf> <http://www.example.com/genealogy.owl#AmericanHot_1> }","isToppingOf","TRUE",2,2
"1hop-TomatoTopping_TomatoTopping_dynamic_1_TomatoTopping_dynamic_1-TomatoTopping_dynamic_1-isToppingOf-TomatoTopping_dynamic_1-NEG-BIN","TomatoTopping_TomatoTopping_dynamic_1",117,196,"Property Assertion","BIN","ASK WHERE { <http://www.example.com/genealogy.owl#TomatoTopping_dynamic_1> <http://www.example.com/genealogy.owl#isToppingOf> <http://www.example.com/genealogy.owl#TomatoTopping_dynamic_1> }","isToppingOf","FALSE",2,2
"1hop-TomatoTopping_TomatoTopping_dynamic_1_TomatoTopping_dynamic_1-TomatoTopping_dynamic_1-rdf:type-Food-BIN","TomatoTopping_TomatoTopping_dynamic_1",117,196,"Membership","BIN","ASK WHERE { <http://www.example.com/genealogy.owl#TomatoTopping_dynamic_1> <http://www.w3.org/1999/02/22-rdf-syntax-ns#type> <http://www.example.com/genealogy.owl#Food> }","rdf:type","TRUE",4,4
"1hop-TomatoTopping_TomatoTopping_dynamic_1_TomatoTopping_dynamic_1-TomatoTopping_dynamic_1-rdf:type-American-NEG-BIN","TomatoTopping_TomatoTopping_dynamic_1",117,196,"Membership","BIN","ASK WHERE { <http://www.example.com/genealogy.owl#TomatoTopping_dynamic_1> <http://www.w3.org/1999/02/22-rdf-syntax-ns#type> <http://www.example.com/genealogy.owl#American> }","rdf:type","FALSE",4,4
