input_hash,representation,task_id,dataset,hop,task_group,gold_answer,gold_semantics_compatible,classification,duplicate_group_size
003cea31e40dadfc372dfc57fe00779ce939ad6d6bc03901c6e02b81835139c0,AR,6118,OWL2Bench,1hop,BQA,TRUE,true,abstract_equivalence_candidate_requires_review,2
003cea31e40dadfc372dfc57fe00779ce939ad6d6bc03901c6e02b81835139c0,AR,7601,OWL2Bench,2hop,BQA,TRUE,true,abstract_equivalence_candidate_requires_review,2
009d886fbfe62a36b4c5717353288a3fb9463bdf84f5bdeb47c44ca81976eac3,NL,6419,OWL2Bench,1hop,BQA,FALSE,true,natural_language_duplicate_candidate_requires_review,3
009d886fbfe62a36b4c5717353288a3fb9463bdf84f5bdeb47c44ca81976eac3,NL,6433,OWL2Bench,1hop,BQA,FALSE,true,natural_language_duplicate_candidate_requires_review,3
009d886fbfe62a36b4c5717353288a3fb9463bdf84f5bdeb47c44ca81976eac3,NL,6449,OWL2Bench,1hop,BQA,FALSE,true,natural_language_duplicate_candidate_requires_review,3
00f1e2c6b6b437600a9d66e746f224c23c6b4fd53c64f39791efa1043d3df3a4,NL,4590,Pizza100,2hop,OEQA,PolloAdAstra_23; PolloAdAstra_30; PolloAdAstra_38; PolloAdAstra_39; PolloAdAstra_62; PolloAdAstra_70; PolloAdAstra_80; PolloAdAstra_81; PolloAdAstra_9,false,incompatible_gold_semantics_failure,2
00f1e2c6b6b437600a9d66e746f224c23c6b4fd53c64f39791efa1043d3df3a4,NL,5784,Pizza250,2hop,OEQA,PolloAdAstra_11; PolloAdAstra_115; PolloAdAstra_178; PolloAdAstra_18; PolloAdAstra_205; PolloAdAstra_22; PolloAdAstra_33; PolloAdAstra_70; PolloAdAstra_74; PolloAdAstra_91; PolloAdAstra_95,false,incompatible_gold_semantics_failure,2
01f4b2913b11694360ad5704dc43f91266f93908de95e209bb058ac91ea58e53,FS,4146,Pizza100,1hop,OEQA,AnchoviesTopping_dynamic_1; CaperTopping_dynamic_1; MozzarellaTopping_dynamic_1; MushroomTopping_dynamic_1; OliveTopping_dynamic_1; PeperoniSausageTopping_dynamic_1; TomatoTopping_dynamic_1,true,formal_duplicate_candidate_requires_review,2
01f4b2913b11694360ad5704dc43f91266f93908de95e209bb058ac91ea58e53,FS,5240,Pizza250,1hop,OEQA,AnchoviesTopping_dynamic_1; CaperTopping_dynamic_1; MozzarellaTopping_dynamic_1; MushroomTopping_dynamic_1; OliveTopping_dynamic_1; PeperoniSausageTopping_dynamic_1; TomatoTopping_dynamic_1,true,formal_duplicate_candidate_requires_review,2
0272019dfc846f2bbdcab40af106a7c83f462b3314d6095bff820ddeac2327aa,NL,4722,Pizza100,2hop,OEQA,DomainConcept; Food; Pizza,true,natural_language_duplicate_candidate_requires_review,5
0272019dfc846f2bbdcab40af106a7c83f462b3314d6095bff820ddeac2327aa,NL,4725,Pizza100,2hop,OEQA,DomainConcept; Food; Pizza,true,natural_language_duplicate_candidate_requires_review,5
0272019dfc846f2bbdcab40af106a7c83f462b3314d6095bff820ddeac2327aa,NL,5946,Pizza250,2hop,OEQA,DomainConcept; Food; Pizza,true,natural_language_duplicate_candidate_requires_review,5
0272019dfc846f2bbdcab40af106a7c83f462b3314d6095bff820ddeac2327aa,NL,5950,Pizza250,2hop,OEQA,DomainConcept; Food; Pizza,true,natural_language_duplicate_candidate_requires_review,5
0272019dfc846f2bbdcab40af106a7c83f462b3314d6095bff820ddeac2327aa,NL,5952,Pizza250,2hop,OEQA,DomainConcept; Food; Pizza,true,natural_language_duplicate_candidate_requires_review,5
02acc208abffced57ac261afd20ad50445539013f2437aadc0cb954a909646e6,NL,4741,Pizza100,2hop,OEQA,CaperTopping_dynamic_1; MozzarellaTopping_dynamic_1; OliveTopping_dynamic_1; OnionTopping_dynamic_1; PineKernels_dynamic_1; SultanaTopping_dynamic_1; TomatoTopping_dynamic_1,true,natural_language_duplicate_candidate_requires_review,2
02acc208abffced57ac261afd20ad50445539013f2437aadc0cb954a909646e6,NL,5975,Pizza250,2hop,OEQA,CaperTopping_dynamic_1; MozzarellaTopping_dynamic_1; OliveTopping_dynamic_1; OnionTopping_dynamic_1; PineKernels_dynamic_1; SultanaTopping_dynamic_1; TomatoTopping_dynamic_1,true,natural_language_duplicate_candidate_requires_review,2
034ce4aaf9ed74865378d6ae73bf67e8c0feb7c0e5dfa861cd954cae1e14c307,NL,3961,Pizza100,1hop,BQA,FALSE,true,natural_language_duplicate_candidate_requires_review,5
034ce4aaf9ed74865378d6ae73bf67e8c0feb7c0e5dfa861cd954cae1e14c307,NL,3965,Pizza100,1hop,BQA,FALSE,true,natural_language_duplicate_candidate_requires_review,5
034ce4aaf9ed74865378d6ae73bf67e8c0feb7c0e5dfa861cd954cae1e14c307,NL,4983,Pizza250,1hop,BQA,FALSE,true,natural_language_duplicate_candidate_requires_review,5
034ce4aaf9ed74865378d6ae73bf67e8c0feb7c0e5dfa861cd954cae1e14c307,NL,4987,Pizza250,1hop,BQA,FALSE,true,natural_language_duplicate_candidate_requires_review,5
034ce4aaf9ed74865378d6ae73bf67e8c0feb7c0e5dfa861cd954cae1e14c307,NL,4989,Pizza250,1hop,BQA,FALSE,true,natural_language_duplicate_candidate_requires_review,5
034fa703a68833648a0f08ce0eb96029da14125a6a30aff358eccfdea8839390,NL,4104,Pizza100,1hop,OEQA,DomainConcept; FishTopping; Food; PizzaTopping,true,natural_language_duplicate_candidate_requires_review,2
034fa703a68833648a0f08ce0eb96029da14125a6a30aff358eccfdea8839390,NL,5176,Pizza250,1hop,OEQA,DomainConcept; FishTopping; Food; PizzaTopping,true,natural_language_duplicate_candidate_requires_review,2
038cecf0ae592626aab549d8f951fda1b32e0fb5f728bcae99b86d5fe9431572,NL,4581,Pizza100,2hop,BQA,TRUE,true,natural_language_duplicate_candidate_requires_review,2
038cecf0ae592626aab549d8f951fda1b32e0fb5f728bcae99b86d5fe9431572,NL,5774,Pizza250,2hop,BQA,TRUE,true,natural_language_duplicate_candidate_requires_review,2
043ccd1c1473b4ae4636dcd21dda68f87927892c66b07223b10c6acb447a3143,NL,4847,Pizza250,1hop,BQA,TRUE,true,natural_language_duplicate_candidate_requires_review,2
043ccd1c1473b4ae4636dcd21dda68f87927892c66b07223b10c6acb447a3143,NL,4853,Pizza250,1hop,BQA,TRUE,true,natural_language_duplicate_candidate_requires_review,2
048cf654eaf32e543822dc1e9f30087219206b9851b3c4127bb0cef8e2c7cc5d,NL,4644,Pizza100,2hop,OEQA,DomainConcept; Food; Pizza,true,natural_language_duplicate_candidate_requires_review,2
048cf654eaf32e543822dc1e9f30087219206b9851b3c4127bb0cef8e2c7cc5d,NL,5860,Pizza250,2hop,OEQA,DomainConcept; Food; Pizza,true,natural_language_duplicate_candidate_requires_review,2
04965d2f2d3c857c1bf2bb5d960bebe06a2af5086f1e5f06ce2657418bce4ea9,NL,4419,Pizza100,2hop,BQA,TRUE,true,natural_language_duplicate_candidate_requires_review,4
04965d2f2d3c857c1bf2bb5d960bebe06a2af5086f1e5f06ce2657418bce4ea9,NL,4423,Pizza100,2hop,BQA,TRUE,true,natural_language_duplicate_candidate_requires_review,4
04965d2f2d3c857c1bf2bb5d960bebe06a2af5086f1e5f06ce2657418bce4ea9,NL,5542,Pizza250,2hop,BQA,TRUE,true,natural_language_duplicate_candidate_requires_review,4
04965d2f2d3c857c1bf2bb5d960bebe06a2af5086f1e5f06ce2657418bce4ea9,NL,5546,Pizza250,2hop,BQA,TRUE,true,natural_language_duplicate_candidate_requires_review,4
04ca9c636388b9bbd282d41cc830e33ba69b94334099b4c1c41fab092ae409b3,NL,3830,Pizza100,1hop,BQA,FALSE,true,natural_language_duplicate_candidate_requires_review,7
04ca9c636388b9bbd282d41cc830e33ba69b94334099b4c1c41fab092ae409b3,NL,3832,Pizza100,1hop,BQA,FALSE,true,natural_language_duplicate_candidate_requires_review,7
04ca9c636388b9bbd282d41cc830e33ba69b94334099b4c1c41fab092ae409b3,NL,3834,Pizza100,1hop,BQA,FALSE,true,natural_language_duplicate_candidate_requires_review,7
04ca9c636388b9bbd282d41cc830e33ba69b94334099b4c1c41fab092ae409b3,NL,3838,Pizza100,1hop,BQA,FALSE,true,natural_language_duplicate_candidate_requires_review,7
04ca9c636388b9bbd282d41cc830e33ba69b94334099b4c1c41fab092ae409b3,NL,4844,Pizza250,1hop,BQA,FALSE,true,natural_language_duplicate_candidate_requires_review,7
04ca9c636388b9bbd282d41cc830e33ba69b94334099b4c1c41fab092ae409b3,NL,4846,Pizza250,1hop,BQA,FALSE,true,natural_language_duplicate_candidate_requires_review,7
04ca9c636388b9bbd282d41cc830e33ba69b94334099b4c1c41fab092ae409b3,NL,4852,Pizza250,1hop,BQA,FALSE,true,natural_language_duplicate_candidate_requires_review,7
04fb3306a72789239daead7314341ddd3170eafe27effe6fd11848e1d0c139cc,NL,4819,Pizza250,1hop,BQA,FALSE,true,natural_language_duplicate_candidate_requires_review,3
04fb3306a72789239daead7314341ddd3170eafe27effe6fd11848e1d0c139cc,NL,4831,Pizza250,1hop,BQA,FALSE,true,natural_language_duplicate_candidate_requires_review,3
04fb3306a72789239daead7314341ddd3170eafe27effe6fd11848e1d0c139cc,NL,4837,Pizza250,1hop,BQA,FALSE,true,natural_language_duplicate_candidate_requires_review,3
05f7c70b2ca165c69919f2619cbf97b154c80089e66f22ae9b18777542666ca6,NL,4382,Pizza100,2hop,BQA,FALSE,true,natural_language_duplicate_candidate_requires_review,3
05f7c70b2ca165c69919f2619cbf97b154c80089e66f22ae9b18777542666ca6,NL,4386,Pizza100,2hop,BQA,FALSE,true,natural_language_duplicate_candidate_requires_review,3
05f7c70b2ca165c69919f2619cbf97b154c80089e66f22ae9b18777542666ca6,NL,5519,Pizza250,2hop,BQA,FALSE,true,natural_language_duplicate_candidate_requires_review,3
0721b370d721d4520917e078ad67e76adb14fb1436b33972b36aec0c40a4ed5b,NL,4411,Pizza100,2hop,BQA,TRUE,true,natural_language_duplicate_candidate_requires_review,3
0721b370d721d4520917e078ad67e76adb14fb1436b33972b36aec0c40a4ed5b,NL,4421,Pizza100,2hop,BQA,TRUE,true,natural_language_duplicate_candidate_requires_review,3
0721b370d721d4520917e078ad67e76adb14fb1436b33972b36aec0c40a4ed5b,NL,5552,Pizza250,2hop,BQA,TRUE,true,natural_language_duplicate_candidate_requires_review,3
082f830fb13e1a7d710a76a3cf3c6078752800e57260e9e4d30e1439975d229c,NL,4420,Pizza100,2hop,BQA,FALSE,true,natural_language_duplicate_candidate_requires_review,2
082f830fb13e1a7d710a76a3cf3c6078752800e57260e9e4d30e1439975d229c,NL,5549,Pizza250,2hop,BQA,FALSE,true,natural_language_duplicate_candidate_requires_review,2
09a9f66a249051b66a0c790829cd0773b875410eb4dcc0d32cbd54e4368f9cc2,NL,4529,Pizza100,2hop,BQA,TRUE,true,natural_language_duplicate_candidate_requires_review,5
09a9f66a249051b66a0c790829cd0773b875410eb4dcc0d32cbd54e4368f9cc2,NL,4533,Pizza100,2hop,BQA,TRUE,true,natural_language_duplicate_candidate_requires_review,5
09a9f66a249051b66a0c790829cd0773b875410eb4dcc0d32cbd54e4368f9cc2,NL,5694,Pizza250,2hop,BQA,TRUE,true,natural_language_duplicate_candidate_requires_review,5
09a9f66a249051b66a0c790829cd0773b875410eb4dcc0d32cbd54e4368f9cc2,NL,5698,Pizza250,2hop,BQA,TRUE,true,natural_language_duplicate_candidate_requires_review,5
09a9f66a249051b66a0c790829cd0773b875410eb4dcc0d32cbd54e4368f9cc2,NL,5708,Pizza250,2hop,BQA,TRUE,true,natural_language_duplicate_candidate_requires_review,5
0ab8427f990f719e2e52b3c17ef4df3adee621099e3c0cabd145ed2a956eb6ee,NL,4663,Pizza100,2hop,OEQA,DomainConcept; Food; Pizza,true,natural_language_duplicate_candidate_requires_review,3
0ab8427f990f719e2e52b3c17ef4df3adee621099e3c0cabd145ed2a956eb6ee,NL,4669,Pizza100,2hop,OEQA,DomainConcept; Food; Pizza,true,natural_language_duplicate_candidate_requires_review,3
0ab8427f990f719e2e52b3c17ef4df3adee621099e3c0cabd145ed2a956eb6ee,NL,5877,Pizza250,2hop,OEQA,DomainConcept; Food; Pizza,true,natural_language_duplicate_candidate_requires_review,3
0adea0ef0c52543e57895d9929856f10e3f9e8fb67740cec9a585ec8eb611b5a,NL,4698,Pizza100,2hop,OEQA,DomainConcept; Food; Pizza,true,natural_language_duplicate_candidate_requires_review,7
0adea0ef0c52543e57895d9929856f10e3f9e8fb67740cec9a585ec8eb611b5a,NL,4701,Pizza100,2hop,OEQA,DomainConcept; Food; Pizza,true,natural_language_duplicate_candidate_requires_review,7
0adea0ef0c52543e57895d9929856f10e3f9e8fb67740cec9a585ec8eb611b5a,NL,4703,Pizza100,2hop,OEQA,DomainConcept; Food; Pizza,true,natural_language_duplicate_candidate_requires_review,7
0adea0ef0c52543e57895d9929856f10e3f9e8fb67740cec9a585ec8eb611b5a,NL,4704,Pizza100,2hop,OEQA,DomainConcept; Food; Pizza,true,natural_language_duplicate_candidate_requires_review,7
0adea0ef0c52543e57895d9929856f10e3f9e8fb67740cec9a585ec8eb611b5a,NL,4705,Pizza100,2hop,OEQA,DomainConcept; Food; Pizza,true,natural_language_duplicate_candidate_requires_review,7
0adea0ef0c52543e57895d9929856f10e3f9e8fb67740cec9a585ec8eb611b5a,NL,5932,Pizza250,2hop,OEQA,DomainConcept; Food; Pizza,true,natural_language_duplicate_candidate_requires_review,7
0adea0ef0c52543e57895d9929856f10e3f9e8fb67740cec9a585ec8eb611b5a,NL,5933,Pizza250,2hop,OEQA,DomainConcept; Food; Pizza,true,natural_language_duplicate_candidate_requires_review,7
0af2ee829f5d7f9e892346d9296b58672ea651e7b29f5f9b3ecffc1e183dc955,NL,4455,Pizza100,2hop,BQA,TRUE,true,natural_language_duplicate_candidate_requires_review,4
0af2ee829f5d7f9e892346d9296b58672ea651e7b29f5f9b3ecffc1e183dc955,NL,5574,Pizza250,2hop,BQA,TRUE,true,natural_language_duplicate_candidate_requires_review,4
0af2ee829f5d7f9e892346d9296b58672ea651e7b29f5f9b3ecffc1e183dc955,NL,5586,Pizza250,2hop,BQA,TRUE,true,natural_language_duplicate_candidate_requires_review,4
0af2ee829f5d7f9e892346d9296b58672ea651e7b29f5f9b3ecffc1e183dc955,NL,5588,Pizza250,2hop,BQA,TRUE,true,natural_language_duplicate_candidate_requires_review,4
0b0fa161ccbb188363f6695b8c3da11583dfb8b72926a0354329a7c89999c23f,NL,3979,Pizza100,1hop,BQA,TRUE,true,natural_language_duplicate_candidate_requires_review,6
0b0fa161ccbb188363f6695b8c3da11583dfb8b72926a0354329a7c89999c23f,NL,3983,Pizza100,1hop,BQA,TRUE,true,natural_language_duplicate_candidate_requires_review,6
0b0fa161ccbb188363f6695b8c3da11583dfb8b72926a0354329a7c89999c23f,NL,3985,Pizza100,1hop,BQA,TRUE,true,natural_language_duplicate_candidate_requires_review,6
0b0fa161ccbb188363f6695b8c3da11583dfb8b72926a0354329a7c89999c23f,NL,3987,Pizza100,1hop,BQA,TRUE,true,natural_language_duplicate_candidate_requires_review,6
0b0fa161ccbb188363f6695b8c3da11583dfb8b72926a0354329a7c89999c23f,NL,5013,Pizza250,1hop,BQA,TRUE,true,natural_language_duplicate_candidate_requires_review,6
0b0fa161ccbb188363f6695b8c3da11583dfb8b72926a0354329a7c89999c23f,NL,5027,Pizza250,1hop,BQA,TRUE,true,natural_language_duplicate_candidate_requires_review,6
0c23f270cfb2643fab49e463c4e078daff1c218014420307d99d4142956e5f91,NL,3969,Pizza100,1hop,BQA,TRUE,true,natural_language_duplicate_candidate_requires_review,5
0c23f270cfb2643fab49e463c4e078daff1c218014420307d99d4142956e5f91,NL,3971,Pizza100,1hop,BQA,TRUE,true,natural_language_duplicate_candidate_requires_review,5
0c23f270cfb2643fab49e463c4e078daff1c218014420307d99d4142956e5f91,NL,4993,Pizza250,1hop,BQA,TRUE,true,natural_language_duplicate_candidate_requires_review,5
0c23f270cfb2643fab49e463c4e078daff1c218014420307d99d4142956e5f91,NL,4999,Pizza250,1hop,BQA,TRUE,true,natural_language_duplicate_candidate_requires_review,5
0c23f270cfb2643fab49e463c4e078daff1c218014420307d99d4142956e5f91,NL,5003,Pizza250,1hop,BQA,TRUE,true,natural_language_duplicate_candidate_requires_review,5
0d16782f2d9aaf60a6a1f7f8b8cd46622813c5962516c2ab5ec5ec2f566e2044,NL,6960,OWL2Bench,1hop,BQA,TRUE,true,natural_language_duplicate_candidate_requires_review,3
0d16782f2d9aaf60a6a1f7f8b8cd46622813c5962516c2ab5ec5ec2f566e2044,NL,6966,OWL2Bench,1hop,BQA,TRUE,true,natural_language_duplicate_candidate_requires_review,3
0d16782f2d9aaf60a6a1f7f8b8cd46622813c5962516c2ab5ec5ec2f566e2044,NL,8511,OWL2Bench,2hop,BQA,TRUE,true,natural_language_duplicate_candidate_requires_review,3
0d7b1adb9e8839cc45b0f12211d318b0be5aed975bc66099dbf734c3a269793f,NL,3970,Pizza100,1hop,BQA,FALSE,true,natural_language_duplicate_candidate_requires_review,6
0d7b1adb9e8839cc45b0f12211d318b0be5aed975bc66099dbf734c3a269793f,NL,3972,Pizza100,1hop,BQA,FALSE,true,natural_language_duplicate_candidate_requires_review,6
0d7b1adb9e8839cc45b0f12211d318b0be5aed975bc66099dbf734c3a269793f,NL,3974,Pizza100,1hop,BQA,FALSE,true,natural_language_duplicate_candidate_requires_review,6
0d7b1adb9e8839cc45b0f12211d318b0be5aed975bc66099dbf734c3a269793f,NL,4994,Pizza250,1hop,BQA,FALSE,true,natural_language_duplicate_candidate_requires_review,6
0d7b1adb9e8839cc45b0f12211d318b0be5aed975bc66099dbf734c3a269793f,NL,5000,Pizza250,1hop,BQA,FALSE,true,natural_language_duplicate_candidate_requires_review,6
0d7b1adb9e8839cc45b0f12211d318b0be5aed975bc66099dbf734c3a269793f,NL,5004,Pizza250,1hop,BQA,FALSE,true,natural_language_duplicate_candidate_requires_review,6
0e797a27beffee8e560ed317e2147dee99fa23ab777875165dee2f1c2095d5d6,NL,4281,Pizza100,2hop,BQA,TRUE,true,natural_language_duplicate_candidate_requires_review,2
0e797a27beffee8e560ed317e2147dee99fa23ab777875165dee2f1c2095d5d6,NL,5384,Pizza250,2hop,BQA,TRUE,true,natural_language_duplicate_candidate_requires_review,2
0e7be21d4184924c65a3cb20ca43f0797bc59a70a51ecf8aa8573b0a400c7fff,NL,3860,Pizza100,1hop,BQA,TRUE,true,natural_language_duplicate_candidate_requires_review,3
0e7be21d4184924c65a3cb20ca43f0797bc59a70a51ecf8aa8573b0a400c7fff,NL,3862,Pizza100,1hop,BQA,TRUE,true,natural_language_duplicate_candidate_requires_review,3
0e7be21d4184924c65a3cb20ca43f0797bc59a70a51ecf8aa8573b0a400c7fff,NL,4870,Pizza250,1hop,BQA,TRUE,true,natural_language_duplicate_candidate_requires_review,3
0f15cbae3ac96306e0d59247a0c86103bb17c382a9c547ae5b6413483483fe82,NL,4318,Pizza100,2hop,BQA,FALSE,true,natural_language_duplicate_candidate_requires_review,2
0f15cbae3ac96306e0d59247a0c86103bb17c382a9c547ae5b6413483483fe82,NL,5427,Pizza250,2hop,BQA,FALSE,true,natural_language_duplicate_candidate_requires_review,2
0fb372b0892e6f05118e879650f25b807680ac03adffe65ee7ec41e527374e4b,NL,4542,Pizza100,2hop,BQA,FALSE,true,natural_language_duplicate_candidate_requires_review,3
0fb372b0892e6f05118e879650f25b807680ac03adffe65ee7ec41e527374e4b,NL,5725,Pizza250,2hop,BQA,FALSE,true,natural_language_duplicate_candidate_requires_review,3
0fb372b0892e6f05118e879650f25b807680ac03adffe65ee7ec41e527374e4b,NL,5727,Pizza250,2hop,BQA,FALSE,true,natural_language_duplicate_candidate_requires_review,3
107c6b0e57276095d02a8fbd0f0c0ee5b60cfc155e3a5f84a6fd722834e54301,NL,4657,Pizza100,2hop,OEQA,DomainConcept; Food; Pizza,true,natural_language_duplicate_candidate_requires_review,2
107c6b0e57276095d02a8fbd0f0c0ee5b60cfc155e3a5f84a6fd722834e54301,NL,5871,Pizza250,2hop,OEQA,DomainConcept; Food; Pizza,true,natural_language_duplicate_candidate_requires_review,2
11452555627ae7dfbcafa0baa3dd3628ae02b7bc12f3598468845cf11e2a0c39,NL,3787,Pizza100,1hop,BQA,FALSE,true,natural_language_duplicate_candidate_requires_review,9
11452555627ae7dfbcafa0baa3dd3628ae02b7bc12f3598468845cf11e2a0c39,NL,3793,Pizza100,1hop,BQA,FALSE,true,natural_language_duplicate_candidate_requires_review,9
11452555627ae7dfbcafa0baa3dd3628ae02b7bc12f3598468845cf11e2a0c39,NL,3809,Pizza100,1hop,BQA,FALSE,true,natural_language_duplicate_candidate_requires_review,9
11452555627ae7dfbcafa0baa3dd3628ae02b7bc12f3598468845cf11e2a0c39,NL,3811,Pizza100,1hop,BQA,FALSE,true,natural_language_duplicate_candidate_requires_review,9
11452555627ae7dfbcafa0baa3dd3628ae02b7bc12f3598468845cf11e2a0c39,NL,3813,Pizza100,1hop,BQA,FALSE,true,natural_language_duplicate_candidate_requires_review,9
11452555627ae7dfbcafa0baa3dd3628ae02b7bc12f3598468845cf11e2a0c39,NL,3815,Pizza100,1hop,BQA,FALSE,true,natural_language_duplicate_candidate_requires_review,9
11452555627ae7dfbcafa0baa3dd3628ae02b7bc12f3598468845cf11e2a0c39,NL,4805,Pizza250,1hop,BQA,FALSE,true,natural_language_duplicate_candidate_requires_review,9
11452555627ae7dfbcafa0baa3dd3628ae02b7bc12f3598468845cf11e2a0c39,NL,4809,Pizza250,1hop,BQA,FALSE,true,natural_language_duplicate_candidate_requires_review,9
11452555627ae7dfbcafa0baa3dd3628ae02b7bc12f3598468845cf11e2a0c39,NL,4811,Pizza250,1hop,BQA,FALSE,true,natural_language_duplicate_candidate_requires_review,9
1189dacd087ac9c8946c1860895c99b710e706cc33f736f3deb2ff40abb23a21,NL,4595,Pizza100,2hop,OEQA,HotGreenPepperTopping_dynamic_1; JalapenoPepperTopping_dynamic_1; MozzarellaTopping_dynamic_1; PeperoniSausageTopping_dynamic_1; TomatoTopping_dynamic_1,true,natural_language_duplicate_candidate_requires_review,3
1189dacd087ac9c8946c1860895c99b710e706cc33f736f3deb2ff40abb23a21,NL,5793,Pizza250,2hop,OEQA,HotGreenPepperTopping_dynamic_1; JalapenoPepperTopping_dynamic_1; MozzarellaTopping_dynamic_1; PeperoniSausageTopping_dynamic_1; TomatoTopping_dynamic_1,true,natural_language_duplicate_candidate_requires_review,3
1189dacd087ac9c8946c1860895c99b710e706cc33f736f3deb2ff40abb23a21,NL,5794,Pizza250,2hop,OEQA,HotGreenPepperTopping_dynamic_1; JalapenoPepperTopping_dynamic_1; MozzarellaTopping_dynamic_1; PeperoniSausageTopping_dynamic_1; TomatoTopping_dynamic_1,true,natural_language_duplicate_candidate_requires_review,3
12037cea94fefe70a9af114415a937f50b9e4827b67c90787f5345dcf1f17389,NL,3896,Pizza100,1hop,BQA,TRUE,true,natural_language_duplicate_candidate_requires_review,4
12037cea94fefe70a9af114415a937f50b9e4827b67c90787f5345dcf1f17389,NL,3898,Pizza100,1hop,BQA,TRUE,true,natural_language_duplicate_candidate_requires_review,4
12037cea94fefe70a9af114415a937f50b9e4827b67c90787f5345dcf1f17389,NL,4922,Pizza250,1hop,BQA,TRUE,true,natural_language_duplicate_candidate_requires_review,4
12037cea94fefe70a9af114415a937f50b9e4827b67c90787f5345dcf1f17389,NL,4930,Pizza250,1hop,BQA,TRUE,true,natural_language_duplicate_candidate_requires_review,4
1230081d6eaad9168bc1e5ca832826340ea046340df9a28f699265d1a8145467,NL,4135,Pizza100,1hop,OEQA,DomainConcept; Food; Pizza,true,natural_language_duplicate_candidate_requires_review,2
1230081d6eaad9168bc1e5ca832826340ea046340df9a28f699265d1a8145467,NL,5220,Pizza250,1hop,OEQA,DomainConcept; Food; Pizza,true,natural_language_duplicate_candidate_requires_review,2
1292839d6f8192f3b62dadd35c9ce250e5b5443c63659b58e3f7989274650ef5,NL,4534,Pizza100,2hop,BQA,FALSE,true,natural_language_duplicate_candidate_requires_review,6
1292839d6f8192f3b62dadd35c9ce250e5b5443c63659b58e3f7989274650ef5,NL,4540,Pizza100,2hop,BQA,FALSE,true,natural_language_duplicate_candidate_requires_review,6
1292839d6f8192f3b62dadd35c9ce250e5b5443c63659b58e3f7989274650ef5,NL,5711,Pizza250,2hop,BQA,FALSE,true,natural_language_duplicate_candidate_requires_review,6
1292839d6f8192f3b62dadd35c9ce250e5b5443c63659b58e3f7989274650ef5,NL,5717,Pizza250,2hop,BQA,FALSE,true,natural_language_duplicate_candidate_requires_review,6
1292839d6f8192f3b62dadd35c9ce250e5b5443c63659b58e3f7989274650ef5,NL,5719,Pizza250,2hop,BQA,FALSE,true,natural_language_duplicate_candidate_requires_review,6
1292839d6f8192f3b62dadd35c9ce250e5b5443c63659b58e3f7989274650ef5,NL,5723,Pizza250,2hop,BQA,FALSE,true,natural_language_duplicate_candidate_requires_review,6
144c0e5449998621a85eeba20e911dff0bc76afc4288def980bca1f9de8952d2,NL,4063,Pizza100,1hop,BQA,TRUE,true,natural_language_duplicate_candidate_requires_review,3
144c0e5449998621a85eeba20e911dff0bc76afc4288def980bca1f9de8952d2,NL,5143,Pizza250,1hop,BQA,TRUE,true,natural_language_duplicate_candidate_requires_review,3
144c0e5449998621a85eeba20e911dff0bc76afc4288def980bca1f9de8952d2,NL,5147,Pizza250,1hop,BQA,TRUE,true,natural_language_duplicate_candidate_requires_review,3
1453852c7a9d972796bb28afabf059ead2ab3244eb0945bc1a4ce930ab1ddbc6,NL,4691,Pizza100,2hop,OEQA,AsparagusTopping_dynamic_1; HamTopping_dynamic_1; MozzarellaTopping_dynamic_1; ParmesanTopping_dynamic_1; TomatoTopping_dynamic_1,true,natural_language_duplicate_candidate_requires_review,5
1453852c7a9d972796bb28afabf059ead2ab3244eb0945bc1a4ce930ab1ddbc6,NL,5904,Pizza250,2hop,OEQA,AsparagusTopping_dynamic_1; HamTopping_dynamic_1; MozzarellaTopping_dynamic_1; ParmesanTopping_dynamic_1; TomatoTopping_dynamic_1,true,natural_language_duplicate_candidate_requires_review,5
1453852c7a9d972796bb28afabf059ead2ab3244eb0945bc1a4ce930ab1ddbc6,NL,5905,Pizza250,2hop,OEQA,AsparagusTopping_dynamic_1; HamTopping_dynamic_1; MozzarellaTopping_dynamic_1; ParmesanTopping_dynamic_1; TomatoTopping_dynamic_1,true,natural_language_duplicate_candidate_requires_review,5
1453852c7a9d972796bb28afabf059ead2ab3244eb0945bc1a4ce930ab1ddbc6,NL,5906,Pizza250,2hop,OEQA,AsparagusTopping_dynamic_1; HamTopping_dynamic_1; MozzarellaTopping_dynamic_1; ParmesanTopping_dynamic_1; TomatoTopping_dynamic_1,true,natural_language_duplicate_candidate_requires_review,5
1453852c7a9d972796bb28afabf059ead2ab3244eb0945bc1a4ce930ab1ddbc6,NL,5909,Pizza250,2hop,OEQA,AsparagusTopping_dynamic_1; HamTopping_dynamic_1; MozzarellaTopping_dynamic_1; ParmesanTopping_dynamic_1; TomatoTopping_dynamic_1,true,natural_language_duplicate_candidate_requires_review,5
14d8bcea00c394f41f1ef1d1f028a77b9a754154aeab336f47d1c61a78dd1012,NL,6229,OWL2Bench,1hop,BQA,FALSE,true,natural_language_duplicate_candidate_requires_review,2
14d8bcea00c394f41f1ef1d1f028a77b9a754154aeab336f47d1c61a78dd1012,NL,6231,OWL2Bench,1hop,BQA,FALSE,true,natural_language_duplicate_candidate_requires_review,2
1526f1532c447a9492403475c8dbe38bd254b003b4bc90553aa451277c548430,NL,4162,Pizza100,1hop,OEQA,DomainConcept; Food; Pizza,true,natural_language_duplicate_candidate_requires_review,4
1526f1532c447a9492403475c8dbe38bd254b003b4bc90553aa451277c548430,NL,4166,Pizza100,1hop,OEQA,DomainConcept; Food; Pizza,true,natural_language_duplicate_candidate_requires_review,4
1526f1532c447a9492403475c8dbe38bd254b003b4bc90553aa451277c548430,NL,4169,Pizza100,1hop,OEQA,DomainConcept; Food; Pizza,true,natural_language_duplicate_candidate_requires_review,4
1526f1532c447a9492403475c8dbe38bd254b003b4bc90553aa451277c548430,NL,5274,Pizza250,1hop,OEQA,DomainConcept; Food; Pizza,true,natural_language_duplicate_candidate_requires_review,4
153117442841edb4e2d039a70e14765deb1ae38d10ce30993e1757d304a8c4ab,NL,3699,FamilyOWL,2hop,OEQA,john_archer_1804,false,incompatible_gold_semantics_failure,2
153117442841edb4e2d039a70e14765deb1ae38d10ce30993e1757d304a8c4ab,NL,3700,FamilyOWL,2hop,OEQA,john_archer_1835,false,incompatible_gold_semantics_failure,2
154ebceff7436678dab590584c3664aa4a50596fda92fb3135144175598d8ae7,NL,4520,Pizza100,2hop,BQA,FALSE,true,natural_language_duplicate_candidate_requires_review,2
154ebceff7436678dab590584c3664aa4a50596fda92fb3135144175598d8ae7,NL,5679,Pizza250,2hop,BQA,FALSE,true,natural_language_duplicate_candidate_requires_review,2
15d7a80ad675668bb4d0bddba81b032bb51b4f9a4468bed27b3e58163498a272,NL,3791,Pizza100,1hop,BQA,FALSE,true,natural_language_duplicate_candidate_requires_review,8
15d7a80ad675668bb4d0bddba81b032bb51b4f9a4468bed27b3e58163498a272,NL,3795,Pizza100,1hop,BQA,FALSE,true,natural_language_duplicate_candidate_requires_review,8
15d7a80ad675668bb4d0bddba81b032bb51b4f9a4468bed27b3e58163498a272,NL,3797,Pizza100,1hop,BQA,FALSE,true,natural_language_duplicate_candidate_requires_review,8
15d7a80ad675668bb4d0bddba81b032bb51b4f9a4468bed27b3e58163498a272,NL,3801,Pizza100,1hop,BQA,FALSE,true,natural_language_duplicate_candidate_requires_review,8
15d7a80ad675668bb4d0bddba81b032bb51b4f9a4468bed27b3e58163498a272,NL,3817,Pizza100,1hop,BQA,FALSE,true,natural_language_duplicate_candidate_requires_review,8
15d7a80ad675668bb4d0bddba81b032bb51b4f9a4468bed27b3e58163498a272,NL,4797,Pizza250,1hop,BQA,FALSE,true,natural_language_duplicate_candidate_requires_review,8
15d7a80ad675668bb4d0bddba81b032bb51b4f9a4468bed27b3e58163498a272,NL,4801,Pizza250,1hop,BQA,FALSE,true,natural_language_duplicate_candidate_requires_review,8
15d7a80ad675668bb4d0bddba81b032bb51b4f9a4468bed27b3e58163498a272,NL,4813,Pizza250,1hop,BQA,FALSE,true,natural_language_duplicate_candidate_requires_review,8
1656c1cddb9413dbb1b57229643952bf607fe3856d9569ea172e29d840a09872,NL,4031,Pizza100,1hop,BQA,TRUE,true,natural_language_duplicate_candidate_requires_review,5
1656c1cddb9413dbb1b57229643952bf607fe3856d9569ea172e29d840a09872,NL,5069,Pizza250,1hop,BQA,TRUE,true,natural_language_duplicate_candidate_requires_review,5
1656c1cddb9413dbb1b57229643952bf607fe3856d9569ea172e29d840a09872,NL,5075,Pizza250,1hop,BQA,TRUE,true,natural_language_duplicate_candidate_requires_review,5
1656c1cddb9413dbb1b57229643952bf607fe3856d9569ea172e29d840a09872,NL,5077,Pizza250,1hop,BQA,TRUE,true,natural_language_duplicate_candidate_requires_review,5
1656c1cddb9413dbb1b57229643952bf607fe3856d9569ea172e29d840a09872,NL,5085,Pizza250,1hop,BQA,TRUE,true,natural_language_duplicate_candidate_requires_review,5
16fd85036e96746bcd3383b64161e1668cf1e5f08601329ed300e8bb86314494,NL,4234,Pizza100,1hop,OEQA,GreenPepperTopping_dynamic_1; HotSpicedBeefTopping_dynamic_1; MozzarellaTopping_dynamic_1; OnionTopping_dynamic_1; TomatoTopping_dynamic_1,true,natural_language_duplicate_candidate_requires_review,4
16fd85036e96746bcd3383b64161e1668cf1e5f08601329ed300e8bb86314494,NL,4235,Pizza100,1hop,OEQA,GreenPepperTopping_dynamic_1; HotSpicedBeefTopping_dynamic_1; MozzarellaTopping_dynamic_1; OnionTopping_dynamic_1; TomatoTopping_dynamic_1,true,natural_language_duplicate_candidate_requires_review,4
16fd85036e96746bcd3383b64161e1668cf1e5f08601329ed300e8bb86314494,NL,4237,Pizza100,1hop,OEQA,GreenPepperTopping_dynamic_1; HotSpicedBeefTopping_dynamic_1; MozzarellaTopping_dynamic_1; OnionTopping_dynamic_1; TomatoTopping_dynamic_1,true,natural_language_duplicate_candidate_requires_review,4
16fd85036e96746bcd3383b64161e1668cf1e5f08601329ed300e8bb86314494,NL,5341,Pizza250,1hop,OEQA,GreenPepperTopping_dynamic_1; HotSpicedBeefTopping_dynamic_1; MozzarellaTopping_dynamic_1; OnionTopping_dynamic_1; TomatoTopping_dynamic_1,true,natural_language_duplicate_candidate_requires_review,4
170e732bd13b136f807e40e547c64e4acadc7c470d32b6dbb4d1e24440c9f663,NL,4193,Pizza100,1hop,OEQA,CajunSpiceTopping_dynamic_1; ChickenTopping_dynamic_1; GarlicTopping_dynamic_1; MozzarellaTopping_dynamic_1; RedOnionTopping_dynamic_1; SweetPepperTopping_dynamic_1; TomatoTopping_dynamic_1,true,natural_language_duplicate_candidate_requires_review,2
170e732bd13b136f807e40e547c64e4acadc7c470d32b6dbb4d1e24440c9f663,NL,4195,Pizza100,1hop,OEQA,CajunSpiceTopping_dynamic_1; ChickenTopping_dynamic_1; GarlicTopping_dynamic_1; MozzarellaTopping_dynamic_1; RedOnionTopping_dynamic_1; SweetPepperTopping_dynamic_1; TomatoTopping_dynamic_1,true,natural_language_duplicate_candidate_requires_review,2
18c0faf5f2d51f4271f62e7548092b49f2d419c0ce73d0cb7c51fb9af0aa5ce7,NL,4214,Pizza100,1hop,OEQA,FourCheesesTopping_dynamic_1; TomatoTopping_dynamic_1,true,natural_language_duplicate_candidate_requires_review,4
18c0faf5f2d51f4271f62e7548092b49f2d419c0ce73d0cb7c51fb9af0aa5ce7,NL,4216,Pizza100,1hop,OEQA,FourCheesesTopping_dynamic_1; TomatoTopping_dynamic_1,true,natural_language_duplicate_candidate_requires_review,4
18c0faf5f2d51f4271f62e7548092b49f2d419c0ce73d0cb7c51fb9af0aa5ce7,NL,4218,Pizza100,1hop,OEQA,FourCheesesTopping_dynamic_1; TomatoTopping_dynamic_1,true,natural_language_duplicate_candidate_requires_review,4
18c0faf5f2d51f4271f62e7548092b49f2d419c0ce73d0cb7c51fb9af0aa5ce7,NL,5321,Pizza250,1hop,OEQA,FourCheesesTopping_dynamic_1; TomatoTopping_dynamic_1,true,natural_language_duplicate_candidate_requires_review,4
19d7522466782d16d31e8248203ec760311975e728614a97795261aab1295000,NL,6420,OWL2Bench,1hop,BQA,TRUE,true,natural_language_duplicate_candidate_requires_review,2
19d7522466782d16d31e8248203ec760311975e728614a97795261aab1295000,NL,6434,OWL2Bench,1hop,BQA,TRUE,true,natural_language_duplicate_candidate_requires_review,2
19e1168e600334bbebd6b25a67f5c491b5ee1bc4b77e677093d054ebc44c45f2,NL,4506,Pizza100,2hop,BQA,FALSE,true,natural_language_duplicate_candidate_requires_review,3
19e1168e600334bbebd6b25a67f5c491b5ee1bc4b77e677093d054ebc44c45f2,NL,5663,Pizza250,2hop,BQA,FALSE,true,natural_language_duplicate_candidate_requires_review,3
19e1168e600334bbebd6b25a67f5c491b5ee1bc4b77e677093d054ebc44c45f2,NL,5669,Pizza250,2hop,BQA,FALSE,true,natural_language_duplicate_candidate_requires_review,3
1a9a730b52fbe10a15c8bffe9352112d14bc94bfbe30385328b4998e6e7d1ffc,NL,4107,Pizza100,1hop,OEQA,DomainConcept; Food; Pizza,true,natural_language_duplicate_candidate_requires_review,4
1a9a730b52fbe10a15c8bffe9352112d14bc94bfbe30385328b4998e6e7d1ffc,NL,5180,Pizza250,1hop,OEQA,DomainConcept; Food; Pizza,true,natural_language_duplicate_candidate_requires_review,4
1a9a730b52fbe10a15c8bffe9352112d14bc94bfbe30385328b4998e6e7d1ffc,NL,5182,Pizza250,1hop,OEQA,DomainConcept; Food; Pizza,true,natural_language_duplicate_candidate_requires_review,4
1a9a730b52fbe10a15c8bffe9352112d14bc94bfbe30385328b4998e6e7d1ffc,NL,5186,Pizza250,1hop,OEQA,DomainConcept; Food; Pizza,true,natural_language_duplicate_candidate_requires_review,4
1aa6c1535e9359a8d4c9d42bafc13d79d6d943f84dd769801c95613dc9077be6,NL,4438,Pizza100,2hop,BQA,FALSE,true,natural_language_duplicate_candidate_requires_review,3
1aa6c1535e9359a8d4c9d42bafc13d79d6d943f84dd769801c95613dc9077be6,NL,5561,Pizza250,2hop,BQA,FALSE,true,natural_language_duplicate_candidate_requires_review,3
1aa6c1535e9359a8d4c9d42bafc13d79d6d943f84dd769801c95613dc9077be6,NL,5567,Pizza250,2hop,BQA,FALSE,true,natural_language_duplicate_candidate_requires_review,3
1ab84251425238ee70934085b57297c64e98929e36e2176b582b292998d0e975,NL,4161,Pizza100,1hop,OEQA,MozzarellaTopping_dynamic_1; TomatoTopping_dynamic_1,true,natural_language_duplicate_candidate_requires_review,7
1ab84251425238ee70934085b57297c64e98929e36e2176b582b292998d0e975,NL,4167,Pizza100,1hop,OEQA,MozzarellaTopping_dynamic_1; TomatoTopping_dynamic_1,true,natural_language_duplicate_candidate_requires_review,7
1ab84251425238ee70934085b57297c64e98929e36e2176b582b292998d0e975,NL,4168,Pizza100,1hop,OEQA,MozzarellaTopping_dynamic_1; TomatoTopping_dynamic_1,true,natural_language_duplicate_candidate_requires_review,7
1ab84251425238ee70934085b57297c64e98929e36e2176b582b292998d0e975,NL,4170,Pizza100,1hop,OEQA,MozzarellaTopping_dynamic_1; TomatoTopping_dynamic_1,true,natural_language_duplicate_candidate_requires_review,7
1ab84251425238ee70934085b57297c64e98929e36e2176b582b292998d0e975,NL,4173,Pizza100,1hop,OEQA,MozzarellaTopping_dynamic_1; TomatoTopping_dynamic_1,true,natural_language_duplicate_candidate_requires_review,7
1ab84251425238ee70934085b57297c64e98929e36e2176b582b292998d0e975,NL,5272,Pizza250,1hop,OEQA,MozzarellaTopping_dynamic_1; TomatoTopping_dynamic_1,true,natural_language_duplicate_candidate_requires_review,7
1ab84251425238ee70934085b57297c64e98929e36e2176b582b292998d0e975,NL,5275,Pizza250,1hop,OEQA,MozzarellaTopping_dynamic_1; TomatoTopping_dynamic_1,true,natural_language_duplicate_candidate_requires_review,7
1acefc0a4e61f7b067d80356638409be80810c739a46c5418f2123c76ab7e456,NL,4373,Pizza100,2hop,BQA,TRUE,true,natural_language_duplicate_candidate_requires_review,5
1acefc0a4e61f7b067d80356638409be80810c739a46c5418f2123c76ab7e456,NL,4377,Pizza100,2hop,BQA,TRUE,true,natural_language_duplicate_candidate_requires_review,5
1acefc0a4e61f7b067d80356638409be80810c739a46c5418f2123c76ab7e456,NL,4379,Pizza100,2hop,BQA,TRUE,true,natural_language_duplicate_candidate_requires_review,5
1acefc0a4e61f7b067d80356638409be80810c739a46c5418f2123c76ab7e456,NL,5502,Pizza250,2hop,BQA,TRUE,true,natural_language_duplicate_candidate_requires_review,5
1acefc0a4e61f7b067d80356638409be80810c739a46c5418f2123c76ab7e456,NL,5510,Pizza250,2hop,BQA,TRUE,true,natural_language_duplicate_candidate_requires_review,5
1c2153d97276a1be44be745cbf79eedc9a8eef270e43aa41ca6c4a3b295d67f8,NL,4405,Pizza100,2hop,BQA,TRUE,true,natural_language_duplicate_candidate_requires_review,3
1c2153d97276a1be44be745cbf79eedc9a8eef270e43aa41ca6c4a3b295d67f8,NL,5532,Pizza250,2hop,BQA,TRUE,true,natural_language_duplicate_candidate_requires_review,3
1c2153d97276a1be44be745cbf79eedc9a8eef270e43aa41ca6c4a3b295d67f8,NL,5538,Pizza250,2hop,BQA,TRUE,true,natural_language_duplicate_candidate_requires_review,3
1c4a640d34ac31fd1a538bee0faceca6cdba3d649b04b79a55729189f3e44943,NL,6448,OWL2Bench,1hop,BQA,TRUE,true,natural_language_duplicate_candidate_requires_review,2
1c4a640d34ac31fd1a538bee0faceca6cdba3d649b04b79a55729189f3e44943,NL,7915,OWL2Bench,2hop,BQA,TRUE,true,natural_language_duplicate_candidate_requires_review,2
1dc352c0c6ff8c1d6768654350620406e7e09fe4ea14236e2312a545bcdc2ea3,NL,4454,Pizza100,2hop,BQA,FALSE,true,natural_language_duplicate_candidate_requires_review,4
1dc352c0c6ff8c1d6768654350620406e7e09fe4ea14236e2312a545bcdc2ea3,NL,5573,Pizza250,2hop,BQA,FALSE,true,natural_language_duplicate_candidate_requires_review,4
1dc352c0c6ff8c1d6768654350620406e7e09fe4ea14236e2312a545bcdc2ea3,NL,5585,Pizza250,2hop,BQA,FALSE,true,natural_language_duplicate_candidate_requires_review,4
1dc352c0c6ff8c1d6768654350620406e7e09fe4ea14236e2312a545bcdc2ea3,NL,5587,Pizza250,2hop,BQA,FALSE,true,natural_language_duplicate_candidate_requires_review,4
1dcca2eeab101a559a314f4ef846fced00a01320339a6e456bf3456fc2bc0658,NL,3951,Pizza100,1hop,BQA,TRUE,true,natural_language_duplicate_candidate_requires_review,5
1dcca2eeab101a559a314f4ef846fced00a01320339a6e456bf3456fc2bc0658,NL,3953,Pizza100,1hop,BQA,TRUE,true,natural_language_duplicate_candidate_requires_review,5
1dcca2eeab101a559a314f4ef846fced00a01320339a6e456bf3456fc2bc0658,NL,3955,Pizza100,1hop,BQA,TRUE,true,natural_language_duplicate_candidate_requires_review,5
1dcca2eeab101a559a314f4ef846fced00a01320339a6e456bf3456fc2bc0658,NL,4959,Pizza250,1hop,BQA,TRUE,true,natural_language_duplicate_candidate_requires_review,5
1dcca2eeab101a559a314f4ef846fced00a01320339a6e456bf3456fc2bc0658,NL,4969,Pizza250,1hop,BQA,TRUE,true,natural_language_duplicate_candidate_requires_review,5
1e48ec8a01b4fe1022a5a7ea351f938ad12888075ef2c51a2709c3629de3d9a2,NL,4280,Pizza100,2hop,BQA,FALSE,true,natural_language_duplicate_candidate_requires_review,2
1e48ec8a01b4fe1022a5a7ea351f938ad12888075ef2c51a2709c3629de3d9a2,NL,5383,Pizza250,2hop,BQA,FALSE,true,natural_language_duplicate_candidate_requires_review,2
1fe4c49ebbdc3af806ca8d40668698b042351c75b8831dceb1d88269fe4ca8b5,NL,4096,Pizza100,1hop,OEQA,PolloAdAstra_23; PolloAdAstra_30; PolloAdAstra_38; PolloAdAstra_39; PolloAdAstra_62; PolloAdAstra_70; PolloAdAstra_80; PolloAdAstra_81; PolloAdAstra_9,false,incompatible_gold_semantics_failure,2
1fe4c49ebbdc3af806ca8d40668698b042351c75b8831dceb1d88269fe4ca8b5,NL,5168,Pizza250,1hop,OEQA,PolloAdAstra_11; PolloAdAstra_115; PolloAdAstra_178; PolloAdAstra_18; PolloAdAstra_205; PolloAdAstra_22; PolloAdAstra_33; PolloAdAstra_70; PolloAdAstra_74; PolloAdAstra_91; PolloAdAstra_95,false,incompatible_gold_semantics_failure,2
2062558a4e4db75c15b4579239bcbfe55c8f853a1360663b2160d3830ba1f741,NL,3782,Pizza100,1hop,BQA,TRUE,true,natural_language_duplicate_candidate_requires_review,4
2062558a4e4db75c15b4579239bcbfe55c8f853a1360663b2160d3830ba1f741,NL,4776,Pizza250,1hop,BQA,TRUE,true,natural_language_duplicate_candidate_requires_review,4
2062558a4e4db75c15b4579239bcbfe55c8f853a1360663b2160d3830ba1f741,NL,4784,Pizza250,1hop,BQA,TRUE,true,natural_language_duplicate_candidate_requires_review,4
2062558a4e4db75c15b4579239bcbfe55c8f853a1360663b2160d3830ba1f741,NL,4794,Pizza250,1hop,BQA,TRUE,true,natural_language_duplicate_candidate_requires_review,4
2184c3ac217b0958fb5b637d9c1fa2867da707874dd00071ae419fdf2132caca,NL,4094,Pizza100,1hop,OEQA,DomainConcept; Food; PizzaTopping; VegetableTopping,true,natural_language_duplicate_candidate_requires_review,2
2184c3ac217b0958fb5b637d9c1fa2867da707874dd00071ae419fdf2132caca,NL,5166,Pizza250,1hop,OEQA,DomainConcept; Food; PizzaTopping; VegetableTopping,true,natural_language_duplicate_candidate_requires_review,2
21d6ad82e94324cd3c24654141cd4c8cb98490083afb5c033b9254a393298a93,NL,4040,Pizza100,1hop,BQA,TRUE,true,natural_language_duplicate_candidate_requires_review,6
21d6ad82e94324cd3c24654141cd4c8cb98490083afb5c033b9254a393298a93,NL,4046,Pizza100,1hop,BQA,TRUE,true,natural_language_duplicate_candidate_requires_review,6
21d6ad82e94324cd3c24654141cd4c8cb98490083afb5c033b9254a393298a93,NL,5100,Pizza250,1hop,BQA,TRUE,true,natural_language_duplicate_candidate_requires_review,6
21d6ad82e94324cd3c24654141cd4c8cb98490083afb5c033b9254a393298a93,NL,5102,Pizza250,1hop,BQA,TRUE,true,natural_language_duplicate_candidate_requires_review,6
21d6ad82e94324cd3c24654141cd4c8cb98490083afb5c033b9254a393298a93,NL,5104,Pizza250,1hop,BQA,TRUE,true,natural_language_duplicate_candidate_requires_review,6
21d6ad82e94324cd3c24654141cd4c8cb98490083afb5c033b9254a393298a93,NL,5110,Pizza250,1hop,BQA,TRUE,true,natural_language_duplicate_candidate_requires_review,6
220eb4e9d03fee76bbd9b317d39d11f91137d7138b7a80d392604ed2894d1f45,NL,4406,Pizza100,2hop,BQA,FALSE,true,natural_language_duplicate_candidate_requires_review,3
220eb4e9d03fee76bbd9b317d39d11f91137d7138b7a80d392604ed2894d1f45,NL,4416,Pizza100,2hop,BQA,FALSE,true,natural_language_duplicate_candidate_requires_review,3
220eb4e9d03fee76bbd9b317d39d11f91137d7138b7a80d392604ed2894d1f45,NL,5543,Pizza250,2hop,BQA,FALSE,true,natural_language_duplicate_candidate_requires_review,3
2216093b5231fefbec0f227837006b2086071ce85cfa5e459c00a54b779c97ec,NL,3888,Pizza100,1hop,BQA,TRUE,true,natural_language_duplicate_candidate_requires_review,6
2216093b5231fefbec0f227837006b2086071ce85cfa5e459c00a54b779c97ec,NL,3894,Pizza100,1hop,BQA,TRUE,true,natural_language_duplicate_candidate_requires_review,6
2216093b5231fefbec0f227837006b2086071ce85cfa5e459c00a54b779c97ec,NL,4908,Pizza250,1hop,BQA,TRUE,true,natural_language_duplicate_candidate_requires_review,6
2216093b5231fefbec0f227837006b2086071ce85cfa5e459c00a54b779c97ec,NL,4912,Pizza250,1hop,BQA,TRUE,true,natural_language_duplicate_candidate_requires_review,6
2216093b5231fefbec0f227837006b2086071ce85cfa5e459c00a54b779c97ec,NL,4914,Pizza250,1hop,BQA,TRUE,true,natural_language_duplicate_candidate_requires_review,6
2216093b5231fefbec0f227837006b2086071ce85cfa5e459c00a54b779c97ec,NL,4916,Pizza250,1hop,BQA,TRUE,true,natural_language_duplicate_candidate_requires_review,6
2390179ec62e77018248889c7cc85a7cfae63272787a3c696861f5981266231d,NL,1157,FamilyOWL,1hop,BQA,FALSE,true,natural_language_duplicate_candidate_requires_review,2
2390179ec62e77018248889c7cc85a7cfae63272787a3c696861f5981266231d,NL,1159,FamilyOWL,1hop,BQA,FALSE,true,natural_language_duplicate_candidate_requires_review,2
23cb9b1e8ffa38983b55e32df9373b5f18a1de0f34083f603e587931d583bff3,NL,4122,Pizza100,1hop,OEQA,DomainConcept; Food; Pizza,true,natural_language_duplicate_candidate_requires_review,5
23cb9b1e8ffa38983b55e32df9373b5f18a1de0f34083f603e587931d583bff3,NL,4124,Pizza100,1hop,OEQA,DomainConcept; Food; Pizza,true,natural_language_duplicate_candidate_requires_review,5
23cb9b1e8ffa38983b55e32df9373b5f18a1de0f34083f603e587931d583bff3,NL,5204,Pizza250,1hop,OEQA,DomainConcept; Food; Pizza,true,natural_language_duplicate_candidate_requires_review,5
23cb9b1e8ffa38983b55e32df9373b5f18a1de0f34083f603e587931d583bff3,NL,5206,Pizza250,1hop,OEQA,DomainConcept; Food; Pizza,true,natural_language_duplicate_candidate_requires_review,5
23cb9b1e8ffa38983b55e32df9373b5f18a1de0f34083f603e587931d583bff3,NL,5209,Pizza250,1hop,OEQA,DomainConcept; Food; Pizza,true,natural_language_duplicate_candidate_requires_review,5
24804edce5bd07be4d5091c5dc3f0e79c367b60a36d1f6dd1d05fee5d6f7e6ee,NL,4573,Pizza100,2hop,BQA,TRUE,true,natural_language_duplicate_candidate_requires_review,4
24804edce5bd07be4d5091c5dc3f0e79c367b60a36d1f6dd1d05fee5d6f7e6ee,NL,4575,Pizza100,2hop,BQA,TRUE,true,natural_language_duplicate_candidate_requires_review,4
24804edce5bd07be4d5091c5dc3f0e79c367b60a36d1f6dd1d05fee5d6f7e6ee,NL,4577,Pizza100,2hop,BQA,TRUE,true,natural_language_duplicate_candidate_requires_review,4
24804edce5bd07be4d5091c5dc3f0e79c367b60a36d1f6dd1d05fee5d6f7e6ee,NL,5764,Pizza250,2hop,BQA,TRUE,true,natural_language_duplicate_candidate_requires_review,4
2494a66f55504913117cd686b5a7aaddefe5d8c11f3191e12810126bb534ad09,NL,4680,Pizza100,2hop,OEQA,DomainConcept; Food; Pizza,true,natural_language_duplicate_candidate_requires_review,7
2494a66f55504913117cd686b5a7aaddefe5d8c11f3191e12810126bb534ad09,NL,4682,Pizza100,2hop,OEQA,DomainConcept; Food; Pizza,true,natural_language_duplicate_candidate_requires_review,7
2494a66f55504913117cd686b5a7aaddefe5d8c11f3191e12810126bb534ad09,NL,4684,Pizza100,2hop,OEQA,DomainConcept; Food; Pizza,true,natural_language_duplicate_candidate_requires_review,7
2494a66f55504913117cd686b5a7aaddefe5d8c11f3191e12810126bb534ad09,NL,5893,Pizza250,2hop,OEQA,DomainConcept; Food; Pizza,true,natural_language_duplicate_candidate_requires_review,7
2494a66f55504913117cd686b5a7aaddefe5d8c11f3191e12810126bb534ad09,NL,5894,Pizza250,2hop,OEQA,DomainConcept; Food; Pizza,true,natural_language_duplicate_candidate_requires_review,7
2494a66f55504913117cd686b5a7aaddefe5d8c11f3191e12810126bb534ad09,NL,5897,Pizza250,2hop,OEQA,DomainConcept; Food; Pizza,true,natural_language_duplicate_candidate_requires_review,7
2494a66f55504913117cd686b5a7aaddefe5d8c11f3191e12810126bb534ad09,NL,5900,Pizza250,2hop,OEQA,DomainConcept; Food; Pizza,true,natural_language_duplicate_candidate_requires_review,7
25fe5c8a6dd49552d35c3df91ab514156db73c4d06bba21fd123894bc30b34f6,NL,4271,Pizza100,2hop,BQA,TRUE,true,natural_language_duplicate_candidate_requires_review,2
25fe5c8a6dd49552d35c3df91ab514156db73c4d06bba21fd123894bc30b34f6,NL,5378,Pizza250,2hop,BQA,TRUE,true,natural_language_duplicate_candidate_requires_review,2
26cb91063e30511283f150eb2bd80be6245cf1da776f8fe53c99d20ce8aa8e91,NL,3886,Pizza100,1hop,BQA,TRUE,true,natural_language_duplicate_candidate_requires_review,2
26cb91063e30511283f150eb2bd80be6245cf1da776f8fe53c99d20ce8aa8e91,NL,3892,Pizza100,1hop,BQA,TRUE,true,natural_language_duplicate_candidate_requires_review,2
2719d2c7274ed54b0ad427db4b4229aabdebd5ddfe4e8641062a82ff8f04f621,NL,3929,Pizza100,1hop,BQA,FALSE,true,natural_language_duplicate_candidate_requires_review,3
2719d2c7274ed54b0ad427db4b4229aabdebd5ddfe4e8641062a82ff8f04f621,NL,3937,Pizza100,1hop,BQA,FALSE,true,natural_language_duplicate_candidate_requires_review,3
2719d2c7274ed54b0ad427db4b4229aabdebd5ddfe4e8641062a82ff8f04f621,NL,3943,Pizza100,1hop,BQA,FALSE,true,natural_language_duplicate_candidate_requires_review,3
27c02e40b3e83a8e4b8fd432ee9d91fbe2b4e379fbae028cb47847eb56f897b0,NL,4451,Pizza100,2hop,BQA,TRUE,true,natural_language_duplicate_candidate_requires_review,2
27c02e40b3e83a8e4b8fd432ee9d91fbe2b4e379fbae028cb47847eb56f897b0,NL,5570,Pizza250,2hop,BQA,TRUE,true,natural_language_duplicate_candidate_requires_review,2
28dc86f4bd168f3db9e3b61578b1c8f052d0d079b8970f3a195c7701b1a74c56,NL,4404,Pizza100,2hop,BQA,FALSE,true,natural_language_duplicate_candidate_requires_review,2
28dc86f4bd168f3db9e3b61578b1c8f052d0d079b8970f3a195c7701b1a74c56,NL,5537,Pizza250,2hop,BQA,FALSE,true,natural_language_duplicate_candidate_requires_review,2
29da70bda16cb535036880fbbc9e12a31bd571b5d294875427ff576b6770a4b3,NL,2428,FamilyOWL,2hop,BQA,FALSE,true,natural_language_duplicate_candidate_requires_review,2
29da70bda16cb535036880fbbc9e12a31bd571b5d294875427ff576b6770a4b3,NL,2434,FamilyOWL,2hop,BQA,FALSE,true,natural_language_duplicate_candidate_requires_review,2
2b0399f1673f86eb8c4a0429f31679b0ca2007218f054105612901ced465f7b9,NL,2316,FamilyOWL,2hop,BQA,FALSE,true,natural_language_duplicate_candidate_requires_review,2
2b0399f1673f86eb8c4a0429f31679b0ca2007218f054105612901ced465f7b9,NL,2320,FamilyOWL,2hop,BQA,FALSE,true,natural_language_duplicate_candidate_requires_review,2
2bea0703dfbdfcdcd08d35d747a98247c43e092435fdbf72615d0218f1633cc7,NL,4483,Pizza100,2hop,BQA,TRUE,true,natural_language_duplicate_candidate_requires_review,2
2bea0703dfbdfcdcd08d35d747a98247c43e092435fdbf72615d0218f1633cc7,NL,5646,Pizza250,2hop,BQA,TRUE,true,natural_language_duplicate_candidate_requires_review,2
2c320b0a751dbe83686ca77496fae8e94051e4d6cedd958935f05067e4fd2b91,NL,4633,Pizza100,2hop,OEQA,DomainConcept; Food; Pizza,true,natural_language_duplicate_candidate_requires_review,3
2c320b0a751dbe83686ca77496fae8e94051e4d6cedd958935f05067e4fd2b91,NL,5835,Pizza250,2hop,OEQA,DomainConcept; Food; Pizza,true,natural_language_duplicate_candidate_requires_review,3
2c320b0a751dbe83686ca77496fae8e94051e4d6cedd958935f05067e4fd2b91,NL,5840,Pizza250,2hop,OEQA,DomainConcept; Food; Pizza,true,natural_language_duplicate_candidate_requires_review,3
2c7a4496edfc7034158b43e0cf8c8d25348d43aa67bcdb972bf81d1132a313c5,NL,4460,Pizza100,2hop,BQA,FALSE,true,natural_language_duplicate_candidate_requires_review,2
2c7a4496edfc7034158b43e0cf8c8d25348d43aa67bcdb972bf81d1132a313c5,NL,5597,Pizza250,2hop,BQA,FALSE,true,natural_language_duplicate_candidate_requires_review,2
2d12fec8c5dc10adb86a12c8606230d15ece0ad3a18fa65b50ea1b95795ec3a9,NL,4715,Pizza100,2hop,OEQA,DomainConcept; Food; Pizza,true,natural_language_duplicate_candidate_requires_review,3
2d12fec8c5dc10adb86a12c8606230d15ece0ad3a18fa65b50ea1b95795ec3a9,NL,4717,Pizza100,2hop,OEQA,DomainConcept; Food; Pizza,true,natural_language_duplicate_candidate_requires_review,3
2d12fec8c5dc10adb86a12c8606230d15ece0ad3a18fa65b50ea1b95795ec3a9,NL,5944,Pizza250,2hop,OEQA,DomainConcept; Food; Pizza,true,natural_language_duplicate_candidate_requires_review,3
2e316c2a57da4d76277c1f1f3af8ccdbf768fbd31bbdc630f875ceae41734344,NL,4055,Pizza100,1hop,BQA,FALSE,true,natural_language_duplicate_candidate_requires_review,4
2e316c2a57da4d76277c1f1f3af8ccdbf768fbd31bbdc630f875ceae41734344,NL,5119,Pizza250,1hop,BQA,FALSE,true,natural_language_duplicate_candidate_requires_review,4
2e316c2a57da4d76277c1f1f3af8ccdbf768fbd31bbdc630f875ceae41734344,NL,5127,Pizza250,1hop,BQA,FALSE,true,natural_language_duplicate_candidate_requires_review,4
2e316c2a57da4d76277c1f1f3af8ccdbf768fbd31bbdc630f875ceae41734344,NL,5131,Pizza250,1hop,BQA,FALSE,true,natural_language_duplicate_candidate_requires_review,4
2e64e3e4e65035bd565c2282d019480ad75a4fac20586fe2fc26394e88f356c6,NL,4129,Pizza100,1hop,OEQA,GoatsCheeseTopping_dynamic_1; MozzarellaTopping_dynamic_1; SundriedTomatoTopping_dynamic_1; TomatoTopping_dynamic_1,true,natural_language_duplicate_candidate_requires_review,3
2e64e3e4e65035bd565c2282d019480ad75a4fac20586fe2fc26394e88f356c6,NL,4131,Pizza100,1hop,OEQA,GoatsCheeseTopping_dynamic_1; MozzarellaTopping_dynamic_1; SundriedTomatoTopping_dynamic_1; TomatoTopping_dynamic_1,true,natural_language_duplicate_candidate_requires_review,3
2e64e3e4e65035bd565c2282d019480ad75a4fac20586fe2fc26394e88f356c6,NL,4137,Pizza100,1hop,OEQA,GoatsCheeseTopping_dynamic_1; MozzarellaTopping_dynamic_1; SundriedTomatoTopping_dynamic_1; TomatoTopping_dynamic_1,true,natural_language_duplicate_candidate_requires_review,3
2eed8918cdfd525e46740816cdecb09fb6c954f7ab8f7096a61d53c6b11e6326,NL,1677,FamilyOWL,1hop,OEQA,william_green_1813,true,natural_language_duplicate_candidate_requires_review,2
2eed8918cdfd525e46740816cdecb09fb6c954f7ab8f7096a61d53c6b11e6326,NL,1678,FamilyOWL,1hop,OEQA,william_green_1813,true,natural_language_duplicate_candidate_requires_review,2
2ef4a56fea19c1fa029c2f97f551e4f1e0c8b485cbfb0ff8f85ad2ce3294c24f,NL,3822,Pizza100,1hop,BQA,TRUE,true,natural_language_duplicate_candidate_requires_review,4
2ef4a56fea19c1fa029c2f97f551e4f1e0c8b485cbfb0ff8f85ad2ce3294c24f,NL,4816,Pizza250,1hop,BQA,TRUE,true,natural_language_duplicate_candidate_requires_review,4
2ef4a56fea19c1fa029c2f97f551e4f1e0c8b485cbfb0ff8f85ad2ce3294c24f,NL,4834,Pizza250,1hop,BQA,TRUE,true,natural_language_duplicate_candidate_requires_review,4
2ef4a56fea19c1fa029c2f97f551e4f1e0c8b485cbfb0ff8f85ad2ce3294c24f,NL,4836,Pizza250,1hop,BQA,TRUE,true,natural_language_duplicate_candidate_requires_review,4
302bb4a8d84fa16c68aa15aa7cd281004a5aa987d4bc2e1f885cff85c63df4f3,NL,4295,Pizza100,2hop,BQA,TRUE,true,natural_language_duplicate_candidate_requires_review,3
302bb4a8d84fa16c68aa15aa7cd281004a5aa987d4bc2e1f885cff85c63df4f3,NL,5420,Pizza250,2hop,BQA,TRUE,true,natural_language_duplicate_candidate_requires_review,3
302bb4a8d84fa16c68aa15aa7cd281004a5aa987d4bc2e1f885cff85c63df4f3,NL,5422,Pizza250,2hop,BQA,TRUE,true,natural_language_duplicate_candidate_requires_review,3
30a006c3f9fabd5b91d9bfcc24ff5d10f2d36b20268155ddcf0f81be429f8566,NL,4220,Pizza100,1hop,OEQA,GorgonzolaTopping_dynamic_1; MozzarellaTopping_dynamic_1; TomatoTopping_dynamic_1,true,natural_language_duplicate_candidate_requires_review,2
30a006c3f9fabd5b91d9bfcc24ff5d10f2d36b20268155ddcf0f81be429f8566,NL,4224,Pizza100,1hop,OEQA,GorgonzolaTopping_dynamic_1; MozzarellaTopping_dynamic_1; TomatoTopping_dynamic_1,true,natural_language_duplicate_candidate_requires_review,2
31377c74ef4cb8071a569ad15fdc68c3cb70a659375c9da1b975a31bc6f37fee,NL,4062,Pizza100,1hop,BQA,TRUE,true,natural_language_duplicate_candidate_requires_review,6
31377c74ef4cb8071a569ad15fdc68c3cb70a659375c9da1b975a31bc6f37fee,NL,4068,Pizza100,1hop,BQA,TRUE,true,natural_language_duplicate_candidate_requires_review,6
31377c74ef4cb8071a569ad15fdc68c3cb70a659375c9da1b975a31bc6f37fee,NL,4070,Pizza100,1hop,BQA,TRUE,true,natural_language_duplicate_candidate_requires_review,6
31377c74ef4cb8071a569ad15fdc68c3cb70a659375c9da1b975a31bc6f37fee,NL,5138,Pizza250,1hop,BQA,TRUE,true,natural_language_duplicate_candidate_requires_review,6
31377c74ef4cb8071a569ad15fdc68c3cb70a659375c9da1b975a31bc6f37fee,NL,5142,Pizza250,1hop,BQA,TRUE,true,natural_language_duplicate_candidate_requires_review,6
31377c74ef4cb8071a569ad15fdc68c3cb70a659375c9da1b975a31bc6f37fee,NL,5146,Pizza250,1hop,BQA,TRUE,true,natural_language_duplicate_candidate_requires_review,6
32f4c12cf35787512cd6a1cd54d863ae790984dc1b278edbd470ba29e93a26e7,NL,4398,Pizza100,2hop,BQA,FALSE,true,natural_language_duplicate_candidate_requires_review,4
32f4c12cf35787512cd6a1cd54d863ae790984dc1b278edbd470ba29e93a26e7,NL,4402,Pizza100,2hop,BQA,FALSE,true,natural_language_duplicate_candidate_requires_review,4
32f4c12cf35787512cd6a1cd54d863ae790984dc1b278edbd470ba29e93a26e7,NL,5529,Pizza250,2hop,BQA,FALSE,true,natural_language_duplicate_candidate_requires_review,4
32f4c12cf35787512cd6a1cd54d863ae790984dc1b278edbd470ba29e93a26e7,NL,5533,Pizza250,2hop,BQA,FALSE,true,natural_language_duplicate_candidate_requires_review,4
32fc8b9ebd0d04ab8c73c2d5ab1df3eb4d69c9670f1dabd12cce4fe310d87377,NL,4149,Pizza100,1hop,OEQA,GarlicTopping_dynamic_1; MixedSeafoodTopping_dynamic_1; TomatoTopping_dynamic_1,true,natural_language_duplicate_candidate_requires_review,5
32fc8b9ebd0d04ab8c73c2d5ab1df3eb4d69c9670f1dabd12cce4fe310d87377,NL,4152,Pizza100,1hop,OEQA,GarlicTopping_dynamic_1; MixedSeafoodTopping_dynamic_1; TomatoTopping_dynamic_1,true,natural_language_duplicate_candidate_requires_review,5
32fc8b9ebd0d04ab8c73c2d5ab1df3eb4d69c9670f1dabd12cce4fe310d87377,NL,5246,Pizza250,1hop,OEQA,GarlicTopping_dynamic_1; MixedSeafoodTopping_dynamic_1; TomatoTopping_dynamic_1,true,natural_language_duplicate_candidate_requires_review,5
32fc8b9ebd0d04ab8c73c2d5ab1df3eb4d69c9670f1dabd12cce4fe310d87377,NL,5247,Pizza250,1hop,OEQA,GarlicTopping_dynamic_1; MixedSeafoodTopping_dynamic_1; TomatoTopping_dynamic_1,true,natural_language_duplicate_candidate_requires_review,5
32fc8b9ebd0d04ab8c73c2d5ab1df3eb4d69c9670f1dabd12cce4fe310d87377,NL,5250,Pizza250,1hop,OEQA,GarlicTopping_dynamic_1; MixedSeafoodTopping_dynamic_1; TomatoTopping_dynamic_1,true,natural_language_duplicate_candidate_requires_review,5
3335ac38279b9bcbcdf6355d3cbcdde4bae3ab5039ccbea4c6373f898e4bd0eb,NL,3840,Pizza100,1hop,BQA,TRUE,true,natural_language_duplicate_candidate_requires_review,4
3335ac38279b9bcbcdf6355d3cbcdde4bae3ab5039ccbea4c6373f898e4bd0eb,NL,3856,Pizza100,1hop,BQA,TRUE,true,natural_language_duplicate_candidate_requires_review,4
3335ac38279b9bcbcdf6355d3cbcdde4bae3ab5039ccbea4c6373f898e4bd0eb,NL,4856,Pizza250,1hop,BQA,TRUE,true,natural_language_duplicate_candidate_requires_review,4
3335ac38279b9bcbcdf6355d3cbcdde4bae3ab5039ccbea4c6373f898e4bd0eb,NL,4862,Pizza250,1hop,BQA,TRUE,true,natural_language_duplicate_candidate_requires_review,4
333b9c36a2e86b9398539d39661ab0f682b5bc8924742598c002929021bb0f8b,NL,4710,Pizza100,2hop,OEQA,DomainConcept; Food; Pizza,true,natural_language_duplicate_candidate_requires_review,2
333b9c36a2e86b9398539d39661ab0f682b5bc8924742598c002929021bb0f8b,NL,5941,Pizza250,2hop,OEQA,DomainConcept; Food; Pizza,true,natural_language_duplicate_candidate_requires_review,2
357296a2fd3eb7d5d8b6af01b8a57509c093af6aecb2860ec503c991fc60e406,NL,3957,Pizza100,1hop,BQA,TRUE,true,natural_language_duplicate_candidate_requires_review,5
357296a2fd3eb7d5d8b6af01b8a57509c093af6aecb2860ec503c991fc60e406,NL,4979,Pizza250,1hop,BQA,TRUE,true,natural_language_duplicate_candidate_requires_review,5
357296a2fd3eb7d5d8b6af01b8a57509c093af6aecb2860ec503c991fc60e406,NL,4981,Pizza250,1hop,BQA,TRUE,true,natural_language_duplicate_candidate_requires_review,5
357296a2fd3eb7d5d8b6af01b8a57509c093af6aecb2860ec503c991fc60e406,NL,4985,Pizza250,1hop,BQA,TRUE,true,natural_language_duplicate_candidate_requires_review,5
357296a2fd3eb7d5d8b6af01b8a57509c093af6aecb2860ec503c991fc60e406,NL,4991,Pizza250,1hop,BQA,TRUE,true,natural_language_duplicate_candidate_requires_review,5
366792ec3078cd93cf16f5f86c4c0bfe95ef1e2a3ddf7084b3c4775d3cac0761,NL,4613,Pizza100,2hop,OEQA,MozzarellaTopping_dynamic_1; OnionTopping_dynamic_1; PeperonataTopping_dynamic_1; PrawnsTopping_dynamic_1; TobascoPepperSauce_dynamic_1; TomatoTopping_dynamic_1,true,natural_language_duplicate_candidate_requires_review,3
366792ec3078cd93cf16f5f86c4c0bfe95ef1e2a3ddf7084b3c4775d3cac0761,NL,5818,Pizza250,2hop,OEQA,MozzarellaTopping_dynamic_1; OnionTopping_dynamic_1; PeperonataTopping_dynamic_1; PrawnsTopping_dynamic_1; TobascoPepperSauce_dynamic_1; TomatoTopping_dynamic_1,true,natural_language_duplicate_candidate_requires_review,3
366792ec3078cd93cf16f5f86c4c0bfe95ef1e2a3ddf7084b3c4775d3cac0761,NL,5819,Pizza250,2hop,OEQA,MozzarellaTopping_dynamic_1; OnionTopping_dynamic_1; PeperonataTopping_dynamic_1; PrawnsTopping_dynamic_1; TobascoPepperSauce_dynamic_1; TomatoTopping_dynamic_1,true,natural_language_duplicate_candidate_requires_review,3
36dda68381c6c42feb787a0dd870b7cae23f155173427eddf33cb92e23ace078,NL,4619,Pizza100,2hop,OEQA,DomainConcept; Food; Pizza,true,natural_language_duplicate_candidate_requires_review,2
36dda68381c6c42feb787a0dd870b7cae23f155173427eddf33cb92e23ace078,NL,5823,Pizza250,2hop,OEQA,DomainConcept; Food; Pizza,true,natural_language_duplicate_candidate_requires_review,2
37f8c5bbc75da19844a46723865186de100458b66252c9eb653d475ecc8fb59a,NL,4109,Pizza100,1hop,OEQA,MozzarellaTopping_dynamic_1; PeperoniSausageTopping_dynamic_1; TomatoTopping_dynamic_1,true,natural_language_duplicate_candidate_requires_review,3
37f8c5bbc75da19844a46723865186de100458b66252c9eb653d475ecc8fb59a,NL,4116,Pizza100,1hop,OEQA,MozzarellaTopping_dynamic_1; PeperoniSausageTopping_dynamic_1; TomatoTopping_dynamic_1,true,natural_language_duplicate_candidate_requires_review,3
37f8c5bbc75da19844a46723865186de100458b66252c9eb653d475ecc8fb59a,NL,5187,Pizza250,1hop,OEQA,MozzarellaTopping_dynamic_1; PeperoniSausageTopping_dynamic_1; TomatoTopping_dynamic_1,true,natural_language_duplicate_candidate_requires_review,3
3846d22d30a7ae4f3321ea8ccf38f7834b6ad09fc46fa07d74e73bb6b66ed43f,NL,4512,Pizza100,2hop,BQA,FALSE,true,natural_language_duplicate_candidate_requires_review,3
3846d22d30a7ae4f3321ea8ccf38f7834b6ad09fc46fa07d74e73bb6b66ed43f,NL,5665,Pizza250,2hop,BQA,FALSE,true,natural_language_duplicate_candidate_requires_review,3
3846d22d30a7ae4f3321ea8ccf38f7834b6ad09fc46fa07d74e73bb6b66ed43f,NL,5673,Pizza250,2hop,BQA,FALSE,true,natural_language_duplicate_candidate_requires_review,3
3866d24be61b9bc74d94e851e13aa8dcea4c90a45640e81c76bc4eef5af4ac78,NL,4424,Pizza100,2hop,BQA,FALSE,true,natural_language_duplicate_candidate_requires_review,5
3866d24be61b9bc74d94e851e13aa8dcea4c90a45640e81c76bc4eef5af4ac78,NL,4428,Pizza100,2hop,BQA,FALSE,true,natural_language_duplicate_candidate_requires_review,5
3866d24be61b9bc74d94e851e13aa8dcea4c90a45640e81c76bc4eef5af4ac78,NL,4432,Pizza100,2hop,BQA,FALSE,true,natural_language_duplicate_candidate_requires_review,5
3866d24be61b9bc74d94e851e13aa8dcea4c90a45640e81c76bc4eef5af4ac78,NL,4442,Pizza100,2hop,BQA,FALSE,true,natural_language_duplicate_candidate_requires_review,5
3866d24be61b9bc74d94e851e13aa8dcea4c90a45640e81c76bc4eef5af4ac78,NL,5553,Pizza250,2hop,BQA,FALSE,true,natural_language_duplicate_candidate_requires_review,5
38a4f7bc1ec6a8c9e17b587d2e756838b2300124cde58f84f54d0ec1cbb1b23b,NL,4718,Pizza100,2hop,OEQA,AnchoviesTopping_dynamic_1; ArtichokeTopping_dynamic_1; GarlicTopping_dynamic_1; HamTopping_dynamic_1; MozzarellaTopping_dynamic_1; OliveTopping_dynamic_1; TomatoTopping_dynamic_1,true,natural_language_duplicate_candidate_requires_review,4
38a4f7bc1ec6a8c9e17b587d2e756838b2300124cde58f84f54d0ec1cbb1b23b,NL,4724,Pizza100,2hop,OEQA,AnchoviesTopping_dynamic_1; ArtichokeTopping_dynamic_1; GarlicTopping_dynamic_1; HamTopping_dynamic_1; MozzarellaTopping_dynamic_1; OliveTopping_dynamic_1; TomatoTopping_dynamic_1,true,natural_language_duplicate_candidate_requires_review,4
38a4f7bc1ec6a8c9e17b587d2e756838b2300124cde58f84f54d0ec1cbb1b23b,NL,5948,Pizza250,2hop,OEQA,AnchoviesTopping_dynamic_1; ArtichokeTopping_dynamic_1; GarlicTopping_dynamic_1; HamTopping_dynamic_1; MozzarellaTopping_dynamic_1; OliveTopping_dynamic_1; TomatoTopping_dynamic_1,true,natural_language_duplicate_candidate_requires_review,4
38a4f7bc1ec6a8c9e17b587d2e756838b2300124cde58f84f54d0ec1cbb1b23b,NL,5954,Pizza250,2hop,OEQA,AnchoviesTopping_dynamic_1; ArtichokeTopping_dynamic_1; GarlicTopping_dynamic_1; HamTopping_dynamic_1; MozzarellaTopping_dynamic_1; OliveTopping_dynamic_1; TomatoTopping_dynamic_1,true,natural_language_duplicate_candidate_requires_review,4
38ca6291d85a38979c793693e05adb5d25860413234ca5de875897d835a33e59,NL,5457,Pizza250,2hop,BQA,FALSE,true,natural_language_duplicate_candidate_requires_review,2
38ca6291d85a38979c793693e05adb5d25860413234ca5de875897d835a33e59,NL,5461,Pizza250,2hop,BQA,FALSE,true,natural_language_duplicate_candidate_requires_review,2
38f3198f773f145ac73e32a7189b65037b1cb7f93d6cd6cf3d64306dd4c5adeb,NL,4651,Pizza100,2hop,OEQA,DomainConcept; Food; Pizza,true,natural_language_duplicate_candidate_requires_review,4
38f3198f773f145ac73e32a7189b65037b1cb7f93d6cd6cf3d64306dd4c5adeb,NL,4654,Pizza100,2hop,OEQA,DomainConcept; Food; Pizza,true,natural_language_duplicate_candidate_requires_review,4
38f3198f773f145ac73e32a7189b65037b1cb7f93d6cd6cf3d64306dd4c5adeb,NL,5864,Pizza250,2hop,OEQA,DomainConcept; Food; Pizza,true,natural_language_duplicate_candidate_requires_review,4
38f3198f773f145ac73e32a7189b65037b1cb7f93d6cd6cf3d64306dd4c5adeb,NL,5868,Pizza250,2hop,OEQA,DomainConcept; Food; Pizza,true,natural_language_duplicate_candidate_requires_review,4
3919a92a9a5229cca09fb767dfe5efa34290c9a0fe700e1c238d4aeeb13bbecf,NL,4293,Pizza100,2hop,BQA,TRUE,true,natural_language_duplicate_candidate_requires_review,4
3919a92a9a5229cca09fb767dfe5efa34290c9a0fe700e1c238d4aeeb13bbecf,NL,4297,Pizza100,2hop,BQA,TRUE,true,natural_language_duplicate_candidate_requires_review,4
3919a92a9a5229cca09fb767dfe5efa34290c9a0fe700e1c238d4aeeb13bbecf,NL,4311,Pizza100,2hop,BQA,TRUE,true,natural_language_duplicate_candidate_requires_review,4
3919a92a9a5229cca09fb767dfe5efa34290c9a0fe700e1c238d4aeeb13bbecf,NL,5414,Pizza250,2hop,BQA,TRUE,true,natural_language_duplicate_candidate_requires_review,4
3a0f2c91d725d0a0862327a4e206311c056264afd8ee67baf76a7f15effa62eb,NL,4509,Pizza100,2hop,BQA,TRUE,true,natural_language_duplicate_candidate_requires_review,2
3a0f2c91d725d0a0862327a4e206311c056264afd8ee67baf76a7f15effa62eb,NL,4513,Pizza100,2hop,BQA,TRUE,true,natural_language_duplicate_candidate_requires_review,2
3a190782cf94e88ed1d8895641322c93376e2edf530d794c360451d07f017f70,AR,6114,OWL2Bench,1hop,BQA,TRUE,true,abstract_equivalence_candidate_requires_review,2
3a190782cf94e88ed1d8895641322c93376e2edf530d794c360451d07f017f70,AR,7597,OWL2Bench,2hop,BQA,TRUE,true,abstract_equivalence_candidate_requires_review,2
3b3135aa5cdfbd63be2f2e6c45ebb0d616bc025f02de81f271851373689f590a,NL,4113,Pizza100,1hop,OEQA,MozzarellaTopping_dynamic_1; PeperoniSausageTopping_dynamic_1; TomatoTopping_dynamic_1,true,natural_language_duplicate_candidate_requires_review,6
3b3135aa5cdfbd63be2f2e6c45ebb0d616bc025f02de81f271851373689f590a,NL,4115,Pizza100,1hop,OEQA,MozzarellaTopping_dynamic_1; PeperoniSausageTopping_dynamic_1; TomatoTopping_dynamic_1,true,natural_language_duplicate_candidate_requires_review,6
3b3135aa5cdfbd63be2f2e6c45ebb0d616bc025f02de81f271851373689f590a,NL,4118,Pizza100,1hop,OEQA,MozzarellaTopping_dynamic_1; PeperoniSausageTopping_dynamic_1; TomatoTopping_dynamic_1,true,natural_language_duplicate_candidate_requires_review,6
3b3135aa5cdfbd63be2f2e6c45ebb0d616bc025f02de81f271851373689f590a,NL,5188,Pizza250,1hop,OEQA,MozzarellaTopping_dynamic_1; PeperoniSausageTopping_dynamic_1; TomatoTopping_dynamic_1,true,natural_language_duplicate_candidate_requires_review,6
3b3135aa5cdfbd63be2f2e6c45ebb0d616bc025f02de81f271851373689f590a,NL,5194,Pizza250,1hop,OEQA,MozzarellaTopping_dynamic_1; PeperoniSausageTopping_dynamic_1; TomatoTopping_dynamic_1,true,natural_language_duplicate_candidate_requires_review,6
3b3135aa5cdfbd63be2f2e6c45ebb0d616bc025f02de81f271851373689f590a,NL,5198,Pizza250,1hop,OEQA,MozzarellaTopping_dynamic_1; PeperoniSausageTopping_dynamic_1; TomatoTopping_dynamic_1,true,natural_language_duplicate_candidate_requires_review,6
3b39e1eb24047aa23fb96a2f85a82b69499b42795463b07d42bbcbb1c6659449,NL,4434,Pizza100,2hop,BQA,FALSE,true,natural_language_duplicate_candidate_requires_review,5
3b39e1eb24047aa23fb96a2f85a82b69499b42795463b07d42bbcbb1c6659449,NL,4436,Pizza100,2hop,BQA,FALSE,true,natural_language_duplicate_candidate_requires_review,5
3b39e1eb24047aa23fb96a2f85a82b69499b42795463b07d42bbcbb1c6659449,NL,4440,Pizza100,2hop,BQA,FALSE,true,natural_language_duplicate_candidate_requires_review,5
3b39e1eb24047aa23fb96a2f85a82b69499b42795463b07d42bbcbb1c6659449,NL,4444,Pizza100,2hop,BQA,FALSE,true,natural_language_duplicate_candidate_requires_review,5
3b39e1eb24047aa23fb96a2f85a82b69499b42795463b07d42bbcbb1c6659449,NL,5559,Pizza250,2hop,BQA,FALSE,true,natural_language_duplicate_candidate_requires_review,5
3b3e0a4a3af35e8db24c1bae523eb515dd5a741777283a0dda4326b951ab6266,NL,4047,Pizza100,1hop,BQA,TRUE,true,natural_language_duplicate_candidate_requires_review,4
3b3e0a4a3af35e8db24c1bae523eb515dd5a741777283a0dda4326b951ab6266,NL,4057,Pizza100,1hop,BQA,TRUE,true,natural_language_duplicate_candidate_requires_review,4
3b3e0a4a3af35e8db24c1bae523eb515dd5a741777283a0dda4326b951ab6266,NL,5121,Pizza250,1hop,BQA,TRUE,true,natural_language_duplicate_candidate_requires_review,4
3b3e0a4a3af35e8db24c1bae523eb515dd5a741777283a0dda4326b951ab6266,NL,5129,Pizza250,1hop,BQA,TRUE,true,natural_language_duplicate_candidate_requires_review,4
3b48598f0694c9372ec2a56cdbf5239374cd8da232251ad27da2f5de5471f943,NL,4738,Pizza100,2hop,OEQA,CaperTopping_dynamic_1; MozzarellaTopping_dynamic_1; OliveTopping_dynamic_1; OnionTopping_dynamic_1; PineKernels_dynamic_1; SultanaTopping_dynamic_1; TomatoTopping_dynamic_1,true,natural_language_duplicate_candidate_requires_review,3
3b48598f0694c9372ec2a56cdbf5239374cd8da232251ad27da2f5de5471f943,NL,5981,Pizza250,2hop,OEQA,CaperTopping_dynamic_1; MozzarellaTopping_dynamic_1; OliveTopping_dynamic_1; OnionTopping_dynamic_1; PineKernels_dynamic_1; SultanaTopping_dynamic_1; TomatoTopping_dynamic_1,true,natural_language_duplicate_candidate_requires_review,3
3b48598f0694c9372ec2a56cdbf5239374cd8da232251ad27da2f5de5471f943,NL,5982,Pizza250,2hop,OEQA,CaperTopping_dynamic_1; MozzarellaTopping_dynamic_1; OliveTopping_dynamic_1; OnionTopping_dynamic_1; PineKernels_dynamic_1; SultanaTopping_dynamic_1; TomatoTopping_dynamic_1,true,natural_language_duplicate_candidate_requires_review,3
3c15c89ee2a801c367a52ff651218f005374c1b06e4965d52fcc209366897adf,NL,3843,Pizza100,1hop,BQA,FALSE,true,natural_language_duplicate_candidate_requires_review,5
3c15c89ee2a801c367a52ff651218f005374c1b06e4965d52fcc209366897adf,NL,3845,Pizza100,1hop,BQA,FALSE,true,natural_language_duplicate_candidate_requires_review,5
3c15c89ee2a801c367a52ff651218f005374c1b06e4965d52fcc209366897adf,NL,3851,Pizza100,1hop,BQA,FALSE,true,natural_language_duplicate_candidate_requires_review,5
3c15c89ee2a801c367a52ff651218f005374c1b06e4965d52fcc209366897adf,NL,4859,Pizza250,1hop,BQA,FALSE,true,natural_language_duplicate_candidate_requires_review,5
3c15c89ee2a801c367a52ff651218f005374c1b06e4965d52fcc209366897adf,NL,4863,Pizza250,1hop,BQA,FALSE,true,natural_language_duplicate_candidate_requires_review,5
3d1bf52ebaaaea9fa6230f8eaf7e7d937e4c13ae9215b461648580273bc4751d,NL,6431,OWL2Bench,1hop,BQA,FALSE,true,natural_language_duplicate_candidate_requires_review,3
3d1bf52ebaaaea9fa6230f8eaf7e7d937e4c13ae9215b461648580273bc4751d,NL,6447,OWL2Bench,1hop,BQA,FALSE,true,natural_language_duplicate_candidate_requires_review,3
3d1bf52ebaaaea9fa6230f8eaf7e7d937e4c13ae9215b461648580273bc4751d,NL,7914,OWL2Bench,2hop,BQA,FALSE,true,natural_language_duplicate_candidate_requires_review,3
3d4b930b4dfc16412d693c1e55e9b6ab3b01d28c8277da31650b8019e8c38127,NL,5006,Pizza250,1hop,BQA,TRUE,true,natural_language_duplicate_candidate_requires_review,2
3d4b930b4dfc16412d693c1e55e9b6ab3b01d28c8277da31650b8019e8c38127,NL,5010,Pizza250,1hop,BQA,TRUE,true,natural_language_duplicate_candidate_requires_review,2
3e3b7338ece915979040d99c0a114f93784c7d60e89f953f755f42a98577a0a5,NL,4964,Pizza250,1hop,BQA,TRUE,true,natural_language_duplicate_candidate_requires_review,5
3e3b7338ece915979040d99c0a114f93784c7d60e89f953f755f42a98577a0a5,NL,4968,Pizza250,1hop,BQA,TRUE,true,natural_language_duplicate_candidate_requires_review,5
3e3b7338ece915979040d99c0a114f93784c7d60e89f953f755f42a98577a0a5,NL,4972,Pizza250,1hop,BQA,TRUE,true,natural_language_duplicate_candidate_requires_review,5
3e3b7338ece915979040d99c0a114f93784c7d60e89f953f755f42a98577a0a5,NL,4976,Pizza250,1hop,BQA,TRUE,true,natural_language_duplicate_candidate_requires_review,5
3e3b7338ece915979040d99c0a114f93784c7d60e89f953f755f42a98577a0a5,NL,4978,Pizza250,1hop,BQA,TRUE,true,natural_language_duplicate_candidate_requires_review,5
3fb326e227bded0a041dd81442f20a4d62598bce9cb220600e2ef3bda4c9497d,NL,4503,Pizza100,2hop,BQA,TRUE,true,natural_language_duplicate_candidate_requires_review,6
3fb326e227bded0a041dd81442f20a4d62598bce9cb220600e2ef3bda4c9497d,NL,4511,Pizza100,2hop,BQA,TRUE,true,natural_language_duplicate_candidate_requires_review,6
3fb326e227bded0a041dd81442f20a4d62598bce9cb220600e2ef3bda4c9497d,NL,4515,Pizza100,2hop,BQA,TRUE,true,natural_language_duplicate_candidate_requires_review,6
3fb326e227bded0a041dd81442f20a4d62598bce9cb220600e2ef3bda4c9497d,NL,5662,Pizza250,2hop,BQA,TRUE,true,natural_language_duplicate_candidate_requires_review,6
3fb326e227bded0a041dd81442f20a4d62598bce9cb220600e2ef3bda4c9497d,NL,5668,Pizza250,2hop,BQA,TRUE,true,natural_language_duplicate_candidate_requires_review,6
3fb326e227bded0a041dd81442f20a4d62598bce9cb220600e2ef3bda4c9497d,NL,5672,Pizza250,2hop,BQA,TRUE,true,natural_language_duplicate_candidate_requires_review,6
3fd11b37e483a92d9880aac3321d7ad9c6f3bdea71b5c6c55b7c08147cdb19f6,NL,3792,Pizza100,1hop,BQA,TRUE,true,natural_language_duplicate_candidate_requires_review,9
3fd11b37e483a92d9880aac3321d7ad9c6f3bdea71b5c6c55b7c08147cdb19f6,NL,3796,Pizza100,1hop,BQA,TRUE,true,natural_language_duplicate_candidate_requires_review,9
3fd11b37e483a92d9880aac3321d7ad9c6f3bdea71b5c6c55b7c08147cdb19f6,NL,3798,Pizza100,1hop,BQA,TRUE,true,natural_language_duplicate_candidate_requires_review,9
3fd11b37e483a92d9880aac3321d7ad9c6f3bdea71b5c6c55b7c08147cdb19f6,NL,3802,Pizza100,1hop,BQA,TRUE,true,natural_language_duplicate_candidate_requires_review,9
3fd11b37e483a92d9880aac3321d7ad9c6f3bdea71b5c6c55b7c08147cdb19f6,NL,3806,Pizza100,1hop,BQA,TRUE,true,natural_language_duplicate_candidate_requires_review,9
3fd11b37e483a92d9880aac3321d7ad9c6f3bdea71b5c6c55b7c08147cdb19f6,NL,3818,Pizza100,1hop,BQA,TRUE,true,natural_language_duplicate_candidate_requires_review,9
3fd11b37e483a92d9880aac3321d7ad9c6f3bdea71b5c6c55b7c08147cdb19f6,NL,4798,Pizza250,1hop,BQA,TRUE,true,natural_language_duplicate_candidate_requires_review,9
3fd11b37e483a92d9880aac3321d7ad9c6f3bdea71b5c6c55b7c08147cdb19f6,NL,4802,Pizza250,1hop,BQA,TRUE,true,natural_language_duplicate_candidate_requires_review,9
3fd11b37e483a92d9880aac3321d7ad9c6f3bdea71b5c6c55b7c08147cdb19f6,NL,4814,Pizza250,1hop,BQA,TRUE,true,natural_language_duplicate_candidate_requires_review,9
41d766bd4801bffcf566b2b05f224610d4f99e958e92a36cbd816838b6cca8ab,NL,4655,Pizza100,2hop,OEQA,HamTopping_dynamic_1; MozzarellaTopping_dynamic_1; MushroomTopping_dynamic_1; OliveTopping_dynamic_1; TomatoTopping_dynamic_1,true,natural_language_duplicate_candidate_requires_review,3
41d766bd4801bffcf566b2b05f224610d4f99e958e92a36cbd816838b6cca8ab,NL,5870,Pizza250,2hop,OEQA,HamTopping_dynamic_1; MozzarellaTopping_dynamic_1; MushroomTopping_dynamic_1; OliveTopping_dynamic_1; TomatoTopping_dynamic_1,true,natural_language_duplicate_candidate_requires_review,3
41d766bd4801bffcf566b2b05f224610d4f99e958e92a36cbd816838b6cca8ab,NL,5873,Pizza250,2hop,OEQA,HamTopping_dynamic_1; MozzarellaTopping_dynamic_1; MushroomTopping_dynamic_1; OliveTopping_dynamic_1; TomatoTopping_dynamic_1,true,natural_language_duplicate_candidate_requires_review,3
42337a50e662692027bef0e92c4c0498c2b5a88750561b968d5da6d058e82522,NL,4198,Pizza100,1hop,OEQA,CajunSpiceTopping_dynamic_1; ChickenTopping_dynamic_1; GarlicTopping_dynamic_1; MozzarellaTopping_dynamic_1; RedOnionTopping_dynamic_1; SweetPepperTopping_dynamic_1; TomatoTopping_dynamic_1,true,natural_language_duplicate_candidate_requires_review,2
42337a50e662692027bef0e92c4c0498c2b5a88750561b968d5da6d058e82522,NL,5308,Pizza250,1hop,OEQA,CajunSpiceTopping_dynamic_1; ChickenTopping_dynamic_1; GarlicTopping_dynamic_1; MozzarellaTopping_dynamic_1; RedOnionTopping_dynamic_1; SweetPepperTopping_dynamic_1; TomatoTopping_dynamic_1,true,natural_language_duplicate_candidate_requires_review,2
435993e5e22ff45dac0190887e35c462bd4efb43f51a7986844e87cdbc938d6a,NL,4106,Pizza100,1hop,OEQA,HotGreenPepperTopping_dynamic_1; JalapenoPepperTopping_dynamic_1; MozzarellaTopping_dynamic_1; PeperoniSausageTopping_dynamic_1; TomatoTopping_dynamic_1,true,natural_language_duplicate_candidate_requires_review,2
435993e5e22ff45dac0190887e35c462bd4efb43f51a7986844e87cdbc938d6a,NL,5177,Pizza250,1hop,OEQA,HotGreenPepperTopping_dynamic_1; JalapenoPepperTopping_dynamic_1; MozzarellaTopping_dynamic_1; PeperoniSausageTopping_dynamic_1; TomatoTopping_dynamic_1,true,natural_language_duplicate_candidate_requires_review,2
435e8362799683d7bec760e2f0e73468e52cd40ef353ced6d864c2413aeb2ab1,NL,4645,Pizza100,2hop,OEQA,GarlicTopping_dynamic_1; MixedSeafoodTopping_dynamic_1; TomatoTopping_dynamic_1,true,natural_language_duplicate_candidate_requires_review,4
435e8362799683d7bec760e2f0e73468e52cd40ef353ced6d864c2413aeb2ab1,NL,5852,Pizza250,2hop,OEQA,GarlicTopping_dynamic_1; MixedSeafoodTopping_dynamic_1; TomatoTopping_dynamic_1,true,natural_language_duplicate_candidate_requires_review,4
435e8362799683d7bec760e2f0e73468e52cd40ef353ced6d864c2413aeb2ab1,NL,5854,Pizza250,2hop,OEQA,GarlicTopping_dynamic_1; MixedSeafoodTopping_dynamic_1; TomatoTopping_dynamic_1,true,natural_language_duplicate_candidate_requires_review,4
435e8362799683d7bec760e2f0e73468e52cd40ef353ced6d864c2413aeb2ab1,NL,5858,Pizza250,2hop,OEQA,GarlicTopping_dynamic_1; MixedSeafoodTopping_dynamic_1; TomatoTopping_dynamic_1,true,natural_language_duplicate_candidate_requires_review,4
43e38236c2d2a4ebd1fb7557c15b1e3129f3911b2dcb34aa86f5ebea64025d1c,NL,4240,Pizza100,1hop,OEQA,GarlicTopping_dynamic_1; MozzarellaTopping_dynamic_1; OliveTopping_dynamic_1; ParmesanTopping_dynamic_1; RocketTopping_dynamic_1; TomatoTopping_dynamic_1,true,natural_language_duplicate_candidate_requires_review,7
43e38236c2d2a4ebd1fb7557c15b1e3129f3911b2dcb34aa86f5ebea64025d1c,NL,4241,Pizza100,1hop,OEQA,GarlicTopping_dynamic_1; MozzarellaTopping_dynamic_1; OliveTopping_dynamic_1; ParmesanTopping_dynamic_1; RocketTopping_dynamic_1; TomatoTopping_dynamic_1,true,natural_language_duplicate_candidate_requires_review,7
43e38236c2d2a4ebd1fb7557c15b1e3129f3911b2dcb34aa86f5ebea64025d1c,NL,4243,Pizza100,1hop,OEQA,GarlicTopping_dynamic_1; MozzarellaTopping_dynamic_1; OliveTopping_dynamic_1; ParmesanTopping_dynamic_1; RocketTopping_dynamic_1; TomatoTopping_dynamic_1,true,natural_language_duplicate_candidate_requires_review,7
43e38236c2d2a4ebd1fb7557c15b1e3129f3911b2dcb34aa86f5ebea64025d1c,NL,5344,Pizza250,1hop,OEQA,GarlicTopping_dynamic_1; MozzarellaTopping_dynamic_1; OliveTopping_dynamic_1; ParmesanTopping_dynamic_1; RocketTopping_dynamic_1; TomatoTopping_dynamic_1,true,natural_language_duplicate_candidate_requires_review,7
43e38236c2d2a4ebd1fb7557c15b1e3129f3911b2dcb34aa86f5ebea64025d1c,NL,5345,Pizza250,1hop,OEQA,GarlicTopping_dynamic_1; MozzarellaTopping_dynamic_1; OliveTopping_dynamic_1; ParmesanTopping_dynamic_1; RocketTopping_dynamic_1; TomatoTopping_dynamic_1,true,natural_language_duplicate_candidate_requires_review,7
43e38236c2d2a4ebd1fb7557c15b1e3129f3911b2dcb34aa86f5ebea64025d1c,NL,5347,Pizza250,1hop,OEQA,GarlicTopping_dynamic_1; MozzarellaTopping_dynamic_1; OliveTopping_dynamic_1; ParmesanTopping_dynamic_1; RocketTopping_dynamic_1; TomatoTopping_dynamic_1,true,natural_language_duplicate_candidate_requires_review,7
43e38236c2d2a4ebd1fb7557c15b1e3129f3911b2dcb34aa86f5ebea64025d1c,NL,5351,Pizza250,1hop,OEQA,GarlicTopping_dynamic_1; MozzarellaTopping_dynamic_1; OliveTopping_dynamic_1; ParmesanTopping_dynamic_1; RocketTopping_dynamic_1; TomatoTopping_dynamic_1,true,natural_language_duplicate_candidate_requires_review,7
460745927edff3a1c0b09e9ef208971d52181be48f817cb2ea398df9ba5fa11d,NL,4732,Pizza100,2hop,OEQA,GarlicTopping_dynamic_1; MozzarellaTopping_dynamic_1; OliveTopping_dynamic_1; ParmesanTopping_dynamic_1; RocketTopping_dynamic_1; TomatoTopping_dynamic_1,true,natural_language_duplicate_candidate_requires_review,6
460745927edff3a1c0b09e9ef208971d52181be48f817cb2ea398df9ba5fa11d,NL,4733,Pizza100,2hop,OEQA,GarlicTopping_dynamic_1; MozzarellaTopping_dynamic_1; OliveTopping_dynamic_1; ParmesanTopping_dynamic_1; RocketTopping_dynamic_1; TomatoTopping_dynamic_1,true,natural_language_duplicate_candidate_requires_review,6
460745927edff3a1c0b09e9ef208971d52181be48f817cb2ea398df9ba5fa11d,NL,4734,Pizza100,2hop,OEQA,GarlicTopping_dynamic_1; MozzarellaTopping_dynamic_1; OliveTopping_dynamic_1; ParmesanTopping_dynamic_1; RocketTopping_dynamic_1; TomatoTopping_dynamic_1,true,natural_language_duplicate_candidate_requires_review,6
460745927edff3a1c0b09e9ef208971d52181be48f817cb2ea398df9ba5fa11d,NL,5963,Pizza250,2hop,OEQA,GarlicTopping_dynamic_1; MozzarellaTopping_dynamic_1; OliveTopping_dynamic_1; ParmesanTopping_dynamic_1; RocketTopping_dynamic_1; TomatoTopping_dynamic_1,true,natural_language_duplicate_candidate_requires_review,6
460745927edff3a1c0b09e9ef208971d52181be48f817cb2ea398df9ba5fa11d,NL,5965,Pizza250,2hop,OEQA,GarlicTopping_dynamic_1; MozzarellaTopping_dynamic_1; OliveTopping_dynamic_1; ParmesanTopping_dynamic_1; RocketTopping_dynamic_1; TomatoTopping_dynamic_1,true,natural_language_duplicate_candidate_requires_review,6
460745927edff3a1c0b09e9ef208971d52181be48f817cb2ea398df9ba5fa11d,NL,5966,Pizza250,2hop,OEQA,GarlicTopping_dynamic_1; MozzarellaTopping_dynamic_1; OliveTopping_dynamic_1; ParmesanTopping_dynamic_1; RocketTopping_dynamic_1; TomatoTopping_dynamic_1,true,natural_language_duplicate_candidate_requires_review,6
46d29b664deb20f1410da64573243bec6f9cd37c0ac223ba2cb8594a03b5be9d,NL,4140,Pizza100,1hop,OEQA,DomainConcept; Food; Pizza,true,natural_language_duplicate_candidate_requires_review,2
46d29b664deb20f1410da64573243bec6f9cd37c0ac223ba2cb8594a03b5be9d,NL,5226,Pizza250,1hop,OEQA,DomainConcept; Food; Pizza,true,natural_language_duplicate_candidate_requires_review,2
470a014669a12f501d39acc139926ec867beb4406f1e14f8a966db95da13e603,NL,3121,FamilyOWL,2hop,BQA,TRUE,true,natural_language_duplicate_candidate_requires_review,2
470a014669a12f501d39acc139926ec867beb4406f1e14f8a966db95da13e603,NL,3123,FamilyOWL,2hop,BQA,TRUE,true,natural_language_duplicate_candidate_requires_review,2
47ad2f2b62a52bdbbda632914022828d337b7aa50cb9268f87f8da5255156282,NL,3858,Pizza100,1hop,BQA,TRUE,true,natural_language_duplicate_candidate_requires_review,6
47ad2f2b62a52bdbbda632914022828d337b7aa50cb9268f87f8da5255156282,NL,3866,Pizza100,1hop,BQA,TRUE,true,natural_language_duplicate_candidate_requires_review,6
47ad2f2b62a52bdbbda632914022828d337b7aa50cb9268f87f8da5255156282,NL,4868,Pizza250,1hop,BQA,TRUE,true,natural_language_duplicate_candidate_requires_review,6
47ad2f2b62a52bdbbda632914022828d337b7aa50cb9268f87f8da5255156282,NL,4872,Pizza250,1hop,BQA,TRUE,true,natural_language_duplicate_candidate_requires_review,6
47ad2f2b62a52bdbbda632914022828d337b7aa50cb9268f87f8da5255156282,NL,4874,Pizza250,1hop,BQA,TRUE,true,natural_language_duplicate_candidate_requires_review,6
47ad2f2b62a52bdbbda632914022828d337b7aa50cb9268f87f8da5255156282,NL,4876,Pizza250,1hop,BQA,TRUE,true,natural_language_duplicate_candidate_requires_review,6
48d52e6551b6fcaa1e02e3e9e2e8e85e1cbc4157e8cf741a7dff760f244c75d8,NL,4370,Pizza100,2hop,BQA,FALSE,true,natural_language_duplicate_candidate_requires_review,4
48d52e6551b6fcaa1e02e3e9e2e8e85e1cbc4157e8cf741a7dff760f244c75d8,NL,4374,Pizza100,2hop,BQA,FALSE,true,natural_language_duplicate_candidate_requires_review,4
48d52e6551b6fcaa1e02e3e9e2e8e85e1cbc4157e8cf741a7dff760f244c75d8,NL,5495,Pizza250,2hop,BQA,FALSE,true,natural_language_duplicate_candidate_requires_review,4
48d52e6551b6fcaa1e02e3e9e2e8e85e1cbc4157e8cf741a7dff760f244c75d8,NL,5497,Pizza250,2hop,BQA,FALSE,true,natural_language_duplicate_candidate_requires_review,4
4a73c7a1ddef6a041234f7d362325a6c81687cf86cce6e0bb43a4e2597cdc5aa,NL,4945,Pizza250,1hop,BQA,FALSE,true,natural_language_duplicate_candidate_requires_review,2
4a73c7a1ddef6a041234f7d362325a6c81687cf86cce6e0bb43a4e2597cdc5aa,NL,4947,Pizza250,1hop,BQA,FALSE,true,natural_language_duplicate_candidate_requires_review,2
4b31e1c1a224eef6b99a9f0958df9ce1a600946f3a25398e8d06a20148c36260,NL,4337,Pizza100,2hop,BQA,TRUE,true,natural_language_duplicate_candidate_requires_review,3
4b31e1c1a224eef6b99a9f0958df9ce1a600946f3a25398e8d06a20148c36260,NL,4349,Pizza100,2hop,BQA,TRUE,true,natural_language_duplicate_candidate_requires_review,3
4b31e1c1a224eef6b99a9f0958df9ce1a600946f3a25398e8d06a20148c36260,NL,5466,Pizza250,2hop,BQA,TRUE,true,natural_language_duplicate_candidate_requires_review,3
4be91eeaaea51d14a4bd01082d3c026f25636fba07c3371655263f61ccc0d26f,NL,4507,Pizza100,2hop,BQA,TRUE,true,natural_language_duplicate_candidate_requires_review,3
4be91eeaaea51d14a4bd01082d3c026f25636fba07c3371655263f61ccc0d26f,NL,5664,Pizza250,2hop,BQA,TRUE,true,natural_language_duplicate_candidate_requires_review,3
4be91eeaaea51d14a4bd01082d3c026f25636fba07c3371655263f61ccc0d26f,NL,5670,Pizza250,2hop,BQA,TRUE,true,natural_language_duplicate_candidate_requires_review,3
4c54dc0f4e8e623fe586bb4609b8452785bc96a9dd9c08285af7d443b1605138,NL,4050,Pizza100,1hop,BQA,FALSE,true,natural_language_duplicate_candidate_requires_review,5
4c54dc0f4e8e623fe586bb4609b8452785bc96a9dd9c08285af7d443b1605138,NL,4054,Pizza100,1hop,BQA,FALSE,true,natural_language_duplicate_candidate_requires_review,5
4c54dc0f4e8e623fe586bb4609b8452785bc96a9dd9c08285af7d443b1605138,NL,4058,Pizza100,1hop,BQA,FALSE,true,natural_language_duplicate_candidate_requires_review,5
4c54dc0f4e8e623fe586bb4609b8452785bc96a9dd9c08285af7d443b1605138,NL,5122,Pizza250,1hop,BQA,FALSE,true,natural_language_duplicate_candidate_requires_review,5
4c54dc0f4e8e623fe586bb4609b8452785bc96a9dd9c08285af7d443b1605138,NL,5130,Pizza250,1hop,BQA,FALSE,true,natural_language_duplicate_candidate_requires_review,5
4cb07d7776a7a8ddcba904e79409e900fbd7c6bdd18f628d2a7146e1a11ba5d4,NL,3907,Pizza100,1hop,BQA,FALSE,true,natural_language_duplicate_candidate_requires_review,6
4cb07d7776a7a8ddcba904e79409e900fbd7c6bdd18f628d2a7146e1a11ba5d4,NL,3919,Pizza100,1hop,BQA,FALSE,true,natural_language_duplicate_candidate_requires_review,6
4cb07d7776a7a8ddcba904e79409e900fbd7c6bdd18f628d2a7146e1a11ba5d4,NL,3923,Pizza100,1hop,BQA,FALSE,true,natural_language_duplicate_candidate_requires_review,6
4cb07d7776a7a8ddcba904e79409e900fbd7c6bdd18f628d2a7146e1a11ba5d4,NL,3927,Pizza100,1hop,BQA,FALSE,true,natural_language_duplicate_candidate_requires_review,6
4cb07d7776a7a8ddcba904e79409e900fbd7c6bdd18f628d2a7146e1a11ba5d4,NL,4931,Pizza250,1hop,BQA,FALSE,true,natural_language_duplicate_candidate_requires_review,6
4cb07d7776a7a8ddcba904e79409e900fbd7c6bdd18f628d2a7146e1a11ba5d4,NL,4935,Pizza250,1hop,BQA,FALSE,true,natural_language_duplicate_candidate_requires_review,6
4d344ef93ccaf95c6e2b17eea945298fa6a4ce7e64e894ea3f489816ffe51f11,NL,2115,FamilyOWL,2hop,BQA,TRUE,true,natural_language_duplicate_candidate_requires_review,2
4d344ef93ccaf95c6e2b17eea945298fa6a4ce7e64e894ea3f489816ffe51f11,NL,2117,FamilyOWL,2hop,BQA,TRUE,true,natural_language_duplicate_candidate_requires_review,2
4d8594f4cacbad5fdd19a704a75929456cf2a61d09fc107a28fc6a3c1fa387ac,NL,4141,Pizza100,1hop,OEQA,GarlicTopping_dynamic_1; MozzarellaTopping_dynamic_1; OliveTopping_dynamic_1; ParmesanTopping_dynamic_1; SpinachTopping_dynamic_1; TomatoTopping_dynamic_1,true,natural_language_duplicate_candidate_requires_review,2
4d8594f4cacbad5fdd19a704a75929456cf2a61d09fc107a28fc6a3c1fa387ac,NL,5224,Pizza250,1hop,OEQA,GarlicTopping_dynamic_1; MozzarellaTopping_dynamic_1; OliveTopping_dynamic_1; ParmesanTopping_dynamic_1; SpinachTopping_dynamic_1; TomatoTopping_dynamic_1,true,natural_language_duplicate_candidate_requires_review,2
4e516153803d20a04a1d142327aa5fe11f9662b6abef64e6e22015e19ec7855b,NL,4288,Pizza100,2hop,BQA,FALSE,true,natural_language_duplicate_candidate_requires_review,3
4e516153803d20a04a1d142327aa5fe11f9662b6abef64e6e22015e19ec7855b,NL,5397,Pizza250,2hop,BQA,FALSE,true,natural_language_duplicate_candidate_requires_review,3
4e516153803d20a04a1d142327aa5fe11f9662b6abef64e6e22015e19ec7855b,NL,5405,Pizza250,2hop,BQA,FALSE,true,natural_language_duplicate_candidate_requires_review,3
4ea4789e452b2fdb0244f9c2b59610738f5ac76ac3a5bff660943397e2251fc9,NL,3872,Pizza100,1hop,BQA,TRUE,true,natural_language_duplicate_candidate_requires_review,7
4ea4789e452b2fdb0244f9c2b59610738f5ac76ac3a5bff660943397e2251fc9,NL,3878,Pizza100,1hop,BQA,TRUE,true,natural_language_duplicate_candidate_requires_review,7
4ea4789e452b2fdb0244f9c2b59610738f5ac76ac3a5bff660943397e2251fc9,NL,3880,Pizza100,1hop,BQA,TRUE,true,natural_language_duplicate_candidate_requires_review,7
4ea4789e452b2fdb0244f9c2b59610738f5ac76ac3a5bff660943397e2251fc9,NL,4884,Pizza250,1hop,BQA,TRUE,true,natural_language_duplicate_candidate_requires_review,7
4ea4789e452b2fdb0244f9c2b59610738f5ac76ac3a5bff660943397e2251fc9,NL,4892,Pizza250,1hop,BQA,TRUE,true,natural_language_duplicate_candidate_requires_review,7
4ea4789e452b2fdb0244f9c2b59610738f5ac76ac3a5bff660943397e2251fc9,NL,4896,Pizza250,1hop,BQA,TRUE,true,natural_language_duplicate_candidate_requires_review,7
4ea4789e452b2fdb0244f9c2b59610738f5ac76ac3a5bff660943397e2251fc9,NL,4902,Pizza250,1hop,BQA,TRUE,true,natural_language_duplicate_candidate_requires_review,7
4f7e8e1e3cf217425300d3e2684385d9d5fbd9099971705ff334960d11f6cb25,NL,5826,Pizza250,2hop,OEQA,AnchoviesTopping_dynamic_1; CaperTopping_dynamic_1; HamTopping_dynamic_1; MozzarellaTopping_dynamic_1; OliveTopping_dynamic_1; PeperonataTopping_dynamic_1; TomatoTopping_dynamic_1,true,natural_language_duplicate_candidate_requires_review,2
4f7e8e1e3cf217425300d3e2684385d9d5fbd9099971705ff334960d11f6cb25,NL,5827,Pizza250,2hop,OEQA,AnchoviesTopping_dynamic_1; CaperTopping_dynamic_1; HamTopping_dynamic_1; MozzarellaTopping_dynamic_1; OliveTopping_dynamic_1; PeperonataTopping_dynamic_1; TomatoTopping_dynamic_1,true,natural_language_duplicate_candidate_requires_review,2
50155fd0281cb916971b53074121ae2ba8f513c4a69877757770b751381660fc,NL,4328,Pizza100,2hop,BQA,FALSE,true,natural_language_duplicate_candidate_requires_review,3
50155fd0281cb916971b53074121ae2ba8f513c4a69877757770b751381660fc,NL,5445,Pizza250,2hop,BQA,FALSE,true,natural_language_duplicate_candidate_requires_review,3
50155fd0281cb916971b53074121ae2ba8f513c4a69877757770b751381660fc,NL,5449,Pizza250,2hop,BQA,FALSE,true,natural_language_duplicate_candidate_requires_review,3
504a001bb286ccc8329771da1fc1d29d5501891840cb21b90ff443a1aa237de1,NL,4523,Pizza100,2hop,BQA,TRUE,true,natural_language_duplicate_candidate_requires_review,3
504a001bb286ccc8329771da1fc1d29d5501891840cb21b90ff443a1aa237de1,NL,5682,Pizza250,2hop,BQA,TRUE,true,natural_language_duplicate_candidate_requires_review,3
504a001bb286ccc8329771da1fc1d29d5501891840cb21b90ff443a1aa237de1,NL,5686,Pizza250,2hop,BQA,TRUE,true,natural_language_duplicate_candidate_requires_review,3
511dca35bf114a4aeadfc74a0c21a9c68b4c23c1a7b6e93bc752a60086bf95c2,NL,3783,Pizza100,1hop,BQA,FALSE,true,natural_language_duplicate_candidate_requires_review,4
511dca35bf114a4aeadfc74a0c21a9c68b4c23c1a7b6e93bc752a60086bf95c2,NL,4773,Pizza250,1hop,BQA,FALSE,true,natural_language_duplicate_candidate_requires_review,4
511dca35bf114a4aeadfc74a0c21a9c68b4c23c1a7b6e93bc752a60086bf95c2,NL,4777,Pizza250,1hop,BQA,FALSE,true,natural_language_duplicate_candidate_requires_review,4
511dca35bf114a4aeadfc74a0c21a9c68b4c23c1a7b6e93bc752a60086bf95c2,NL,4785,Pizza250,1hop,BQA,FALSE,true,natural_language_duplicate_candidate_requires_review,4
517f109598abe66e3a63703a189f3502874646b18cce5404f73be1078d67c386,NL,3883,Pizza100,1hop,BQA,FALSE,true,natural_language_duplicate_candidate_requires_review,2
517f109598abe66e3a63703a189f3502874646b18cce5404f73be1078d67c386,NL,4905,Pizza250,1hop,BQA,FALSE,true,natural_language_duplicate_candidate_requires_review,2
52751ca28345c1850befe9ce7c38c0b51452950e038ecca207b0c0e0656a71f6,NL,6563,OWL2Bench,1hop,BQA,TRUE,false,incompatible_gold_semantics_failure,2
52751ca28345c1850befe9ce7c38c0b51452950e038ecca207b0c0e0656a71f6,NL,6564,OWL2Bench,1hop,BQA,FALSE,false,incompatible_gold_semantics_failure,2
52bdbf06c5c1e968e0c04ceb018f82ce72938fe13e234e32e55beea63c7e61bb,NL,3895,Pizza100,1hop,BQA,FALSE,true,natural_language_duplicate_candidate_requires_review,3
52bdbf06c5c1e968e0c04ceb018f82ce72938fe13e234e32e55beea63c7e61bb,NL,4921,Pizza250,1hop,BQA,FALSE,true,natural_language_duplicate_candidate_requires_review,3
52bdbf06c5c1e968e0c04ceb018f82ce72938fe13e234e32e55beea63c7e61bb,NL,4929,Pizza250,1hop,BQA,FALSE,true,natural_language_duplicate_candidate_requires_review,3
538135497da19cca0354698086144adbe8ef578060c0656c6d40f293d4ed69e9,NL,4631,Pizza100,2hop,OEQA,GarlicTopping_dynamic_1; MozzarellaTopping_dynamic_1; OliveTopping_dynamic_1; ParmesanTopping_dynamic_1; SpinachTopping_dynamic_1; TomatoTopping_dynamic_1,true,natural_language_duplicate_candidate_requires_review,4
538135497da19cca0354698086144adbe8ef578060c0656c6d40f293d4ed69e9,NL,4635,Pizza100,2hop,OEQA,GarlicTopping_dynamic_1; MozzarellaTopping_dynamic_1; OliveTopping_dynamic_1; ParmesanTopping_dynamic_1; SpinachTopping_dynamic_1; TomatoTopping_dynamic_1,true,natural_language_duplicate_candidate_requires_review,4
538135497da19cca0354698086144adbe8ef578060c0656c6d40f293d4ed69e9,NL,5837,Pizza250,2hop,OEQA,GarlicTopping_dynamic_1; MozzarellaTopping_dynamic_1; OliveTopping_dynamic_1; ParmesanTopping_dynamic_1; SpinachTopping_dynamic_1; TomatoTopping_dynamic_1,true,natural_language_duplicate_candidate_requires_review,4
538135497da19cca0354698086144adbe8ef578060c0656c6d40f293d4ed69e9,NL,5839,Pizza250,2hop,OEQA,GarlicTopping_dynamic_1; MozzarellaTopping_dynamic_1; OliveTopping_dynamic_1; ParmesanTopping_dynamic_1; SpinachTopping_dynamic_1; TomatoTopping_dynamic_1,true,natural_language_duplicate_candidate_requires_review,4
53ec4c55f242794ca4e08c873c96f1e8f4a29c8e3cf0150479b7ab37212858a9,NL,5079,Pizza250,1hop,BQA,FALSE,true,natural_language_duplicate_candidate_requires_review,2
53ec4c55f242794ca4e08c873c96f1e8f4a29c8e3cf0150479b7ab37212858a9,NL,5089,Pizza250,1hop,BQA,FALSE,true,natural_language_duplicate_candidate_requires_review,2
545ee263c30149cd071b899ee4955ea6c3ef4c574c3c22b8d37f5a9ba4772caf,NL,5677,Pizza250,2hop,BQA,FALSE,true,natural_language_duplicate_candidate_requires_review,2
545ee263c30149cd071b899ee4955ea6c3ef4c574c3c22b8d37f5a9ba4772caf,NL,5683,Pizza250,2hop,BQA,FALSE,true,natural_language_duplicate_candidate_requires_review,2
550b95a352f1d9fb0a6d3e7de00062b597b9294de47bc6c58b989a30ab7e9137,NL,7193,OWL2Bench,1hop,OEQA,Person,true,natural_language_duplicate_candidate_requires_review,2
550b95a352f1d9fb0a6d3e7de00062b597b9294de47bc6c58b989a30ab7e9137,NL,8739,OWL2Bench,2hop,OEQA,Person,true,natural_language_duplicate_candidate_requires_review,2
562b4416f20952d99b63bde6696f44dca2a74a55a597e7e466e8db3ce823472e,NL,4371,Pizza100,2hop,BQA,TRUE,true,natural_language_duplicate_candidate_requires_review,5
562b4416f20952d99b63bde6696f44dca2a74a55a597e7e466e8db3ce823472e,NL,5496,Pizza250,2hop,BQA,TRUE,true,natural_language_duplicate_candidate_requires_review,5
562b4416f20952d99b63bde6696f44dca2a74a55a597e7e466e8db3ce823472e,NL,5498,Pizza250,2hop,BQA,TRUE,true,natural_language_duplicate_candidate_requires_review,5
562b4416f20952d99b63bde6696f44dca2a74a55a597e7e466e8db3ce823472e,NL,5506,Pizza250,2hop,BQA,TRUE,true,natural_language_duplicate_candidate_requires_review,5
562b4416f20952d99b63bde6696f44dca2a74a55a597e7e466e8db3ce823472e,NL,5508,Pizza250,2hop,BQA,TRUE,true,natural_language_duplicate_candidate_requires_review,5
56991a6c50527746141a0350504b61cc40a5f28190774f828f68cb0a5719b8f4,NL,4551,Pizza100,2hop,BQA,TRUE,true,natural_language_duplicate_candidate_requires_review,4
56991a6c50527746141a0350504b61cc40a5f28190774f828f68cb0a5719b8f4,NL,4563,Pizza100,2hop,BQA,TRUE,true,natural_language_duplicate_candidate_requires_review,4
56991a6c50527746141a0350504b61cc40a5f28190774f828f68cb0a5719b8f4,NL,5740,Pizza250,2hop,BQA,TRUE,true,natural_language_duplicate_candidate_requires_review,4
56991a6c50527746141a0350504b61cc40a5f28190774f828f68cb0a5719b8f4,NL,5746,Pizza250,2hop,BQA,TRUE,true,natural_language_duplicate_candidate_requires_review,4
56ed5b1448b3f6e5854d3ce2cf35b7140a7a8e7c75e162398785a0c4017fae45,NL,5901,Pizza250,2hop,OEQA,DomainConcept; Food; Pizza,true,natural_language_duplicate_candidate_requires_review,3
56ed5b1448b3f6e5854d3ce2cf35b7140a7a8e7c75e162398785a0c4017fae45,NL,5907,Pizza250,2hop,OEQA,DomainConcept; Food; Pizza,true,natural_language_duplicate_candidate_requires_review,3
56ed5b1448b3f6e5854d3ce2cf35b7140a7a8e7c75e162398785a0c4017fae45,NL,5910,Pizza250,2hop,OEQA,DomainConcept; Food; Pizza,true,natural_language_duplicate_candidate_requires_review,3
586e41d6cd79daddfb0071d92c56cb220586bccaeca7ae36aaebc8d35cbca8a7,NL,5012,Pizza250,1hop,BQA,FALSE,true,natural_language_duplicate_candidate_requires_review,2
586e41d6cd79daddfb0071d92c56cb220586bccaeca7ae36aaebc8d35cbca8a7,NL,5026,Pizza250,1hop,BQA,FALSE,true,natural_language_duplicate_candidate_requires_review,2
58d55feb7db4417910a634774f9b26e36f06e05eab5cd4c8a491d46efe004a08,NL,4401,Pizza100,2hop,BQA,TRUE,true,natural_language_duplicate_candidate_requires_review,3
58d55feb7db4417910a634774f9b26e36f06e05eab5cd4c8a491d46efe004a08,NL,5536,Pizza250,2hop,BQA,TRUE,true,natural_language_duplicate_candidate_requires_review,3
58d55feb7db4417910a634774f9b26e36f06e05eab5cd4c8a491d46efe004a08,NL,5540,Pizza250,2hop,BQA,TRUE,true,natural_language_duplicate_candidate_requires_review,3
59e2c70eee31029ec02756146f1d6e4329553cfd5a3161109b1b6fe637cb334b,NL,4490,Pizza100,2hop,BQA,FALSE,true,natural_language_duplicate_candidate_requires_review,4
59e2c70eee31029ec02756146f1d6e4329553cfd5a3161109b1b6fe637cb334b,NL,4494,Pizza100,2hop,BQA,FALSE,true,natural_language_duplicate_candidate_requires_review,4
59e2c70eee31029ec02756146f1d6e4329553cfd5a3161109b1b6fe637cb334b,NL,4500,Pizza100,2hop,BQA,FALSE,true,natural_language_duplicate_candidate_requires_review,4
59e2c70eee31029ec02756146f1d6e4329553cfd5a3161109b1b6fe637cb334b,NL,5657,Pizza250,2hop,BQA,FALSE,true,natural_language_duplicate_candidate_requires_review,4
5ad00307065ca5d19fa41092d6779d8672824c3caead0b341879c7fc0d13e824,NL,4679,Pizza100,2hop,OEQA,AnchoviesTopping_dynamic_1; CaperTopping_dynamic_1; MozzarellaTopping_dynamic_1; OliveTopping_dynamic_1; TomatoTopping_dynamic_1,true,natural_language_duplicate_candidate_requires_review,5
5ad00307065ca5d19fa41092d6779d8672824c3caead0b341879c7fc0d13e824,NL,4685,Pizza100,2hop,OEQA,AnchoviesTopping_dynamic_1; CaperTopping_dynamic_1; MozzarellaTopping_dynamic_1; OliveTopping_dynamic_1; TomatoTopping_dynamic_1,true,natural_language_duplicate_candidate_requires_review,5
5ad00307065ca5d19fa41092d6779d8672824c3caead0b341879c7fc0d13e824,NL,5895,Pizza250,2hop,OEQA,AnchoviesTopping_dynamic_1; CaperTopping_dynamic_1; MozzarellaTopping_dynamic_1; OliveTopping_dynamic_1; TomatoTopping_dynamic_1,true,natural_language_duplicate_candidate_requires_review,5
5ad00307065ca5d19fa41092d6779d8672824c3caead0b341879c7fc0d13e824,NL,5896,Pizza250,2hop,OEQA,AnchoviesTopping_dynamic_1; CaperTopping_dynamic_1; MozzarellaTopping_dynamic_1; OliveTopping_dynamic_1; TomatoTopping_dynamic_1,true,natural_language_duplicate_candidate_requires_review,5
5ad00307065ca5d19fa41092d6779d8672824c3caead0b341879c7fc0d13e824,NL,5898,Pizza250,2hop,OEQA,AnchoviesTopping_dynamic_1; CaperTopping_dynamic_1; MozzarellaTopping_dynamic_1; OliveTopping_dynamic_1; TomatoTopping_dynamic_1,true,natural_language_duplicate_candidate_requires_review,5
5be7b30f9871256ea56134ee17800dabfc311a8b74d337fc05444d4e8cc2b76b,NL,4624,Pizza100,2hop,OEQA,GoatsCheeseTopping_dynamic_1; MozzarellaTopping_dynamic_1; SundriedTomatoTopping_dynamic_1; TomatoTopping_dynamic_1,true,natural_language_duplicate_candidate_requires_review,5
5be7b30f9871256ea56134ee17800dabfc311a8b74d337fc05444d4e8cc2b76b,NL,4627,Pizza100,2hop,OEQA,GoatsCheeseTopping_dynamic_1; MozzarellaTopping_dynamic_1; SundriedTomatoTopping_dynamic_1; TomatoTopping_dynamic_1,true,natural_language_duplicate_candidate_requires_review,5
5be7b30f9871256ea56134ee17800dabfc311a8b74d337fc05444d4e8cc2b76b,NL,4628,Pizza100,2hop,OEQA,GoatsCheeseTopping_dynamic_1; MozzarellaTopping_dynamic_1; SundriedTomatoTopping_dynamic_1; TomatoTopping_dynamic_1,true,natural_language_duplicate_candidate_requires_review,5
5be7b30f9871256ea56134ee17800dabfc311a8b74d337fc05444d4e8cc2b76b,NL,4630,Pizza100,2hop,OEQA,GoatsCheeseTopping_dynamic_1; MozzarellaTopping_dynamic_1; SundriedTomatoTopping_dynamic_1; TomatoTopping_dynamic_1,true,natural_language_duplicate_candidate_requires_review,5
5be7b30f9871256ea56134ee17800dabfc311a8b74d337fc05444d4e8cc2b76b,NL,5832,Pizza250,2hop,OEQA,GoatsCheeseTopping_dynamic_1; MozzarellaTopping_dynamic_1; SundriedTomatoTopping_dynamic_1; TomatoTopping_dynamic_1,true,natural_language_duplicate_candidate_requires_review,5
5cf9ef6a0cc5e7d2c63ea441d97261f659a0e65067c142128304aa77370f230a,NL,4154,Pizza100,1hop,OEQA,LeekTopping_dynamic_1; MozzarellaTopping_dynamic_1; MushroomTopping_dynamic_1; OliveTopping_dynamic_1; PeperonataTopping_dynamic_1; PetitPoisTopping_dynamic_1; SlicedTomatoTopping_dynamic_1; TomatoTopping_dynamic_1,true,natural_language_duplicate_candidate_requires_review,3
5cf9ef6a0cc5e7d2c63ea441d97261f659a0e65067c142128304aa77370f230a,NL,5256,Pizza250,1hop,OEQA,LeekTopping_dynamic_1; MozzarellaTopping_dynamic_1; MushroomTopping_dynamic_1; OliveTopping_dynamic_1; PeperonataTopping_dynamic_1; PetitPoisTopping_dynamic_1; SlicedTomatoTopping_dynamic_1; TomatoTopping_dynamic_1,true,natural_language_duplicate_candidate_requires_review,3
5cf9ef6a0cc5e7d2c63ea441d97261f659a0e65067c142128304aa77370f230a,NL,5257,Pizza250,1hop,OEQA,LeekTopping_dynamic_1; MozzarellaTopping_dynamic_1; MushroomTopping_dynamic_1; OliveTopping_dynamic_1; PeperonataTopping_dynamic_1; PetitPoisTopping_dynamic_1; SlicedTomatoTopping_dynamic_1; TomatoTopping_dynamic_1,true,natural_language_duplicate_candidate_requires_review,3
5e89606e0afd026217b49f15fad418651f13b72d6bacc365e5ad87f985e5c189,NL,4456,Pizza100,2hop,BQA,FALSE,true,natural_language_duplicate_candidate_requires_review,3
5e89606e0afd026217b49f15fad418651f13b72d6bacc365e5ad87f985e5c189,NL,5581,Pizza250,2hop,BQA,FALSE,true,natural_language_duplicate_candidate_requires_review,3
5e89606e0afd026217b49f15fad418651f13b72d6bacc365e5ad87f985e5c189,NL,5591,Pizza250,2hop,BQA,FALSE,true,natural_language_duplicate_candidate_requires_review,3
5f3f2d0d731b8aeed6c212407fe1de842baccab828877c04346a1fb43f58d555,NL,4064,Pizza100,1hop,BQA,FALSE,true,natural_language_duplicate_candidate_requires_review,2
5f3f2d0d731b8aeed6c212407fe1de842baccab828877c04346a1fb43f58d555,NL,5148,Pizza250,1hop,BQA,FALSE,true,natural_language_duplicate_candidate_requires_review,2
5fd38e5bfa599e5f7b2be4ff509ddca5249811709f3201562b6fd3571c9771c4,NL,4202,Pizza100,1hop,OEQA,LeekTopping_dynamic_1; MozzarellaTopping_dynamic_1; ParmesanTopping_dynamic_1; RosemaryTopping_dynamic_1; TomatoTopping_dynamic_1,true,natural_language_duplicate_candidate_requires_review,3
5fd38e5bfa599e5f7b2be4ff509ddca5249811709f3201562b6fd3571c9771c4,NL,4204,Pizza100,1hop,OEQA,LeekTopping_dynamic_1; MozzarellaTopping_dynamic_1; ParmesanTopping_dynamic_1; RosemaryTopping_dynamic_1; TomatoTopping_dynamic_1,true,natural_language_duplicate_candidate_requires_review,3
5fd38e5bfa599e5f7b2be4ff509ddca5249811709f3201562b6fd3571c9771c4,NL,4208,Pizza100,1hop,OEQA,LeekTopping_dynamic_1; MozzarellaTopping_dynamic_1; ParmesanTopping_dynamic_1; RosemaryTopping_dynamic_1; TomatoTopping_dynamic_1,true,natural_language_duplicate_candidate_requires_review,3
6024906b17f4b62407a31983cd2c350d39dbfbf78b17de564bb3f0e4a4a2119f,NL,4222,Pizza100,1hop,OEQA,DomainConcept; Food; Pizza,true,natural_language_duplicate_candidate_requires_review,2
6024906b17f4b62407a31983cd2c350d39dbfbf78b17de564bb3f0e4a4a2119f,NL,4226,Pizza100,1hop,OEQA,DomainConcept; Food; Pizza,true,natural_language_duplicate_candidate_requires_review,2
606e8344fa0d3e3a5281ec649ac6691133b22150160e15f9a377519529c6fe48,NL,4699,Pizza100,2hop,OEQA,LeekTopping_dynamic_1; MozzarellaTopping_dynamic_1; ParmesanTopping_dynamic_1; RosemaryTopping_dynamic_1; TomatoTopping_dynamic_1,true,natural_language_duplicate_candidate_requires_review,4
606e8344fa0d3e3a5281ec649ac6691133b22150160e15f9a377519529c6fe48,NL,4706,Pizza100,2hop,OEQA,LeekTopping_dynamic_1; MozzarellaTopping_dynamic_1; ParmesanTopping_dynamic_1; RosemaryTopping_dynamic_1; TomatoTopping_dynamic_1,true,natural_language_duplicate_candidate_requires_review,4
606e8344fa0d3e3a5281ec649ac6691133b22150160e15f9a377519529c6fe48,NL,5924,Pizza250,2hop,OEQA,LeekTopping_dynamic_1; MozzarellaTopping_dynamic_1; ParmesanTopping_dynamic_1; RosemaryTopping_dynamic_1; TomatoTopping_dynamic_1,true,natural_language_duplicate_candidate_requires_review,4
606e8344fa0d3e3a5281ec649ac6691133b22150160e15f9a377519529c6fe48,NL,5930,Pizza250,2hop,OEQA,LeekTopping_dynamic_1; MozzarellaTopping_dynamic_1; ParmesanTopping_dynamic_1; RosemaryTopping_dynamic_1; TomatoTopping_dynamic_1,true,natural_language_duplicate_candidate_requires_review,4
60fa375da0f0254cce11edbf52dde466c29973849b22e62fcc4875eecc2552e9,NL,4014,Pizza100,1hop,BQA,FALSE,true,natural_language_duplicate_candidate_requires_review,5
60fa375da0f0254cce11edbf52dde466c29973849b22e62fcc4875eecc2552e9,NL,4018,Pizza100,1hop,BQA,FALSE,true,natural_language_duplicate_candidate_requires_review,5
60fa375da0f0254cce11edbf52dde466c29973849b22e62fcc4875eecc2552e9,NL,5046,Pizza250,1hop,BQA,FALSE,true,natural_language_duplicate_candidate_requires_review,5
60fa375da0f0254cce11edbf52dde466c29973849b22e62fcc4875eecc2552e9,NL,5048,Pizza250,1hop,BQA,FALSE,true,natural_language_duplicate_candidate_requires_review,5
60fa375da0f0254cce11edbf52dde466c29973849b22e62fcc4875eecc2552e9,NL,5052,Pizza250,1hop,BQA,FALSE,true,natural_language_duplicate_candidate_requires_review,5
61fa6e6295a265cbc70c6024496fbabfa9a0228f0c8f7297d7dacbfad037cd6d,NL,4468,Pizza100,2hop,BQA,FALSE,true,natural_language_duplicate_candidate_requires_review,5
61fa6e6295a265cbc70c6024496fbabfa9a0228f0c8f7297d7dacbfad037cd6d,NL,4474,Pizza100,2hop,BQA,FALSE,true,natural_language_duplicate_candidate_requires_review,5
61fa6e6295a265cbc70c6024496fbabfa9a0228f0c8f7297d7dacbfad037cd6d,NL,5621,Pizza250,2hop,BQA,FALSE,true,natural_language_duplicate_candidate_requires_review,5
61fa6e6295a265cbc70c6024496fbabfa9a0228f0c8f7297d7dacbfad037cd6d,NL,5625,Pizza250,2hop,BQA,FALSE,true,natural_language_duplicate_candidate_requires_review,5
61fa6e6295a265cbc70c6024496fbabfa9a0228f0c8f7297d7dacbfad037cd6d,NL,5629,Pizza250,2hop,BQA,FALSE,true,natural_language_duplicate_candidate_requires_review,5
62361eaa08e2d38919165de9077010389c0fe6affbc34e0b544a7099864719fa,NL,4146,Pizza100,1hop,OEQA,AnchoviesTopping_dynamic_1; CaperTopping_dynamic_1; MozzarellaTopping_dynamic_1; MushroomTopping_dynamic_1; OliveTopping_dynamic_1; PeperoniSausageTopping_dynamic_1; TomatoTopping_dynamic_1,true,natural_language_duplicate_candidate_requires_review,8
62361eaa08e2d38919165de9077010389c0fe6affbc34e0b544a7099864719fa,NL,4147,Pizza100,1hop,OEQA,AnchoviesTopping_dynamic_1; CaperTopping_dynamic_1; MozzarellaTopping_dynamic_1; MushroomTopping_dynamic_1; OliveTopping_dynamic_1; PeperoniSausageTopping_dynamic_1; TomatoTopping_dynamic_1,true,natural_language_duplicate_candidate_requires_review,8
62361eaa08e2d38919165de9077010389c0fe6affbc34e0b544a7099864719fa,NL,5232,Pizza250,1hop,OEQA,AnchoviesTopping_dynamic_1; CaperTopping_dynamic_1; MozzarellaTopping_dynamic_1; MushroomTopping_dynamic_1; OliveTopping_dynamic_1; PeperoniSausageTopping_dynamic_1; TomatoTopping_dynamic_1,true,natural_language_duplicate_candidate_requires_review,8
62361eaa08e2d38919165de9077010389c0fe6affbc34e0b544a7099864719fa,NL,5234,Pizza250,1hop,OEQA,AnchoviesTopping_dynamic_1; CaperTopping_dynamic_1; MozzarellaTopping_dynamic_1; MushroomTopping_dynamic_1; OliveTopping_dynamic_1; PeperoniSausageTopping_dynamic_1; TomatoTopping_dynamic_1,true,natural_language_duplicate_candidate_requires_review,8
62361eaa08e2d38919165de9077010389c0fe6affbc34e0b544a7099864719fa,NL,5237,Pizza250,1hop,OEQA,AnchoviesTopping_dynamic_1; CaperTopping_dynamic_1; MozzarellaTopping_dynamic_1; MushroomTopping_dynamic_1; OliveTopping_dynamic_1; PeperoniSausageTopping_dynamic_1; TomatoTopping_dynamic_1,true,natural_language_duplicate_candidate_requires_review,8
62361eaa08e2d38919165de9077010389c0fe6affbc34e0b544a7099864719fa,NL,5238,Pizza250,1hop,OEQA,AnchoviesTopping_dynamic_1; CaperTopping_dynamic_1; MozzarellaTopping_dynamic_1; MushroomTopping_dynamic_1; OliveTopping_dynamic_1; PeperoniSausageTopping_dynamic_1; TomatoTopping_dynamic_1,true,natural_language_duplicate_candidate_requires_review,8
62361eaa08e2d38919165de9077010389c0fe6affbc34e0b544a7099864719fa,NL,5240,Pizza250,1hop,OEQA,AnchoviesTopping_dynamic_1; CaperTopping_dynamic_1; MozzarellaTopping_dynamic_1; MushroomTopping_dynamic_1; OliveTopping_dynamic_1; PeperoniSausageTopping_dynamic_1; TomatoTopping_dynamic_1,true,natural_language_duplicate_candidate_requires_review,8
62361eaa08e2d38919165de9077010389c0fe6affbc34e0b544a7099864719fa,NL,5242,Pizza250,1hop,OEQA,AnchoviesTopping_dynamic_1; CaperTopping_dynamic_1; MozzarellaTopping_dynamic_1; MushroomTopping_dynamic_1; OliveTopping_dynamic_1; PeperoniSausageTopping_dynamic_1; TomatoTopping_dynamic_1,true,natural_language_duplicate_candidate_requires_review,8
627d978515d1c908da1bdbc11f718bf380f0cf74bd1c7e4ac739f911581979ef,AR,6966,OWL2Bench,1hop,BQA,TRUE,true,abstract_equivalence_candidate_requires_review,2
627d978515d1c908da1bdbc11f718bf380f0cf74bd1c7e4ac739f911581979ef,AR,8517,OWL2Bench,2hop,BQA,TRUE,true,abstract_equivalence_candidate_requires_review,2
63097ab945ec356296e0f6fc434a8e2d81ebe5b01facd019775c6a7c6ed1cb00,NL,4130,Pizza100,1hop,OEQA,GoatsCheeseTopping_dynamic_1; MozzarellaTopping_dynamic_1; SundriedTomatoTopping_dynamic_1; TomatoTopping_dynamic_1,true,natural_language_duplicate_candidate_requires_review,6
63097ab945ec356296e0f6fc434a8e2d81ebe5b01facd019775c6a7c6ed1cb00,NL,4133,Pizza100,1hop,OEQA,GoatsCheeseTopping_dynamic_1; MozzarellaTopping_dynamic_1; SundriedTomatoTopping_dynamic_1; TomatoTopping_dynamic_1,true,natural_language_duplicate_candidate_requires_review,6
63097ab945ec356296e0f6fc434a8e2d81ebe5b01facd019775c6a7c6ed1cb00,NL,4136,Pizza100,1hop,OEQA,GoatsCheeseTopping_dynamic_1; MozzarellaTopping_dynamic_1; SundriedTomatoTopping_dynamic_1; TomatoTopping_dynamic_1,true,natural_language_duplicate_candidate_requires_review,6
63097ab945ec356296e0f6fc434a8e2d81ebe5b01facd019775c6a7c6ed1cb00,NL,5217,Pizza250,1hop,OEQA,GoatsCheeseTopping_dynamic_1; MozzarellaTopping_dynamic_1; SundriedTomatoTopping_dynamic_1; TomatoTopping_dynamic_1,true,natural_language_duplicate_candidate_requires_review,6
63097ab945ec356296e0f6fc434a8e2d81ebe5b01facd019775c6a7c6ed1cb00,NL,5218,Pizza250,1hop,OEQA,GoatsCheeseTopping_dynamic_1; MozzarellaTopping_dynamic_1; SundriedTomatoTopping_dynamic_1; TomatoTopping_dynamic_1,true,natural_language_duplicate_candidate_requires_review,6
63097ab945ec356296e0f6fc434a8e2d81ebe5b01facd019775c6a7c6ed1cb00,NL,5219,Pizza250,1hop,OEQA,GoatsCheeseTopping_dynamic_1; MozzarellaTopping_dynamic_1; SundriedTomatoTopping_dynamic_1; TomatoTopping_dynamic_1,true,natural_language_duplicate_candidate_requires_review,6
63a3ac468481e49fc0f28c091a17fd394b627e3d4bd7169d1ce2db97f95fc9a7,NL,4005,Pizza100,1hop,BQA,FALSE,true,natural_language_duplicate_candidate_requires_review,4
63a3ac468481e49fc0f28c091a17fd394b627e3d4bd7169d1ce2db97f95fc9a7,NL,4011,Pizza100,1hop,BQA,FALSE,true,natural_language_duplicate_candidate_requires_review,4
63a3ac468481e49fc0f28c091a17fd394b627e3d4bd7169d1ce2db97f95fc9a7,NL,5055,Pizza250,1hop,BQA,FALSE,true,natural_language_duplicate_candidate_requires_review,4
63a3ac468481e49fc0f28c091a17fd394b627e3d4bd7169d1ce2db97f95fc9a7,NL,5057,Pizza250,1hop,BQA,FALSE,true,natural_language_duplicate_candidate_requires_review,4
6467abbce1952d1b4089462f54e537caf65023b6217704b82749d28c756e8a95,NL,4155,Pizza100,1hop,OEQA,LeekTopping_dynamic_1; MozzarellaTopping_dynamic_1; MushroomTopping_dynamic_1; OliveTopping_dynamic_1; PeperonataTopping_dynamic_1; PetitPoisTopping_dynamic_1; SlicedTomatoTopping_dynamic_1; TomatoTopping_dynamic_1,true,natural_language_duplicate_candidate_requires_review,2
6467abbce1952d1b4089462f54e537caf65023b6217704b82749d28c756e8a95,NL,5259,Pizza250,1hop,OEQA,LeekTopping_dynamic_1; MozzarellaTopping_dynamic_1; MushroomTopping_dynamic_1; OliveTopping_dynamic_1; PeperonataTopping_dynamic_1; PetitPoisTopping_dynamic_1; SlicedTomatoTopping_dynamic_1; TomatoTopping_dynamic_1,true,natural_language_duplicate_candidate_requires_review,2
649eb1c21fca782977714dcc6637d6f29cf1885ecbe4e41eee10007110a2aa45,NL,4339,Pizza100,2hop,BQA,TRUE,true,natural_language_duplicate_candidate_requires_review,4
649eb1c21fca782977714dcc6637d6f29cf1885ecbe4e41eee10007110a2aa45,NL,4341,Pizza100,2hop,BQA,TRUE,true,natural_language_duplicate_candidate_requires_review,4
649eb1c21fca782977714dcc6637d6f29cf1885ecbe4e41eee10007110a2aa45,NL,4345,Pizza100,2hop,BQA,TRUE,true,natural_language_duplicate_candidate_requires_review,4
649eb1c21fca782977714dcc6637d6f29cf1885ecbe4e41eee10007110a2aa45,NL,5472,Pizza250,2hop,BQA,TRUE,true,natural_language_duplicate_candidate_requires_review,4
64bc99963064fa2f281ffaa37db869a758f126b868656d9648e45418d3d5eaca,NL,4158,Pizza100,1hop,OEQA,HamTopping_dynamic_1; MozzarellaTopping_dynamic_1; MushroomTopping_dynamic_1; OliveTopping_dynamic_1; TomatoTopping_dynamic_1,true,natural_language_duplicate_candidate_requires_review,3
64bc99963064fa2f281ffaa37db869a758f126b868656d9648e45418d3d5eaca,NL,4159,Pizza100,1hop,OEQA,HamTopping_dynamic_1; MozzarellaTopping_dynamic_1; MushroomTopping_dynamic_1; OliveTopping_dynamic_1; TomatoTopping_dynamic_1,true,natural_language_duplicate_candidate_requires_review,3
64bc99963064fa2f281ffaa37db869a758f126b868656d9648e45418d3d5eaca,NL,5262,Pizza250,1hop,OEQA,HamTopping_dynamic_1; MozzarellaTopping_dynamic_1; MushroomTopping_dynamic_1; OliveTopping_dynamic_1; TomatoTopping_dynamic_1,true,natural_language_duplicate_candidate_requires_review,3
64fc2d3e621f598de2195bf00deb1ba76eb127fccec34fb89efa0ee24c07f3db,NL,4697,Pizza100,2hop,OEQA,LeekTopping_dynamic_1; MozzarellaTopping_dynamic_1; ParmesanTopping_dynamic_1; RosemaryTopping_dynamic_1; TomatoTopping_dynamic_1,true,natural_language_duplicate_candidate_requires_review,2
64fc2d3e621f598de2195bf00deb1ba76eb127fccec34fb89efa0ee24c07f3db,NL,4702,Pizza100,2hop,OEQA,LeekTopping_dynamic_1; MozzarellaTopping_dynamic_1; ParmesanTopping_dynamic_1; RosemaryTopping_dynamic_1; TomatoTopping_dynamic_1,true,natural_language_duplicate_candidate_requires_review,2
65239f497ee46abe5ba963296cf5648546a0147ea4a869dc12ef263d0f13b42c,NL,4643,Pizza100,2hop,OEQA,GarlicTopping_dynamic_1; MixedSeafoodTopping_dynamic_1; TomatoTopping_dynamic_1,true,natural_language_duplicate_candidate_requires_review,3
65239f497ee46abe5ba963296cf5648546a0147ea4a869dc12ef263d0f13b42c,NL,5855,Pizza250,2hop,OEQA,GarlicTopping_dynamic_1; MixedSeafoodTopping_dynamic_1; TomatoTopping_dynamic_1,true,natural_language_duplicate_candidate_requires_review,3
65239f497ee46abe5ba963296cf5648546a0147ea4a869dc12ef263d0f13b42c,NL,5861,Pizza250,2hop,OEQA,GarlicTopping_dynamic_1; MixedSeafoodTopping_dynamic_1; TomatoTopping_dynamic_1,true,natural_language_duplicate_candidate_requires_review,3
65303fb97e8b97248f9556f1d784d677f1a60e48a6485505f6b483f438fdd306,NL,4205,Pizza100,1hop,OEQA,DomainConcept; Food; Pizza,true,natural_language_duplicate_candidate_requires_review,6
65303fb97e8b97248f9556f1d784d677f1a60e48a6485505f6b483f438fdd306,NL,4211,Pizza100,1hop,OEQA,DomainConcept; Food; Pizza,true,natural_language_duplicate_candidate_requires_review,6
65303fb97e8b97248f9556f1d784d677f1a60e48a6485505f6b483f438fdd306,NL,4213,Pizza100,1hop,OEQA,DomainConcept; Food; Pizza,true,natural_language_duplicate_candidate_requires_review,6
65303fb97e8b97248f9556f1d784d677f1a60e48a6485505f6b483f438fdd306,NL,5315,Pizza250,1hop,OEQA,DomainConcept; Food; Pizza,true,natural_language_duplicate_candidate_requires_review,6
65303fb97e8b97248f9556f1d784d677f1a60e48a6485505f6b483f438fdd306,NL,5317,Pizza250,1hop,OEQA,DomainConcept; Food; Pizza,true,natural_language_duplicate_candidate_requires_review,6
65303fb97e8b97248f9556f1d784d677f1a60e48a6485505f6b483f438fdd306,NL,5318,Pizza250,1hop,OEQA,DomainConcept; Food; Pizza,true,natural_language_duplicate_candidate_requires_review,6
654b05a484b7cb02597e7ac8021c53b9d42279c52c1e3df01d3f1d9101a0266f,NL,3916,Pizza100,1hop,BQA,FALSE,true,natural_language_duplicate_candidate_requires_review,3
654b05a484b7cb02597e7ac8021c53b9d42279c52c1e3df01d3f1d9101a0266f,NL,3918,Pizza100,1hop,BQA,FALSE,true,natural_language_duplicate_candidate_requires_review,3
654b05a484b7cb02597e7ac8021c53b9d42279c52c1e3df01d3f1d9101a0266f,NL,3922,Pizza100,1hop,BQA,FALSE,true,natural_language_duplicate_candidate_requires_review,3
65c82272db12c1adcdf231d1fab1dfc6981f59c3177072d7ec5e3ceed1b74bf9,NL,4727,Pizza100,2hop,OEQA,GreenPepperTopping_dynamic_1; HotSpicedBeefTopping_dynamic_1; MozzarellaTopping_dynamic_1; OnionTopping_dynamic_1; TomatoTopping_dynamic_1,true,natural_language_duplicate_candidate_requires_review,3
65c82272db12c1adcdf231d1fab1dfc6981f59c3177072d7ec5e3ceed1b74bf9,NL,4730,Pizza100,2hop,OEQA,GreenPepperTopping_dynamic_1; HotSpicedBeefTopping_dynamic_1; MozzarellaTopping_dynamic_1; OnionTopping_dynamic_1; TomatoTopping_dynamic_1,true,natural_language_duplicate_candidate_requires_review,3
65c82272db12c1adcdf231d1fab1dfc6981f59c3177072d7ec5e3ceed1b74bf9,NL,5957,Pizza250,2hop,OEQA,GreenPepperTopping_dynamic_1; HotSpicedBeefTopping_dynamic_1; MozzarellaTopping_dynamic_1; OnionTopping_dynamic_1; TomatoTopping_dynamic_1,true,natural_language_duplicate_candidate_requires_review,3
65f3ef0a8d8796819a3d0e2ccf8c4ea6f9299b838a0ec6b7c7151dcdd5d93b82,NL,4449,Pizza100,2hop,BQA,TRUE,true,natural_language_duplicate_candidate_requires_review,5
65f3ef0a8d8796819a3d0e2ccf8c4ea6f9299b838a0ec6b7c7151dcdd5d93b82,NL,5578,Pizza250,2hop,BQA,TRUE,true,natural_language_duplicate_candidate_requires_review,5
65f3ef0a8d8796819a3d0e2ccf8c4ea6f9299b838a0ec6b7c7151dcdd5d93b82,NL,5582,Pizza250,2hop,BQA,TRUE,true,natural_language_duplicate_candidate_requires_review,5
65f3ef0a8d8796819a3d0e2ccf8c4ea6f9299b838a0ec6b7c7151dcdd5d93b82,NL,5590,Pizza250,2hop,BQA,TRUE,true,natural_language_duplicate_candidate_requires_review,5
65f3ef0a8d8796819a3d0e2ccf8c4ea6f9299b838a0ec6b7c7151dcdd5d93b82,NL,5592,Pizza250,2hop,BQA,TRUE,true,natural_language_duplicate_candidate_requires_review,5
68233939ea8acfa8cf43e9efcff57071bec67b8881526543ea67ae6f1c9b6216,NL,4477,Pizza100,2hop,BQA,TRUE,true,natural_language_duplicate_candidate_requires_review,5
68233939ea8acfa8cf43e9efcff57071bec67b8881526543ea67ae6f1c9b6216,NL,4481,Pizza100,2hop,BQA,TRUE,true,natural_language_duplicate_candidate_requires_review,5
68233939ea8acfa8cf43e9efcff57071bec67b8881526543ea67ae6f1c9b6216,NL,5632,Pizza250,2hop,BQA,TRUE,true,natural_language_duplicate_candidate_requires_review,5
68233939ea8acfa8cf43e9efcff57071bec67b8881526543ea67ae6f1c9b6216,NL,5642,Pizza250,2hop,BQA,TRUE,true,natural_language_duplicate_candidate_requires_review,5
68233939ea8acfa8cf43e9efcff57071bec67b8881526543ea67ae6f1c9b6216,NL,5648,Pizza250,2hop,BQA,TRUE,true,natural_language_duplicate_candidate_requires_review,5
6990033536698d19c3b78fe9063ec136c5166a23d69cb85a2b9391942e3b7ed7,NL,5594,Pizza250,2hop,BQA,TRUE,true,natural_language_duplicate_candidate_requires_review,3
6990033536698d19c3b78fe9063ec136c5166a23d69cb85a2b9391942e3b7ed7,NL,5598,Pizza250,2hop,BQA,TRUE,true,natural_language_duplicate_candidate_requires_review,3
6990033536698d19c3b78fe9063ec136c5166a23d69cb85a2b9391942e3b7ed7,NL,5602,Pizza250,2hop,BQA,TRUE,true,natural_language_duplicate_candidate_requires_review,3
6a3dffdac7e01ee0769cea54a69d27271d3e66669653115b112796bedcd7be22,NL,4355,Pizza100,2hop,BQA,TRUE,true,natural_language_duplicate_candidate_requires_review,4
6a3dffdac7e01ee0769cea54a69d27271d3e66669653115b112796bedcd7be22,NL,5478,Pizza250,2hop,BQA,TRUE,true,natural_language_duplicate_candidate_requires_review,4
6a3dffdac7e01ee0769cea54a69d27271d3e66669653115b112796bedcd7be22,NL,5488,Pizza250,2hop,BQA,TRUE,true,natural_language_duplicate_candidate_requires_review,4
6a3dffdac7e01ee0769cea54a69d27271d3e66669653115b112796bedcd7be22,NL,5494,Pizza250,2hop,BQA,TRUE,true,natural_language_duplicate_candidate_requires_review,4
6a549d0831a6f44653e364ca65f1d7e5b2d9209e37a7180b3a2dff737dc466b4,NL,4334,Pizza100,2hop,BQA,FALSE,true,natural_language_duplicate_candidate_requires_review,4
6a549d0831a6f44653e364ca65f1d7e5b2d9209e37a7180b3a2dff737dc466b4,NL,4342,Pizza100,2hop,BQA,FALSE,true,natural_language_duplicate_candidate_requires_review,4
6a549d0831a6f44653e364ca65f1d7e5b2d9209e37a7180b3a2dff737dc466b4,NL,4350,Pizza100,2hop,BQA,FALSE,true,natural_language_duplicate_candidate_requires_review,4
6a549d0831a6f44653e364ca65f1d7e5b2d9209e37a7180b3a2dff737dc466b4,NL,5467,Pizza250,2hop,BQA,FALSE,true,natural_language_duplicate_candidate_requires_review,4
6b1afc0db54494586ce21907a8f49c17dd3052932052aafae340045840b8c6dc,NL,4519,Pizza100,2hop,BQA,TRUE,true,natural_language_duplicate_candidate_requires_review,2
6b1afc0db54494586ce21907a8f49c17dd3052932052aafae340045840b8c6dc,NL,5684,Pizza250,2hop,BQA,TRUE,true,natural_language_duplicate_candidate_requires_review,2
6bab121a9ef6c4961057b6c7b3ca222d06513e913388381b82e8d839b1753229,NL,3910,Pizza100,1hop,BQA,FALSE,true,natural_language_duplicate_candidate_requires_review,5
6bab121a9ef6c4961057b6c7b3ca222d06513e913388381b82e8d839b1753229,NL,3914,Pizza100,1hop,BQA,FALSE,true,natural_language_duplicate_candidate_requires_review,5
6bab121a9ef6c4961057b6c7b3ca222d06513e913388381b82e8d839b1753229,NL,3926,Pizza100,1hop,BQA,FALSE,true,natural_language_duplicate_candidate_requires_review,5
6bab121a9ef6c4961057b6c7b3ca222d06513e913388381b82e8d839b1753229,NL,4934,Pizza250,1hop,BQA,FALSE,true,natural_language_duplicate_candidate_requires_review,5
6bab121a9ef6c4961057b6c7b3ca222d06513e913388381b82e8d839b1753229,NL,4938,Pizza250,1hop,BQA,FALSE,true,natural_language_duplicate_candidate_requires_review,5
6cf473a804ac17569598553e27f0209be2ba8160277edbbe8c8181f201567e23,NL,4735,Pizza100,2hop,OEQA,GarlicTopping_dynamic_1; MozzarellaTopping_dynamic_1; OliveTopping_dynamic_1; ParmesanTopping_dynamic_1; RocketTopping_dynamic_1; TomatoTopping_dynamic_1,true,natural_language_duplicate_candidate_requires_review,5
6cf473a804ac17569598553e27f0209be2ba8160277edbbe8c8181f201567e23,NL,5964,Pizza250,2hop,OEQA,GarlicTopping_dynamic_1; MozzarellaTopping_dynamic_1; OliveTopping_dynamic_1; ParmesanTopping_dynamic_1; RocketTopping_dynamic_1; TomatoTopping_dynamic_1,true,natural_language_duplicate_candidate_requires_review,5
6cf473a804ac17569598553e27f0209be2ba8160277edbbe8c8181f201567e23,NL,5968,Pizza250,2hop,OEQA,GarlicTopping_dynamic_1; MozzarellaTopping_dynamic_1; OliveTopping_dynamic_1; ParmesanTopping_dynamic_1; RocketTopping_dynamic_1; TomatoTopping_dynamic_1,true,natural_language_duplicate_candidate_requires_review,5
6cf473a804ac17569598553e27f0209be2ba8160277edbbe8c8181f201567e23,NL,5972,Pizza250,2hop,OEQA,GarlicTopping_dynamic_1; MozzarellaTopping_dynamic_1; OliveTopping_dynamic_1; ParmesanTopping_dynamic_1; RocketTopping_dynamic_1; TomatoTopping_dynamic_1,true,natural_language_duplicate_candidate_requires_review,5
6cf473a804ac17569598553e27f0209be2ba8160277edbbe8c8181f201567e23,NL,5973,Pizza250,2hop,OEQA,GarlicTopping_dynamic_1; MozzarellaTopping_dynamic_1; OliveTopping_dynamic_1; ParmesanTopping_dynamic_1; RocketTopping_dynamic_1; TomatoTopping_dynamic_1,true,natural_language_duplicate_candidate_requires_review,5
6d13e365ca484ae5386a45625f33e9da157c51259a0a9379845219c32d817d61,NL,4270,Pizza100,2hop,BQA,FALSE,true,natural_language_duplicate_candidate_requires_review,2
6d13e365ca484ae5386a45625f33e9da157c51259a0a9379845219c32d817d61,NL,5377,Pizza250,2hop,BQA,FALSE,true,natural_language_duplicate_candidate_requires_review,2
6d1d7225857ed3a24997b6176d7bec0a2e2fd13147ae9e82d59dd9b2b517bdf9,NL,4320,Pizza100,2hop,BQA,FALSE,true,natural_language_duplicate_candidate_requires_review,4
6d1d7225857ed3a24997b6176d7bec0a2e2fd13147ae9e82d59dd9b2b517bdf9,NL,5433,Pizza250,2hop,BQA,FALSE,true,natural_language_duplicate_candidate_requires_review,4
6d1d7225857ed3a24997b6176d7bec0a2e2fd13147ae9e82d59dd9b2b517bdf9,NL,5435,Pizza250,2hop,BQA,FALSE,true,natural_language_duplicate_candidate_requires_review,4
6d1d7225857ed3a24997b6176d7bec0a2e2fd13147ae9e82d59dd9b2b517bdf9,NL,5437,Pizza250,2hop,BQA,FALSE,true,natural_language_duplicate_candidate_requires_review,4
6d2ab846b89103f71b3172e06261eb5d1f9f639d085c187e661336821dcc40b8,NL,4287,Pizza100,2hop,BQA,TRUE,true,natural_language_duplicate_candidate_requires_review,3
6d2ab846b89103f71b3172e06261eb5d1f9f639d085c187e661336821dcc40b8,NL,5394,Pizza250,2hop,BQA,TRUE,true,natural_language_duplicate_candidate_requires_review,3
6d2ab846b89103f71b3172e06261eb5d1f9f639d085c187e661336821dcc40b8,NL,5402,Pizza250,2hop,BQA,TRUE,true,natural_language_duplicate_candidate_requires_review,3
6d5425194f37195035585df1013bd1f41428b37535993eb587c187443a32e58c,NL,3870,Pizza100,1hop,BQA,FALSE,true,natural_language_duplicate_candidate_requires_review,3
6d5425194f37195035585df1013bd1f41428b37535993eb587c187443a32e58c,NL,4888,Pizza250,1hop,BQA,FALSE,true,natural_language_duplicate_candidate_requires_review,3
6d5425194f37195035585df1013bd1f41428b37535993eb587c187443a32e58c,NL,4900,Pizza250,1hop,BQA,FALSE,true,natural_language_duplicate_candidate_requires_review,3
6f26de7a5ae8475637c4dadedcfb4a99a51ba687322f40377fd6c5336c3fe102,NL,2095,FamilyOWL,2hop,BQA,TRUE,true,natural_language_duplicate_candidate_requires_review,2
6f26de7a5ae8475637c4dadedcfb4a99a51ba687322f40377fd6c5336c3fe102,NL,2097,FamilyOWL,2hop,BQA,TRUE,true,natural_language_duplicate_candidate_requires_review,2
6f51504760ceb0154582aa406a4de53474ba478197ff4b6dd251f1fafcec6e68,NL,4263,Pizza100,2hop,BQA,TRUE,true,natural_language_duplicate_candidate_requires_review,2
6f51504760ceb0154582aa406a4de53474ba478197ff4b6dd251f1fafcec6e68,NL,5372,Pizza250,2hop,BQA,TRUE,true,natural_language_duplicate_candidate_requires_review,2
6fab8e56aeb52bdd9a689c08219e01318e1192d3feade1452a91de3587aaf364,NL,4640,Pizza100,2hop,OEQA,DomainConcept; Food; Pizza,true,natural_language_duplicate_candidate_requires_review,3
6fab8e56aeb52bdd9a689c08219e01318e1192d3feade1452a91de3587aaf364,NL,5846,Pizza250,2hop,OEQA,DomainConcept; Food; Pizza,true,natural_language_duplicate_candidate_requires_review,3
6fab8e56aeb52bdd9a689c08219e01318e1192d3feade1452a91de3587aaf364,NL,5848,Pizza250,2hop,OEQA,DomainConcept; Food; Pizza,true,natural_language_duplicate_candidate_requires_review,3
6fe5eeaa65ef7ea9f8621459624d29087dbee36b3ec14e8474eb5ef61a20f493,NL,3962,Pizza100,1hop,BQA,TRUE,true,natural_language_duplicate_candidate_requires_review,5
6fe5eeaa65ef7ea9f8621459624d29087dbee36b3ec14e8474eb5ef61a20f493,NL,3966,Pizza100,1hop,BQA,TRUE,true,natural_language_duplicate_candidate_requires_review,5
6fe5eeaa65ef7ea9f8621459624d29087dbee36b3ec14e8474eb5ef61a20f493,NL,4984,Pizza250,1hop,BQA,TRUE,true,natural_language_duplicate_candidate_requires_review,5
6fe5eeaa65ef7ea9f8621459624d29087dbee36b3ec14e8474eb5ef61a20f493,NL,4988,Pizza250,1hop,BQA,TRUE,true,natural_language_duplicate_candidate_requires_review,5
6fe5eeaa65ef7ea9f8621459624d29087dbee36b3ec14e8474eb5ef61a20f493,NL,4990,Pizza250,1hop,BQA,TRUE,true,natural_language_duplicate_candidate_requires_review,5
702761e7065f3c62c1ec8ff4da6e1b7d0654166d353233837c5fb04d5e753344,NL,4010,Pizza100,1hop,BQA,FALSE,true,natural_language_duplicate_candidate_requires_review,3
702761e7065f3c62c1ec8ff4da6e1b7d0654166d353233837c5fb04d5e753344,NL,4016,Pizza100,1hop,BQA,FALSE,true,natural_language_duplicate_candidate_requires_review,3
702761e7065f3c62c1ec8ff4da6e1b7d0654166d353233837c5fb04d5e753344,NL,5054,Pizza250,1hop,BQA,FALSE,true,natural_language_duplicate_candidate_requires_review,3
7095e66884a52eb681a033f76ed9464e897db9cd27f7804151e8b324bd2b8aac,NL,3884,Pizza100,1hop,BQA,TRUE,true,natural_language_duplicate_candidate_requires_review,3
7095e66884a52eb681a033f76ed9464e897db9cd27f7804151e8b324bd2b8aac,NL,3890,Pizza100,1hop,BQA,TRUE,true,natural_language_duplicate_candidate_requires_review,3
7095e66884a52eb681a033f76ed9464e897db9cd27f7804151e8b324bd2b8aac,NL,4906,Pizza250,1hop,BQA,TRUE,true,natural_language_duplicate_candidate_requires_review,3
715d3689f026b9e9cba797b43eca06194866ea807a9b977a28b989465695955e,AR,6965,OWL2Bench,1hop,BQA,FALSE,true,abstract_equivalence_candidate_requires_review,2
715d3689f026b9e9cba797b43eca06194866ea807a9b977a28b989465695955e,AR,8516,OWL2Bench,2hop,BQA,FALSE,true,abstract_equivalence_candidate_requires_review,2
71ac540a814370349d4917e308c4e06b20795862feb11009fc95b0369f4ad9f8,NL,5092,Pizza250,1hop,BQA,FALSE,true,natural_language_duplicate_candidate_requires_review,4
71ac540a814370349d4917e308c4e06b20795862feb11009fc95b0369f4ad9f8,NL,5094,Pizza250,1hop,BQA,FALSE,true,natural_language_duplicate_candidate_requires_review,4
71ac540a814370349d4917e308c4e06b20795862feb11009fc95b0369f4ad9f8,NL,5096,Pizza250,1hop,BQA,FALSE,true,natural_language_duplicate_candidate_requires_review,4
71ac540a814370349d4917e308c4e06b20795862feb11009fc95b0369f4ad9f8,NL,5106,Pizza250,1hop,BQA,FALSE,true,natural_language_duplicate_candidate_requires_review,4
7210d19d463442ad749365ec05833503506096bd8f19739fde747d7dd78e6f9a,NL,4658,Pizza100,2hop,OEQA,HamTopping_dynamic_1; MozzarellaTopping_dynamic_1; MushroomTopping_dynamic_1; OliveTopping_dynamic_1; TomatoTopping_dynamic_1,true,natural_language_duplicate_candidate_requires_review,5
7210d19d463442ad749365ec05833503506096bd8f19739fde747d7dd78e6f9a,NL,4659,Pizza100,2hop,OEQA,HamTopping_dynamic_1; MozzarellaTopping_dynamic_1; MushroomTopping_dynamic_1; OliveTopping_dynamic_1; TomatoTopping_dynamic_1,true,natural_language_duplicate_candidate_requires_review,5
7210d19d463442ad749365ec05833503506096bd8f19739fde747d7dd78e6f9a,NL,5869,Pizza250,2hop,OEQA,HamTopping_dynamic_1; MozzarellaTopping_dynamic_1; MushroomTopping_dynamic_1; OliveTopping_dynamic_1; TomatoTopping_dynamic_1,true,natural_language_duplicate_candidate_requires_review,5
7210d19d463442ad749365ec05833503506096bd8f19739fde747d7dd78e6f9a,NL,5872,Pizza250,2hop,OEQA,HamTopping_dynamic_1; MozzarellaTopping_dynamic_1; MushroomTopping_dynamic_1; OliveTopping_dynamic_1; TomatoTopping_dynamic_1,true,natural_language_duplicate_candidate_requires_review,5
7210d19d463442ad749365ec05833503506096bd8f19739fde747d7dd78e6f9a,NL,5874,Pizza250,2hop,OEQA,HamTopping_dynamic_1; MozzarellaTopping_dynamic_1; MushroomTopping_dynamic_1; OliveTopping_dynamic_1; TomatoTopping_dynamic_1,true,natural_language_duplicate_candidate_requires_review,5
724140b0a8dd77775f8e76b56b94179a0a6eef276eacec6f54da7d4ce8e14d89,NL,4357,Pizza100,2hop,BQA,TRUE,true,natural_language_duplicate_candidate_requires_review,4
724140b0a8dd77775f8e76b56b94179a0a6eef276eacec6f54da7d4ce8e14d89,NL,4359,Pizza100,2hop,BQA,TRUE,true,natural_language_duplicate_candidate_requires_review,4
724140b0a8dd77775f8e76b56b94179a0a6eef276eacec6f54da7d4ce8e14d89,NL,5474,Pizza250,2hop,BQA,TRUE,true,natural_language_duplicate_candidate_requires_review,4
724140b0a8dd77775f8e76b56b94179a0a6eef276eacec6f54da7d4ce8e14d89,NL,5480,Pizza250,2hop,BQA,TRUE,true,natural_language_duplicate_candidate_requires_review,4
7264c15e21f78e539d2e50a734d9a7abcd7a010a32a6201155afa4d64a0162f7,NL,4227,Pizza100,1hop,OEQA,AnchoviesTopping_dynamic_1; ArtichokeTopping_dynamic_1; GarlicTopping_dynamic_1; HamTopping_dynamic_1; MozzarellaTopping_dynamic_1; OliveTopping_dynamic_1; TomatoTopping_dynamic_1,true,natural_language_duplicate_candidate_requires_review,6
7264c15e21f78e539d2e50a734d9a7abcd7a010a32a6201155afa4d64a0162f7,NL,4230,Pizza100,1hop,OEQA,AnchoviesTopping_dynamic_1; ArtichokeTopping_dynamic_1; GarlicTopping_dynamic_1; HamTopping_dynamic_1; MozzarellaTopping_dynamic_1; OliveTopping_dynamic_1; TomatoTopping_dynamic_1,true,natural_language_duplicate_candidate_requires_review,6
7264c15e21f78e539d2e50a734d9a7abcd7a010a32a6201155afa4d64a0162f7,NL,5327,Pizza250,1hop,OEQA,AnchoviesTopping_dynamic_1; ArtichokeTopping_dynamic_1; GarlicTopping_dynamic_1; HamTopping_dynamic_1; MozzarellaTopping_dynamic_1; OliveTopping_dynamic_1; TomatoTopping_dynamic_1,true,natural_language_duplicate_candidate_requires_review,6
7264c15e21f78e539d2e50a734d9a7abcd7a010a32a6201155afa4d64a0162f7,NL,5331,Pizza250,1hop,OEQA,AnchoviesTopping_dynamic_1; ArtichokeTopping_dynamic_1; GarlicTopping_dynamic_1; HamTopping_dynamic_1; MozzarellaTopping_dynamic_1; OliveTopping_dynamic_1; TomatoTopping_dynamic_1,true,natural_language_duplicate_candidate_requires_review,6
7264c15e21f78e539d2e50a734d9a7abcd7a010a32a6201155afa4d64a0162f7,NL,5335,Pizza250,1hop,OEQA,AnchoviesTopping_dynamic_1; ArtichokeTopping_dynamic_1; GarlicTopping_dynamic_1; HamTopping_dynamic_1; MozzarellaTopping_dynamic_1; OliveTopping_dynamic_1; TomatoTopping_dynamic_1,true,natural_language_duplicate_candidate_requires_review,6
7264c15e21f78e539d2e50a734d9a7abcd7a010a32a6201155afa4d64a0162f7,NL,5336,Pizza250,1hop,OEQA,AnchoviesTopping_dynamic_1; ArtichokeTopping_dynamic_1; GarlicTopping_dynamic_1; HamTopping_dynamic_1; MozzarellaTopping_dynamic_1; OliveTopping_dynamic_1; TomatoTopping_dynamic_1,true,natural_language_duplicate_candidate_requires_review,6
73b5d5ad153451c11a47346d9ba8d5372f8f18f5f22775d48a2d18c6b48598ef,NL,3823,Pizza100,1hop,BQA,FALSE,true,natural_language_duplicate_candidate_requires_review,2
73b5d5ad153451c11a47346d9ba8d5372f8f18f5f22775d48a2d18c6b48598ef,NL,4825,Pizza250,1hop,BQA,FALSE,true,natural_language_duplicate_candidate_requires_review,2
745375b64ac48c3ebc2841e75a4f34bbd047a74d857111b8e86cc1828963b2f4,NL,4330,Pizza100,2hop,BQA,FALSE,true,natural_language_duplicate_candidate_requires_review,4
745375b64ac48c3ebc2841e75a4f34bbd047a74d857111b8e86cc1828963b2f4,NL,5447,Pizza250,2hop,BQA,FALSE,true,natural_language_duplicate_candidate_requires_review,4
745375b64ac48c3ebc2841e75a4f34bbd047a74d857111b8e86cc1828963b2f4,NL,5455,Pizza250,2hop,BQA,FALSE,true,natural_language_duplicate_candidate_requires_review,4
745375b64ac48c3ebc2841e75a4f34bbd047a74d857111b8e86cc1828963b2f4,NL,5459,Pizza250,2hop,BQA,FALSE,true,natural_language_duplicate_candidate_requires_review,4
747125f515e8f7e4e6ad05978780fac327fba895d2fa4cdc2ca14e4b7c2474cf,NL,4427,Pizza100,2hop,BQA,TRUE,true,natural_language_duplicate_candidate_requires_review,7
747125f515e8f7e4e6ad05978780fac327fba895d2fa4cdc2ca14e4b7c2474cf,NL,4435,Pizza100,2hop,BQA,TRUE,true,natural_language_duplicate_candidate_requires_review,7
747125f515e8f7e4e6ad05978780fac327fba895d2fa4cdc2ca14e4b7c2474cf,NL,4437,Pizza100,2hop,BQA,TRUE,true,natural_language_duplicate_candidate_requires_review,7
747125f515e8f7e4e6ad05978780fac327fba895d2fa4cdc2ca14e4b7c2474cf,NL,4441,Pizza100,2hop,BQA,TRUE,true,natural_language_duplicate_candidate_requires_review,7
747125f515e8f7e4e6ad05978780fac327fba895d2fa4cdc2ca14e4b7c2474cf,NL,4445,Pizza100,2hop,BQA,TRUE,true,natural_language_duplicate_candidate_requires_review,7
747125f515e8f7e4e6ad05978780fac327fba895d2fa4cdc2ca14e4b7c2474cf,NL,5556,Pizza250,2hop,BQA,TRUE,true,natural_language_duplicate_candidate_requires_review,7
747125f515e8f7e4e6ad05978780fac327fba895d2fa4cdc2ca14e4b7c2474cf,NL,5560,Pizza250,2hop,BQA,TRUE,true,natural_language_duplicate_candidate_requires_review,7
74f1ac3dde57f8d7f5c0717bfbfe39e575f3ec9499663bbd363dbaf73b59677e,NL,4023,Pizza100,1hop,BQA,FALSE,true,natural_language_duplicate_candidate_requires_review,3
74f1ac3dde57f8d7f5c0717bfbfe39e575f3ec9499663bbd363dbaf73b59677e,NL,5061,Pizza250,1hop,BQA,FALSE,true,natural_language_duplicate_candidate_requires_review,3
74f1ac3dde57f8d7f5c0717bfbfe39e575f3ec9499663bbd363dbaf73b59677e,NL,5065,Pizza250,1hop,BQA,FALSE,true,natural_language_duplicate_candidate_requires_review,3
7523499d98c5e948b8223a3c4108d05c7a3a575eececca513d206d241b3ef274,NL,4157,Pizza100,1hop,OEQA,HamTopping_dynamic_1; MozzarellaTopping_dynamic_1; MushroomTopping_dynamic_1; OliveTopping_dynamic_1; TomatoTopping_dynamic_1,true,natural_language_duplicate_candidate_requires_review,4
7523499d98c5e948b8223a3c4108d05c7a3a575eececca513d206d241b3ef274,NL,5263,Pizza250,1hop,OEQA,HamTopping_dynamic_1; MozzarellaTopping_dynamic_1; MushroomTopping_dynamic_1; OliveTopping_dynamic_1; TomatoTopping_dynamic_1,true,natural_language_duplicate_candidate_requires_review,4
7523499d98c5e948b8223a3c4108d05c7a3a575eececca513d206d241b3ef274,NL,5264,Pizza250,1hop,OEQA,HamTopping_dynamic_1; MozzarellaTopping_dynamic_1; MushroomTopping_dynamic_1; OliveTopping_dynamic_1; TomatoTopping_dynamic_1,true,natural_language_duplicate_candidate_requires_review,4
7523499d98c5e948b8223a3c4108d05c7a3a575eececca513d206d241b3ef274,NL,5267,Pizza250,1hop,OEQA,HamTopping_dynamic_1; MozzarellaTopping_dynamic_1; MushroomTopping_dynamic_1; OliveTopping_dynamic_1; TomatoTopping_dynamic_1,true,natural_language_duplicate_candidate_requires_review,4
75ff75df586549a429968004d9dbf8b04c2ccde7ba55a58c4f74e042518348d9,NL,4151,Pizza100,1hop,OEQA,GarlicTopping_dynamic_1; MixedSeafoodTopping_dynamic_1; TomatoTopping_dynamic_1,true,natural_language_duplicate_candidate_requires_review,2
75ff75df586549a429968004d9dbf8b04c2ccde7ba55a58c4f74e042518348d9,NL,5244,Pizza250,1hop,OEQA,GarlicTopping_dynamic_1; MixedSeafoodTopping_dynamic_1; TomatoTopping_dynamic_1,true,natural_language_duplicate_candidate_requires_review,2
7668afc8610a310901083f65391daba10598d410ca239ed9d293656ec5b92787,NL,4077,Pizza100,1hop,BQA,FALSE,true,natural_language_duplicate_candidate_requires_review,2
7668afc8610a310901083f65391daba10598d410ca239ed9d293656ec5b92787,NL,5161,Pizza250,1hop,BQA,FALSE,true,natural_language_duplicate_candidate_requires_review,2
77a36bb1b1ec7cfbd70a2d9e0c414dcf4e9648a469da853008eb89c8309c2c53,NL,7455,OWL2Bench,1hop,OEQA,Person,true,natural_language_duplicate_candidate_requires_review,2
77a36bb1b1ec7cfbd70a2d9e0c414dcf4e9648a469da853008eb89c8309c2c53,NL,9047,OWL2Bench,2hop,OEQA,Person,true,natural_language_duplicate_candidate_requires_review,2
7844b92c3fb5862d2489ca362c9667df9589346606e02e702c2180239e123999,NL,4476,Pizza100,2hop,BQA,FALSE,true,natural_language_duplicate_candidate_requires_review,4
7844b92c3fb5862d2489ca362c9667df9589346606e02e702c2180239e123999,NL,4480,Pizza100,2hop,BQA,FALSE,true,natural_language_duplicate_candidate_requires_review,4
7844b92c3fb5862d2489ca362c9667df9589346606e02e702c2180239e123999,NL,5633,Pizza250,2hop,BQA,FALSE,true,natural_language_duplicate_candidate_requires_review,4
7844b92c3fb5862d2489ca362c9667df9589346606e02e702c2180239e123999,NL,5641,Pizza250,2hop,BQA,FALSE,true,natural_language_duplicate_candidate_requires_review,4
78aa0e50814a2bcdd625588163c10c765580343e43dbf61b7a626e027cf64179,NL,2794,FamilyOWL,2hop,BQA,FALSE,true,natural_language_duplicate_candidate_requires_review,2
78aa0e50814a2bcdd625588163c10c765580343e43dbf61b7a626e027cf64179,NL,2798,FamilyOWL,2hop,BQA,FALSE,true,natural_language_duplicate_candidate_requires_review,2
78ff840b6229f69ff0c4798f95b0e484cf330857b3b227b09b49197e071b48ef,NL,4707,Pizza100,2hop,OEQA,FourCheesesTopping_dynamic_1; TomatoTopping_dynamic_1,true,natural_language_duplicate_candidate_requires_review,4
78ff840b6229f69ff0c4798f95b0e484cf330857b3b227b09b49197e071b48ef,NL,4709,Pizza100,2hop,OEQA,FourCheesesTopping_dynamic_1; TomatoTopping_dynamic_1,true,natural_language_duplicate_candidate_requires_review,4
78ff840b6229f69ff0c4798f95b0e484cf330857b3b227b09b49197e071b48ef,NL,4713,Pizza100,2hop,OEQA,FourCheesesTopping_dynamic_1; TomatoTopping_dynamic_1,true,natural_language_duplicate_candidate_requires_review,4
78ff840b6229f69ff0c4798f95b0e484cf330857b3b227b09b49197e071b48ef,NL,5939,Pizza250,2hop,OEQA,FourCheesesTopping_dynamic_1; TomatoTopping_dynamic_1,true,natural_language_duplicate_candidate_requires_review,4
793629ccdb52cfea0c309ef750eb9bd3cd6a812eae91197780a58145d7afa3f8,NL,2073,FamilyOWL,2hop,BQA,TRUE,true,natural_language_duplicate_candidate_requires_review,2
793629ccdb52cfea0c309ef750eb9bd3cd6a812eae91197780a58145d7afa3f8,NL,2077,FamilyOWL,2hop,BQA,TRUE,true,natural_language_duplicate_candidate_requires_review,2
79d0997036eca4931cc570d47c7026b26d1cec85cb1e1a42f48e39007f44d407,NL,4114,Pizza100,1hop,OEQA,DomainConcept; Food; Pizza,true,natural_language_duplicate_candidate_requires_review,9
79d0997036eca4931cc570d47c7026b26d1cec85cb1e1a42f48e39007f44d407,NL,4117,Pizza100,1hop,OEQA,DomainConcept; Food; Pizza,true,natural_language_duplicate_candidate_requires_review,9
79d0997036eca4931cc570d47c7026b26d1cec85cb1e1a42f48e39007f44d407,NL,4119,Pizza100,1hop,OEQA,DomainConcept; Food; Pizza,true,natural_language_duplicate_candidate_requires_review,9
79d0997036eca4931cc570d47c7026b26d1cec85cb1e1a42f48e39007f44d407,NL,5190,Pizza250,1hop,OEQA,DomainConcept; Food; Pizza,true,natural_language_duplicate_candidate_requires_review,9
79d0997036eca4931cc570d47c7026b26d1cec85cb1e1a42f48e39007f44d407,NL,5191,Pizza250,1hop,OEQA,DomainConcept; Food; Pizza,true,natural_language_duplicate_candidate_requires_review,9
79d0997036eca4931cc570d47c7026b26d1cec85cb1e1a42f48e39007f44d407,NL,5195,Pizza250,1hop,OEQA,DomainConcept; Food; Pizza,true,natural_language_duplicate_candidate_requires_review,9
79d0997036eca4931cc570d47c7026b26d1cec85cb1e1a42f48e39007f44d407,NL,5196,Pizza250,1hop,OEQA,DomainConcept; Food; Pizza,true,natural_language_duplicate_candidate_requires_review,9
79d0997036eca4931cc570d47c7026b26d1cec85cb1e1a42f48e39007f44d407,NL,5197,Pizza250,1hop,OEQA,DomainConcept; Food; Pizza,true,natural_language_duplicate_candidate_requires_review,9
79d0997036eca4931cc570d47c7026b26d1cec85cb1e1a42f48e39007f44d407,NL,5200,Pizza250,1hop,OEQA,DomainConcept; Food; Pizza,true,natural_language_duplicate_candidate_requires_review,9
7b8798d4ca5e62209c0f577186ff8f41473463544e76ccb78eabcfbf057d149d,NL,3857,Pizza100,1hop,BQA,FALSE,true,natural_language_duplicate_candidate_requires_review,6
7b8798d4ca5e62209c0f577186ff8f41473463544e76ccb78eabcfbf057d149d,NL,3865,Pizza100,1hop,BQA,FALSE,true,natural_language_duplicate_candidate_requires_review,6
7b8798d4ca5e62209c0f577186ff8f41473463544e76ccb78eabcfbf057d149d,NL,4867,Pizza250,1hop,BQA,FALSE,true,natural_language_duplicate_candidate_requires_review,6
7b8798d4ca5e62209c0f577186ff8f41473463544e76ccb78eabcfbf057d149d,NL,4871,Pizza250,1hop,BQA,FALSE,true,natural_language_duplicate_candidate_requires_review,6
7b8798d4ca5e62209c0f577186ff8f41473463544e76ccb78eabcfbf057d149d,NL,4873,Pizza250,1hop,BQA,FALSE,true,natural_language_duplicate_candidate_requires_review,6
7b8798d4ca5e62209c0f577186ff8f41473463544e76ccb78eabcfbf057d149d,NL,4875,Pizza250,1hop,BQA,FALSE,true,natural_language_duplicate_candidate_requires_review,6
7befe258bd86744da025ba8cec09723021cc74fdd16e0b902d151814bd43fae3,NL,4294,Pizza100,2hop,BQA,FALSE,true,natural_language_duplicate_candidate_requires_review,5
7befe258bd86744da025ba8cec09723021cc74fdd16e0b902d151814bd43fae3,NL,4300,Pizza100,2hop,BQA,FALSE,true,natural_language_duplicate_candidate_requires_review,5
7befe258bd86744da025ba8cec09723021cc74fdd16e0b902d151814bd43fae3,NL,4306,Pizza100,2hop,BQA,FALSE,true,natural_language_duplicate_candidate_requires_review,5
7befe258bd86744da025ba8cec09723021cc74fdd16e0b902d151814bd43fae3,NL,5419,Pizza250,2hop,BQA,FALSE,true,natural_language_duplicate_candidate_requires_review,5
7befe258bd86744da025ba8cec09723021cc74fdd16e0b902d151814bd43fae3,NL,5421,Pizza250,2hop,BQA,FALSE,true,natural_language_duplicate_candidate_requires_review,5
7c251e637543b08076e147a32eef7d83d87522cb3c0d51d9577699f14c016f78,NL,3820,Pizza100,1hop,BQA,TRUE,true,natural_language_duplicate_candidate_requires_review,6
7c251e637543b08076e147a32eef7d83d87522cb3c0d51d9577699f14c016f78,NL,3826,Pizza100,1hop,BQA,TRUE,true,natural_language_duplicate_candidate_requires_review,6
7c251e637543b08076e147a32eef7d83d87522cb3c0d51d9577699f14c016f78,NL,4820,Pizza250,1hop,BQA,TRUE,true,natural_language_duplicate_candidate_requires_review,6
7c251e637543b08076e147a32eef7d83d87522cb3c0d51d9577699f14c016f78,NL,4828,Pizza250,1hop,BQA,TRUE,true,natural_language_duplicate_candidate_requires_review,6
7c251e637543b08076e147a32eef7d83d87522cb3c0d51d9577699f14c016f78,NL,4832,Pizza250,1hop,BQA,TRUE,true,natural_language_duplicate_candidate_requires_review,6
7c251e637543b08076e147a32eef7d83d87522cb3c0d51d9577699f14c016f78,NL,4838,Pizza250,1hop,BQA,TRUE,true,natural_language_duplicate_candidate_requires_review,6
7d54012fa19739af257d2b19497fc41a4ceb3e6fc2a9ce906c2cc19b29254539,NL,4060,Pizza100,1hop,BQA,FALSE,true,natural_language_duplicate_candidate_requires_review,8
7d54012fa19739af257d2b19497fc41a4ceb3e6fc2a9ce906c2cc19b29254539,NL,5112,Pizza250,1hop,BQA,FALSE,true,natural_language_duplicate_candidate_requires_review,8
7d54012fa19739af257d2b19497fc41a4ceb3e6fc2a9ce906c2cc19b29254539,NL,5114,Pizza250,1hop,BQA,FALSE,true,natural_language_duplicate_candidate_requires_review,8
7d54012fa19739af257d2b19497fc41a4ceb3e6fc2a9ce906c2cc19b29254539,NL,5116,Pizza250,1hop,BQA,FALSE,true,natural_language_duplicate_candidate_requires_review,8
7d54012fa19739af257d2b19497fc41a4ceb3e6fc2a9ce906c2cc19b29254539,NL,5118,Pizza250,1hop,BQA,FALSE,true,natural_language_duplicate_candidate_requires_review,8
7d54012fa19739af257d2b19497fc41a4ceb3e6fc2a9ce906c2cc19b29254539,NL,5124,Pizza250,1hop,BQA,FALSE,true,natural_language_duplicate_candidate_requires_review,8
7d54012fa19739af257d2b19497fc41a4ceb3e6fc2a9ce906c2cc19b29254539,NL,5126,Pizza250,1hop,BQA,FALSE,true,natural_language_duplicate_candidate_requires_review,8
7d54012fa19739af257d2b19497fc41a4ceb3e6fc2a9ce906c2cc19b29254539,NL,5134,Pizza250,1hop,BQA,FALSE,true,natural_language_duplicate_candidate_requires_review,8
7deb5adcd9bc39756b872d0c1578a81f99c229cf716dc7220ea02076265f0a64,NL,3829,Pizza100,1hop,BQA,TRUE,true,natural_language_duplicate_candidate_requires_review,6
7deb5adcd9bc39756b872d0c1578a81f99c229cf716dc7220ea02076265f0a64,NL,3831,Pizza100,1hop,BQA,TRUE,true,natural_language_duplicate_candidate_requires_review,6
7deb5adcd9bc39756b872d0c1578a81f99c229cf716dc7220ea02076265f0a64,NL,3833,Pizza100,1hop,BQA,TRUE,true,natural_language_duplicate_candidate_requires_review,6
7deb5adcd9bc39756b872d0c1578a81f99c229cf716dc7220ea02076265f0a64,NL,3837,Pizza100,1hop,BQA,TRUE,true,natural_language_duplicate_candidate_requires_review,6
7deb5adcd9bc39756b872d0c1578a81f99c229cf716dc7220ea02076265f0a64,NL,4849,Pizza250,1hop,BQA,TRUE,true,natural_language_duplicate_candidate_requires_review,6
7deb5adcd9bc39756b872d0c1578a81f99c229cf716dc7220ea02076265f0a64,NL,4851,Pizza250,1hop,BQA,TRUE,true,natural_language_duplicate_candidate_requires_review,6
7e3079f3e9788210e8a020bab127698e79c3771aed83f23fa85ea48a46b1a18a,NL,5692,Pizza250,2hop,BQA,TRUE,true,natural_language_duplicate_candidate_requires_review,4
7e3079f3e9788210e8a020bab127698e79c3771aed83f23fa85ea48a46b1a18a,NL,5696,Pizza250,2hop,BQA,TRUE,true,natural_language_duplicate_candidate_requires_review,4
7e3079f3e9788210e8a020bab127698e79c3771aed83f23fa85ea48a46b1a18a,NL,5702,Pizza250,2hop,BQA,TRUE,true,natural_language_duplicate_candidate_requires_review,4
7e3079f3e9788210e8a020bab127698e79c3771aed83f23fa85ea48a46b1a18a,NL,5706,Pizza250,2hop,BQA,TRUE,true,natural_language_duplicate_candidate_requires_review,4
7ebee638fb2d80dfb4ddc07e0ba272b4a52731cc4700bccd59ce9c2402b58965,NL,4957,Pizza250,1hop,BQA,TRUE,true,natural_language_duplicate_candidate_requires_review,3
7ebee638fb2d80dfb4ddc07e0ba272b4a52731cc4700bccd59ce9c2402b58965,NL,4961,Pizza250,1hop,BQA,TRUE,true,natural_language_duplicate_candidate_requires_review,3
7ebee638fb2d80dfb4ddc07e0ba272b4a52731cc4700bccd59ce9c2402b58965,NL,4965,Pizza250,1hop,BQA,TRUE,true,natural_language_duplicate_candidate_requires_review,3
7f371beb2bf5b44f08c594d0bb89d6d16f165d553c4f94f46d8fe783c8c7ef64,NL,5475,Pizza250,2hop,BQA,FALSE,true,natural_language_duplicate_candidate_requires_review,2
7f371beb2bf5b44f08c594d0bb89d6d16f165d553c4f94f46d8fe783c8c7ef64,NL,5485,Pizza250,2hop,BQA,FALSE,true,natural_language_duplicate_candidate_requires_review,2
7fb700dc3489dc057f4a9fdbd13070fd8437ae47d514929c513fee18ed6890c3,NL,3989,Pizza100,1hop,BQA,TRUE,true,natural_language_duplicate_candidate_requires_review,6
7fb700dc3489dc057f4a9fdbd13070fd8437ae47d514929c513fee18ed6890c3,NL,3993,Pizza100,1hop,BQA,TRUE,true,natural_language_duplicate_candidate_requires_review,6
7fb700dc3489dc057f4a9fdbd13070fd8437ae47d514929c513fee18ed6890c3,NL,3999,Pizza100,1hop,BQA,TRUE,true,natural_language_duplicate_candidate_requires_review,6
7fb700dc3489dc057f4a9fdbd13070fd8437ae47d514929c513fee18ed6890c3,NL,5029,Pizza250,1hop,BQA,TRUE,true,natural_language_duplicate_candidate_requires_review,6
7fb700dc3489dc057f4a9fdbd13070fd8437ae47d514929c513fee18ed6890c3,NL,5037,Pizza250,1hop,BQA,TRUE,true,natural_language_duplicate_candidate_requires_review,6
7fb700dc3489dc057f4a9fdbd13070fd8437ae47d514929c513fee18ed6890c3,NL,5041,Pizza250,1hop,BQA,TRUE,true,natural_language_duplicate_candidate_requires_review,6
805c8f63bfe2c340eb043bf38f6a80b569ed3852a84206df1f94efd08082bec9,NL,3662,FamilyOWL,2hop,OEQA,Person; Woman,true,natural_language_duplicate_candidate_requires_review,2
805c8f63bfe2c340eb043bf38f6a80b569ed3852a84206df1f94efd08082bec9,NL,3665,FamilyOWL,2hop,OEQA,Person; Woman,true,natural_language_duplicate_candidate_requires_review,2
80e3e1c3a94cbe3a5f9259873120eae22ee32cfe7d89e7a7300a38f0edff4b88,AR,6117,OWL2Bench,1hop,BQA,FALSE,true,abstract_equivalence_candidate_requires_review,2
80e3e1c3a94cbe3a5f9259873120eae22ee32cfe7d89e7a7300a38f0edff4b88,AR,7600,OWL2Bench,2hop,BQA,FALSE,true,abstract_equivalence_candidate_requires_review,2
811092143238fff567d0722de15cdb4fa2a7a7d6aba450017b1555ac9b7874f9,NL,4039,Pizza100,1hop,BQA,FALSE,true,natural_language_duplicate_candidate_requires_review,4
811092143238fff567d0722de15cdb4fa2a7a7d6aba450017b1555ac9b7874f9,NL,5101,Pizza250,1hop,BQA,FALSE,true,natural_language_duplicate_candidate_requires_review,4
811092143238fff567d0722de15cdb4fa2a7a7d6aba450017b1555ac9b7874f9,NL,5103,Pizza250,1hop,BQA,FALSE,true,natural_language_duplicate_candidate_requires_review,4
811092143238fff567d0722de15cdb4fa2a7a7d6aba450017b1555ac9b7874f9,NL,5109,Pizza250,1hop,BQA,FALSE,true,natural_language_duplicate_candidate_requires_review,4
8131cdeb86bd35046d794f4430ec2e64a6477d0bf7668c5d73340825367a5fba,FS,4247,Pizza100,1hop,OEQA,CaperTopping_dynamic_1; MozzarellaTopping_dynamic_1; OliveTopping_dynamic_1; OnionTopping_dynamic_1; PineKernels_dynamic_1; SultanaTopping_dynamic_1; TomatoTopping_dynamic_1,true,formal_duplicate_candidate_requires_review,2
8131cdeb86bd35046d794f4430ec2e64a6477d0bf7668c5d73340825367a5fba,FS,5360,Pizza250,1hop,OEQA,CaperTopping_dynamic_1; MozzarellaTopping_dynamic_1; OliveTopping_dynamic_1; OnionTopping_dynamic_1; PineKernels_dynamic_1; SultanaTopping_dynamic_1; TomatoTopping_dynamic_1,true,formal_duplicate_candidate_requires_review,2
820b6052db7271da83bb1a040bbde4a5b01726db59761cde8867bbb4c3053362,NL,4473,Pizza100,2hop,BQA,TRUE,true,natural_language_duplicate_candidate_requires_review,2
820b6052db7271da83bb1a040bbde4a5b01726db59761cde8867bbb4c3053362,NL,5614,Pizza250,2hop,BQA,TRUE,true,natural_language_duplicate_candidate_requires_review,2
824c3cffd78b08da29d705554998bc5a35be3d93a326807c9e6ee00b816ee65c,NL,4638,Pizza100,2hop,OEQA,AnchoviesTopping_dynamic_1; CaperTopping_dynamic_1; MozzarellaTopping_dynamic_1; MushroomTopping_dynamic_1; OliveTopping_dynamic_1; PeperoniSausageTopping_dynamic_1; TomatoTopping_dynamic_1,true,natural_language_duplicate_candidate_requires_review,5
824c3cffd78b08da29d705554998bc5a35be3d93a326807c9e6ee00b816ee65c,NL,5841,Pizza250,2hop,OEQA,AnchoviesTopping_dynamic_1; CaperTopping_dynamic_1; MozzarellaTopping_dynamic_1; MushroomTopping_dynamic_1; OliveTopping_dynamic_1; PeperoniSausageTopping_dynamic_1; TomatoTopping_dynamic_1,true,natural_language_duplicate_candidate_requires_review,5
824c3cffd78b08da29d705554998bc5a35be3d93a326807c9e6ee00b816ee65c,NL,5843,Pizza250,2hop,OEQA,AnchoviesTopping_dynamic_1; CaperTopping_dynamic_1; MozzarellaTopping_dynamic_1; MushroomTopping_dynamic_1; OliveTopping_dynamic_1; PeperoniSausageTopping_dynamic_1; TomatoTopping_dynamic_1,true,natural_language_duplicate_candidate_requires_review,5
824c3cffd78b08da29d705554998bc5a35be3d93a326807c9e6ee00b816ee65c,NL,5850,Pizza250,2hop,OEQA,AnchoviesTopping_dynamic_1; CaperTopping_dynamic_1; MozzarellaTopping_dynamic_1; MushroomTopping_dynamic_1; OliveTopping_dynamic_1; PeperoniSausageTopping_dynamic_1; TomatoTopping_dynamic_1,true,natural_language_duplicate_candidate_requires_review,5
824c3cffd78b08da29d705554998bc5a35be3d93a326807c9e6ee00b816ee65c,NL,5851,Pizza250,2hop,OEQA,AnchoviesTopping_dynamic_1; CaperTopping_dynamic_1; MozzarellaTopping_dynamic_1; MushroomTopping_dynamic_1; OliveTopping_dynamic_1; PeperoniSausageTopping_dynamic_1; TomatoTopping_dynamic_1,true,natural_language_duplicate_candidate_requires_review,5
835e69bfaf7cdeb849767f52f30900093c0b4cf8d23ad5e7704ecdaed2d40075,NL,4052,Pizza100,1hop,BQA,TRUE,true,natural_language_duplicate_candidate_requires_review,5
835e69bfaf7cdeb849767f52f30900093c0b4cf8d23ad5e7704ecdaed2d40075,NL,4056,Pizza100,1hop,BQA,TRUE,true,natural_language_duplicate_candidate_requires_review,5
835e69bfaf7cdeb849767f52f30900093c0b4cf8d23ad5e7704ecdaed2d40075,NL,5120,Pizza250,1hop,BQA,TRUE,true,natural_language_duplicate_candidate_requires_review,5
835e69bfaf7cdeb849767f52f30900093c0b4cf8d23ad5e7704ecdaed2d40075,NL,5128,Pizza250,1hop,BQA,TRUE,true,natural_language_duplicate_candidate_requires_review,5
835e69bfaf7cdeb849767f52f30900093c0b4cf8d23ad5e7704ecdaed2d40075,NL,5132,Pizza250,1hop,BQA,TRUE,true,natural_language_duplicate_candidate_requires_review,5
8381c2a44d107d0c1ab001b56cf9b7b1616f37e0e5463743ade7c33a501691a1,NL,4233,Pizza100,1hop,OEQA,DomainConcept; Food; Pizza,true,natural_language_duplicate_candidate_requires_review,3
8381c2a44d107d0c1ab001b56cf9b7b1616f37e0e5463743ade7c33a501691a1,NL,5333,Pizza250,1hop,OEQA,DomainConcept; Food; Pizza,true,natural_language_duplicate_candidate_requires_review,3
8381c2a44d107d0c1ab001b56cf9b7b1616f37e0e5463743ade7c33a501691a1,NL,5337,Pizza250,1hop,OEQA,DomainConcept; Food; Pizza,true,natural_language_duplicate_candidate_requires_review,3
83eb84470c3bf8a6b21c7d001c79aadc3d47f8cbf361d2f10cd8925e3a8d3409,NL,3934,Pizza100,1hop,BQA,TRUE,true,natural_language_duplicate_candidate_requires_review,5
83eb84470c3bf8a6b21c7d001c79aadc3d47f8cbf361d2f10cd8925e3a8d3409,NL,3936,Pizza100,1hop,BQA,TRUE,true,natural_language_duplicate_candidate_requires_review,5
83eb84470c3bf8a6b21c7d001c79aadc3d47f8cbf361d2f10cd8925e3a8d3409,NL,3948,Pizza100,1hop,BQA,TRUE,true,natural_language_duplicate_candidate_requires_review,5
83eb84470c3bf8a6b21c7d001c79aadc3d47f8cbf361d2f10cd8925e3a8d3409,NL,4944,Pizza250,1hop,BQA,TRUE,true,natural_language_duplicate_candidate_requires_review,5
83eb84470c3bf8a6b21c7d001c79aadc3d47f8cbf361d2f10cd8925e3a8d3409,NL,4950,Pizza250,1hop,BQA,TRUE,true,natural_language_duplicate_candidate_requires_review,5
8420ed597dacbabd83e6e03129eb6f3999b8171506cdb6568a6b85d105bfa421,NL,4615,Pizza100,2hop,OEQA,MozzarellaTopping_dynamic_1; OnionTopping_dynamic_1; PeperonataTopping_dynamic_1; PrawnsTopping_dynamic_1; TobascoPepperSauce_dynamic_1; TomatoTopping_dynamic_1,true,natural_language_duplicate_candidate_requires_review,6
8420ed597dacbabd83e6e03129eb6f3999b8171506cdb6568a6b85d105bfa421,NL,4616,Pizza100,2hop,OEQA,MozzarellaTopping_dynamic_1; OnionTopping_dynamic_1; PeperonataTopping_dynamic_1; PrawnsTopping_dynamic_1; TobascoPepperSauce_dynamic_1; TomatoTopping_dynamic_1,true,natural_language_duplicate_candidate_requires_review,6
8420ed597dacbabd83e6e03129eb6f3999b8171506cdb6568a6b85d105bfa421,NL,5811,Pizza250,2hop,OEQA,MozzarellaTopping_dynamic_1; OnionTopping_dynamic_1; PeperonataTopping_dynamic_1; PrawnsTopping_dynamic_1; TobascoPepperSauce_dynamic_1; TomatoTopping_dynamic_1,true,natural_language_duplicate_candidate_requires_review,6
8420ed597dacbabd83e6e03129eb6f3999b8171506cdb6568a6b85d105bfa421,NL,5813,Pizza250,2hop,OEQA,MozzarellaTopping_dynamic_1; OnionTopping_dynamic_1; PeperonataTopping_dynamic_1; PrawnsTopping_dynamic_1; TobascoPepperSauce_dynamic_1; TomatoTopping_dynamic_1,true,natural_language_duplicate_candidate_requires_review,6
8420ed597dacbabd83e6e03129eb6f3999b8171506cdb6568a6b85d105bfa421,NL,5815,Pizza250,2hop,OEQA,MozzarellaTopping_dynamic_1; OnionTopping_dynamic_1; PeperonataTopping_dynamic_1; PrawnsTopping_dynamic_1; TobascoPepperSauce_dynamic_1; TomatoTopping_dynamic_1,true,natural_language_duplicate_candidate_requires_review,6
8420ed597dacbabd83e6e03129eb6f3999b8171506cdb6568a6b85d105bfa421,NL,5821,Pizza250,2hop,OEQA,MozzarellaTopping_dynamic_1; OnionTopping_dynamic_1; PeperonataTopping_dynamic_1; PrawnsTopping_dynamic_1; TobascoPepperSauce_dynamic_1; TomatoTopping_dynamic_1,true,natural_language_duplicate_candidate_requires_review,6
849a27d5190e50953c6f63779cb1400bffe80376d73ce64a0de50012db83ddbc,NL,3995,Pizza100,1hop,BQA,TRUE,true,natural_language_duplicate_candidate_requires_review,3
849a27d5190e50953c6f63779cb1400bffe80376d73ce64a0de50012db83ddbc,NL,4003,Pizza100,1hop,BQA,TRUE,true,natural_language_duplicate_candidate_requires_review,3
849a27d5190e50953c6f63779cb1400bffe80376d73ce64a0de50012db83ddbc,NL,5031,Pizza250,1hop,BQA,TRUE,true,natural_language_duplicate_candidate_requires_review,3
853c0c8c3a015379ac664d60cd182824b5a01214367dad4e7efb48e5a50a0520,NL,4078,Pizza100,1hop,BQA,TRUE,true,natural_language_duplicate_candidate_requires_review,2
853c0c8c3a015379ac664d60cd182824b5a01214367dad4e7efb48e5a50a0520,NL,5162,Pizza250,1hop,BQA,TRUE,true,natural_language_duplicate_candidate_requires_review,2
85569d0982e490e02f3015f9938bc006292f6983b567d98e4e5463c6236655be,NL,6436,OWL2Bench,1hop,BQA,TRUE,true,natural_language_duplicate_candidate_requires_review,2
85569d0982e490e02f3015f9938bc006292f6983b567d98e4e5463c6236655be,NL,6452,OWL2Bench,1hop,BQA,TRUE,true,natural_language_duplicate_candidate_requires_review,2
856a764be8bcd73836829ded529fea67d7e93439fcefed7e668504405593450c,NL,3824,Pizza100,1hop,BQA,TRUE,true,natural_language_duplicate_candidate_requires_review,2
856a764be8bcd73836829ded529fea67d7e93439fcefed7e668504405593450c,NL,3828,Pizza100,1hop,BQA,TRUE,true,natural_language_duplicate_candidate_requires_review,2
857c473b4f32ccc8b113ec6b4d637b781827fed0becc5d3a5b89efe33809711c,NL,4022,Pizza100,1hop,BQA,FALSE,true,natural_language_duplicate_candidate_requires_review,2
857c473b4f32ccc8b113ec6b4d637b781827fed0becc5d3a5b89efe33809711c,NL,5060,Pizza250,1hop,BQA,FALSE,true,natural_language_duplicate_candidate_requires_review,2
861d2ca213383fcd6d3ed55bb935dd4480cd3fc630f0a314b35135086cc2d2f5,NL,4148,Pizza100,1hop,OEQA,DomainConcept; Food; Pizza,true,natural_language_duplicate_candidate_requires_review,4
861d2ca213383fcd6d3ed55bb935dd4480cd3fc630f0a314b35135086cc2d2f5,NL,4150,Pizza100,1hop,OEQA,DomainConcept; Food; Pizza,true,natural_language_duplicate_candidate_requires_review,4
861d2ca213383fcd6d3ed55bb935dd4480cd3fc630f0a314b35135086cc2d2f5,NL,5248,Pizza250,1hop,OEQA,DomainConcept; Food; Pizza,true,natural_language_duplicate_candidate_requires_review,4
861d2ca213383fcd6d3ed55bb935dd4480cd3fc630f0a314b35135086cc2d2f5,NL,5254,Pizza250,1hop,OEQA,DomainConcept; Food; Pizza,true,natural_language_duplicate_candidate_requires_review,4
86924e5e65ba7ce881beb074300f3f4747007ac645ed93b000edc1222e2c6efc,NL,4887,Pizza250,1hop,BQA,TRUE,true,natural_language_duplicate_candidate_requires_review,3
86924e5e65ba7ce881beb074300f3f4747007ac645ed93b000edc1222e2c6efc,NL,4897,Pizza250,1hop,BQA,TRUE,true,natural_language_duplicate_candidate_requires_review,3
86924e5e65ba7ce881beb074300f3f4747007ac645ed93b000edc1222e2c6efc,NL,4899,Pizza250,1hop,BQA,TRUE,true,natural_language_duplicate_candidate_requires_review,3
86accd2ae744ae6c595e6dab3957cc9db63576cbda155509285728c08e010f40,NL,4693,Pizza100,2hop,OEQA,DomainConcept; Food; Pizza,true,natural_language_duplicate_candidate_requires_review,4
86accd2ae744ae6c595e6dab3957cc9db63576cbda155509285728c08e010f40,NL,5911,Pizza250,2hop,OEQA,DomainConcept; Food; Pizza,true,natural_language_duplicate_candidate_requires_review,4
86accd2ae744ae6c595e6dab3957cc9db63576cbda155509285728c08e010f40,NL,5918,Pizza250,2hop,OEQA,DomainConcept; Food; Pizza,true,natural_language_duplicate_candidate_requires_review,4
86accd2ae744ae6c595e6dab3957cc9db63576cbda155509285728c08e010f40,NL,5920,Pizza250,2hop,OEQA,DomainConcept; Food; Pizza,true,natural_language_duplicate_candidate_requires_review,4
86bd05d32aeb66007b67e04b197bb5ea5ac25ebbaece28ac4899a0c107de9577,NL,4006,Pizza100,1hop,BQA,TRUE,true,natural_language_duplicate_candidate_requires_review,6
86bd05d32aeb66007b67e04b197bb5ea5ac25ebbaece28ac4899a0c107de9577,NL,4012,Pizza100,1hop,BQA,TRUE,true,natural_language_duplicate_candidate_requires_review,6
86bd05d32aeb66007b67e04b197bb5ea5ac25ebbaece28ac4899a0c107de9577,NL,4020,Pizza100,1hop,BQA,TRUE,true,natural_language_duplicate_candidate_requires_review,6
86bd05d32aeb66007b67e04b197bb5ea5ac25ebbaece28ac4899a0c107de9577,NL,5050,Pizza250,1hop,BQA,TRUE,true,natural_language_duplicate_candidate_requires_review,6
86bd05d32aeb66007b67e04b197bb5ea5ac25ebbaece28ac4899a0c107de9577,NL,5056,Pizza250,1hop,BQA,TRUE,true,natural_language_duplicate_candidate_requires_review,6
86bd05d32aeb66007b67e04b197bb5ea5ac25ebbaece28ac4899a0c107de9577,NL,5058,Pizza250,1hop,BQA,TRUE,true,natural_language_duplicate_candidate_requires_review,6
873ae1f88230669739145469426fa2383ae400c83ba8700305ce8875c7dc893b,NL,4298,Pizza100,2hop,BQA,FALSE,true,natural_language_duplicate_candidate_requires_review,6
873ae1f88230669739145469426fa2383ae400c83ba8700305ce8875c7dc893b,NL,4302,Pizza100,2hop,BQA,FALSE,true,natural_language_duplicate_candidate_requires_review,6
873ae1f88230669739145469426fa2383ae400c83ba8700305ce8875c7dc893b,NL,4308,Pizza100,2hop,BQA,FALSE,true,natural_language_duplicate_candidate_requires_review,6
873ae1f88230669739145469426fa2383ae400c83ba8700305ce8875c7dc893b,NL,4312,Pizza100,2hop,BQA,FALSE,true,natural_language_duplicate_candidate_requires_review,6
873ae1f88230669739145469426fa2383ae400c83ba8700305ce8875c7dc893b,NL,5415,Pizza250,2hop,BQA,FALSE,true,natural_language_duplicate_candidate_requires_review,6
873ae1f88230669739145469426fa2383ae400c83ba8700305ce8875c7dc893b,NL,5417,Pizza250,2hop,BQA,FALSE,true,natural_language_duplicate_candidate_requires_review,6
87ee8301a93c1e91374c075ce85e3d32548b19ad6ce22c9633689901c3becd9a,NL,4323,Pizza100,2hop,BQA,TRUE,true,natural_language_duplicate_candidate_requires_review,4
87ee8301a93c1e91374c075ce85e3d32548b19ad6ce22c9633689901c3becd9a,NL,4327,Pizza100,2hop,BQA,TRUE,true,natural_language_duplicate_candidate_requires_review,4
87ee8301a93c1e91374c075ce85e3d32548b19ad6ce22c9633689901c3becd9a,NL,5424,Pizza250,2hop,BQA,TRUE,true,natural_language_duplicate_candidate_requires_review,4
87ee8301a93c1e91374c075ce85e3d32548b19ad6ce22c9633689901c3becd9a,NL,5432,Pizza250,2hop,BQA,TRUE,true,natural_language_duplicate_candidate_requires_review,4
8800cc01baa2af5f32c9dfee3f1d1dc685b5498ea3c9dfbcb9aea93aa7d0fcef,NL,3841,Pizza100,1hop,BQA,FALSE,true,natural_language_duplicate_candidate_requires_review,4
8800cc01baa2af5f32c9dfee3f1d1dc685b5498ea3c9dfbcb9aea93aa7d0fcef,NL,3849,Pizza100,1hop,BQA,FALSE,true,natural_language_duplicate_candidate_requires_review,4
8800cc01baa2af5f32c9dfee3f1d1dc685b5498ea3c9dfbcb9aea93aa7d0fcef,NL,3853,Pizza100,1hop,BQA,FALSE,true,natural_language_duplicate_candidate_requires_review,4
8800cc01baa2af5f32c9dfee3f1d1dc685b5498ea3c9dfbcb9aea93aa7d0fcef,NL,4857,Pizza250,1hop,BQA,FALSE,true,natural_language_duplicate_candidate_requires_review,4
8860cf43e9eeb56542f8cf43dd60c9bde8fdd23749a1d5a11326171400f4cae6,NL,5795,Pizza250,2hop,OEQA,HotGreenPepperTopping_dynamic_1; JalapenoPepperTopping_dynamic_1; MozzarellaTopping_dynamic_1; PeperoniSausageTopping_dynamic_1; TomatoTopping_dynamic_1,true,natural_language_duplicate_candidate_requires_review,6
8860cf43e9eeb56542f8cf43dd60c9bde8fdd23749a1d5a11326171400f4cae6,NL,5797,Pizza250,2hop,OEQA,HotGreenPepperTopping_dynamic_1; JalapenoPepperTopping_dynamic_1; MozzarellaTopping_dynamic_1; PeperoniSausageTopping_dynamic_1; TomatoTopping_dynamic_1,true,natural_language_duplicate_candidate_requires_review,6
8860cf43e9eeb56542f8cf43dd60c9bde8fdd23749a1d5a11326171400f4cae6,NL,5799,Pizza250,2hop,OEQA,HotGreenPepperTopping_dynamic_1; JalapenoPepperTopping_dynamic_1; MozzarellaTopping_dynamic_1; PeperoniSausageTopping_dynamic_1; TomatoTopping_dynamic_1,true,natural_language_duplicate_candidate_requires_review,6
8860cf43e9eeb56542f8cf43dd60c9bde8fdd23749a1d5a11326171400f4cae6,NL,5800,Pizza250,2hop,OEQA,HotGreenPepperTopping_dynamic_1; JalapenoPepperTopping_dynamic_1; MozzarellaTopping_dynamic_1; PeperoniSausageTopping_dynamic_1; TomatoTopping_dynamic_1,true,natural_language_duplicate_candidate_requires_review,6
8860cf43e9eeb56542f8cf43dd60c9bde8fdd23749a1d5a11326171400f4cae6,NL,5801,Pizza250,2hop,OEQA,HotGreenPepperTopping_dynamic_1; JalapenoPepperTopping_dynamic_1; MozzarellaTopping_dynamic_1; PeperoniSausageTopping_dynamic_1; TomatoTopping_dynamic_1,true,natural_language_duplicate_candidate_requires_review,6
8860cf43e9eeb56542f8cf43dd60c9bde8fdd23749a1d5a11326171400f4cae6,NL,5802,Pizza250,2hop,OEQA,HotGreenPepperTopping_dynamic_1; JalapenoPepperTopping_dynamic_1; MozzarellaTopping_dynamic_1; PeperoniSausageTopping_dynamic_1; TomatoTopping_dynamic_1,true,natural_language_duplicate_candidate_requires_review,6
887b0a1a81b7bbe9708513bed25d95a7b9fbe969360788daadbdc1e819026ef1,NL,3977,Pizza100,1hop,BQA,FALSE,true,natural_language_duplicate_candidate_requires_review,6
887b0a1a81b7bbe9708513bed25d95a7b9fbe969360788daadbdc1e819026ef1,NL,3981,Pizza100,1hop,BQA,FALSE,true,natural_language_duplicate_candidate_requires_review,6
887b0a1a81b7bbe9708513bed25d95a7b9fbe969360788daadbdc1e819026ef1,NL,5015,Pizza250,1hop,BQA,FALSE,true,natural_language_duplicate_candidate_requires_review,6
887b0a1a81b7bbe9708513bed25d95a7b9fbe969360788daadbdc1e819026ef1,NL,5017,Pizza250,1hop,BQA,FALSE,true,natural_language_duplicate_candidate_requires_review,6
887b0a1a81b7bbe9708513bed25d95a7b9fbe969360788daadbdc1e819026ef1,NL,5019,Pizza250,1hop,BQA,FALSE,true,natural_language_duplicate_candidate_requires_review,6
887b0a1a81b7bbe9708513bed25d95a7b9fbe969360788daadbdc1e819026ef1,NL,5023,Pizza250,1hop,BQA,FALSE,true,natural_language_duplicate_candidate_requires_review,6
8881451c4bca2c0b077b4bcd65af6d520bc06e0d25c5f0c389abf70cbe5e0e71,NL,4380,Pizza100,2hop,BQA,FALSE,true,natural_language_duplicate_candidate_requires_review,5
8881451c4bca2c0b077b4bcd65af6d520bc06e0d25c5f0c389abf70cbe5e0e71,NL,4392,Pizza100,2hop,BQA,FALSE,true,natural_language_duplicate_candidate_requires_review,5
8881451c4bca2c0b077b4bcd65af6d520bc06e0d25c5f0c389abf70cbe5e0e71,NL,5513,Pizza250,2hop,BQA,FALSE,true,natural_language_duplicate_candidate_requires_review,5
8881451c4bca2c0b077b4bcd65af6d520bc06e0d25c5f0c389abf70cbe5e0e71,NL,5517,Pizza250,2hop,BQA,FALSE,true,natural_language_duplicate_candidate_requires_review,5
8881451c4bca2c0b077b4bcd65af6d520bc06e0d25c5f0c389abf70cbe5e0e71,NL,5523,Pizza250,2hop,BQA,FALSE,true,natural_language_duplicate_candidate_requires_review,5
888e46d03b67182bf0041772e85628459caf6f4461e84a9c2b096fa30188042d,NL,4600,Pizza100,2hop,OEQA,MozzarellaTopping_dynamic_1; PeperoniSausageTopping_dynamic_1; TomatoTopping_dynamic_1,true,natural_language_duplicate_candidate_requires_review,5
888e46d03b67182bf0041772e85628459caf6f4461e84a9c2b096fa30188042d,NL,4606,Pizza100,2hop,OEQA,MozzarellaTopping_dynamic_1; PeperoniSausageTopping_dynamic_1; TomatoTopping_dynamic_1,true,natural_language_duplicate_candidate_requires_review,5
888e46d03b67182bf0041772e85628459caf6f4461e84a9c2b096fa30188042d,NL,4608,Pizza100,2hop,OEQA,MozzarellaTopping_dynamic_1; PeperoniSausageTopping_dynamic_1; TomatoTopping_dynamic_1,true,natural_language_duplicate_candidate_requires_review,5
888e46d03b67182bf0041772e85628459caf6f4461e84a9c2b096fa30188042d,NL,4612,Pizza100,2hop,OEQA,MozzarellaTopping_dynamic_1; PeperoniSausageTopping_dynamic_1; TomatoTopping_dynamic_1,true,natural_language_duplicate_candidate_requires_review,5
888e46d03b67182bf0041772e85628459caf6f4461e84a9c2b096fa30188042d,NL,5809,Pizza250,2hop,OEQA,MozzarellaTopping_dynamic_1; PeperoniSausageTopping_dynamic_1; TomatoTopping_dynamic_1,true,natural_language_duplicate_candidate_requires_review,5
896ab461f88a48946805656aee0a6a2746399c73272aa1029ac083fd59eee216,NL,4524,Pizza100,2hop,BQA,FALSE,true,natural_language_duplicate_candidate_requires_review,4
896ab461f88a48946805656aee0a6a2746399c73272aa1029ac083fd59eee216,NL,4526,Pizza100,2hop,BQA,FALSE,true,natural_language_duplicate_candidate_requires_review,4
896ab461f88a48946805656aee0a6a2746399c73272aa1029ac083fd59eee216,NL,5687,Pizza250,2hop,BQA,FALSE,true,natural_language_duplicate_candidate_requires_review,4
896ab461f88a48946805656aee0a6a2746399c73272aa1029ac083fd59eee216,NL,5699,Pizza250,2hop,BQA,FALSE,true,natural_language_duplicate_candidate_requires_review,4
898ed73b7912cf2103c94a0923b0b057342136e5ca0eb86a554e3968a945b8f7,NL,3874,Pizza100,1hop,BQA,FALSE,true,natural_language_duplicate_candidate_requires_review,5
898ed73b7912cf2103c94a0923b0b057342136e5ca0eb86a554e3968a945b8f7,NL,3876,Pizza100,1hop,BQA,FALSE,true,natural_language_duplicate_candidate_requires_review,5
898ed73b7912cf2103c94a0923b0b057342136e5ca0eb86a554e3968a945b8f7,NL,4882,Pizza250,1hop,BQA,FALSE,true,natural_language_duplicate_candidate_requires_review,5
898ed73b7912cf2103c94a0923b0b057342136e5ca0eb86a554e3968a945b8f7,NL,4886,Pizza250,1hop,BQA,FALSE,true,natural_language_duplicate_candidate_requires_review,5
898ed73b7912cf2103c94a0923b0b057342136e5ca0eb86a554e3968a945b8f7,NL,4894,Pizza250,1hop,BQA,FALSE,true,natural_language_duplicate_candidate_requires_review,5
89fdbb53b45e738f4f466f1bbffd5ea3959efb0bdfb463da63afc2ef42eb7ab7,NL,4530,Pizza100,2hop,BQA,FALSE,true,natural_language_duplicate_candidate_requires_review,5
89fdbb53b45e738f4f466f1bbffd5ea3959efb0bdfb463da63afc2ef42eb7ab7,NL,5691,Pizza250,2hop,BQA,FALSE,true,natural_language_duplicate_candidate_requires_review,5
89fdbb53b45e738f4f466f1bbffd5ea3959efb0bdfb463da63afc2ef42eb7ab7,NL,5695,Pizza250,2hop,BQA,FALSE,true,natural_language_duplicate_candidate_requires_review,5
89fdbb53b45e738f4f466f1bbffd5ea3959efb0bdfb463da63afc2ef42eb7ab7,NL,5701,Pizza250,2hop,BQA,FALSE,true,natural_language_duplicate_candidate_requires_review,5
89fdbb53b45e738f4f466f1bbffd5ea3959efb0bdfb463da63afc2ef42eb7ab7,NL,5703,Pizza250,2hop,BQA,FALSE,true,natural_language_duplicate_candidate_requires_review,5
8ab033f2f4da992fa2f9fa9d14c41d0d2a48bee90c3f0ea3fc6cd49344a5282d,NL,4700,Pizza100,2hop,OEQA,LeekTopping_dynamic_1; MozzarellaTopping_dynamic_1; ParmesanTopping_dynamic_1; RosemaryTopping_dynamic_1; TomatoTopping_dynamic_1,true,natural_language_duplicate_candidate_requires_review,4
8ab033f2f4da992fa2f9fa9d14c41d0d2a48bee90c3f0ea3fc6cd49344a5282d,NL,5925,Pizza250,2hop,OEQA,LeekTopping_dynamic_1; MozzarellaTopping_dynamic_1; ParmesanTopping_dynamic_1; RosemaryTopping_dynamic_1; TomatoTopping_dynamic_1,true,natural_language_duplicate_candidate_requires_review,4
8ab033f2f4da992fa2f9fa9d14c41d0d2a48bee90c3f0ea3fc6cd49344a5282d,NL,5929,Pizza250,2hop,OEQA,LeekTopping_dynamic_1; MozzarellaTopping_dynamic_1; ParmesanTopping_dynamic_1; RosemaryTopping_dynamic_1; TomatoTopping_dynamic_1,true,natural_language_duplicate_candidate_requires_review,4
8ab033f2f4da992fa2f9fa9d14c41d0d2a48bee90c3f0ea3fc6cd49344a5282d,NL,5931,Pizza250,2hop,OEQA,LeekTopping_dynamic_1; MozzarellaTopping_dynamic_1; ParmesanTopping_dynamic_1; RosemaryTopping_dynamic_1; TomatoTopping_dynamic_1,true,natural_language_duplicate_candidate_requires_review,4
8bcc90dc0c84efddd734b3767d046e56273510295a5f41f5e3da333f0dc1a070,NL,4447,Pizza100,2hop,BQA,TRUE,true,natural_language_duplicate_candidate_requires_review,5
8bcc90dc0c84efddd734b3767d046e56273510295a5f41f5e3da333f0dc1a070,NL,4453,Pizza100,2hop,BQA,TRUE,true,natural_language_duplicate_candidate_requires_review,5
8bcc90dc0c84efddd734b3767d046e56273510295a5f41f5e3da333f0dc1a070,NL,5576,Pizza250,2hop,BQA,TRUE,true,natural_language_duplicate_candidate_requires_review,5
8bcc90dc0c84efddd734b3767d046e56273510295a5f41f5e3da333f0dc1a070,NL,5580,Pizza250,2hop,BQA,TRUE,true,natural_language_duplicate_candidate_requires_review,5
8bcc90dc0c84efddd734b3767d046e56273510295a5f41f5e3da333f0dc1a070,NL,5584,Pizza250,2hop,BQA,TRUE,true,natural_language_duplicate_candidate_requires_review,5
8bee7ba9b72c98cae793bdfcea58fbb6744bdc1029ef0dee2f032005acd104f9,NL,4027,Pizza100,1hop,BQA,TRUE,true,natural_language_duplicate_candidate_requires_review,6
8bee7ba9b72c98cae793bdfcea58fbb6744bdc1029ef0dee2f032005acd104f9,NL,4029,Pizza100,1hop,BQA,TRUE,true,natural_language_duplicate_candidate_requires_review,6
8bee7ba9b72c98cae793bdfcea58fbb6744bdc1029ef0dee2f032005acd104f9,NL,4033,Pizza100,1hop,BQA,TRUE,true,natural_language_duplicate_candidate_requires_review,6
8bee7ba9b72c98cae793bdfcea58fbb6744bdc1029ef0dee2f032005acd104f9,NL,5067,Pizza250,1hop,BQA,TRUE,true,natural_language_duplicate_candidate_requires_review,6
8bee7ba9b72c98cae793bdfcea58fbb6744bdc1029ef0dee2f032005acd104f9,NL,5071,Pizza250,1hop,BQA,TRUE,true,natural_language_duplicate_candidate_requires_review,6
8bee7ba9b72c98cae793bdfcea58fbb6744bdc1029ef0dee2f032005acd104f9,NL,5087,Pizza250,1hop,BQA,TRUE,true,natural_language_duplicate_candidate_requires_review,6
8c57ce942eb1c41cfd182cd5ecbc4cdfcca73160722755ae130c71ed02801e70,NL,4550,Pizza100,2hop,BQA,FALSE,true,natural_language_duplicate_candidate_requires_review,4
8c57ce942eb1c41cfd182cd5ecbc4cdfcca73160722755ae130c71ed02801e70,NL,4562,Pizza100,2hop,BQA,FALSE,true,natural_language_duplicate_candidate_requires_review,4
8c57ce942eb1c41cfd182cd5ecbc4cdfcca73160722755ae130c71ed02801e70,NL,5731,Pizza250,2hop,BQA,FALSE,true,natural_language_duplicate_candidate_requires_review,4
8c57ce942eb1c41cfd182cd5ecbc4cdfcca73160722755ae130c71ed02801e70,NL,5739,Pizza250,2hop,BQA,FALSE,true,natural_language_duplicate_candidate_requires_review,4
8caecc09864c5ec0931bea646f6aa127d4ac949349d5ec1a8ac093c2d23e5fa7,NL,5033,Pizza250,1hop,BQA,TRUE,true,natural_language_duplicate_candidate_requires_review,2
8caecc09864c5ec0931bea646f6aa127d4ac949349d5ec1a8ac093c2d23e5fa7,NL,5043,Pizza250,1hop,BQA,TRUE,true,natural_language_duplicate_candidate_requires_review,2
8cf1a7225861b4fd6a93b1bc168a4346c503a2865a30f92d6b8fabb39d2316d8,NL,4486,Pizza100,2hop,BQA,FALSE,true,natural_language_duplicate_candidate_requires_review,3
8cf1a7225861b4fd6a93b1bc168a4346c503a2865a30f92d6b8fabb39d2316d8,NL,4498,Pizza100,2hop,BQA,FALSE,true,natural_language_duplicate_candidate_requires_review,3
8cf1a7225861b4fd6a93b1bc168a4346c503a2865a30f92d6b8fabb39d2316d8,NL,5653,Pizza250,2hop,BQA,FALSE,true,natural_language_duplicate_candidate_requires_review,3
8d5e489a4604b5a5db651f84cd7c1e13f60939f4b4a38928d83b563a438d5f17,NL,4535,Pizza100,2hop,BQA,TRUE,true,natural_language_duplicate_candidate_requires_review,3
8d5e489a4604b5a5db651f84cd7c1e13f60939f4b4a38928d83b563a438d5f17,NL,5720,Pizza250,2hop,BQA,TRUE,true,natural_language_duplicate_candidate_requires_review,3
8d5e489a4604b5a5db651f84cd7c1e13f60939f4b4a38928d83b563a438d5f17,NL,5724,Pizza250,2hop,BQA,TRUE,true,natural_language_duplicate_candidate_requires_review,3
8d5f0f1ea8ba9ec1d1c03540d3c6d16b440fc0166c0b7205a389bb4a2487fd2e,NL,4528,Pizza100,2hop,BQA,FALSE,true,natural_language_duplicate_candidate_requires_review,4
8d5f0f1ea8ba9ec1d1c03540d3c6d16b440fc0166c0b7205a389bb4a2487fd2e,NL,5693,Pizza250,2hop,BQA,FALSE,true,natural_language_duplicate_candidate_requires_review,4
8d5f0f1ea8ba9ec1d1c03540d3c6d16b440fc0166c0b7205a389bb4a2487fd2e,NL,5697,Pizza250,2hop,BQA,FALSE,true,natural_language_duplicate_candidate_requires_review,4
8d5f0f1ea8ba9ec1d1c03540d3c6d16b440fc0166c0b7205a389bb4a2487fd2e,NL,5707,Pizza250,2hop,BQA,FALSE,true,natural_language_duplicate_candidate_requires_review,4
8d9146787e023dcc82e76a01965c45fd14529c3517a2daa1b71768225bdf5c68,NL,4963,Pizza250,1hop,BQA,FALSE,true,natural_language_duplicate_candidate_requires_review,4
8d9146787e023dcc82e76a01965c45fd14529c3517a2daa1b71768225bdf5c68,NL,4971,Pizza250,1hop,BQA,FALSE,true,natural_language_duplicate_candidate_requires_review,4
8d9146787e023dcc82e76a01965c45fd14529c3517a2daa1b71768225bdf5c68,NL,4975,Pizza250,1hop,BQA,FALSE,true,natural_language_duplicate_candidate_requires_review,4
8d9146787e023dcc82e76a01965c45fd14529c3517a2daa1b71768225bdf5c68,NL,4977,Pizza250,1hop,BQA,FALSE,true,natural_language_duplicate_candidate_requires_review,4
8e43a9e2a9c9e5eb7161a5a4550d187f1365892a483cc190765d96da3db2ae5a,NL,4459,Pizza100,2hop,BQA,TRUE,true,natural_language_duplicate_candidate_requires_review,3
8e43a9e2a9c9e5eb7161a5a4550d187f1365892a483cc190765d96da3db2ae5a,NL,5596,Pizza250,2hop,BQA,TRUE,true,natural_language_duplicate_candidate_requires_review,3
8e43a9e2a9c9e5eb7161a5a4550d187f1365892a483cc190765d96da3db2ae5a,NL,5600,Pizza250,2hop,BQA,TRUE,true,natural_language_duplicate_candidate_requires_review,3
8ea7d290784c8b4b9ab8434699e912a548bf479f910add9da8f68fcf725f139f,NL,4206,Pizza100,1hop,OEQA,LeekTopping_dynamic_1; MozzarellaTopping_dynamic_1; ParmesanTopping_dynamic_1; RosemaryTopping_dynamic_1; TomatoTopping_dynamic_1,true,natural_language_duplicate_candidate_requires_review,2
8ea7d290784c8b4b9ab8434699e912a548bf479f910add9da8f68fcf725f139f,NL,4210,Pizza100,1hop,OEQA,LeekTopping_dynamic_1; MozzarellaTopping_dynamic_1; ParmesanTopping_dynamic_1; RosemaryTopping_dynamic_1; TomatoTopping_dynamic_1,true,natural_language_duplicate_candidate_requires_review,2
8ed848805fef931d8ee474fef4b5c86a5324df19fb9f83b7b8de0791cff0a425,NL,4676,Pizza100,2hop,OEQA,MozzarellaTopping_dynamic_1; MushroomTopping_dynamic_1; TomatoTopping_dynamic_1,true,natural_language_duplicate_candidate_requires_review,4
8ed848805fef931d8ee474fef4b5c86a5324df19fb9f83b7b8de0791cff0a425,NL,5885,Pizza250,2hop,OEQA,MozzarellaTopping_dynamic_1; MushroomTopping_dynamic_1; TomatoTopping_dynamic_1,true,natural_language_duplicate_candidate_requires_review,4
8ed848805fef931d8ee474fef4b5c86a5324df19fb9f83b7b8de0791cff0a425,NL,5886,Pizza250,2hop,OEQA,MozzarellaTopping_dynamic_1; MushroomTopping_dynamic_1; TomatoTopping_dynamic_1,true,natural_language_duplicate_candidate_requires_review,4
8ed848805fef931d8ee474fef4b5c86a5324df19fb9f83b7b8de0791cff0a425,NL,5887,Pizza250,2hop,OEQA,MozzarellaTopping_dynamic_1; MushroomTopping_dynamic_1; TomatoTopping_dynamic_1,true,natural_language_duplicate_candidate_requires_review,4
8f3200de3bffdc07d4992339fd765d90146688850fa68fa68a56a53836762b19,NL,3939,Pizza100,1hop,BQA,FALSE,true,natural_language_duplicate_candidate_requires_review,4
8f3200de3bffdc07d4992339fd765d90146688850fa68fa68a56a53836762b19,NL,3941,Pizza100,1hop,BQA,FALSE,true,natural_language_duplicate_candidate_requires_review,4
8f3200de3bffdc07d4992339fd765d90146688850fa68fa68a56a53836762b19,NL,4951,Pizza250,1hop,BQA,FALSE,true,natural_language_duplicate_candidate_requires_review,4
8f3200de3bffdc07d4992339fd765d90146688850fa68fa68a56a53836762b19,NL,4955,Pizza250,1hop,BQA,FALSE,true,natural_language_duplicate_candidate_requires_review,4
8f458d078e21983901bf0f80fb103580fa0809bbd5502c2db5bbfc8e929961c6,NL,4389,Pizza100,2hop,BQA,TRUE,true,natural_language_duplicate_candidate_requires_review,5
8f458d078e21983901bf0f80fb103580fa0809bbd5502c2db5bbfc8e929961c6,NL,4391,Pizza100,2hop,BQA,TRUE,true,natural_language_duplicate_candidate_requires_review,5
8f458d078e21983901bf0f80fb103580fa0809bbd5502c2db5bbfc8e929961c6,NL,5512,Pizza250,2hop,BQA,TRUE,true,natural_language_duplicate_candidate_requires_review,5
8f458d078e21983901bf0f80fb103580fa0809bbd5502c2db5bbfc8e929961c6,NL,5516,Pizza250,2hop,BQA,TRUE,true,natural_language_duplicate_candidate_requires_review,5
8f458d078e21983901bf0f80fb103580fa0809bbd5502c2db5bbfc8e929961c6,NL,5526,Pizza250,2hop,BQA,TRUE,true,natural_language_duplicate_candidate_requires_review,5
8f8a5ce8d7c7b47ca95ad8e07691fc9c076e7c009aed0d952db34f4d1c76a7bc,NL,5034,Pizza250,1hop,BQA,FALSE,true,natural_language_duplicate_candidate_requires_review,2
8f8a5ce8d7c7b47ca95ad8e07691fc9c076e7c009aed0d952db34f4d1c76a7bc,NL,5044,Pizza250,1hop,BQA,FALSE,true,natural_language_duplicate_candidate_requires_review,2
8fa1a486e7e819c7cab20da7021addad03110c592d500b017cb77b0125311e55,NL,3930,Pizza100,1hop,BQA,TRUE,true,natural_language_duplicate_candidate_requires_review,5
8fa1a486e7e819c7cab20da7021addad03110c592d500b017cb77b0125311e55,NL,3938,Pizza100,1hop,BQA,TRUE,true,natural_language_duplicate_candidate_requires_review,5
8fa1a486e7e819c7cab20da7021addad03110c592d500b017cb77b0125311e55,NL,3944,Pizza100,1hop,BQA,TRUE,true,natural_language_duplicate_candidate_requires_review,5
8fa1a486e7e819c7cab20da7021addad03110c592d500b017cb77b0125311e55,NL,4946,Pizza250,1hop,BQA,TRUE,true,natural_language_duplicate_candidate_requires_review,5
8fa1a486e7e819c7cab20da7021addad03110c592d500b017cb77b0125311e55,NL,4948,Pizza250,1hop,BQA,TRUE,true,natural_language_duplicate_candidate_requires_review,5
904c36197faa7d9a90e688049da6fd1d80a8a92342807dabeedf5312c847f0d6,NL,3963,Pizza100,1hop,BQA,TRUE,true,natural_language_duplicate_candidate_requires_review,2
904c36197faa7d9a90e688049da6fd1d80a8a92342807dabeedf5312c847f0d6,NL,3967,Pizza100,1hop,BQA,TRUE,true,natural_language_duplicate_candidate_requires_review,2
905ff29f110c563823080a2331fedafc23ce58acd31e2055fac627c4a16a4f8f,NL,4484,Pizza100,2hop,BQA,FALSE,true,natural_language_duplicate_candidate_requires_review,3
905ff29f110c563823080a2331fedafc23ce58acd31e2055fac627c4a16a4f8f,NL,4496,Pizza100,2hop,BQA,FALSE,true,natural_language_duplicate_candidate_requires_review,3
905ff29f110c563823080a2331fedafc23ce58acd31e2055fac627c4a16a4f8f,NL,5655,Pizza250,2hop,BQA,FALSE,true,natural_language_duplicate_candidate_requires_review,3
909b7f98e75fc82c70d3d3e6d17e87cc164fbc48a1a59968016a65d22813113d,NL,4393,Pizza100,2hop,BQA,TRUE,true,natural_language_duplicate_candidate_requires_review,4
909b7f98e75fc82c70d3d3e6d17e87cc164fbc48a1a59968016a65d22813113d,NL,5514,Pizza250,2hop,BQA,TRUE,true,natural_language_duplicate_candidate_requires_review,4
909b7f98e75fc82c70d3d3e6d17e87cc164fbc48a1a59968016a65d22813113d,NL,5522,Pizza250,2hop,BQA,TRUE,true,natural_language_duplicate_candidate_requires_review,4
909b7f98e75fc82c70d3d3e6d17e87cc164fbc48a1a59968016a65d22813113d,NL,5524,Pizza250,2hop,BQA,TRUE,true,natural_language_duplicate_candidate_requires_review,4
90fafbbc739b0b487bfb88dfc9204cc2b07bd21f5d3d5b1dc27f8ef9e79989d7,NL,4035,Pizza100,1hop,BQA,TRUE,true,natural_language_duplicate_candidate_requires_review,4
90fafbbc739b0b487bfb88dfc9204cc2b07bd21f5d3d5b1dc27f8ef9e79989d7,NL,4041,Pizza100,1hop,BQA,TRUE,true,natural_language_duplicate_candidate_requires_review,4
90fafbbc739b0b487bfb88dfc9204cc2b07bd21f5d3d5b1dc27f8ef9e79989d7,NL,5097,Pizza250,1hop,BQA,TRUE,true,natural_language_duplicate_candidate_requires_review,4
90fafbbc739b0b487bfb88dfc9204cc2b07bd21f5d3d5b1dc27f8ef9e79989d7,NL,5107,Pizza250,1hop,BQA,TRUE,true,natural_language_duplicate_candidate_requires_review,4
9242fcd55a759339f78ccedff9edeba9750bb12e72a32e90b66de3c5c5cb60bc,NL,4467,Pizza100,2hop,BQA,TRUE,true,natural_language_duplicate_candidate_requires_review,4
9242fcd55a759339f78ccedff9edeba9750bb12e72a32e90b66de3c5c5cb60bc,NL,5610,Pizza250,2hop,BQA,TRUE,true,natural_language_duplicate_candidate_requires_review,4
9242fcd55a759339f78ccedff9edeba9750bb12e72a32e90b66de3c5c5cb60bc,NL,5616,Pizza250,2hop,BQA,TRUE,true,natural_language_duplicate_candidate_requires_review,4
9242fcd55a759339f78ccedff9edeba9750bb12e72a32e90b66de3c5c5cb60bc,NL,5618,Pizza250,2hop,BQA,TRUE,true,natural_language_duplicate_candidate_requires_review,4
92c04e5b06f7662f6687fd81ea586a4ebecddda92fbac673e88ba6c9c39ca827,NL,3790,Pizza100,1hop,BQA,TRUE,true,natural_language_duplicate_candidate_requires_review,7
92c04e5b06f7662f6687fd81ea586a4ebecddda92fbac673e88ba6c9c39ca827,NL,3800,Pizza100,1hop,BQA,TRUE,true,natural_language_duplicate_candidate_requires_review,7
92c04e5b06f7662f6687fd81ea586a4ebecddda92fbac673e88ba6c9c39ca827,NL,3804,Pizza100,1hop,BQA,TRUE,true,natural_language_duplicate_candidate_requires_review,7
92c04e5b06f7662f6687fd81ea586a4ebecddda92fbac673e88ba6c9c39ca827,NL,3808,Pizza100,1hop,BQA,TRUE,true,natural_language_duplicate_candidate_requires_review,7
92c04e5b06f7662f6687fd81ea586a4ebecddda92fbac673e88ba6c9c39ca827,NL,4796,Pizza250,1hop,BQA,TRUE,true,natural_language_duplicate_candidate_requires_review,7
92c04e5b06f7662f6687fd81ea586a4ebecddda92fbac673e88ba6c9c39ca827,NL,4800,Pizza250,1hop,BQA,TRUE,true,natural_language_duplicate_candidate_requires_review,7
92c04e5b06f7662f6687fd81ea586a4ebecddda92fbac673e88ba6c9c39ca827,NL,4808,Pizza250,1hop,BQA,TRUE,true,natural_language_duplicate_candidate_requires_review,7
93ce5546eaf78ea15935c441ff4427a1354f90788a29e4df9b1c512870a9075a,NL,4482,Pizza100,2hop,BQA,FALSE,true,natural_language_duplicate_candidate_requires_review,3
93ce5546eaf78ea15935c441ff4427a1354f90788a29e4df9b1c512870a9075a,NL,5637,Pizza250,2hop,BQA,FALSE,true,natural_language_duplicate_candidate_requires_review,3
93ce5546eaf78ea15935c441ff4427a1354f90788a29e4df9b1c512870a9075a,NL,5645,Pizza250,2hop,BQA,FALSE,true,natural_language_duplicate_candidate_requires_review,3
93f5ec562ccab6f15a4f5042f8e4dd39afc96a4f94e38dfcec91ed0e3564e5a1,NL,3859,Pizza100,1hop,BQA,FALSE,true,natural_language_duplicate_candidate_requires_review,6
93f5ec562ccab6f15a4f5042f8e4dd39afc96a4f94e38dfcec91ed0e3564e5a1,NL,3861,Pizza100,1hop,BQA,FALSE,true,natural_language_duplicate_candidate_requires_review,6
93f5ec562ccab6f15a4f5042f8e4dd39afc96a4f94e38dfcec91ed0e3564e5a1,NL,3863,Pizza100,1hop,BQA,FALSE,true,natural_language_duplicate_candidate_requires_review,6
93f5ec562ccab6f15a4f5042f8e4dd39afc96a4f94e38dfcec91ed0e3564e5a1,NL,4865,Pizza250,1hop,BQA,FALSE,true,natural_language_duplicate_candidate_requires_review,6
93f5ec562ccab6f15a4f5042f8e4dd39afc96a4f94e38dfcec91ed0e3564e5a1,NL,4869,Pizza250,1hop,BQA,FALSE,true,natural_language_duplicate_candidate_requires_review,6
93f5ec562ccab6f15a4f5042f8e4dd39afc96a4f94e38dfcec91ed0e3564e5a1,NL,4877,Pizza250,1hop,BQA,FALSE,true,natural_language_duplicate_candidate_requires_review,6
95d5c03f8feed27c7c18d46f9a67f742b2ea7571dba34b9cabf9a267e7d8efa0,NL,4065,Pizza100,1hop,BQA,TRUE,true,natural_language_duplicate_candidate_requires_review,4
95d5c03f8feed27c7c18d46f9a67f742b2ea7571dba34b9cabf9a267e7d8efa0,NL,5135,Pizza250,1hop,BQA,TRUE,true,natural_language_duplicate_candidate_requires_review,4
95d5c03f8feed27c7c18d46f9a67f742b2ea7571dba34b9cabf9a267e7d8efa0,NL,5139,Pizza250,1hop,BQA,TRUE,true,natural_language_duplicate_candidate_requires_review,4
95d5c03f8feed27c7c18d46f9a67f742b2ea7571dba34b9cabf9a267e7d8efa0,NL,5149,Pizza250,1hop,BQA,TRUE,true,natural_language_duplicate_candidate_requires_review,4
9707563a61540907effcc5e833dbeb40b70bf628d20e9832b6a42af773734eeb,NL,4247,Pizza100,1hop,OEQA,CaperTopping_dynamic_1; MozzarellaTopping_dynamic_1; OliveTopping_dynamic_1; OnionTopping_dynamic_1; PineKernels_dynamic_1; SultanaTopping_dynamic_1; TomatoTopping_dynamic_1,true,natural_language_duplicate_candidate_requires_review,4
9707563a61540907effcc5e833dbeb40b70bf628d20e9832b6a42af773734eeb,NL,4248,Pizza100,1hop,OEQA,CaperTopping_dynamic_1; MozzarellaTopping_dynamic_1; OliveTopping_dynamic_1; OnionTopping_dynamic_1; PineKernels_dynamic_1; SultanaTopping_dynamic_1; TomatoTopping_dynamic_1,true,natural_language_duplicate_candidate_requires_review,4
9707563a61540907effcc5e833dbeb40b70bf628d20e9832b6a42af773734eeb,NL,5360,Pizza250,1hop,OEQA,CaperTopping_dynamic_1; MozzarellaTopping_dynamic_1; OliveTopping_dynamic_1; OnionTopping_dynamic_1; PineKernels_dynamic_1; SultanaTopping_dynamic_1; TomatoTopping_dynamic_1,true,natural_language_duplicate_candidate_requires_review,4
9707563a61540907effcc5e833dbeb40b70bf628d20e9832b6a42af773734eeb,NL,5363,Pizza250,1hop,OEQA,CaperTopping_dynamic_1; MozzarellaTopping_dynamic_1; OliveTopping_dynamic_1; OnionTopping_dynamic_1; PineKernels_dynamic_1; SultanaTopping_dynamic_1; TomatoTopping_dynamic_1,true,natural_language_duplicate_candidate_requires_review,4
979c68f1d32a5b3b33fa92bfa85c9ea08fb3bbf1d83a20ea7c5eef80bd3718d4,NL,4840,Pizza250,1hop,BQA,FALSE,true,natural_language_duplicate_candidate_requires_review,3
979c68f1d32a5b3b33fa92bfa85c9ea08fb3bbf1d83a20ea7c5eef80bd3718d4,NL,4848,Pizza250,1hop,BQA,FALSE,true,natural_language_duplicate_candidate_requires_review,3
979c68f1d32a5b3b33fa92bfa85c9ea08fb3bbf1d83a20ea7c5eef80bd3718d4,NL,4854,Pizza250,1hop,BQA,FALSE,true,natural_language_duplicate_candidate_requires_review,3
97d9481bdd7a39a3f0e632000fb32bb2a376bd04b94453bf40d1291acf08cfb4,NL,3368,FamilyOWL,2hop,OEQA,Man,false,incompatible_gold_semantics_failure,3
97d9481bdd7a39a3f0e632000fb32bb2a376bd04b94453bf40d1291acf08cfb4,NL,3370,FamilyOWL,2hop,OEQA,Man; Person,false,incompatible_gold_semantics_failure,3
97d9481bdd7a39a3f0e632000fb32bb2a376bd04b94453bf40d1291acf08cfb4,NL,3375,FamilyOWL,2hop,OEQA,Man; Person,false,incompatible_gold_semantics_failure,3
97e70df3db3323615391df15d89493c30dbdde8526bf49b3df8bab551115b70c,NL,4491,Pizza100,2hop,BQA,TRUE,true,natural_language_duplicate_candidate_requires_review,4
97e70df3db3323615391df15d89493c30dbdde8526bf49b3df8bab551115b70c,NL,4495,Pizza100,2hop,BQA,TRUE,true,natural_language_duplicate_candidate_requires_review,4
97e70df3db3323615391df15d89493c30dbdde8526bf49b3df8bab551115b70c,NL,4501,Pizza100,2hop,BQA,TRUE,true,natural_language_duplicate_candidate_requires_review,4
97e70df3db3323615391df15d89493c30dbdde8526bf49b3df8bab551115b70c,NL,5658,Pizza250,2hop,BQA,TRUE,true,natural_language_duplicate_candidate_requires_review,4
98dd989d0a60b88061ad79dbbbdb5bd16a87b22b070d60c096165f83468826c5,NL,3975,Pizza100,1hop,BQA,TRUE,true,natural_language_duplicate_candidate_requires_review,4
98dd989d0a60b88061ad79dbbbdb5bd16a87b22b070d60c096165f83468826c5,NL,4997,Pizza250,1hop,BQA,TRUE,true,natural_language_duplicate_candidate_requires_review,4
98dd989d0a60b88061ad79dbbbdb5bd16a87b22b070d60c096165f83468826c5,NL,5001,Pizza250,1hop,BQA,TRUE,true,natural_language_duplicate_candidate_requires_review,4
98dd989d0a60b88061ad79dbbbdb5bd16a87b22b070d60c096165f83468826c5,NL,5007,Pizza250,1hop,BQA,TRUE,true,natural_language_duplicate_candidate_requires_review,4
9bdb9d66a4220ae503bdf66c76368290860909aa964ede0c50ca9ee42580c3b5,AR,7030,OWL2Bench,1hop,OEQA,Person,true,abstract_equivalence_candidate_requires_review,2
9bdb9d66a4220ae503bdf66c76368290860909aa964ede0c50ca9ee42580c3b5,AR,8586,OWL2Bench,2hop,OEQA,Person,true,abstract_equivalence_candidate_requires_review,2
9be6e36c8e07b6f65f4fc14145d6cdaed86d30a69d58e35d6ce226bcfe0dbff6,NL,3978,Pizza100,1hop,BQA,TRUE,true,natural_language_duplicate_candidate_requires_review,7
9be6e36c8e07b6f65f4fc14145d6cdaed86d30a69d58e35d6ce226bcfe0dbff6,NL,3982,Pizza100,1hop,BQA,TRUE,true,natural_language_duplicate_candidate_requires_review,7
9be6e36c8e07b6f65f4fc14145d6cdaed86d30a69d58e35d6ce226bcfe0dbff6,NL,5016,Pizza250,1hop,BQA,TRUE,true,natural_language_duplicate_candidate_requires_review,7
9be6e36c8e07b6f65f4fc14145d6cdaed86d30a69d58e35d6ce226bcfe0dbff6,NL,5018,Pizza250,1hop,BQA,TRUE,true,natural_language_duplicate_candidate_requires_review,7
9be6e36c8e07b6f65f4fc14145d6cdaed86d30a69d58e35d6ce226bcfe0dbff6,NL,5020,Pizza250,1hop,BQA,TRUE,true,natural_language_duplicate_candidate_requires_review,7
9be6e36c8e07b6f65f4fc14145d6cdaed86d30a69d58e35d6ce226bcfe0dbff6,NL,5022,Pizza250,1hop,BQA,TRUE,true,natural_language_duplicate_candidate_requires_review,7
9be6e36c8e07b6f65f4fc14145d6cdaed86d30a69d58e35d6ce226bcfe0dbff6,NL,5024,Pizza250,1hop,BQA,TRUE,true,natural_language_duplicate_candidate_requires_review,7
9d1adf659af16a4d6111bd528c78697e18a81b735ce886efb818215354dedf7f,NL,4458,Pizza100,2hop,BQA,FALSE,true,natural_language_duplicate_candidate_requires_review,4
9d1adf659af16a4d6111bd528c78697e18a81b735ce886efb818215354dedf7f,NL,5595,Pizza250,2hop,BQA,FALSE,true,natural_language_duplicate_candidate_requires_review,4
9d1adf659af16a4d6111bd528c78697e18a81b735ce886efb818215354dedf7f,NL,5599,Pizza250,2hop,BQA,FALSE,true,natural_language_duplicate_candidate_requires_review,4
9d1adf659af16a4d6111bd528c78697e18a81b735ce886efb818215354dedf7f,NL,5603,Pizza250,2hop,BQA,FALSE,true,natural_language_duplicate_candidate_requires_review,4
9d3228b94601571099f96b010dc268d4f386e93bafbedca2d07b88162c39f55f,NL,4579,Pizza100,2hop,BQA,TRUE,true,natural_language_duplicate_candidate_requires_review,2
9d3228b94601571099f96b010dc268d4f386e93bafbedca2d07b88162c39f55f,NL,5768,Pizza250,2hop,BQA,TRUE,true,natural_language_duplicate_candidate_requires_review,2
9d6bf688e3db9fc0b996b3ff3ff24a3a7304655389578c5a46a96c11cae92b7e,NL,2262,FamilyOWL,2hop,BQA,FALSE,true,natural_language_duplicate_candidate_requires_review,2
9d6bf688e3db9fc0b996b3ff3ff24a3a7304655389578c5a46a96c11cae92b7e,NL,2266,FamilyOWL,2hop,BQA,FALSE,true,natural_language_duplicate_candidate_requires_review,2
9e90e7691e623013269b2f925edd2e8d02f6b3fda7ea679f8e4703a7188e921a,NL,3558,FamilyOWL,2hop,OEQA,william_green_1813,true,natural_language_duplicate_candidate_requires_review,2
9e90e7691e623013269b2f925edd2e8d02f6b3fda7ea679f8e4703a7188e921a,NL,3559,FamilyOWL,2hop,OEQA,william_green_1813,true,natural_language_duplicate_candidate_requires_review,2
9ea5f71e66b0f9946fad2346afade79a194c0e0ef1b673d7d6052aec6f94baca,NL,6114,OWL2Bench,1hop,BQA,TRUE,true,natural_language_duplicate_candidate_requires_review,5
9ea5f71e66b0f9946fad2346afade79a194c0e0ef1b673d7d6052aec6f94baca,NL,7583,OWL2Bench,2hop,BQA,TRUE,true,natural_language_duplicate_candidate_requires_review,5
9ea5f71e66b0f9946fad2346afade79a194c0e0ef1b673d7d6052aec6f94baca,NL,7591,OWL2Bench,2hop,BQA,TRUE,true,natural_language_duplicate_candidate_requires_review,5
9ea5f71e66b0f9946fad2346afade79a194c0e0ef1b673d7d6052aec6f94baca,NL,7597,OWL2Bench,2hop,BQA,TRUE,true,natural_language_duplicate_candidate_requires_review,5
9ea5f71e66b0f9946fad2346afade79a194c0e0ef1b673d7d6052aec6f94baca,NL,7601,OWL2Bench,2hop,BQA,TRUE,true,natural_language_duplicate_candidate_requires_review,5
9f569f80d29ef9c0f09dd714a3f0617aa86ca45534447d1fb4828724b045fb81,NL,4583,Pizza100,2hop,BQA,TRUE,true,natural_language_duplicate_candidate_requires_review,2
9f569f80d29ef9c0f09dd714a3f0617aa86ca45534447d1fb4828724b045fb81,NL,5776,Pizza250,2hop,BQA,TRUE,true,natural_language_duplicate_candidate_requires_review,2
9fb52fd56c164d54a3cb3d31cb33a39b338e0de934122052674d63b73ddf76d1,NL,6395,OWL2Bench,1hop,BQA,FALSE,false,incompatible_gold_semantics_failure,2
9fb52fd56c164d54a3cb3d31cb33a39b338e0de934122052674d63b73ddf76d1,NL,6396,OWL2Bench,1hop,BQA,TRUE,false,incompatible_gold_semantics_failure,2
a011a9361875f67ff8846ece4ee2b62dcfd3d9ca4ada1829ae9a139915ca820d,NL,4238,Pizza100,1hop,OEQA,GreenPepperTopping_dynamic_1; HotSpicedBeefTopping_dynamic_1; MozzarellaTopping_dynamic_1; OnionTopping_dynamic_1; TomatoTopping_dynamic_1,true,natural_language_duplicate_candidate_requires_review,2
a011a9361875f67ff8846ece4ee2b62dcfd3d9ca4ada1829ae9a139915ca820d,NL,4239,Pizza100,1hop,OEQA,GreenPepperTopping_dynamic_1; HotSpicedBeefTopping_dynamic_1; MozzarellaTopping_dynamic_1; OnionTopping_dynamic_1; TomatoTopping_dynamic_1,true,natural_language_duplicate_candidate_requires_review,2
a19a03895444297d5b47f18caebf2ec095905c12b65bded04f2695b1479035d0,NL,3893,Pizza100,1hop,BQA,FALSE,true,natural_language_duplicate_candidate_requires_review,6
a19a03895444297d5b47f18caebf2ec095905c12b65bded04f2695b1479035d0,NL,4907,Pizza250,1hop,BQA,FALSE,true,natural_language_duplicate_candidate_requires_review,6
a19a03895444297d5b47f18caebf2ec095905c12b65bded04f2695b1479035d0,NL,4911,Pizza250,1hop,BQA,FALSE,true,natural_language_duplicate_candidate_requires_review,6
a19a03895444297d5b47f18caebf2ec095905c12b65bded04f2695b1479035d0,NL,4913,Pizza250,1hop,BQA,FALSE,true,natural_language_duplicate_candidate_requires_review,6
a19a03895444297d5b47f18caebf2ec095905c12b65bded04f2695b1479035d0,NL,4915,Pizza250,1hop,BQA,FALSE,true,natural_language_duplicate_candidate_requires_review,6
a19a03895444297d5b47f18caebf2ec095905c12b65bded04f2695b1479035d0,NL,4917,Pizza250,1hop,BQA,FALSE,true,natural_language_duplicate_candidate_requires_review,6
a1d2e5f6471c0376d141f19c45b2bf471717a3514e9dd5e3e3f73324dd8c4208,NL,4538,Pizza100,2hop,BQA,FALSE,true,natural_language_duplicate_candidate_requires_review,4
a1d2e5f6471c0376d141f19c45b2bf471717a3514e9dd5e3e3f73324dd8c4208,NL,4546,Pizza100,2hop,BQA,FALSE,true,natural_language_duplicate_candidate_requires_review,4
a1d2e5f6471c0376d141f19c45b2bf471717a3514e9dd5e3e3f73324dd8c4208,NL,5715,Pizza250,2hop,BQA,FALSE,true,natural_language_duplicate_candidate_requires_review,4
a1d2e5f6471c0376d141f19c45b2bf471717a3514e9dd5e3e3f73324dd8c4208,NL,5721,Pizza250,2hop,BQA,FALSE,true,natural_language_duplicate_candidate_requires_review,4
a313c538a24590aac5949ab8a068a8ebd4ac0ec531284e09c166c0f3e90c2530,NL,4499,Pizza100,2hop,BQA,TRUE,true,natural_language_duplicate_candidate_requires_review,3
a313c538a24590aac5949ab8a068a8ebd4ac0ec531284e09c166c0f3e90c2530,NL,5654,Pizza250,2hop,BQA,TRUE,true,natural_language_duplicate_candidate_requires_review,3
a313c538a24590aac5949ab8a068a8ebd4ac0ec531284e09c166c0f3e90c2530,NL,5660,Pizza250,2hop,BQA,TRUE,true,natural_language_duplicate_candidate_requires_review,3
a314fa8a858d6584ac5ae8817d370368ed44f8ad44c41ccc350eb582178a7298,NL,4466,Pizza100,2hop,BQA,FALSE,true,natural_language_duplicate_candidate_requires_review,5
a314fa8a858d6584ac5ae8817d370368ed44f8ad44c41ccc350eb582178a7298,NL,5609,Pizza250,2hop,BQA,FALSE,true,natural_language_duplicate_candidate_requires_review,5
a314fa8a858d6584ac5ae8817d370368ed44f8ad44c41ccc350eb582178a7298,NL,5611,Pizza250,2hop,BQA,FALSE,true,natural_language_duplicate_candidate_requires_review,5
a314fa8a858d6584ac5ae8817d370368ed44f8ad44c41ccc350eb582178a7298,NL,5615,Pizza250,2hop,BQA,FALSE,true,natural_language_duplicate_candidate_requires_review,5
a314fa8a858d6584ac5ae8817d370368ed44f8ad44c41ccc350eb582178a7298,NL,5623,Pizza250,2hop,BQA,FALSE,true,natural_language_duplicate_candidate_requires_review,5
a3526ad801493c28986b5767f4918201c418da1fc841621effa8460dbf53a799,NL,4418,Pizza100,2hop,BQA,FALSE,true,natural_language_duplicate_candidate_requires_review,4
a3526ad801493c28986b5767f4918201c418da1fc841621effa8460dbf53a799,NL,4422,Pizza100,2hop,BQA,FALSE,true,natural_language_duplicate_candidate_requires_review,4
a3526ad801493c28986b5767f4918201c418da1fc841621effa8460dbf53a799,NL,5541,Pizza250,2hop,BQA,FALSE,true,natural_language_duplicate_candidate_requires_review,4
a3526ad801493c28986b5767f4918201c418da1fc841621effa8460dbf53a799,NL,5545,Pizza250,2hop,BQA,FALSE,true,natural_language_duplicate_candidate_requires_review,4
a4e05b1893966aec5bf885bc127d2c2bdeb7f42af0caaab2fe8c2f619277bb11,NL,3038,FamilyOWL,2hop,BQA,FALSE,true,natural_language_duplicate_candidate_requires_review,2
a4e05b1893966aec5bf885bc127d2c2bdeb7f42af0caaab2fe8c2f619277bb11,NL,3040,FamilyOWL,2hop,BQA,FALSE,true,natural_language_duplicate_candidate_requires_review,2
a53053007beaaa1d041bb79431d1d3d79e1b90718010eaed986c67c7c59d5bb0,NL,3785,Pizza100,1hop,BQA,FALSE,true,natural_language_duplicate_candidate_requires_review,5
a53053007beaaa1d041bb79431d1d3d79e1b90718010eaed986c67c7c59d5bb0,NL,4779,Pizza250,1hop,BQA,FALSE,true,natural_language_duplicate_candidate_requires_review,5
a53053007beaaa1d041bb79431d1d3d79e1b90718010eaed986c67c7c59d5bb0,NL,4781,Pizza250,1hop,BQA,FALSE,true,natural_language_duplicate_candidate_requires_review,5
a53053007beaaa1d041bb79431d1d3d79e1b90718010eaed986c67c7c59d5bb0,NL,4789,Pizza250,1hop,BQA,FALSE,true,natural_language_duplicate_candidate_requires_review,5
a53053007beaaa1d041bb79431d1d3d79e1b90718010eaed986c67c7c59d5bb0,NL,4791,Pizza250,1hop,BQA,FALSE,true,natural_language_duplicate_candidate_requires_review,5
a582b97b834ab931ee6e3b1d808630de2b5269363725bc8af080e7daf29fb1df,NL,4502,Pizza100,2hop,BQA,FALSE,true,natural_language_duplicate_candidate_requires_review,4
a582b97b834ab931ee6e3b1d808630de2b5269363725bc8af080e7daf29fb1df,NL,4510,Pizza100,2hop,BQA,FALSE,true,natural_language_duplicate_candidate_requires_review,4
a582b97b834ab931ee6e3b1d808630de2b5269363725bc8af080e7daf29fb1df,NL,4514,Pizza100,2hop,BQA,FALSE,true,natural_language_duplicate_candidate_requires_review,4
a582b97b834ab931ee6e3b1d808630de2b5269363725bc8af080e7daf29fb1df,NL,5667,Pizza250,2hop,BQA,FALSE,true,natural_language_duplicate_candidate_requires_review,4
a5fb6998c76f95e51c6ad814a80b95c1fd0159cd07818ce40391bb15126fefc8,NL,4388,Pizza100,2hop,BQA,FALSE,true,natural_language_duplicate_candidate_requires_review,4
a5fb6998c76f95e51c6ad814a80b95c1fd0159cd07818ce40391bb15126fefc8,NL,4390,Pizza100,2hop,BQA,FALSE,true,natural_language_duplicate_candidate_requires_review,4
a5fb6998c76f95e51c6ad814a80b95c1fd0159cd07818ce40391bb15126fefc8,NL,5515,Pizza250,2hop,BQA,FALSE,true,natural_language_duplicate_candidate_requires_review,4
a5fb6998c76f95e51c6ad814a80b95c1fd0159cd07818ce40391bb15126fefc8,NL,5525,Pizza250,2hop,BQA,FALSE,true,natural_language_duplicate_candidate_requires_review,4
a66073516a5630c2fa05c57b7f834449d3328a17f0c9df816fc65a8509ee781f,NL,4617,Pizza100,2hop,OEQA,DomainConcept; Food; Pizza,true,natural_language_duplicate_candidate_requires_review,3
a66073516a5630c2fa05c57b7f834449d3328a17f0c9df816fc65a8509ee781f,NL,5816,Pizza250,2hop,OEQA,DomainConcept; Food; Pizza,true,natural_language_duplicate_candidate_requires_review,3
a66073516a5630c2fa05c57b7f834449d3328a17f0c9df816fc65a8509ee781f,NL,5820,Pizza250,2hop,OEQA,DomainConcept; Food; Pizza,true,natural_language_duplicate_candidate_requires_review,3
a6a20e677b9b522c5c6b654221cb45af6899a0e7f894e5b84b1b8c7dc328ee6a,NL,4653,Pizza100,2hop,OEQA,LeekTopping_dynamic_1; MozzarellaTopping_dynamic_1; MushroomTopping_dynamic_1; OliveTopping_dynamic_1; PeperonataTopping_dynamic_1; PetitPoisTopping_dynamic_1; SlicedTomatoTopping_dynamic_1; TomatoTopping_dynamic_1,true,natural_language_duplicate_candidate_requires_review,3
a6a20e677b9b522c5c6b654221cb45af6899a0e7f894e5b84b1b8c7dc328ee6a,NL,5863,Pizza250,2hop,OEQA,LeekTopping_dynamic_1; MozzarellaTopping_dynamic_1; MushroomTopping_dynamic_1; OliveTopping_dynamic_1; PeperonataTopping_dynamic_1; PetitPoisTopping_dynamic_1; SlicedTomatoTopping_dynamic_1; TomatoTopping_dynamic_1,true,natural_language_duplicate_candidate_requires_review,3
a6a20e677b9b522c5c6b654221cb45af6899a0e7f894e5b84b1b8c7dc328ee6a,NL,5866,Pizza250,2hop,OEQA,LeekTopping_dynamic_1; MozzarellaTopping_dynamic_1; MushroomTopping_dynamic_1; OliveTopping_dynamic_1; PeperonataTopping_dynamic_1; PetitPoisTopping_dynamic_1; SlicedTomatoTopping_dynamic_1; TomatoTopping_dynamic_1,true,natural_language_duplicate_candidate_requires_review,3
a8db8762ffbfd2ef51b22da0ce969d6d7b1ee36820cf0e03d16943e6707773c4,NL,4469,Pizza100,2hop,BQA,TRUE,true,natural_language_duplicate_candidate_requires_review,5
a8db8762ffbfd2ef51b22da0ce969d6d7b1ee36820cf0e03d16943e6707773c4,NL,4475,Pizza100,2hop,BQA,TRUE,true,natural_language_duplicate_candidate_requires_review,5
a8db8762ffbfd2ef51b22da0ce969d6d7b1ee36820cf0e03d16943e6707773c4,NL,5622,Pizza250,2hop,BQA,TRUE,true,natural_language_duplicate_candidate_requires_review,5
a8db8762ffbfd2ef51b22da0ce969d6d7b1ee36820cf0e03d16943e6707773c4,NL,5626,Pizza250,2hop,BQA,TRUE,true,natural_language_duplicate_candidate_requires_review,5
a8db8762ffbfd2ef51b22da0ce969d6d7b1ee36820cf0e03d16943e6707773c4,NL,5630,Pizza250,2hop,BQA,TRUE,true,natural_language_duplicate_candidate_requires_review,5
a96649aeff18cff4519f71cbfbac80a0ccf7f652b6151e70882c20f4ecdb1636,NL,4289,Pizza100,2hop,BQA,TRUE,true,natural_language_duplicate_candidate_requires_review,4
a96649aeff18cff4519f71cbfbac80a0ccf7f652b6151e70882c20f4ecdb1636,NL,5400,Pizza250,2hop,BQA,TRUE,true,natural_language_duplicate_candidate_requires_review,4
a96649aeff18cff4519f71cbfbac80a0ccf7f652b6151e70882c20f4ecdb1636,NL,5404,Pizza250,2hop,BQA,TRUE,true,natural_language_duplicate_candidate_requires_review,4
a96649aeff18cff4519f71cbfbac80a0ccf7f652b6151e70882c20f4ecdb1636,NL,5406,Pizza250,2hop,BQA,TRUE,true,natural_language_duplicate_candidate_requires_review,4
a981727f258eb5901bff94d1db31407266ff9d5a7947237d948727c1fb136d7d,NL,4464,Pizza100,2hop,BQA,FALSE,true,natural_language_duplicate_candidate_requires_review,5
a981727f258eb5901bff94d1db31407266ff9d5a7947237d948727c1fb136d7d,NL,4472,Pizza100,2hop,BQA,FALSE,true,natural_language_duplicate_candidate_requires_review,5
a981727f258eb5901bff94d1db31407266ff9d5a7947237d948727c1fb136d7d,NL,5613,Pizza250,2hop,BQA,FALSE,true,natural_language_duplicate_candidate_requires_review,5
a981727f258eb5901bff94d1db31407266ff9d5a7947237d948727c1fb136d7d,NL,5619,Pizza250,2hop,BQA,FALSE,true,natural_language_duplicate_candidate_requires_review,5
a981727f258eb5901bff94d1db31407266ff9d5a7947237d948727c1fb136d7d,NL,5627,Pizza250,2hop,BQA,FALSE,true,natural_language_duplicate_candidate_requires_review,5
aa3308cb07544d206547d2d5540f33cfe5884dfaf95d6c4def06f12e510b077b,NL,4485,Pizza100,2hop,BQA,TRUE,true,natural_language_duplicate_candidate_requires_review,4
aa3308cb07544d206547d2d5540f33cfe5884dfaf95d6c4def06f12e510b077b,NL,4489,Pizza100,2hop,BQA,TRUE,true,natural_language_duplicate_candidate_requires_review,4
aa3308cb07544d206547d2d5540f33cfe5884dfaf95d6c4def06f12e510b077b,NL,4497,Pizza100,2hop,BQA,TRUE,true,natural_language_duplicate_candidate_requires_review,4
aa3308cb07544d206547d2d5540f33cfe5884dfaf95d6c4def06f12e510b077b,NL,5656,Pizza250,2hop,BQA,TRUE,true,natural_language_duplicate_candidate_requires_review,4
aa984aa19f6905c4ac3b3dbbd4f62d795f686a4dd9b2b306ae56bf711c01c94b,NL,3460,FamilyOWL,2hop,OEQA,sarah_jewell_1790,false,incompatible_gold_semantics_failure,2
aa984aa19f6905c4ac3b3dbbd4f62d795f686a4dd9b2b306ae56bf711c01c94b,NL,3461,FamilyOWL,2hop,OEQA,harriet_ann_young_1825,false,incompatible_gold_semantics_failure,2
aab5cf93854235aaa8ff84a220aecab64e9a92ee5b81114118232b61f1cfe0ab,NL,4156,Pizza100,1hop,OEQA,DomainConcept; Food; Pizza,true,natural_language_duplicate_candidate_requires_review,3
aab5cf93854235aaa8ff84a220aecab64e9a92ee5b81114118232b61f1cfe0ab,NL,5258,Pizza250,1hop,OEQA,DomainConcept; Food; Pizza,true,natural_language_duplicate_candidate_requires_review,3
aab5cf93854235aaa8ff84a220aecab64e9a92ee5b81114118232b61f1cfe0ab,NL,5260,Pizza250,1hop,OEQA,DomainConcept; Food; Pizza,true,natural_language_duplicate_candidate_requires_review,3
ab4488f0da16be3890aae1c4529d6f89cbe0c6a5b6ab6704ce275a37f8c62830,NL,5639,Pizza250,2hop,BQA,FALSE,true,natural_language_duplicate_candidate_requires_review,2
ab4488f0da16be3890aae1c4529d6f89cbe0c6a5b6ab6704ce275a37f8c62830,NL,5643,Pizza250,2hop,BQA,FALSE,true,natural_language_duplicate_candidate_requires_review,2
ac8ee0139b9b2a43eb6dea403097c55c3509349209ff1960c59cea66f9591d28,NL,3976,Pizza100,1hop,BQA,FALSE,true,natural_language_duplicate_candidate_requires_review,4
ac8ee0139b9b2a43eb6dea403097c55c3509349209ff1960c59cea66f9591d28,NL,4996,Pizza250,1hop,BQA,FALSE,true,natural_language_duplicate_candidate_requires_review,4
ac8ee0139b9b2a43eb6dea403097c55c3509349209ff1960c59cea66f9591d28,NL,4998,Pizza250,1hop,BQA,FALSE,true,natural_language_duplicate_candidate_requires_review,4
ac8ee0139b9b2a43eb6dea403097c55c3509349209ff1960c59cea66f9591d28,NL,5002,Pizza250,1hop,BQA,FALSE,true,natural_language_duplicate_candidate_requires_review,4
acda9f0c95d00c18f8330aa6fcdd7bfafe46537e0cba9721f10e8fde83bcd6e9,NL,4601,Pizza100,2hop,OEQA,DomainConcept; Food; Pizza,true,natural_language_duplicate_candidate_requires_review,5
acda9f0c95d00c18f8330aa6fcdd7bfafe46537e0cba9721f10e8fde83bcd6e9,NL,4603,Pizza100,2hop,OEQA,DomainConcept; Food; Pizza,true,natural_language_duplicate_candidate_requires_review,5
acda9f0c95d00c18f8330aa6fcdd7bfafe46537e0cba9721f10e8fde83bcd6e9,NL,4610,Pizza100,2hop,OEQA,DomainConcept; Food; Pizza,true,natural_language_duplicate_candidate_requires_review,5
acda9f0c95d00c18f8330aa6fcdd7bfafe46537e0cba9721f10e8fde83bcd6e9,NL,5806,Pizza250,2hop,OEQA,DomainConcept; Food; Pizza,true,natural_language_duplicate_candidate_requires_review,5
acda9f0c95d00c18f8330aa6fcdd7bfafe46537e0cba9721f10e8fde83bcd6e9,NL,5808,Pizza250,2hop,OEQA,DomainConcept; Food; Pizza,true,natural_language_duplicate_candidate_requires_review,5
ae6ead3cdd3623eb578671d1a38d348d46b6af0b4f7ea00b39ea5ebd8be79b62,NL,5356,Pizza250,1hop,OEQA,CaperTopping_dynamic_1; MozzarellaTopping_dynamic_1; OliveTopping_dynamic_1; OnionTopping_dynamic_1; PineKernels_dynamic_1; SultanaTopping_dynamic_1; TomatoTopping_dynamic_1,true,natural_language_duplicate_candidate_requires_review,3
ae6ead3cdd3623eb578671d1a38d348d46b6af0b4f7ea00b39ea5ebd8be79b62,NL,5362,Pizza250,1hop,OEQA,CaperTopping_dynamic_1; MozzarellaTopping_dynamic_1; OliveTopping_dynamic_1; OnionTopping_dynamic_1; PineKernels_dynamic_1; SultanaTopping_dynamic_1; TomatoTopping_dynamic_1,true,natural_language_duplicate_candidate_requires_review,3
ae6ead3cdd3623eb578671d1a38d348d46b6af0b4f7ea00b39ea5ebd8be79b62,NL,5364,Pizza250,1hop,OEQA,CaperTopping_dynamic_1; MozzarellaTopping_dynamic_1; OliveTopping_dynamic_1; OnionTopping_dynamic_1; PineKernels_dynamic_1; SultanaTopping_dynamic_1; TomatoTopping_dynamic_1,true,natural_language_duplicate_candidate_requires_review,3
aee0145fe4ecae086963c25a03aa8a4ac5d0d47edf6f682dd54b5dab9366ec44,NL,3763,Pizza100,1hop,BQA,FALSE,true,natural_language_duplicate_candidate_requires_review,2
aee0145fe4ecae086963c25a03aa8a4ac5d0d47edf6f682dd54b5dab9366ec44,NL,4753,Pizza250,1hop,BQA,FALSE,true,natural_language_duplicate_candidate_requires_review,2
af14a5cfa4be77c56d7c4321172decd2614831032558e8253557271af82493a8,NL,3786,Pizza100,1hop,BQA,TRUE,true,natural_language_duplicate_candidate_requires_review,4
af14a5cfa4be77c56d7c4321172decd2614831032558e8253557271af82493a8,NL,4772,Pizza250,1hop,BQA,TRUE,true,natural_language_duplicate_candidate_requires_review,4
af14a5cfa4be77c56d7c4321172decd2614831032558e8253557271af82493a8,NL,4790,Pizza250,1hop,BQA,TRUE,true,natural_language_duplicate_candidate_requires_review,4
af14a5cfa4be77c56d7c4321172decd2614831032558e8253557271af82493a8,NL,4792,Pizza250,1hop,BQA,TRUE,true,natural_language_duplicate_candidate_requires_review,4
af4d274391982c7cb461df716d27beb53e1657ee8cbe9230fee46a61af8ba004,NL,4356,Pizza100,2hop,BQA,FALSE,true,natural_language_duplicate_candidate_requires_review,4
af4d274391982c7cb461df716d27beb53e1657ee8cbe9230fee46a61af8ba004,NL,4358,Pizza100,2hop,BQA,FALSE,true,natural_language_duplicate_candidate_requires_review,4
af4d274391982c7cb461df716d27beb53e1657ee8cbe9230fee46a61af8ba004,NL,5473,Pizza250,2hop,BQA,FALSE,true,natural_language_duplicate_candidate_requires_review,4
af4d274391982c7cb461df716d27beb53e1657ee8cbe9230fee46a61af8ba004,NL,5479,Pizza250,2hop,BQA,FALSE,true,natural_language_duplicate_candidate_requires_review,4
afec0f73ba8ca1c41ae50a1bb63e9ed5b8cc02c333fbd5df1f7385655aa7c155,NL,4139,Pizza100,1hop,OEQA,GarlicTopping_dynamic_1; MozzarellaTopping_dynamic_1; OliveTopping_dynamic_1; ParmesanTopping_dynamic_1; SpinachTopping_dynamic_1; TomatoTopping_dynamic_1,true,natural_language_duplicate_candidate_requires_review,4
afec0f73ba8ca1c41ae50a1bb63e9ed5b8cc02c333fbd5df1f7385655aa7c155,NL,5222,Pizza250,1hop,OEQA,GarlicTopping_dynamic_1; MozzarellaTopping_dynamic_1; OliveTopping_dynamic_1; ParmesanTopping_dynamic_1; SpinachTopping_dynamic_1; TomatoTopping_dynamic_1,true,natural_language_duplicate_candidate_requires_review,4
afec0f73ba8ca1c41ae50a1bb63e9ed5b8cc02c333fbd5df1f7385655aa7c155,NL,5223,Pizza250,1hop,OEQA,GarlicTopping_dynamic_1; MozzarellaTopping_dynamic_1; OliveTopping_dynamic_1; ParmesanTopping_dynamic_1; SpinachTopping_dynamic_1; TomatoTopping_dynamic_1,true,natural_language_duplicate_candidate_requires_review,4
afec0f73ba8ca1c41ae50a1bb63e9ed5b8cc02c333fbd5df1f7385655aa7c155,NL,5228,Pizza250,1hop,OEQA,GarlicTopping_dynamic_1; MozzarellaTopping_dynamic_1; OliveTopping_dynamic_1; ParmesanTopping_dynamic_1; SpinachTopping_dynamic_1; TomatoTopping_dynamic_1,true,natural_language_duplicate_candidate_requires_review,4
b11d1286fe0894ee27bdf2864c3ddf92f76d5445128ff1cbd8b1d58b73de38aa,NL,3950,Pizza100,1hop,BQA,FALSE,true,natural_language_duplicate_candidate_requires_review,5
b11d1286fe0894ee27bdf2864c3ddf92f76d5445128ff1cbd8b1d58b73de38aa,NL,4958,Pizza250,1hop,BQA,FALSE,true,natural_language_duplicate_candidate_requires_review,5
b11d1286fe0894ee27bdf2864c3ddf92f76d5445128ff1cbd8b1d58b73de38aa,NL,4962,Pizza250,1hop,BQA,FALSE,true,natural_language_duplicate_candidate_requires_review,5
b11d1286fe0894ee27bdf2864c3ddf92f76d5445128ff1cbd8b1d58b73de38aa,NL,4966,Pizza250,1hop,BQA,FALSE,true,natural_language_duplicate_candidate_requires_review,5
b11d1286fe0894ee27bdf2864c3ddf92f76d5445128ff1cbd8b1d58b73de38aa,NL,4974,Pizza250,1hop,BQA,FALSE,true,natural_language_duplicate_candidate_requires_review,5
b1650e30f7afe9d056c9ff47536abfa24853cc2fd06585eff4ea7483f0484b36,NL,4567,Pizza100,2hop,BQA,TRUE,true,natural_language_duplicate_candidate_requires_review,4
b1650e30f7afe9d056c9ff47536abfa24853cc2fd06585eff4ea7483f0484b36,NL,4571,Pizza100,2hop,BQA,TRUE,true,natural_language_duplicate_candidate_requires_review,4
b1650e30f7afe9d056c9ff47536abfa24853cc2fd06585eff4ea7483f0484b36,NL,5756,Pizza250,2hop,BQA,TRUE,true,natural_language_duplicate_candidate_requires_review,4
b1650e30f7afe9d056c9ff47536abfa24853cc2fd06585eff4ea7483f0484b36,NL,5766,Pizza250,2hop,BQA,TRUE,true,natural_language_duplicate_candidate_requires_review,4
b20442728fa24fb8be041621571395dcd53888c740e05c6a9784142db2b50437,NL,1781,FamilyOWL,1hop,OEQA,Person; Woman,true,natural_language_duplicate_candidate_requires_review,2
b20442728fa24fb8be041621571395dcd53888c740e05c6a9784142db2b50437,NL,1784,FamilyOWL,1hop,OEQA,Person; Woman,true,natural_language_duplicate_candidate_requires_review,2
b226654d231aa3c3284be0952c4e0ee77f8aa3aa2517d00558fec645a9722bef,NL,4537,Pizza100,2hop,BQA,TRUE,true,natural_language_duplicate_candidate_requires_review,6
b226654d231aa3c3284be0952c4e0ee77f8aa3aa2517d00558fec645a9722bef,NL,4543,Pizza100,2hop,BQA,TRUE,true,natural_language_duplicate_candidate_requires_review,6
b226654d231aa3c3284be0952c4e0ee77f8aa3aa2517d00558fec645a9722bef,NL,4549,Pizza100,2hop,BQA,TRUE,true,natural_language_duplicate_candidate_requires_review,6
b226654d231aa3c3284be0952c4e0ee77f8aa3aa2517d00558fec645a9722bef,NL,5714,Pizza250,2hop,BQA,TRUE,true,natural_language_duplicate_candidate_requires_review,6
b226654d231aa3c3284be0952c4e0ee77f8aa3aa2517d00558fec645a9722bef,NL,5726,Pizza250,2hop,BQA,TRUE,true,natural_language_duplicate_candidate_requires_review,6
b226654d231aa3c3284be0952c4e0ee77f8aa3aa2517d00558fec645a9722bef,NL,5728,Pizza250,2hop,BQA,TRUE,true,natural_language_duplicate_candidate_requires_review,6
b264c3dcef1cb1a723c36b329bcddb9fada72bc7bfbb4411b2fce61e79ba4c34,NL,7916,OWL2Bench,2hop,BQA,TRUE,false,incompatible_gold_semantics_failure,2
b264c3dcef1cb1a723c36b329bcddb9fada72bc7bfbb4411b2fce61e79ba4c34,NL,7917,OWL2Bench,2hop,BQA,FALSE,false,incompatible_gold_semantics_failure,2
b2748f1c720d4c11c90480e7c68389c662e877b0faf99b002158c84b28a76be6,NL,4145,Pizza100,1hop,OEQA,AnchoviesTopping_dynamic_1; CaperTopping_dynamic_1; MozzarellaTopping_dynamic_1; MushroomTopping_dynamic_1; OliveTopping_dynamic_1; PeperoniSausageTopping_dynamic_1; TomatoTopping_dynamic_1,true,natural_language_duplicate_candidate_requires_review,4
b2748f1c720d4c11c90480e7c68389c662e877b0faf99b002158c84b28a76be6,NL,5236,Pizza250,1hop,OEQA,AnchoviesTopping_dynamic_1; CaperTopping_dynamic_1; MozzarellaTopping_dynamic_1; MushroomTopping_dynamic_1; OliveTopping_dynamic_1; PeperoniSausageTopping_dynamic_1; TomatoTopping_dynamic_1,true,natural_language_duplicate_candidate_requires_review,4
b2748f1c720d4c11c90480e7c68389c662e877b0faf99b002158c84b28a76be6,NL,5241,Pizza250,1hop,OEQA,AnchoviesTopping_dynamic_1; CaperTopping_dynamic_1; MozzarellaTopping_dynamic_1; MushroomTopping_dynamic_1; OliveTopping_dynamic_1; PeperoniSausageTopping_dynamic_1; TomatoTopping_dynamic_1,true,natural_language_duplicate_candidate_requires_review,4
b2748f1c720d4c11c90480e7c68389c662e877b0faf99b002158c84b28a76be6,NL,5243,Pizza250,1hop,OEQA,AnchoviesTopping_dynamic_1; CaperTopping_dynamic_1; MozzarellaTopping_dynamic_1; MushroomTopping_dynamic_1; OliveTopping_dynamic_1; PeperoniSausageTopping_dynamic_1; TomatoTopping_dynamic_1,true,natural_language_duplicate_candidate_requires_review,4
b315c1b6669a0678de4d64789015016499fa74f50ff4b20bc1feef9643b19b6d,NL,4066,Pizza100,1hop,BQA,FALSE,true,natural_language_duplicate_candidate_requires_review,3
b315c1b6669a0678de4d64789015016499fa74f50ff4b20bc1feef9643b19b6d,NL,5140,Pizza250,1hop,BQA,FALSE,true,natural_language_duplicate_candidate_requires_review,3
b315c1b6669a0678de4d64789015016499fa74f50ff4b20bc1feef9643b19b6d,NL,5150,Pizza250,1hop,BQA,FALSE,true,natural_language_duplicate_candidate_requires_review,3
b557faf86fdd295248f1cfffe59919e5b8031c6ffea214784fb7c6dc4e874639,AR,6113,OWL2Bench,1hop,BQA,FALSE,true,abstract_equivalence_candidate_requires_review,2
b557faf86fdd295248f1cfffe59919e5b8031c6ffea214784fb7c6dc4e874639,AR,7596,OWL2Bench,2hop,BQA,FALSE,true,abstract_equivalence_candidate_requires_review,2
b5bf726c2083cc649878e28bb73bc308d33aa8448d7b1aa835507374495f76ab,NL,3789,Pizza100,1hop,BQA,FALSE,true,natural_language_duplicate_candidate_requires_review,5
b5bf726c2083cc649878e28bb73bc308d33aa8448d7b1aa835507374495f76ab,NL,3803,Pizza100,1hop,BQA,FALSE,true,natural_language_duplicate_candidate_requires_review,5
b5bf726c2083cc649878e28bb73bc308d33aa8448d7b1aa835507374495f76ab,NL,3807,Pizza100,1hop,BQA,FALSE,true,natural_language_duplicate_candidate_requires_review,5
b5bf726c2083cc649878e28bb73bc308d33aa8448d7b1aa835507374495f76ab,NL,4795,Pizza250,1hop,BQA,FALSE,true,natural_language_duplicate_candidate_requires_review,5
b5bf726c2083cc649878e28bb73bc308d33aa8448d7b1aa835507374495f76ab,NL,4799,Pizza250,1hop,BQA,FALSE,true,natural_language_duplicate_candidate_requires_review,5
b5e624a8f0d9e24b5088f96c758ab145a668377f86626d03d05ee37cd1c3847e,NL,4446,Pizza100,2hop,BQA,FALSE,true,natural_language_duplicate_candidate_requires_review,5
b5e624a8f0d9e24b5088f96c758ab145a668377f86626d03d05ee37cd1c3847e,NL,4452,Pizza100,2hop,BQA,FALSE,true,natural_language_duplicate_candidate_requires_review,5
b5e624a8f0d9e24b5088f96c758ab145a668377f86626d03d05ee37cd1c3847e,NL,5575,Pizza250,2hop,BQA,FALSE,true,natural_language_duplicate_candidate_requires_review,5
b5e624a8f0d9e24b5088f96c758ab145a668377f86626d03d05ee37cd1c3847e,NL,5579,Pizza250,2hop,BQA,FALSE,true,natural_language_duplicate_candidate_requires_review,5
b5e624a8f0d9e24b5088f96c758ab145a668377f86626d03d05ee37cd1c3847e,NL,5583,Pizza250,2hop,BQA,FALSE,true,natural_language_duplicate_candidate_requires_review,5
b644a13938798c78d89803c14b07175937e9def50b4093b16ca682cd934ece26,NL,4125,Pizza100,1hop,OEQA,AnchoviesTopping_dynamic_1; CaperTopping_dynamic_1; HamTopping_dynamic_1; MozzarellaTopping_dynamic_1; OliveTopping_dynamic_1; PeperonataTopping_dynamic_1; TomatoTopping_dynamic_1,true,natural_language_duplicate_candidate_requires_review,3
b644a13938798c78d89803c14b07175937e9def50b4093b16ca682cd934ece26,NL,4127,Pizza100,1hop,OEQA,AnchoviesTopping_dynamic_1; CaperTopping_dynamic_1; HamTopping_dynamic_1; MozzarellaTopping_dynamic_1; OliveTopping_dynamic_1; PeperonataTopping_dynamic_1; TomatoTopping_dynamic_1,true,natural_language_duplicate_candidate_requires_review,3
b644a13938798c78d89803c14b07175937e9def50b4093b16ca682cd934ece26,NL,5214,Pizza250,1hop,OEQA,AnchoviesTopping_dynamic_1; CaperTopping_dynamic_1; HamTopping_dynamic_1; MozzarellaTopping_dynamic_1; OliveTopping_dynamic_1; PeperonataTopping_dynamic_1; TomatoTopping_dynamic_1,true,natural_language_duplicate_candidate_requires_review,3
b694d8bfeba2ce413636eb5b43bc2d3d075974c98c1e55984b17596beba12689,NL,4677,Pizza100,2hop,OEQA,DomainConcept; Food; Pizza,true,natural_language_duplicate_candidate_requires_review,4
b694d8bfeba2ce413636eb5b43bc2d3d075974c98c1e55984b17596beba12689,NL,5888,Pizza250,2hop,OEQA,DomainConcept; Food; Pizza,true,natural_language_duplicate_candidate_requires_review,4
b694d8bfeba2ce413636eb5b43bc2d3d075974c98c1e55984b17596beba12689,NL,5890,Pizza250,2hop,OEQA,DomainConcept; Food; Pizza,true,natural_language_duplicate_candidate_requires_review,4
b694d8bfeba2ce413636eb5b43bc2d3d075974c98c1e55984b17596beba12689,NL,5892,Pizza250,2hop,OEQA,DomainConcept; Food; Pizza,true,natural_language_duplicate_candidate_requires_review,4
b6975c185a45372585b7fe6cd89e40cf21697c15ee062b1349ab77db258c5a9b,NL,4336,Pizza100,2hop,BQA,FALSE,true,natural_language_duplicate_candidate_requires_review,4
b6975c185a45372585b7fe6cd89e40cf21697c15ee062b1349ab77db258c5a9b,NL,4346,Pizza100,2hop,BQA,FALSE,true,natural_language_duplicate_candidate_requires_review,4
b6975c185a45372585b7fe6cd89e40cf21697c15ee062b1349ab77db258c5a9b,NL,4348,Pizza100,2hop,BQA,FALSE,true,natural_language_duplicate_candidate_requires_review,4
b6975c185a45372585b7fe6cd89e40cf21697c15ee062b1349ab77db258c5a9b,NL,5465,Pizza250,2hop,BQA,FALSE,true,natural_language_duplicate_candidate_requires_review,4
b6db03fccfe7c68be3a52af65eebc815f66ffe6038a87d5c766a9cb20f799ca3,NL,3940,Pizza100,1hop,BQA,TRUE,true,natural_language_duplicate_candidate_requires_review,5
b6db03fccfe7c68be3a52af65eebc815f66ffe6038a87d5c766a9cb20f799ca3,NL,3942,Pizza100,1hop,BQA,TRUE,true,natural_language_duplicate_candidate_requires_review,5
b6db03fccfe7c68be3a52af65eebc815f66ffe6038a87d5c766a9cb20f799ca3,NL,3946,Pizza100,1hop,BQA,TRUE,true,natural_language_duplicate_candidate_requires_review,5
b6db03fccfe7c68be3a52af65eebc815f66ffe6038a87d5c766a9cb20f799ca3,NL,4952,Pizza250,1hop,BQA,TRUE,true,natural_language_duplicate_candidate_requires_review,5
b6db03fccfe7c68be3a52af65eebc815f66ffe6038a87d5c766a9cb20f799ca3,NL,4956,Pizza250,1hop,BQA,TRUE,true,natural_language_duplicate_candidate_requires_review,5
b799dd205e70711afeadda4b043583780d34321bb6f019c573a5e924e0f6f244,NL,2398,FamilyOWL,2hop,BQA,FALSE,true,natural_language_duplicate_candidate_requires_review,2
b799dd205e70711afeadda4b043583780d34321bb6f019c573a5e924e0f6f244,NL,2404,FamilyOWL,2hop,BQA,FALSE,true,natural_language_duplicate_candidate_requires_review,2
b7ab3f6078701a5071a9fa1dfb38f61cd354fa5c760f02fd4912d84ba2de82e9,NL,4572,Pizza100,2hop,BQA,FALSE,true,natural_language_duplicate_candidate_requires_review,4
b7ab3f6078701a5071a9fa1dfb38f61cd354fa5c760f02fd4912d84ba2de82e9,NL,4574,Pizza100,2hop,BQA,FALSE,true,natural_language_duplicate_candidate_requires_review,4
b7ab3f6078701a5071a9fa1dfb38f61cd354fa5c760f02fd4912d84ba2de82e9,NL,4576,Pizza100,2hop,BQA,FALSE,true,natural_language_duplicate_candidate_requires_review,4
b7ab3f6078701a5071a9fa1dfb38f61cd354fa5c760f02fd4912d84ba2de82e9,NL,5763,Pizza250,2hop,BQA,FALSE,true,natural_language_duplicate_candidate_requires_review,4
b9ebc3175847930cc73af9923b14b0fda93211d04f4cedeb0ccbedf7cd58df10,NL,4555,Pizza100,2hop,BQA,TRUE,true,natural_language_duplicate_candidate_requires_review,6
b9ebc3175847930cc73af9923b14b0fda93211d04f4cedeb0ccbedf7cd58df10,NL,4559,Pizza100,2hop,BQA,TRUE,true,natural_language_duplicate_candidate_requires_review,6
b9ebc3175847930cc73af9923b14b0fda93211d04f4cedeb0ccbedf7cd58df10,NL,4565,Pizza100,2hop,BQA,TRUE,true,natural_language_duplicate_candidate_requires_review,6
b9ebc3175847930cc73af9923b14b0fda93211d04f4cedeb0ccbedf7cd58df10,NL,5736,Pizza250,2hop,BQA,TRUE,true,natural_language_duplicate_candidate_requires_review,6
b9ebc3175847930cc73af9923b14b0fda93211d04f4cedeb0ccbedf7cd58df10,NL,5742,Pizza250,2hop,BQA,TRUE,true,natural_language_duplicate_candidate_requires_review,6
b9ebc3175847930cc73af9923b14b0fda93211d04f4cedeb0ccbedf7cd58df10,NL,5748,Pizza250,2hop,BQA,TRUE,true,natural_language_duplicate_candidate_requires_review,6
baa3265fdf32e742562034caad57b1c40579a5cefa0f521e1ef040cc5198ae39,NL,4176,Pizza100,1hop,OEQA,MozzarellaTopping_dynamic_1; MushroomTopping_dynamic_1; TomatoTopping_dynamic_1,true,natural_language_duplicate_candidate_requires_review,3
baa3265fdf32e742562034caad57b1c40579a5cefa0f521e1ef040cc5198ae39,NL,5277,Pizza250,1hop,OEQA,MozzarellaTopping_dynamic_1; MushroomTopping_dynamic_1; TomatoTopping_dynamic_1,true,natural_language_duplicate_candidate_requires_review,3
baa3265fdf32e742562034caad57b1c40579a5cefa0f521e1ef040cc5198ae39,NL,5279,Pizza250,1hop,OEQA,MozzarellaTopping_dynamic_1; MushroomTopping_dynamic_1; TomatoTopping_dynamic_1,true,natural_language_duplicate_candidate_requires_review,3
bb6d4ab0d437b52d9c51924c63e149c522402353b79386c8bd068f5854b9907c,NL,4061,Pizza100,1hop,BQA,FALSE,true,natural_language_duplicate_candidate_requires_review,5
bb6d4ab0d437b52d9c51924c63e149c522402353b79386c8bd068f5854b9907c,NL,4069,Pizza100,1hop,BQA,FALSE,true,natural_language_duplicate_candidate_requires_review,5
bb6d4ab0d437b52d9c51924c63e149c522402353b79386c8bd068f5854b9907c,NL,5137,Pizza250,1hop,BQA,FALSE,true,natural_language_duplicate_candidate_requires_review,5
bb6d4ab0d437b52d9c51924c63e149c522402353b79386c8bd068f5854b9907c,NL,5141,Pizza250,1hop,BQA,FALSE,true,natural_language_duplicate_candidate_requires_review,5
bb6d4ab0d437b52d9c51924c63e149c522402353b79386c8bd068f5854b9907c,NL,5145,Pizza250,1hop,BQA,FALSE,true,natural_language_duplicate_candidate_requires_review,5
bbbd75c6a89d2be9c373c5b0a2512d5d510422870c17e99c90393e2fa4458e7f,NL,4121,Pizza100,1hop,OEQA,MozzarellaTopping_dynamic_1; OnionTopping_dynamic_1; PeperonataTopping_dynamic_1; PrawnsTopping_dynamic_1; TobascoPepperSauce_dynamic_1; TomatoTopping_dynamic_1,true,natural_language_duplicate_candidate_requires_review,5
bbbd75c6a89d2be9c373c5b0a2512d5d510422870c17e99c90393e2fa4458e7f,NL,5202,Pizza250,1hop,OEQA,MozzarellaTopping_dynamic_1; OnionTopping_dynamic_1; PeperonataTopping_dynamic_1; PrawnsTopping_dynamic_1; TobascoPepperSauce_dynamic_1; TomatoTopping_dynamic_1,true,natural_language_duplicate_candidate_requires_review,5
bbbd75c6a89d2be9c373c5b0a2512d5d510422870c17e99c90393e2fa4458e7f,NL,5208,Pizza250,1hop,OEQA,MozzarellaTopping_dynamic_1; OnionTopping_dynamic_1; PeperonataTopping_dynamic_1; PrawnsTopping_dynamic_1; TobascoPepperSauce_dynamic_1; TomatoTopping_dynamic_1,true,natural_language_duplicate_candidate_requires_review,5
bbbd75c6a89d2be9c373c5b0a2512d5d510422870c17e99c90393e2fa4458e7f,NL,5210,Pizza250,1hop,OEQA,MozzarellaTopping_dynamic_1; OnionTopping_dynamic_1; PeperonataTopping_dynamic_1; PrawnsTopping_dynamic_1; TobascoPepperSauce_dynamic_1; TomatoTopping_dynamic_1,true,natural_language_duplicate_candidate_requires_review,5
bbbd75c6a89d2be9c373c5b0a2512d5d510422870c17e99c90393e2fa4458e7f,NL,5212,Pizza250,1hop,OEQA,MozzarellaTopping_dynamic_1; OnionTopping_dynamic_1; PeperonataTopping_dynamic_1; PrawnsTopping_dynamic_1; TobascoPepperSauce_dynamic_1; TomatoTopping_dynamic_1,true,natural_language_duplicate_candidate_requires_review,5
bc015fe3a592fe588374339433754f443721ad289d6a995a5c7e7e42f01ddb0f,NL,3836,Pizza100,1hop,BQA,TRUE,true,natural_language_duplicate_candidate_requires_review,2
bc015fe3a592fe588374339433754f443721ad289d6a995a5c7e7e42f01ddb0f,NL,4842,Pizza250,1hop,BQA,TRUE,true,natural_language_duplicate_candidate_requires_review,2
bd6bde84673b70750ad166d2e799af76a4af1be19d35600569bd7fdc8ab3b000,NL,4007,Pizza100,1hop,BQA,TRUE,true,natural_language_duplicate_candidate_requires_review,6
bd6bde84673b70750ad166d2e799af76a4af1be19d35600569bd7fdc8ab3b000,NL,4013,Pizza100,1hop,BQA,TRUE,true,natural_language_duplicate_candidate_requires_review,6
bd6bde84673b70750ad166d2e799af76a4af1be19d35600569bd7fdc8ab3b000,NL,4017,Pizza100,1hop,BQA,TRUE,true,natural_language_duplicate_candidate_requires_review,6
bd6bde84673b70750ad166d2e799af76a4af1be19d35600569bd7fdc8ab3b000,NL,5045,Pizza250,1hop,BQA,TRUE,true,natural_language_duplicate_candidate_requires_review,6
bd6bde84673b70750ad166d2e799af76a4af1be19d35600569bd7fdc8ab3b000,NL,5047,Pizza250,1hop,BQA,TRUE,true,natural_language_duplicate_candidate_requires_review,6
bd6bde84673b70750ad166d2e799af76a4af1be19d35600569bd7fdc8ab3b000,NL,5051,Pizza250,1hop,BQA,TRUE,true,natural_language_duplicate_candidate_requires_review,6
bd7235e32a1e2b63799624270334f9d1fc9b5520fd2d372c9e9f461ee95f6bcb,NL,4566,Pizza100,2hop,BQA,FALSE,true,natural_language_duplicate_candidate_requires_review,4
bd7235e32a1e2b63799624270334f9d1fc9b5520fd2d372c9e9f461ee95f6bcb,NL,4570,Pizza100,2hop,BQA,FALSE,true,natural_language_duplicate_candidate_requires_review,4
bd7235e32a1e2b63799624270334f9d1fc9b5520fd2d372c9e9f461ee95f6bcb,NL,5755,Pizza250,2hop,BQA,FALSE,true,natural_language_duplicate_candidate_requires_review,4
bd7235e32a1e2b63799624270334f9d1fc9b5520fd2d372c9e9f461ee95f6bcb,NL,5765,Pizza250,2hop,BQA,FALSE,true,natural_language_duplicate_candidate_requires_review,4
bd7aca5872ebd4332694702daaef52f0ce5f352db3c7bfdc0ee8905c8a51cf8f,NL,5183,Pizza250,1hop,OEQA,HotGreenPepperTopping_dynamic_1; JalapenoPepperTopping_dynamic_1; MozzarellaTopping_dynamic_1; PeperoniSausageTopping_dynamic_1; TomatoTopping_dynamic_1,true,natural_language_duplicate_candidate_requires_review,2
bd7aca5872ebd4332694702daaef52f0ce5f352db3c7bfdc0ee8905c8a51cf8f,NL,5184,Pizza250,1hop,OEQA,HotGreenPepperTopping_dynamic_1; JalapenoPepperTopping_dynamic_1; MozzarellaTopping_dynamic_1; PeperoniSausageTopping_dynamic_1; TomatoTopping_dynamic_1,true,natural_language_duplicate_candidate_requires_review,2
bdbd56781c413660850a14fea8306b8edce166063c7a6c09b0496872201fe3ce,NL,4376,Pizza100,2hop,BQA,FALSE,true,natural_language_duplicate_candidate_requires_review,3
bdbd56781c413660850a14fea8306b8edce166063c7a6c09b0496872201fe3ce,NL,4378,Pizza100,2hop,BQA,FALSE,true,natural_language_duplicate_candidate_requires_review,3
bdbd56781c413660850a14fea8306b8edce166063c7a6c09b0496872201fe3ce,NL,5509,Pizza250,2hop,BQA,FALSE,true,natural_language_duplicate_candidate_requires_review,3
bddb9137448e009154f936057d24cecd105a87854526a81151e3b37e98b5b0f2,NL,5976,Pizza250,2hop,OEQA,DomainConcept; Food; Pizza,true,natural_language_duplicate_candidate_requires_review,3
bddb9137448e009154f936057d24cecd105a87854526a81151e3b37e98b5b0f2,NL,5978,Pizza250,2hop,OEQA,DomainConcept; Food; Pizza,true,natural_language_duplicate_candidate_requires_review,3
bddb9137448e009154f936057d24cecd105a87854526a81151e3b37e98b5b0f2,NL,5980,Pizza250,2hop,OEQA,DomainConcept; Food; Pizza,true,natural_language_duplicate_candidate_requires_review,3
beaa771e2603454773580fdcafdacf5f7e0fcd388e1a9e53f8674f092edc6b99,NL,4553,Pizza100,2hop,BQA,TRUE,true,natural_language_duplicate_candidate_requires_review,5
beaa771e2603454773580fdcafdacf5f7e0fcd388e1a9e53f8674f092edc6b99,NL,4557,Pizza100,2hop,BQA,TRUE,true,natural_language_duplicate_candidate_requires_review,5
beaa771e2603454773580fdcafdacf5f7e0fcd388e1a9e53f8674f092edc6b99,NL,5734,Pizza250,2hop,BQA,TRUE,true,natural_language_duplicate_candidate_requires_review,5
beaa771e2603454773580fdcafdacf5f7e0fcd388e1a9e53f8674f092edc6b99,NL,5738,Pizza250,2hop,BQA,TRUE,true,natural_language_duplicate_candidate_requires_review,5
beaa771e2603454773580fdcafdacf5f7e0fcd388e1a9e53f8674f092edc6b99,NL,5744,Pizza250,2hop,BQA,TRUE,true,natural_language_duplicate_candidate_requires_review,5
bf76520f07f3814f4476932fbb25468b09c5e6dca75758d708eba2e92e341217,NL,4128,Pizza100,1hop,OEQA,AnchoviesTopping_dynamic_1; CaperTopping_dynamic_1; HamTopping_dynamic_1; MozzarellaTopping_dynamic_1; OliveTopping_dynamic_1; PeperonataTopping_dynamic_1; TomatoTopping_dynamic_1,true,natural_language_duplicate_candidate_requires_review,2
bf76520f07f3814f4476932fbb25468b09c5e6dca75758d708eba2e92e341217,NL,5213,Pizza250,1hop,OEQA,AnchoviesTopping_dynamic_1; CaperTopping_dynamic_1; HamTopping_dynamic_1; MozzarellaTopping_dynamic_1; OliveTopping_dynamic_1; PeperonataTopping_dynamic_1; TomatoTopping_dynamic_1,true,natural_language_duplicate_candidate_requires_review,2
c09c18bba1d1960c46b6b55e0bbe7b74e7747560c62a3b8eadef63ac959c0dd5,NL,6435,OWL2Bench,1hop,BQA,FALSE,true,natural_language_duplicate_candidate_requires_review,2
c09c18bba1d1960c46b6b55e0bbe7b74e7747560c62a3b8eadef63ac959c0dd5,NL,6451,OWL2Bench,1hop,BQA,FALSE,true,natural_language_duplicate_candidate_requires_review,2
c0b74b9f870cc78da260fc1ec24eee249b88e334980f21b807601fd329b316c5,NL,4425,Pizza100,2hop,BQA,TRUE,true,natural_language_duplicate_candidate_requires_review,6
c0b74b9f870cc78da260fc1ec24eee249b88e334980f21b807601fd329b316c5,NL,4429,Pizza100,2hop,BQA,TRUE,true,natural_language_duplicate_candidate_requires_review,6
c0b74b9f870cc78da260fc1ec24eee249b88e334980f21b807601fd329b316c5,NL,4433,Pizza100,2hop,BQA,TRUE,true,natural_language_duplicate_candidate_requires_review,6
c0b74b9f870cc78da260fc1ec24eee249b88e334980f21b807601fd329b316c5,NL,4443,Pizza100,2hop,BQA,TRUE,true,natural_language_duplicate_candidate_requires_review,6
c0b74b9f870cc78da260fc1ec24eee249b88e334980f21b807601fd329b316c5,NL,5554,Pizza250,2hop,BQA,TRUE,true,natural_language_duplicate_candidate_requires_review,6
c0b74b9f870cc78da260fc1ec24eee249b88e334980f21b807601fd329b316c5,NL,5558,Pizza250,2hop,BQA,TRUE,true,natural_language_duplicate_candidate_requires_review,6
c1495e8de1d44adbafc40ada28d426e45b7db41147df4f205c5b3fa16157b434,NL,4186,Pizza100,1hop,OEQA,DomainConcept; Food; Pizza,true,natural_language_duplicate_candidate_requires_review,7
c1495e8de1d44adbafc40ada28d426e45b7db41147df4f205c5b3fa16157b434,NL,4189,Pizza100,1hop,OEQA,DomainConcept; Food; Pizza,true,natural_language_duplicate_candidate_requires_review,7
c1495e8de1d44adbafc40ada28d426e45b7db41147df4f205c5b3fa16157b434,NL,5296,Pizza250,1hop,OEQA,DomainConcept; Food; Pizza,true,natural_language_duplicate_candidate_requires_review,7
c1495e8de1d44adbafc40ada28d426e45b7db41147df4f205c5b3fa16157b434,NL,5298,Pizza250,1hop,OEQA,DomainConcept; Food; Pizza,true,natural_language_duplicate_candidate_requires_review,7
c1495e8de1d44adbafc40ada28d426e45b7db41147df4f205c5b3fa16157b434,NL,5301,Pizza250,1hop,OEQA,DomainConcept; Food; Pizza,true,natural_language_duplicate_candidate_requires_review,7
c1495e8de1d44adbafc40ada28d426e45b7db41147df4f205c5b3fa16157b434,NL,5304,Pizza250,1hop,OEQA,DomainConcept; Food; Pizza,true,natural_language_duplicate_candidate_requires_review,7
c1495e8de1d44adbafc40ada28d426e45b7db41147df4f205c5b3fa16157b434,NL,5305,Pizza250,1hop,OEQA,DomainConcept; Food; Pizza,true,natural_language_duplicate_candidate_requires_review,7
c160250fff9aea77010fdb62d19a5e260afabf26ad32c65eb763586d1248ce3f,NL,3844,Pizza100,1hop,BQA,TRUE,true,natural_language_duplicate_candidate_requires_review,5
c160250fff9aea77010fdb62d19a5e260afabf26ad32c65eb763586d1248ce3f,NL,3846,Pizza100,1hop,BQA,TRUE,true,natural_language_duplicate_candidate_requires_review,5
c160250fff9aea77010fdb62d19a5e260afabf26ad32c65eb763586d1248ce3f,NL,3852,Pizza100,1hop,BQA,TRUE,true,natural_language_duplicate_candidate_requires_review,5
c160250fff9aea77010fdb62d19a5e260afabf26ad32c65eb763586d1248ce3f,NL,4860,Pizza250,1hop,BQA,TRUE,true,natural_language_duplicate_candidate_requires_review,5
c160250fff9aea77010fdb62d19a5e260afabf26ad32c65eb763586d1248ce3f,NL,4864,Pizza250,1hop,BQA,TRUE,true,natural_language_duplicate_candidate_requires_review,5
c227b612a0518e2b4bf09b03e7c223f4d1b5634bf0ceeb351b02ecda1b831084,NL,3842,Pizza100,1hop,BQA,TRUE,true,natural_language_duplicate_candidate_requires_review,4
c227b612a0518e2b4bf09b03e7c223f4d1b5634bf0ceeb351b02ecda1b831084,NL,3850,Pizza100,1hop,BQA,TRUE,true,natural_language_duplicate_candidate_requires_review,4
c227b612a0518e2b4bf09b03e7c223f4d1b5634bf0ceeb351b02ecda1b831084,NL,3854,Pizza100,1hop,BQA,TRUE,true,natural_language_duplicate_candidate_requires_review,4
c227b612a0518e2b4bf09b03e7c223f4d1b5634bf0ceeb351b02ecda1b831084,NL,4858,Pizza250,1hop,BQA,TRUE,true,natural_language_duplicate_candidate_requires_review,4
c25e1139cc279c7d996705e5e3dfa6e6c6c95d3c0888a173e3c98744131f2c0d,NL,4024,Pizza100,1hop,BQA,TRUE,true,natural_language_duplicate_candidate_requires_review,4
c25e1139cc279c7d996705e5e3dfa6e6c6c95d3c0888a173e3c98744131f2c0d,NL,4026,Pizza100,1hop,BQA,TRUE,true,natural_language_duplicate_candidate_requires_review,4
c25e1139cc279c7d996705e5e3dfa6e6c6c95d3c0888a173e3c98744131f2c0d,NL,5062,Pizza250,1hop,BQA,TRUE,true,natural_language_duplicate_candidate_requires_review,4
c25e1139cc279c7d996705e5e3dfa6e6c6c95d3c0888a173e3c98744131f2c0d,NL,5066,Pizza250,1hop,BQA,TRUE,true,natural_language_duplicate_candidate_requires_review,4
c26190020fe5b2c6560d7f0d92f7337930f39bfcade4c708e7d87d2dd2db4297,NL,4708,Pizza100,2hop,OEQA,FourCheesesTopping_dynamic_1; TomatoTopping_dynamic_1,true,natural_language_duplicate_candidate_requires_review,5
c26190020fe5b2c6560d7f0d92f7337930f39bfcade4c708e7d87d2dd2db4297,NL,4712,Pizza100,2hop,OEQA,FourCheesesTopping_dynamic_1; TomatoTopping_dynamic_1,true,natural_language_duplicate_candidate_requires_review,5
c26190020fe5b2c6560d7f0d92f7337930f39bfcade4c708e7d87d2dd2db4297,NL,5934,Pizza250,2hop,OEQA,FourCheesesTopping_dynamic_1; TomatoTopping_dynamic_1,true,natural_language_duplicate_candidate_requires_review,5
c26190020fe5b2c6560d7f0d92f7337930f39bfcade4c708e7d87d2dd2db4297,NL,5937,Pizza250,2hop,OEQA,FourCheesesTopping_dynamic_1; TomatoTopping_dynamic_1,true,natural_language_duplicate_candidate_requires_review,5
c26190020fe5b2c6560d7f0d92f7337930f39bfcade4c708e7d87d2dd2db4297,NL,5938,Pizza250,2hop,OEQA,FourCheesesTopping_dynamic_1; TomatoTopping_dynamic_1,true,natural_language_duplicate_candidate_requires_review,5
c402494e6968b7ebb09fd0f416439c3cb24b03d32eaef2ffd353e603ca69d694,NL,4196,Pizza100,1hop,OEQA,DomainConcept; Food; Pizza,true,natural_language_duplicate_candidate_requires_review,5
c402494e6968b7ebb09fd0f416439c3cb24b03d32eaef2ffd353e603ca69d694,NL,4197,Pizza100,1hop,OEQA,DomainConcept; Food; Pizza,true,natural_language_duplicate_candidate_requires_review,5
c402494e6968b7ebb09fd0f416439c3cb24b03d32eaef2ffd353e603ca69d694,NL,5306,Pizza250,1hop,OEQA,DomainConcept; Food; Pizza,true,natural_language_duplicate_candidate_requires_review,5
c402494e6968b7ebb09fd0f416439c3cb24b03d32eaef2ffd353e603ca69d694,NL,5311,Pizza250,1hop,OEQA,DomainConcept; Food; Pizza,true,natural_language_duplicate_candidate_requires_review,5
c402494e6968b7ebb09fd0f416439c3cb24b03d32eaef2ffd353e603ca69d694,NL,5312,Pizza250,1hop,OEQA,DomainConcept; Food; Pizza,true,natural_language_duplicate_candidate_requires_review,5
c4b313d766f31f9e97c906302a820ebe4755c4eb052ce1a653692afe344ccc4a,NL,4249,Pizza100,1hop,OEQA,DomainConcept; Food; Pizza,true,natural_language_duplicate_candidate_requires_review,4
c4b313d766f31f9e97c906302a820ebe4755c4eb052ce1a653692afe344ccc4a,NL,5357,Pizza250,1hop,OEQA,DomainConcept; Food; Pizza,true,natural_language_duplicate_candidate_requires_review,4
c4b313d766f31f9e97c906302a820ebe4755c4eb052ce1a653692afe344ccc4a,NL,5358,Pizza250,1hop,OEQA,DomainConcept; Food; Pizza,true,natural_language_duplicate_candidate_requires_review,4
c4b313d766f31f9e97c906302a820ebe4755c4eb052ce1a653692afe344ccc4a,NL,5361,Pizza250,1hop,OEQA,DomainConcept; Food; Pizza,true,natural_language_duplicate_candidate_requires_review,4
c4bc1af9a5d01e092206e2dc5fc2e4767d4b6ae39efb30a441ad03f7bb639e21,NL,4696,Pizza100,2hop,OEQA,CajunSpiceTopping_dynamic_1; ChickenTopping_dynamic_1; GarlicTopping_dynamic_1; MozzarellaTopping_dynamic_1; RedOnionTopping_dynamic_1; SweetPepperTopping_dynamic_1; TomatoTopping_dynamic_1,true,natural_language_duplicate_candidate_requires_review,4
c4bc1af9a5d01e092206e2dc5fc2e4767d4b6ae39efb30a441ad03f7bb639e21,NL,5913,Pizza250,2hop,OEQA,CajunSpiceTopping_dynamic_1; ChickenTopping_dynamic_1; GarlicTopping_dynamic_1; MozzarellaTopping_dynamic_1; RedOnionTopping_dynamic_1; SweetPepperTopping_dynamic_1; TomatoTopping_dynamic_1,true,natural_language_duplicate_candidate_requires_review,4
c4bc1af9a5d01e092206e2dc5fc2e4767d4b6ae39efb30a441ad03f7bb639e21,NL,5917,Pizza250,2hop,OEQA,CajunSpiceTopping_dynamic_1; ChickenTopping_dynamic_1; GarlicTopping_dynamic_1; MozzarellaTopping_dynamic_1; RedOnionTopping_dynamic_1; SweetPepperTopping_dynamic_1; TomatoTopping_dynamic_1,true,natural_language_duplicate_candidate_requires_review,4
c4bc1af9a5d01e092206e2dc5fc2e4767d4b6ae39efb30a441ad03f7bb639e21,NL,5919,Pizza250,2hop,OEQA,CajunSpiceTopping_dynamic_1; ChickenTopping_dynamic_1; GarlicTopping_dynamic_1; MozzarellaTopping_dynamic_1; RedOnionTopping_dynamic_1; SweetPepperTopping_dynamic_1; TomatoTopping_dynamic_1,true,natural_language_duplicate_candidate_requires_review,4
c4bc682499cdf6bc6e87c92a39dd35362a558a6080dd3e0c60a2b55bf70ddfa8,NL,2317,FamilyOWL,2hop,BQA,TRUE,true,natural_language_duplicate_candidate_requires_review,2
c4bc682499cdf6bc6e87c92a39dd35362a558a6080dd3e0c60a2b55bf70ddfa8,NL,2321,FamilyOWL,2hop,BQA,TRUE,true,natural_language_duplicate_candidate_requires_review,2
c4cf6477361d6f1eed78dd5af43dbfc9653aa0a7b58b758eff84e5c3de29f757,NL,3901,Pizza100,1hop,BQA,FALSE,true,natural_language_duplicate_candidate_requires_review,3
c4cf6477361d6f1eed78dd5af43dbfc9653aa0a7b58b758eff84e5c3de29f757,NL,4923,Pizza250,1hop,BQA,FALSE,true,natural_language_duplicate_candidate_requires_review,3
c4cf6477361d6f1eed78dd5af43dbfc9653aa0a7b58b758eff84e5c3de29f757,NL,4927,Pizza250,1hop,BQA,FALSE,true,natural_language_duplicate_candidate_requires_review,3
c7251cfbc55ac784ecfb675912b841c44731dae77a49a80e496a3ba19ff1f017,NL,5634,Pizza250,2hop,BQA,TRUE,true,natural_language_duplicate_candidate_requires_review,2
c7251cfbc55ac784ecfb675912b841c44731dae77a49a80e496a3ba19ff1f017,NL,5636,Pizza250,2hop,BQA,TRUE,true,natural_language_duplicate_candidate_requires_review,2
c737bc6925173f96b3f1e0b1c36437ea7aae914d7d9931d6b31aa3518e44a371,NL,4338,Pizza100,2hop,BQA,FALSE,true,natural_language_duplicate_candidate_requires_review,4
c737bc6925173f96b3f1e0b1c36437ea7aae914d7d9931d6b31aa3518e44a371,NL,4340,Pizza100,2hop,BQA,FALSE,true,natural_language_duplicate_candidate_requires_review,4
c737bc6925173f96b3f1e0b1c36437ea7aae914d7d9931d6b31aa3518e44a371,NL,4344,Pizza100,2hop,BQA,FALSE,true,natural_language_duplicate_candidate_requires_review,4
c737bc6925173f96b3f1e0b1c36437ea7aae914d7d9931d6b31aa3518e44a371,NL,5471,Pizza250,2hop,BQA,FALSE,true,natural_language_duplicate_candidate_requires_review,4
c7ded7e79859146928f4d49f4474ceb9a654c31808da7d012700144542e2b05a,NL,3788,Pizza100,1hop,BQA,TRUE,true,natural_language_duplicate_candidate_requires_review,8
c7ded7e79859146928f4d49f4474ceb9a654c31808da7d012700144542e2b05a,NL,3794,Pizza100,1hop,BQA,TRUE,true,natural_language_duplicate_candidate_requires_review,8
c7ded7e79859146928f4d49f4474ceb9a654c31808da7d012700144542e2b05a,NL,3810,Pizza100,1hop,BQA,TRUE,true,natural_language_duplicate_candidate_requires_review,8
c7ded7e79859146928f4d49f4474ceb9a654c31808da7d012700144542e2b05a,NL,3812,Pizza100,1hop,BQA,TRUE,true,natural_language_duplicate_candidate_requires_review,8
c7ded7e79859146928f4d49f4474ceb9a654c31808da7d012700144542e2b05a,NL,3814,Pizza100,1hop,BQA,TRUE,true,natural_language_duplicate_candidate_requires_review,8
c7ded7e79859146928f4d49f4474ceb9a654c31808da7d012700144542e2b05a,NL,4804,Pizza250,1hop,BQA,TRUE,true,natural_language_duplicate_candidate_requires_review,8
c7ded7e79859146928f4d49f4474ceb9a654c31808da7d012700144542e2b05a,NL,4806,Pizza250,1hop,BQA,TRUE,true,natural_language_duplicate_candidate_requires_review,8
c7ded7e79859146928f4d49f4474ceb9a654c31808da7d012700144542e2b05a,NL,4810,Pizza250,1hop,BQA,TRUE,true,natural_language_duplicate_candidate_requires_review,8
c815cf41251ebe4eb8aa55b243ac0585711147f35b91824c8552f873d20ef28e,NL,4285,Pizza100,2hop,BQA,TRUE,true,natural_language_duplicate_candidate_requires_review,6
c815cf41251ebe4eb8aa55b243ac0585711147f35b91824c8552f873d20ef28e,NL,4291,Pizza100,2hop,BQA,TRUE,true,natural_language_duplicate_candidate_requires_review,6
c815cf41251ebe4eb8aa55b243ac0585711147f35b91824c8552f873d20ef28e,NL,5392,Pizza250,2hop,BQA,TRUE,true,natural_language_duplicate_candidate_requires_review,6
c815cf41251ebe4eb8aa55b243ac0585711147f35b91824c8552f873d20ef28e,NL,5396,Pizza250,2hop,BQA,TRUE,true,natural_language_duplicate_candidate_requires_review,6
c815cf41251ebe4eb8aa55b243ac0585711147f35b91824c8552f873d20ef28e,NL,5408,Pizza250,2hop,BQA,TRUE,true,natural_language_duplicate_candidate_requires_review,6
c815cf41251ebe4eb8aa55b243ac0585711147f35b91824c8552f873d20ef28e,NL,5410,Pizza250,2hop,BQA,TRUE,true,natural_language_duplicate_candidate_requires_review,6
c890d2e876b3d07a9a173b0474939dddbf7c18ac36488621d7cd2963b0ca3b4a,NL,3821,Pizza100,1hop,BQA,FALSE,true,natural_language_duplicate_candidate_requires_review,7
c890d2e876b3d07a9a173b0474939dddbf7c18ac36488621d7cd2963b0ca3b4a,NL,4815,Pizza250,1hop,BQA,FALSE,true,natural_language_duplicate_candidate_requires_review,7
c890d2e876b3d07a9a173b0474939dddbf7c18ac36488621d7cd2963b0ca3b4a,NL,4817,Pizza250,1hop,BQA,FALSE,true,natural_language_duplicate_candidate_requires_review,7
c890d2e876b3d07a9a173b0474939dddbf7c18ac36488621d7cd2963b0ca3b4a,NL,4821,Pizza250,1hop,BQA,FALSE,true,natural_language_duplicate_candidate_requires_review,7
c890d2e876b3d07a9a173b0474939dddbf7c18ac36488621d7cd2963b0ca3b4a,NL,4823,Pizza250,1hop,BQA,FALSE,true,natural_language_duplicate_candidate_requires_review,7
c890d2e876b3d07a9a173b0474939dddbf7c18ac36488621d7cd2963b0ca3b4a,NL,4833,Pizza250,1hop,BQA,FALSE,true,natural_language_duplicate_candidate_requires_review,7
c890d2e876b3d07a9a173b0474939dddbf7c18ac36488621d7cd2963b0ca3b4a,NL,4835,Pizza250,1hop,BQA,FALSE,true,natural_language_duplicate_candidate_requires_review,7
ca6ce9be75043c401b91553edc795a946378ae2984ea863f76e25456b7aa9599,NL,4123,Pizza100,1hop,OEQA,MozzarellaTopping_dynamic_1; OnionTopping_dynamic_1; PeperonataTopping_dynamic_1; PrawnsTopping_dynamic_1; TobascoPepperSauce_dynamic_1; TomatoTopping_dynamic_1,true,natural_language_duplicate_candidate_requires_review,4
ca6ce9be75043c401b91553edc795a946378ae2984ea863f76e25456b7aa9599,NL,5201,Pizza250,1hop,OEQA,MozzarellaTopping_dynamic_1; OnionTopping_dynamic_1; PeperonataTopping_dynamic_1; PrawnsTopping_dynamic_1; TobascoPepperSauce_dynamic_1; TomatoTopping_dynamic_1,true,natural_language_duplicate_candidate_requires_review,4
ca6ce9be75043c401b91553edc795a946378ae2984ea863f76e25456b7aa9599,NL,5207,Pizza250,1hop,OEQA,MozzarellaTopping_dynamic_1; OnionTopping_dynamic_1; PeperonataTopping_dynamic_1; PrawnsTopping_dynamic_1; TobascoPepperSauce_dynamic_1; TomatoTopping_dynamic_1,true,natural_language_duplicate_candidate_requires_review,4
ca6ce9be75043c401b91553edc795a946378ae2984ea863f76e25456b7aa9599,NL,5211,Pizza250,1hop,OEQA,MozzarellaTopping_dynamic_1; OnionTopping_dynamic_1; PeperonataTopping_dynamic_1; PrawnsTopping_dynamic_1; TobascoPepperSauce_dynamic_1; TomatoTopping_dynamic_1,true,natural_language_duplicate_candidate_requires_review,4
cb35a79a7023da3cf8a43d11c91ccf1772d53852e47e1c816b052506c9845b73,NL,3992,Pizza100,1hop,BQA,TRUE,true,natural_language_duplicate_candidate_requires_review,5
cb35a79a7023da3cf8a43d11c91ccf1772d53852e47e1c816b052506c9845b73,NL,3998,Pizza100,1hop,BQA,TRUE,true,natural_language_duplicate_candidate_requires_review,5
cb35a79a7023da3cf8a43d11c91ccf1772d53852e47e1c816b052506c9845b73,NL,4002,Pizza100,1hop,BQA,TRUE,true,natural_language_duplicate_candidate_requires_review,5
cb35a79a7023da3cf8a43d11c91ccf1772d53852e47e1c816b052506c9845b73,NL,5036,Pizza250,1hop,BQA,TRUE,true,natural_language_duplicate_candidate_requires_review,5
cb35a79a7023da3cf8a43d11c91ccf1772d53852e47e1c816b052506c9845b73,NL,5040,Pizza250,1hop,BQA,TRUE,true,natural_language_duplicate_candidate_requires_review,5
cb79c617724f511b7b530b7a7d0cd75b78da853484d5d153aa7e519fec8f7ef6,NL,4596,Pizza100,2hop,OEQA,DomainConcept; Food; Pizza,true,natural_language_duplicate_candidate_requires_review,2
cb79c617724f511b7b530b7a7d0cd75b78da853484d5d153aa7e519fec8f7ef6,NL,5796,Pizza250,2hop,OEQA,DomainConcept; Food; Pizza,true,natural_language_duplicate_candidate_requires_review,2
cb905409cbd6b007c80e23ad8a07831befb44a0fc6836e66bc2c9f8547ed38ea,NL,4126,Pizza100,1hop,OEQA,DomainConcept; Food; Pizza,true,natural_language_duplicate_candidate_requires_review,2
cb905409cbd6b007c80e23ad8a07831befb44a0fc6836e66bc2c9f8547ed38ea,NL,5216,Pizza250,1hop,OEQA,DomainConcept; Food; Pizza,true,natural_language_duplicate_candidate_requires_review,2
ccba5cf3aa9476c2e23a7e0ab3fa4eb4d47724f0f47a5fbcd516fd187d0beafc,NL,3881,Pizza100,1hop,BQA,FALSE,true,natural_language_duplicate_candidate_requires_review,5
ccba5cf3aa9476c2e23a7e0ab3fa4eb4d47724f0f47a5fbcd516fd187d0beafc,NL,3885,Pizza100,1hop,BQA,FALSE,true,natural_language_duplicate_candidate_requires_review,5
ccba5cf3aa9476c2e23a7e0ab3fa4eb4d47724f0f47a5fbcd516fd187d0beafc,NL,3891,Pizza100,1hop,BQA,FALSE,true,natural_language_duplicate_candidate_requires_review,5
ccba5cf3aa9476c2e23a7e0ab3fa4eb4d47724f0f47a5fbcd516fd187d0beafc,NL,4903,Pizza250,1hop,BQA,FALSE,true,natural_language_duplicate_candidate_requires_review,5
ccba5cf3aa9476c2e23a7e0ab3fa4eb4d47724f0f47a5fbcd516fd187d0beafc,NL,4909,Pizza250,1hop,BQA,FALSE,true,natural_language_duplicate_candidate_requires_review,5
cd510ff997fb382a3d62239728d7c0161b548cfed742af19c76e2e0a12ca15f9,NL,5477,Pizza250,2hop,BQA,FALSE,true,natural_language_duplicate_candidate_requires_review,3
cd510ff997fb382a3d62239728d7c0161b548cfed742af19c76e2e0a12ca15f9,NL,5487,Pizza250,2hop,BQA,FALSE,true,natural_language_duplicate_candidate_requires_review,3
cd510ff997fb382a3d62239728d7c0161b548cfed742af19c76e2e0a12ca15f9,NL,5493,Pizza250,2hop,BQA,FALSE,true,natural_language_duplicate_candidate_requires_review,3
cdb998ae49d3ee6d5c6884a6205fd0f2c84110e23c813911d6ce6f2db32e9227,NL,6417,OWL2Bench,1hop,BQA,FALSE,false,incompatible_gold_semantics_failure,2
cdb998ae49d3ee6d5c6884a6205fd0f2c84110e23c813911d6ce6f2db32e9227,NL,6418,OWL2Bench,1hop,BQA,TRUE,false,incompatible_gold_semantics_failure,2
d0631afb3d8475bc975a746075f2911aea0feef6cf22d83aa9759b0a85ce0fac,NL,4400,Pizza100,2hop,BQA,FALSE,true,natural_language_duplicate_candidate_requires_review,2
d0631afb3d8475bc975a746075f2911aea0feef6cf22d83aa9759b0a85ce0fac,NL,5535,Pizza250,2hop,BQA,FALSE,true,natural_language_duplicate_candidate_requires_review,2
d0dd80e14c6cca8c901f2b31e26676c6c1e897b26317a68d92828b6898781786,FS,4196,Pizza100,1hop,OEQA,DomainConcept; Food; Pizza,true,formal_duplicate_candidate_requires_review,2
d0dd80e14c6cca8c901f2b31e26676c6c1e897b26317a68d92828b6898781786,FS,5311,Pizza250,1hop,OEQA,DomainConcept; Food; Pizza,true,formal_duplicate_candidate_requires_review,2
d14c0773bb65fa3d8baada5b20c79a99aac720655d9d74f37850346710674ac3,NL,4662,Pizza100,2hop,OEQA,MozzarellaTopping_dynamic_1; TomatoTopping_dynamic_1,true,natural_language_duplicate_candidate_requires_review,7
d14c0773bb65fa3d8baada5b20c79a99aac720655d9d74f37850346710674ac3,NL,4664,Pizza100,2hop,OEQA,MozzarellaTopping_dynamic_1; TomatoTopping_dynamic_1,true,natural_language_duplicate_candidate_requires_review,7
d14c0773bb65fa3d8baada5b20c79a99aac720655d9d74f37850346710674ac3,NL,4668,Pizza100,2hop,OEQA,MozzarellaTopping_dynamic_1; TomatoTopping_dynamic_1,true,natural_language_duplicate_candidate_requires_review,7
d14c0773bb65fa3d8baada5b20c79a99aac720655d9d74f37850346710674ac3,NL,4670,Pizza100,2hop,OEQA,MozzarellaTopping_dynamic_1; TomatoTopping_dynamic_1,true,natural_language_duplicate_candidate_requires_review,7
d14c0773bb65fa3d8baada5b20c79a99aac720655d9d74f37850346710674ac3,NL,4672,Pizza100,2hop,OEQA,MozzarellaTopping_dynamic_1; TomatoTopping_dynamic_1,true,natural_language_duplicate_candidate_requires_review,7
d14c0773bb65fa3d8baada5b20c79a99aac720655d9d74f37850346710674ac3,NL,5876,Pizza250,2hop,OEQA,MozzarellaTopping_dynamic_1; TomatoTopping_dynamic_1,true,natural_language_duplicate_candidate_requires_review,7
d14c0773bb65fa3d8baada5b20c79a99aac720655d9d74f37850346710674ac3,NL,5880,Pizza250,2hop,OEQA,MozzarellaTopping_dynamic_1; TomatoTopping_dynamic_1,true,natural_language_duplicate_candidate_requires_review,7
d15ab6464357970b2a96015e9a92938e6887e097ea71cb1cc7fd2c7f7d5e80c0,NL,4568,Pizza100,2hop,BQA,FALSE,true,natural_language_duplicate_candidate_requires_review,3
d15ab6464357970b2a96015e9a92938e6887e097ea71cb1cc7fd2c7f7d5e80c0,NL,5751,Pizza250,2hop,BQA,FALSE,true,natural_language_duplicate_candidate_requires_review,3
d15ab6464357970b2a96015e9a92938e6887e097ea71cb1cc7fd2c7f7d5e80c0,NL,5753,Pizza250,2hop,BQA,FALSE,true,natural_language_duplicate_candidate_requires_review,3
d1a5b6a357885d35fdaabedd2e77501957fd89f463d7d5d8cb181c407b8c3cc3,NL,4037,Pizza100,1hop,BQA,TRUE,true,natural_language_duplicate_candidate_requires_review,5
d1a5b6a357885d35fdaabedd2e77501957fd89f463d7d5d8cb181c407b8c3cc3,NL,4043,Pizza100,1hop,BQA,TRUE,true,natural_language_duplicate_candidate_requires_review,5
d1a5b6a357885d35fdaabedd2e77501957fd89f463d7d5d8cb181c407b8c3cc3,NL,5091,Pizza250,1hop,BQA,TRUE,true,natural_language_duplicate_candidate_requires_review,5
d1a5b6a357885d35fdaabedd2e77501957fd89f463d7d5d8cb181c407b8c3cc3,NL,5095,Pizza250,1hop,BQA,TRUE,true,natural_language_duplicate_candidate_requires_review,5
d1a5b6a357885d35fdaabedd2e77501957fd89f463d7d5d8cb181c407b8c3cc3,NL,5105,Pizza250,1hop,BQA,TRUE,true,natural_language_duplicate_candidate_requires_review,5
d1d181748202c1101793a0fb02b21d6f597d6ee94ddde5568dc16c9476f3d3cf,NL,913,FamilyOWL,1hop,BQA,FALSE,true,natural_language_duplicate_candidate_requires_review,2
d1d181748202c1101793a0fb02b21d6f597d6ee94ddde5568dc16c9476f3d3cf,NL,917,FamilyOWL,1hop,BQA,FALSE,true,natural_language_duplicate_candidate_requires_review,2
d2594d768a3549a90f3151424826d972cb38bd578ff2b7cf29a30e93a27be65f,NL,4228,Pizza100,1hop,OEQA,AnchoviesTopping_dynamic_1; ArtichokeTopping_dynamic_1; GarlicTopping_dynamic_1; HamTopping_dynamic_1; MozzarellaTopping_dynamic_1; OliveTopping_dynamic_1; TomatoTopping_dynamic_1,true,natural_language_duplicate_candidate_requires_review,6
d2594d768a3549a90f3151424826d972cb38bd578ff2b7cf29a30e93a27be65f,NL,4229,Pizza100,1hop,OEQA,AnchoviesTopping_dynamic_1; ArtichokeTopping_dynamic_1; GarlicTopping_dynamic_1; HamTopping_dynamic_1; MozzarellaTopping_dynamic_1; OliveTopping_dynamic_1; TomatoTopping_dynamic_1,true,natural_language_duplicate_candidate_requires_review,6
d2594d768a3549a90f3151424826d972cb38bd578ff2b7cf29a30e93a27be65f,NL,4231,Pizza100,1hop,OEQA,AnchoviesTopping_dynamic_1; ArtichokeTopping_dynamic_1; GarlicTopping_dynamic_1; HamTopping_dynamic_1; MozzarellaTopping_dynamic_1; OliveTopping_dynamic_1; TomatoTopping_dynamic_1,true,natural_language_duplicate_candidate_requires_review,6
d2594d768a3549a90f3151424826d972cb38bd578ff2b7cf29a30e93a27be65f,NL,5328,Pizza250,1hop,OEQA,AnchoviesTopping_dynamic_1; ArtichokeTopping_dynamic_1; GarlicTopping_dynamic_1; HamTopping_dynamic_1; MozzarellaTopping_dynamic_1; OliveTopping_dynamic_1; TomatoTopping_dynamic_1,true,natural_language_duplicate_candidate_requires_review,6
d2594d768a3549a90f3151424826d972cb38bd578ff2b7cf29a30e93a27be65f,NL,5329,Pizza250,1hop,OEQA,AnchoviesTopping_dynamic_1; ArtichokeTopping_dynamic_1; GarlicTopping_dynamic_1; HamTopping_dynamic_1; MozzarellaTopping_dynamic_1; OliveTopping_dynamic_1; TomatoTopping_dynamic_1,true,natural_language_duplicate_candidate_requires_review,6
d2594d768a3549a90f3151424826d972cb38bd578ff2b7cf29a30e93a27be65f,NL,5330,Pizza250,1hop,OEQA,AnchoviesTopping_dynamic_1; ArtichokeTopping_dynamic_1; GarlicTopping_dynamic_1; HamTopping_dynamic_1; MozzarellaTopping_dynamic_1; OliveTopping_dynamic_1; TomatoTopping_dynamic_1,true,natural_language_duplicate_candidate_requires_review,6
d329c3343a9eb04424d7a024babae7a17ee1b13be1c4629c0eed7d58019c89cc,NL,3991,Pizza100,1hop,BQA,FALSE,true,natural_language_duplicate_candidate_requires_review,5
d329c3343a9eb04424d7a024babae7a17ee1b13be1c4629c0eed7d58019c89cc,NL,3997,Pizza100,1hop,BQA,FALSE,true,natural_language_duplicate_candidate_requires_review,5
d329c3343a9eb04424d7a024babae7a17ee1b13be1c4629c0eed7d58019c89cc,NL,4001,Pizza100,1hop,BQA,FALSE,true,natural_language_duplicate_candidate_requires_review,5
d329c3343a9eb04424d7a024babae7a17ee1b13be1c4629c0eed7d58019c89cc,NL,5035,Pizza250,1hop,BQA,FALSE,true,natural_language_duplicate_candidate_requires_review,5
d329c3343a9eb04424d7a024babae7a17ee1b13be1c4629c0eed7d58019c89cc,NL,5039,Pizza250,1hop,BQA,FALSE,true,natural_language_duplicate_candidate_requires_review,5
d37ea8fb12cfc381789e3493873141fd3820bb3142fcb1a6406338f9d212aa07,NL,4719,Pizza100,2hop,OEQA,AnchoviesTopping_dynamic_1; ArtichokeTopping_dynamic_1; GarlicTopping_dynamic_1; HamTopping_dynamic_1; MozzarellaTopping_dynamic_1; OliveTopping_dynamic_1; TomatoTopping_dynamic_1,true,natural_language_duplicate_candidate_requires_review,4
d37ea8fb12cfc381789e3493873141fd3820bb3142fcb1a6406338f9d212aa07,NL,4723,Pizza100,2hop,OEQA,AnchoviesTopping_dynamic_1; ArtichokeTopping_dynamic_1; GarlicTopping_dynamic_1; HamTopping_dynamic_1; MozzarellaTopping_dynamic_1; OliveTopping_dynamic_1; TomatoTopping_dynamic_1,true,natural_language_duplicate_candidate_requires_review,4
d37ea8fb12cfc381789e3493873141fd3820bb3142fcb1a6406338f9d212aa07,NL,5949,Pizza250,2hop,OEQA,AnchoviesTopping_dynamic_1; ArtichokeTopping_dynamic_1; GarlicTopping_dynamic_1; HamTopping_dynamic_1; MozzarellaTopping_dynamic_1; OliveTopping_dynamic_1; TomatoTopping_dynamic_1,true,natural_language_duplicate_candidate_requires_review,4
d37ea8fb12cfc381789e3493873141fd3820bb3142fcb1a6406338f9d212aa07,NL,5953,Pizza250,2hop,OEQA,AnchoviesTopping_dynamic_1; ArtichokeTopping_dynamic_1; GarlicTopping_dynamic_1; HamTopping_dynamic_1; MozzarellaTopping_dynamic_1; OliveTopping_dynamic_1; TomatoTopping_dynamic_1,true,natural_language_duplicate_candidate_requires_review,4
d3bf1876d799cd678ebb30fea18f4d6cd33d9c40076424237367515a31f5871a,NL,4175,Pizza100,1hop,OEQA,DomainConcept; Food; Pizza,true,natural_language_duplicate_candidate_requires_review,3
d3bf1876d799cd678ebb30fea18f4d6cd33d9c40076424237367515a31f5871a,NL,4179,Pizza100,1hop,OEQA,DomainConcept; Food; Pizza,true,natural_language_duplicate_candidate_requires_review,3
d3bf1876d799cd678ebb30fea18f4d6cd33d9c40076424237367515a31f5871a,NL,5278,Pizza250,1hop,OEQA,DomainConcept; Food; Pizza,true,natural_language_duplicate_candidate_requires_review,3
d4bb157340146b764825f07d8c686b23efa1c074e2fc194b4fda9b9283ddb83a,NL,4335,Pizza100,2hop,BQA,TRUE,true,natural_language_duplicate_candidate_requires_review,5
d4bb157340146b764825f07d8c686b23efa1c074e2fc194b4fda9b9283ddb83a,NL,4343,Pizza100,2hop,BQA,TRUE,true,natural_language_duplicate_candidate_requires_review,5
d4bb157340146b764825f07d8c686b23efa1c074e2fc194b4fda9b9283ddb83a,NL,4351,Pizza100,2hop,BQA,TRUE,true,natural_language_duplicate_candidate_requires_review,5
d4bb157340146b764825f07d8c686b23efa1c074e2fc194b4fda9b9283ddb83a,NL,5464,Pizza250,2hop,BQA,TRUE,true,natural_language_duplicate_candidate_requires_review,5
d4bb157340146b764825f07d8c686b23efa1c074e2fc194b4fda9b9283ddb83a,NL,5468,Pizza250,2hop,BQA,TRUE,true,natural_language_duplicate_candidate_requires_review,5
d4bcf2fbbc692f05546a7e6b29424286ecb44139d77451dc808d2391582e9000,NL,5080,Pizza250,1hop,BQA,TRUE,true,natural_language_duplicate_candidate_requires_review,3
d4bcf2fbbc692f05546a7e6b29424286ecb44139d77451dc808d2391582e9000,NL,5084,Pizza250,1hop,BQA,TRUE,true,natural_language_duplicate_candidate_requires_review,3
d4bcf2fbbc692f05546a7e6b29424286ecb44139d77451dc808d2391582e9000,NL,5090,Pizza250,1hop,BQA,TRUE,true,natural_language_duplicate_candidate_requires_review,3
d53d43fc056f8c56a7ffbb591a030d8dd6ceb14e976e2f956ff4cca0631509f8,NL,3909,Pizza100,1hop,BQA,TRUE,true,natural_language_duplicate_candidate_requires_review,2
d53d43fc056f8c56a7ffbb591a030d8dd6ceb14e976e2f956ff4cca0631509f8,NL,4937,Pizza250,1hop,BQA,TRUE,true,natural_language_duplicate_candidate_requires_review,2
d64283aa50cce729a546a546c56afcf48cd614cd6a83b13458dd7b00dcebe1b3,NL,3839,Pizza100,1hop,BQA,FALSE,true,natural_language_duplicate_candidate_requires_review,4
d64283aa50cce729a546a546c56afcf48cd614cd6a83b13458dd7b00dcebe1b3,NL,3855,Pizza100,1hop,BQA,FALSE,true,natural_language_duplicate_candidate_requires_review,4
d64283aa50cce729a546a546c56afcf48cd614cd6a83b13458dd7b00dcebe1b3,NL,4855,Pizza250,1hop,BQA,FALSE,true,natural_language_duplicate_candidate_requires_review,4
d64283aa50cce729a546a546c56afcf48cd614cd6a83b13458dd7b00dcebe1b3,NL,4861,Pizza250,1hop,BQA,FALSE,true,natural_language_duplicate_candidate_requires_review,4
d7105461aa53dab03942405783f20a35cbb6513ed6b13c0d68b927edcbdd72c1,NL,4187,Pizza100,1hop,OEQA,AsparagusTopping_dynamic_1; HamTopping_dynamic_1; MozzarellaTopping_dynamic_1; ParmesanTopping_dynamic_1; TomatoTopping_dynamic_1,true,natural_language_duplicate_candidate_requires_review,4
d7105461aa53dab03942405783f20a35cbb6513ed6b13c0d68b927edcbdd72c1,NL,4190,Pizza100,1hop,OEQA,AsparagusTopping_dynamic_1; HamTopping_dynamic_1; MozzarellaTopping_dynamic_1; ParmesanTopping_dynamic_1; TomatoTopping_dynamic_1,true,natural_language_duplicate_candidate_requires_review,4
d7105461aa53dab03942405783f20a35cbb6513ed6b13c0d68b927edcbdd72c1,NL,5299,Pizza250,1hop,OEQA,AsparagusTopping_dynamic_1; HamTopping_dynamic_1; MozzarellaTopping_dynamic_1; ParmesanTopping_dynamic_1; TomatoTopping_dynamic_1,true,natural_language_duplicate_candidate_requires_review,4
d7105461aa53dab03942405783f20a35cbb6513ed6b13c0d68b927edcbdd72c1,NL,5303,Pizza250,1hop,OEQA,AsparagusTopping_dynamic_1; HamTopping_dynamic_1; MozzarellaTopping_dynamic_1; ParmesanTopping_dynamic_1; TomatoTopping_dynamic_1,true,natural_language_duplicate_candidate_requires_review,4
d80ba7cd2f767cc916f8a89df9be637dd7d7a8d4289ecf03660c9172ae8d231b,NL,4626,Pizza100,2hop,OEQA,DomainConcept; Food; Pizza,true,natural_language_duplicate_candidate_requires_review,2
d80ba7cd2f767cc916f8a89df9be637dd7d7a8d4289ecf03660c9172ae8d231b,NL,5830,Pizza250,2hop,OEQA,DomainConcept; Food; Pizza,true,natural_language_duplicate_candidate_requires_review,2
d845c0597f99bcaa9d303ec05265c292878b14281643ee63a3e157d3e20aa72d,NL,6113,OWL2Bench,1hop,BQA,FALSE,true,natural_language_duplicate_candidate_requires_review,5
d845c0597f99bcaa9d303ec05265c292878b14281643ee63a3e157d3e20aa72d,NL,6117,OWL2Bench,1hop,BQA,FALSE,true,natural_language_duplicate_candidate_requires_review,5
d845c0597f99bcaa9d303ec05265c292878b14281643ee63a3e157d3e20aa72d,NL,7590,OWL2Bench,2hop,BQA,FALSE,true,natural_language_duplicate_candidate_requires_review,5
d845c0597f99bcaa9d303ec05265c292878b14281643ee63a3e157d3e20aa72d,NL,7596,OWL2Bench,2hop,BQA,FALSE,true,natural_language_duplicate_candidate_requires_review,5
d845c0597f99bcaa9d303ec05265c292878b14281643ee63a3e157d3e20aa72d,NL,7600,OWL2Bench,2hop,BQA,FALSE,true,natural_language_duplicate_candidate_requires_review,5
d9aa1725f18a967fba42ad4960ab69eab08075889b8cc9823d7790e6ab99c08c,NL,4183,Pizza100,1hop,OEQA,AnchoviesTopping_dynamic_1; CaperTopping_dynamic_1; MozzarellaTopping_dynamic_1; OliveTopping_dynamic_1; TomatoTopping_dynamic_1,true,natural_language_duplicate_candidate_requires_review,4
d9aa1725f18a967fba42ad4960ab69eab08075889b8cc9823d7790e6ab99c08c,NL,4184,Pizza100,1hop,OEQA,AnchoviesTopping_dynamic_1; CaperTopping_dynamic_1; MozzarellaTopping_dynamic_1; OliveTopping_dynamic_1; TomatoTopping_dynamic_1,true,natural_language_duplicate_candidate_requires_review,4
d9aa1725f18a967fba42ad4960ab69eab08075889b8cc9823d7790e6ab99c08c,NL,5286,Pizza250,1hop,OEQA,AnchoviesTopping_dynamic_1; CaperTopping_dynamic_1; MozzarellaTopping_dynamic_1; OliveTopping_dynamic_1; TomatoTopping_dynamic_1,true,natural_language_duplicate_candidate_requires_review,4
d9aa1725f18a967fba42ad4960ab69eab08075889b8cc9823d7790e6ab99c08c,NL,5288,Pizza250,1hop,OEQA,AnchoviesTopping_dynamic_1; CaperTopping_dynamic_1; MozzarellaTopping_dynamic_1; OliveTopping_dynamic_1; TomatoTopping_dynamic_1,true,natural_language_duplicate_candidate_requires_review,4
da62e8fd9fe04fc120c41105c2391002ce81696ce8085ec9ef0b5df983a826a2,NL,4223,Pizza100,1hop,OEQA,GorgonzolaTopping_dynamic_1; MozzarellaTopping_dynamic_1; TomatoTopping_dynamic_1,true,natural_language_duplicate_candidate_requires_review,2
da62e8fd9fe04fc120c41105c2391002ce81696ce8085ec9ef0b5df983a826a2,NL,5325,Pizza250,1hop,OEQA,GorgonzolaTopping_dynamic_1; MozzarellaTopping_dynamic_1; TomatoTopping_dynamic_1,true,natural_language_duplicate_candidate_requires_review,2
da818e83ba0158c480fd07f29356e5dad0b9cf99f739ef34a3ef3b3c52767cd6,NL,4215,Pizza100,1hop,OEQA,DomainConcept; Food; Pizza,true,natural_language_duplicate_candidate_requires_review,4
da818e83ba0158c480fd07f29356e5dad0b9cf99f739ef34a3ef3b3c52767cd6,NL,4219,Pizza100,1hop,OEQA,DomainConcept; Food; Pizza,true,natural_language_duplicate_candidate_requires_review,4
da818e83ba0158c480fd07f29356e5dad0b9cf99f739ef34a3ef3b3c52767cd6,NL,5323,Pizza250,1hop,OEQA,DomainConcept; Food; Pizza,true,natural_language_duplicate_candidate_requires_review,4
da818e83ba0158c480fd07f29356e5dad0b9cf99f739ef34a3ef3b3c52767cd6,NL,5324,Pizza250,1hop,OEQA,DomainConcept; Food; Pizza,true,natural_language_duplicate_candidate_requires_review,4
da824d7f9f2228845547806264e83b195105a413dfdc71118ca653151d5c3fdb,NL,4728,Pizza100,2hop,OEQA,DomainConcept; Food; Pizza,true,natural_language_duplicate_candidate_requires_review,3
da824d7f9f2228845547806264e83b195105a413dfdc71118ca653151d5c3fdb,NL,4729,Pizza100,2hop,OEQA,DomainConcept; Food; Pizza,true,natural_language_duplicate_candidate_requires_review,3
da824d7f9f2228845547806264e83b195105a413dfdc71118ca653151d5c3fdb,NL,5960,Pizza250,2hop,OEQA,DomainConcept; Food; Pizza,true,natural_language_duplicate_candidate_requires_review,3
daced3d752f12c2d59b103e8862edac552341d3f430511f235b30aedb4d42aec,NL,5319,Pizza250,1hop,OEQA,FourCheesesTopping_dynamic_1; TomatoTopping_dynamic_1,true,natural_language_duplicate_candidate_requires_review,2
daced3d752f12c2d59b103e8862edac552341d3f430511f235b30aedb4d42aec,NL,5320,Pizza250,1hop,OEQA,FourCheesesTopping_dynamic_1; TomatoTopping_dynamic_1,true,natural_language_duplicate_candidate_requires_review,2
db57313adabbc489e40d870bfd76d0c3e24f5ae9fa3f40cf2a0a2eacffd71dc0,NL,4737,Pizza100,2hop,OEQA,DomainConcept; Food; Pizza,true,natural_language_duplicate_candidate_requires_review,6
db57313adabbc489e40d870bfd76d0c3e24f5ae9fa3f40cf2a0a2eacffd71dc0,NL,5961,Pizza250,2hop,OEQA,DomainConcept; Food; Pizza,true,natural_language_duplicate_candidate_requires_review,6
db57313adabbc489e40d870bfd76d0c3e24f5ae9fa3f40cf2a0a2eacffd71dc0,NL,5962,Pizza250,2hop,OEQA,DomainConcept; Food; Pizza,true,natural_language_duplicate_candidate_requires_review,6
db57313adabbc489e40d870bfd76d0c3e24f5ae9fa3f40cf2a0a2eacffd71dc0,NL,5970,Pizza250,2hop,OEQA,DomainConcept; Food; Pizza,true,natural_language_duplicate_candidate_requires_review,6
db57313adabbc489e40d870bfd76d0c3e24f5ae9fa3f40cf2a0a2eacffd71dc0,NL,5971,Pizza250,2hop,OEQA,DomainConcept; Food; Pizza,true,natural_language_duplicate_candidate_requires_review,6
db57313adabbc489e40d870bfd76d0c3e24f5ae9fa3f40cf2a0a2eacffd71dc0,NL,5974,Pizza250,2hop,OEQA,DomainConcept; Food; Pizza,true,natural_language_duplicate_candidate_requires_review,6
db657ac3ca1e642cf82262b908a9a19c3fd4591ce77f7db0835a657c974fc6bc,NL,4554,Pizza100,2hop,BQA,FALSE,true,natural_language_duplicate_candidate_requires_review,4
db657ac3ca1e642cf82262b908a9a19c3fd4591ce77f7db0835a657c974fc6bc,NL,4564,Pizza100,2hop,BQA,FALSE,true,natural_language_duplicate_candidate_requires_review,4
db657ac3ca1e642cf82262b908a9a19c3fd4591ce77f7db0835a657c974fc6bc,NL,5741,Pizza250,2hop,BQA,FALSE,true,natural_language_duplicate_candidate_requires_review,4
db657ac3ca1e642cf82262b908a9a19c3fd4591ce77f7db0835a657c974fc6bc,NL,5747,Pizza250,2hop,BQA,FALSE,true,natural_language_duplicate_candidate_requires_review,4
dbc0fd15b6f11f11259bc59f5c11a1a7048638d39435d102fe0e4d1246e6922f,NL,4199,Pizza100,1hop,OEQA,LeekTopping_dynamic_1; MozzarellaTopping_dynamic_1; ParmesanTopping_dynamic_1; RosemaryTopping_dynamic_1; TomatoTopping_dynamic_1,true,natural_language_duplicate_candidate_requires_review,5
dbc0fd15b6f11f11259bc59f5c11a1a7048638d39435d102fe0e4d1246e6922f,NL,4201,Pizza100,1hop,OEQA,LeekTopping_dynamic_1; MozzarellaTopping_dynamic_1; ParmesanTopping_dynamic_1; RosemaryTopping_dynamic_1; TomatoTopping_dynamic_1,true,natural_language_duplicate_candidate_requires_review,5
dbc0fd15b6f11f11259bc59f5c11a1a7048638d39435d102fe0e4d1246e6922f,NL,4203,Pizza100,1hop,OEQA,LeekTopping_dynamic_1; MozzarellaTopping_dynamic_1; ParmesanTopping_dynamic_1; RosemaryTopping_dynamic_1; TomatoTopping_dynamic_1,true,natural_language_duplicate_candidate_requires_review,5
dbc0fd15b6f11f11259bc59f5c11a1a7048638d39435d102fe0e4d1246e6922f,NL,4209,Pizza100,1hop,OEQA,LeekTopping_dynamic_1; MozzarellaTopping_dynamic_1; ParmesanTopping_dynamic_1; RosemaryTopping_dynamic_1; TomatoTopping_dynamic_1,true,natural_language_duplicate_candidate_requires_review,5
dbc0fd15b6f11f11259bc59f5c11a1a7048638d39435d102fe0e4d1246e6922f,NL,5314,Pizza250,1hop,OEQA,LeekTopping_dynamic_1; MozzarellaTopping_dynamic_1; ParmesanTopping_dynamic_1; RosemaryTopping_dynamic_1; TomatoTopping_dynamic_1,true,natural_language_duplicate_candidate_requires_review,5
dbc924cc176fbd7f2eba3c5c74e27f1f10ae76df7155a0813ad36883906682a3,NL,5342,Pizza250,1hop,OEQA,DomainConcept; Food; Pizza,true,natural_language_duplicate_candidate_requires_review,2
dbc924cc176fbd7f2eba3c5c74e27f1f10ae76df7155a0813ad36883906682a3,NL,5343,Pizza250,1hop,OEQA,DomainConcept; Food; Pizza,true,natural_language_duplicate_candidate_requires_review,2
dd08cdddfce12a37d1ba169fc54b388458891456e95319382cc71236a9a05934,NL,3960,Pizza100,1hop,BQA,FALSE,true,natural_language_duplicate_candidate_requires_review,4
dd08cdddfce12a37d1ba169fc54b388458891456e95319382cc71236a9a05934,NL,4980,Pizza250,1hop,BQA,FALSE,true,natural_language_duplicate_candidate_requires_review,4
dd08cdddfce12a37d1ba169fc54b388458891456e95319382cc71236a9a05934,NL,4982,Pizza250,1hop,BQA,FALSE,true,natural_language_duplicate_candidate_requires_review,4
dd08cdddfce12a37d1ba169fc54b388458891456e95319382cc71236a9a05934,NL,4992,Pizza250,1hop,BQA,FALSE,true,natural_language_duplicate_candidate_requires_review,4
dd2c2569a43fc5415abc495160ed76610d268789b2722ddd06f785ee5bba9f60,NL,4539,Pizza100,2hop,BQA,TRUE,true,natural_language_duplicate_candidate_requires_review,5
dd2c2569a43fc5415abc495160ed76610d268789b2722ddd06f785ee5bba9f60,NL,4547,Pizza100,2hop,BQA,TRUE,true,natural_language_duplicate_candidate_requires_review,5
dd2c2569a43fc5415abc495160ed76610d268789b2722ddd06f785ee5bba9f60,NL,5716,Pizza250,2hop,BQA,TRUE,true,natural_language_duplicate_candidate_requires_review,5
dd2c2569a43fc5415abc495160ed76610d268789b2722ddd06f785ee5bba9f60,NL,5722,Pizza250,2hop,BQA,TRUE,true,natural_language_duplicate_candidate_requires_review,5
dd2c2569a43fc5415abc495160ed76610d268789b2722ddd06f785ee5bba9f60,NL,5730,Pizza250,2hop,BQA,TRUE,true,natural_language_duplicate_candidate_requires_review,5
dde288156be5496efb4bcc5b4b2d9db2f34f50ce703dc038d4d7c7bb71c72a7d,NL,5280,Pizza250,1hop,OEQA,MozzarellaTopping_dynamic_1; MushroomTopping_dynamic_1; TomatoTopping_dynamic_1,true,natural_language_duplicate_candidate_requires_review,2
dde288156be5496efb4bcc5b4b2d9db2f34f50ce703dc038d4d7c7bb71c72a7d,NL,5281,Pizza250,1hop,OEQA,MozzarellaTopping_dynamic_1; MushroomTopping_dynamic_1; TomatoTopping_dynamic_1,true,natural_language_duplicate_candidate_requires_review,2
e063fcf660ab81c5932aaf1cd011955050f5cda7d3847f3d9ee25acd17e982e5,NL,4188,Pizza100,1hop,OEQA,AsparagusTopping_dynamic_1; HamTopping_dynamic_1; MozzarellaTopping_dynamic_1; ParmesanTopping_dynamic_1; TomatoTopping_dynamic_1,true,natural_language_duplicate_candidate_requires_review,5
e063fcf660ab81c5932aaf1cd011955050f5cda7d3847f3d9ee25acd17e982e5,NL,5292,Pizza250,1hop,OEQA,AsparagusTopping_dynamic_1; HamTopping_dynamic_1; MozzarellaTopping_dynamic_1; ParmesanTopping_dynamic_1; TomatoTopping_dynamic_1,true,natural_language_duplicate_candidate_requires_review,5
e063fcf660ab81c5932aaf1cd011955050f5cda7d3847f3d9ee25acd17e982e5,NL,5293,Pizza250,1hop,OEQA,AsparagusTopping_dynamic_1; HamTopping_dynamic_1; MozzarellaTopping_dynamic_1; ParmesanTopping_dynamic_1; TomatoTopping_dynamic_1,true,natural_language_duplicate_candidate_requires_review,5
e063fcf660ab81c5932aaf1cd011955050f5cda7d3847f3d9ee25acd17e982e5,NL,5297,Pizza250,1hop,OEQA,AsparagusTopping_dynamic_1; HamTopping_dynamic_1; MozzarellaTopping_dynamic_1; ParmesanTopping_dynamic_1; TomatoTopping_dynamic_1,true,natural_language_duplicate_candidate_requires_review,5
e063fcf660ab81c5932aaf1cd011955050f5cda7d3847f3d9ee25acd17e982e5,NL,5302,Pizza250,1hop,OEQA,AsparagusTopping_dynamic_1; HamTopping_dynamic_1; MozzarellaTopping_dynamic_1; ParmesanTopping_dynamic_1; TomatoTopping_dynamic_1,true,natural_language_duplicate_candidate_requires_review,5
e092e3a5acad9f669a4cb0b4c1b12c4e68c951c9c9c287cce51d84d36963dc07,NL,3980,Pizza100,1hop,BQA,FALSE,true,natural_language_duplicate_candidate_requires_review,5
e092e3a5acad9f669a4cb0b4c1b12c4e68c951c9c9c287cce51d84d36963dc07,NL,3984,Pizza100,1hop,BQA,FALSE,true,natural_language_duplicate_candidate_requires_review,5
e092e3a5acad9f669a4cb0b4c1b12c4e68c951c9c9c287cce51d84d36963dc07,NL,3986,Pizza100,1hop,BQA,FALSE,true,natural_language_duplicate_candidate_requires_review,5
e092e3a5acad9f669a4cb0b4c1b12c4e68c951c9c9c287cce51d84d36963dc07,NL,3988,Pizza100,1hop,BQA,FALSE,true,natural_language_duplicate_candidate_requires_review,5
e092e3a5acad9f669a4cb0b4c1b12c4e68c951c9c9c287cce51d84d36963dc07,NL,5014,Pizza250,1hop,BQA,FALSE,true,natural_language_duplicate_candidate_requires_review,5
e0b2e8ed03b4494e412d6f8658ca79ceebceff23c3c3da5ac66b9446966cf818,NL,5458,Pizza250,2hop,BQA,TRUE,true,natural_language_duplicate_candidate_requires_review,2
e0b2e8ed03b4494e412d6f8658ca79ceebceff23c3c3da5ac66b9446966cf818,NL,5462,Pizza250,2hop,BQA,TRUE,true,natural_language_duplicate_candidate_requires_review,2
e0d6f68c5875abbef57919e335820a224b4c829463b8ebb421cf13f071a72c4a,NL,3905,Pizza100,1hop,BQA,FALSE,true,natural_language_duplicate_candidate_requires_review,3
e0d6f68c5875abbef57919e335820a224b4c829463b8ebb421cf13f071a72c4a,NL,4919,Pizza250,1hop,BQA,FALSE,true,natural_language_duplicate_candidate_requires_review,3
e0d6f68c5875abbef57919e335820a224b4c829463b8ebb421cf13f071a72c4a,NL,4925,Pizza250,1hop,BQA,FALSE,true,natural_language_duplicate_candidate_requires_review,3
e17c4875d837b70a13bf647f2b62c9b941bbc625ed93039b24c4419cb8b82529,NL,5912,Pizza250,2hop,OEQA,CajunSpiceTopping_dynamic_1; ChickenTopping_dynamic_1; GarlicTopping_dynamic_1; MozzarellaTopping_dynamic_1; RedOnionTopping_dynamic_1; SweetPepperTopping_dynamic_1; TomatoTopping_dynamic_1,true,natural_language_duplicate_candidate_requires_review,3
e17c4875d837b70a13bf647f2b62c9b941bbc625ed93039b24c4419cb8b82529,NL,5914,Pizza250,2hop,OEQA,CajunSpiceTopping_dynamic_1; ChickenTopping_dynamic_1; GarlicTopping_dynamic_1; MozzarellaTopping_dynamic_1; RedOnionTopping_dynamic_1; SweetPepperTopping_dynamic_1; TomatoTopping_dynamic_1,true,natural_language_duplicate_candidate_requires_review,3
e17c4875d837b70a13bf647f2b62c9b941bbc625ed93039b24c4419cb8b82529,NL,5916,Pizza250,2hop,OEQA,CajunSpiceTopping_dynamic_1; ChickenTopping_dynamic_1; GarlicTopping_dynamic_1; MozzarellaTopping_dynamic_1; RedOnionTopping_dynamic_1; SweetPepperTopping_dynamic_1; TomatoTopping_dynamic_1,true,natural_language_duplicate_candidate_requires_review,3
e2a992ceb8e89cee0f994f545bd42eb76982f2027faa816af9612b2f2a1dca73,NL,4556,Pizza100,2hop,BQA,FALSE,true,natural_language_duplicate_candidate_requires_review,4
e2a992ceb8e89cee0f994f545bd42eb76982f2027faa816af9612b2f2a1dca73,NL,5733,Pizza250,2hop,BQA,FALSE,true,natural_language_duplicate_candidate_requires_review,4
e2a992ceb8e89cee0f994f545bd42eb76982f2027faa816af9612b2f2a1dca73,NL,5737,Pizza250,2hop,BQA,FALSE,true,natural_language_duplicate_candidate_requires_review,4
e2a992ceb8e89cee0f994f545bd42eb76982f2027faa816af9612b2f2a1dca73,NL,5743,Pizza250,2hop,BQA,FALSE,true,natural_language_duplicate_candidate_requires_review,4
e2f118192a9832d820d6587cd60d5774c43675061f82d3572c2128fc93ac2536,NL,4163,Pizza100,1hop,OEQA,MozzarellaTopping_dynamic_1; TomatoTopping_dynamic_1,true,natural_language_duplicate_candidate_requires_review,5
e2f118192a9832d820d6587cd60d5774c43675061f82d3572c2128fc93ac2536,NL,4164,Pizza100,1hop,OEQA,MozzarellaTopping_dynamic_1; TomatoTopping_dynamic_1,true,natural_language_duplicate_candidate_requires_review,5
e2f118192a9832d820d6587cd60d5774c43675061f82d3572c2128fc93ac2536,NL,4165,Pizza100,1hop,OEQA,MozzarellaTopping_dynamic_1; TomatoTopping_dynamic_1,true,natural_language_duplicate_candidate_requires_review,5
e2f118192a9832d820d6587cd60d5774c43675061f82d3572c2128fc93ac2536,NL,4172,Pizza100,1hop,OEQA,MozzarellaTopping_dynamic_1; TomatoTopping_dynamic_1,true,natural_language_duplicate_candidate_requires_review,5
e2f118192a9832d820d6587cd60d5774c43675061f82d3572c2128fc93ac2536,NL,5271,Pizza250,1hop,OEQA,MozzarellaTopping_dynamic_1; TomatoTopping_dynamic_1,true,natural_language_duplicate_candidate_requires_review,5
e31bd4b91761bfe4946463acbfce72b489098381d4013a96c0d4464cc9c9de4a,NL,4292,Pizza100,2hop,BQA,FALSE,true,natural_language_duplicate_candidate_requires_review,4
e31bd4b91761bfe4946463acbfce72b489098381d4013a96c0d4464cc9c9de4a,NL,4296,Pizza100,2hop,BQA,FALSE,true,natural_language_duplicate_candidate_requires_review,4
e31bd4b91761bfe4946463acbfce72b489098381d4013a96c0d4464cc9c9de4a,NL,4316,Pizza100,2hop,BQA,FALSE,true,natural_language_duplicate_candidate_requires_review,4
e31bd4b91761bfe4946463acbfce72b489098381d4013a96c0d4464cc9c9de4a,NL,5413,Pizza250,2hop,BQA,FALSE,true,natural_language_duplicate_candidate_requires_review,4
e36023c726c83011fb63b290211f899d22ccb187871553df2feae6b1449ff4f3,NL,3931,Pizza100,1hop,BQA,FALSE,true,natural_language_duplicate_candidate_requires_review,6
e36023c726c83011fb63b290211f899d22ccb187871553df2feae6b1449ff4f3,NL,3933,Pizza100,1hop,BQA,FALSE,true,natural_language_duplicate_candidate_requires_review,6
e36023c726c83011fb63b290211f899d22ccb187871553df2feae6b1449ff4f3,NL,3935,Pizza100,1hop,BQA,FALSE,true,natural_language_duplicate_candidate_requires_review,6
e36023c726c83011fb63b290211f899d22ccb187871553df2feae6b1449ff4f3,NL,3947,Pizza100,1hop,BQA,FALSE,true,natural_language_duplicate_candidate_requires_review,6
e36023c726c83011fb63b290211f899d22ccb187871553df2feae6b1449ff4f3,NL,4941,Pizza250,1hop,BQA,FALSE,true,natural_language_duplicate_candidate_requires_review,6
e36023c726c83011fb63b290211f899d22ccb187871553df2feae6b1449ff4f3,NL,4943,Pizza250,1hop,BQA,FALSE,true,natural_language_duplicate_candidate_requires_review,6
e3b07be3515a4692d0ebd7c88689c973803eca2429eae94330ba8eeeccb6d42c,NL,4778,Pizza250,1hop,BQA,TRUE,true,natural_language_duplicate_candidate_requires_review,2
e3b07be3515a4692d0ebd7c88689c973803eca2429eae94330ba8eeeccb6d42c,NL,4786,Pizza250,1hop,BQA,TRUE,true,natural_language_duplicate_candidate_requires_review,2
e43284686b6479cfce5be4fba3eb6c2b906cce16830bc2131d6b32ed2fd882f4,NL,4321,Pizza100,2hop,BQA,TRUE,true,natural_language_duplicate_candidate_requires_review,4
e43284686b6479cfce5be4fba3eb6c2b906cce16830bc2131d6b32ed2fd882f4,NL,5434,Pizza250,2hop,BQA,TRUE,true,natural_language_duplicate_candidate_requires_review,4
e43284686b6479cfce5be4fba3eb6c2b906cce16830bc2131d6b32ed2fd882f4,NL,5436,Pizza250,2hop,BQA,TRUE,true,natural_language_duplicate_candidate_requires_review,4
e43284686b6479cfce5be4fba3eb6c2b906cce16830bc2131d6b32ed2fd882f4,NL,5438,Pizza250,2hop,BQA,TRUE,true,natural_language_duplicate_candidate_requires_review,4
e57f414d4baf20acf424c531612fa8eeaa258f88f979b5c83981f1fe3553746e,NL,4569,Pizza100,2hop,BQA,TRUE,true,natural_language_duplicate_candidate_requires_review,4
e57f414d4baf20acf424c531612fa8eeaa258f88f979b5c83981f1fe3553746e,NL,5752,Pizza250,2hop,BQA,TRUE,true,natural_language_duplicate_candidate_requires_review,4
e57f414d4baf20acf424c531612fa8eeaa258f88f979b5c83981f1fe3553746e,NL,5754,Pizza250,2hop,BQA,TRUE,true,natural_language_duplicate_candidate_requires_review,4
e57f414d4baf20acf424c531612fa8eeaa258f88f979b5c83981f1fe3553746e,NL,5758,Pizza250,2hop,BQA,TRUE,true,natural_language_duplicate_candidate_requires_review,4
e66962e874bfda8eb791638e58296e92e1d025760508e82b62064ed1a420374b,NL,4324,Pizza100,2hop,BQA,FALSE,true,natural_language_duplicate_candidate_requires_review,3
e66962e874bfda8eb791638e58296e92e1d025760508e82b62064ed1a420374b,NL,5439,Pizza250,2hop,BQA,FALSE,true,natural_language_duplicate_candidate_requires_review,3
e66962e874bfda8eb791638e58296e92e1d025760508e82b62064ed1a420374b,NL,5441,Pizza250,2hop,BQA,FALSE,true,natural_language_duplicate_candidate_requires_review,3
e692fc4864b95eb20be7852d39b37e3bf65cb92fa73395a13287558030dd1345,NL,2456,FamilyOWL,2hop,BQA,FALSE,true,natural_language_duplicate_candidate_requires_review,2
e692fc4864b95eb20be7852d39b37e3bf65cb92fa73395a13287558030dd1345,NL,2460,FamilyOWL,2hop,BQA,FALSE,true,natural_language_duplicate_candidate_requires_review,2
e6949b53dea98bb09ebc68772193b2abb3f623a755b6a5fdfb34b3c2a3a25126,NL,4399,Pizza100,2hop,BQA,TRUE,true,natural_language_duplicate_candidate_requires_review,3
e6949b53dea98bb09ebc68772193b2abb3f623a755b6a5fdfb34b3c2a3a25126,NL,4403,Pizza100,2hop,BQA,TRUE,true,natural_language_duplicate_candidate_requires_review,3
e6949b53dea98bb09ebc68772193b2abb3f623a755b6a5fdfb34b3c2a3a25126,NL,5530,Pizza250,2hop,BQA,TRUE,true,natural_language_duplicate_candidate_requires_review,3
e882f658debb2e45409947030335068171bc1b1ac21734e5220abef6c3c4a53e,NL,4383,Pizza100,2hop,BQA,TRUE,true,natural_language_duplicate_candidate_requires_review,3
e882f658debb2e45409947030335068171bc1b1ac21734e5220abef6c3c4a53e,NL,4387,Pizza100,2hop,BQA,TRUE,true,natural_language_duplicate_candidate_requires_review,3
e882f658debb2e45409947030335068171bc1b1ac21734e5220abef6c3c4a53e,NL,5520,Pizza250,2hop,BQA,TRUE,true,natural_language_duplicate_candidate_requires_review,3
ecf3a091a1368ce8989d0c8b9b2315262dbda8fece69671e2ef2bd23602a927d,NL,4525,Pizza100,2hop,BQA,TRUE,true,natural_language_duplicate_candidate_requires_review,3
ecf3a091a1368ce8989d0c8b9b2315262dbda8fece69671e2ef2bd23602a927d,NL,4527,Pizza100,2hop,BQA,TRUE,true,natural_language_duplicate_candidate_requires_review,3
ecf3a091a1368ce8989d0c8b9b2315262dbda8fece69671e2ef2bd23602a927d,NL,5688,Pizza250,2hop,BQA,TRUE,true,natural_language_duplicate_candidate_requires_review,3
ed152820c925ff237d0fd13a3df322f878663100ad84bee0b45dd7ce798eec3c,NL,3871,Pizza100,1hop,BQA,FALSE,true,natural_language_duplicate_candidate_requires_review,5
ed152820c925ff237d0fd13a3df322f878663100ad84bee0b45dd7ce798eec3c,NL,3877,Pizza100,1hop,BQA,FALSE,true,natural_language_duplicate_candidate_requires_review,5
ed152820c925ff237d0fd13a3df322f878663100ad84bee0b45dd7ce798eec3c,NL,4883,Pizza250,1hop,BQA,FALSE,true,natural_language_duplicate_candidate_requires_review,5
ed152820c925ff237d0fd13a3df322f878663100ad84bee0b45dd7ce798eec3c,NL,4891,Pizza250,1hop,BQA,FALSE,true,natural_language_duplicate_candidate_requires_review,5
ed152820c925ff237d0fd13a3df322f878663100ad84bee0b45dd7ce798eec3c,NL,4895,Pizza250,1hop,BQA,FALSE,true,natural_language_duplicate_candidate_requires_review,5
ed72df618146772963a3a11648e076a67cea76f0d2ff9f66a575d7c7b1a07a4a,NL,4036,Pizza100,1hop,BQA,FALSE,true,natural_language_duplicate_candidate_requires_review,3
ed72df618146772963a3a11648e076a67cea76f0d2ff9f66a575d7c7b1a07a4a,NL,5098,Pizza250,1hop,BQA,FALSE,true,natural_language_duplicate_candidate_requires_review,3
ed72df618146772963a3a11648e076a67cea76f0d2ff9f66a575d7c7b1a07a4a,NL,5108,Pizza250,1hop,BQA,FALSE,true,natural_language_duplicate_candidate_requires_review,3
ed7be704b0a9dd6edb84d141e08a63f385b14a9b619799cac718b956aa07e5d2,NL,2325,FamilyOWL,2hop,BQA,TRUE,true,natural_language_duplicate_candidate_requires_review,2
ed7be704b0a9dd6edb84d141e08a63f385b14a9b619799cac718b956aa07e5d2,NL,2327,FamilyOWL,2hop,BQA,TRUE,true,natural_language_duplicate_candidate_requires_review,2
ed8d44d2ebbc4dd8b845c5878068b1f8317007d6039f91ee20362563ed161d83,NL,5606,Pizza250,2hop,BQA,TRUE,true,natural_language_duplicate_candidate_requires_review,2
ed8d44d2ebbc4dd8b845c5878068b1f8317007d6039f91ee20362563ed161d83,NL,5608,Pizza250,2hop,BQA,TRUE,true,natural_language_duplicate_candidate_requires_review,2
edab42e7cf40eb509574d2c298142b8616b4a43eb6c90762bb379071a903c2e3,NL,3915,Pizza100,1hop,BQA,TRUE,true,natural_language_duplicate_candidate_requires_review,2
edab42e7cf40eb509574d2c298142b8616b4a43eb6c90762bb379071a903c2e3,NL,3921,Pizza100,1hop,BQA,TRUE,true,natural_language_duplicate_candidate_requires_review,2
ee2596d361689948b35aef379be62804bb732ce7db0a246a44802ddd70744812,NL,2934,FamilyOWL,2hop,BQA,FALSE,true,natural_language_duplicate_candidate_requires_review,2
ee2596d361689948b35aef379be62804bb732ce7db0a246a44802ddd70744812,NL,2940,FamilyOWL,2hop,BQA,FALSE,true,natural_language_duplicate_candidate_requires_review,2
ee30e91562f4966125bed8da103ea2eeb1aec2a9de4609216307805a97a9e013,NL,3952,Pizza100,1hop,BQA,FALSE,true,natural_language_duplicate_candidate_requires_review,3
ee30e91562f4966125bed8da103ea2eeb1aec2a9de4609216307805a97a9e013,NL,3956,Pizza100,1hop,BQA,FALSE,true,natural_language_duplicate_candidate_requires_review,3
ee30e91562f4966125bed8da103ea2eeb1aec2a9de4609216307805a97a9e013,NL,4960,Pizza250,1hop,BQA,FALSE,true,natural_language_duplicate_candidate_requires_review,3
ef3f513e2342089c3e1d1d7264ff5395e4135ad5718e2f47926ae62ba4b1b10b,NL,4284,Pizza100,2hop,BQA,FALSE,true,natural_language_duplicate_candidate_requires_review,3
ef3f513e2342089c3e1d1d7264ff5395e4135ad5718e2f47926ae62ba4b1b10b,NL,5395,Pizza250,2hop,BQA,FALSE,true,natural_language_duplicate_candidate_requires_review,3
ef3f513e2342089c3e1d1d7264ff5395e4135ad5718e2f47926ae62ba4b1b10b,NL,5407,Pizza250,2hop,BQA,FALSE,true,natural_language_duplicate_candidate_requires_review,3
ef42cb7d25fc5810d6a6f4bfe7b5fd86a17b047309b443de9d965566da73ff80,NL,3908,Pizza100,1hop,BQA,TRUE,true,natural_language_duplicate_candidate_requires_review,8
ef42cb7d25fc5810d6a6f4bfe7b5fd86a17b047309b443de9d965566da73ff80,NL,3912,Pizza100,1hop,BQA,TRUE,true,natural_language_duplicate_candidate_requires_review,8
ef42cb7d25fc5810d6a6f4bfe7b5fd86a17b047309b443de9d965566da73ff80,NL,3920,Pizza100,1hop,BQA,TRUE,true,natural_language_duplicate_candidate_requires_review,8
ef42cb7d25fc5810d6a6f4bfe7b5fd86a17b047309b443de9d965566da73ff80,NL,3924,Pizza100,1hop,BQA,TRUE,true,natural_language_duplicate_candidate_requires_review,8
ef42cb7d25fc5810d6a6f4bfe7b5fd86a17b047309b443de9d965566da73ff80,NL,3928,Pizza100,1hop,BQA,TRUE,true,natural_language_duplicate_candidate_requires_review,8
ef42cb7d25fc5810d6a6f4bfe7b5fd86a17b047309b443de9d965566da73ff80,NL,4932,Pizza250,1hop,BQA,TRUE,true,natural_language_duplicate_candidate_requires_review,8
ef42cb7d25fc5810d6a6f4bfe7b5fd86a17b047309b443de9d965566da73ff80,NL,4936,Pizza250,1hop,BQA,TRUE,true,natural_language_duplicate_candidate_requires_review,8
ef42cb7d25fc5810d6a6f4bfe7b5fd86a17b047309b443de9d965566da73ff80,NL,4940,Pizza250,1hop,BQA,TRUE,true,natural_language_duplicate_candidate_requires_review,8
f03a8b56cf649a45b5528c0f673bd04c30c49deb6622100fa4511ddb032424a4,NL,6959,OWL2Bench,1hop,BQA,FALSE,true,natural_language_duplicate_candidate_requires_review,3
f03a8b56cf649a45b5528c0f673bd04c30c49deb6622100fa4511ddb032424a4,NL,6965,OWL2Bench,1hop,BQA,FALSE,true,natural_language_duplicate_candidate_requires_review,3
f03a8b56cf649a45b5528c0f673bd04c30c49deb6622100fa4511ddb032424a4,NL,8510,OWL2Bench,2hop,BQA,FALSE,true,natural_language_duplicate_candidate_requires_review,3
f0828dca284c354ab5fa23bd2089aaaf3675303b92730ee8596ffc759a89ca24,NL,3900,Pizza100,1hop,BQA,TRUE,true,natural_language_duplicate_candidate_requires_review,2
f0828dca284c354ab5fa23bd2089aaaf3675303b92730ee8596ffc759a89ca24,NL,3902,Pizza100,1hop,BQA,TRUE,true,natural_language_duplicate_candidate_requires_review,2
f0e6066872445d88ca4379447544fc82aadcc21bce40683f2b2db16f1dfc43d2,NL,4439,Pizza100,2hop,BQA,TRUE,true,natural_language_duplicate_candidate_requires_review,3
f0e6066872445d88ca4379447544fc82aadcc21bce40683f2b2db16f1dfc43d2,NL,5562,Pizza250,2hop,BQA,TRUE,true,natural_language_duplicate_candidate_requires_review,3
f0e6066872445d88ca4379447544fc82aadcc21bce40683f2b2db16f1dfc43d2,NL,5568,Pizza250,2hop,BQA,TRUE,true,natural_language_duplicate_candidate_requires_review,3
f101d41ec1af50b9656eca44f533093d4e86793f7db18b03c06888f36789b17c,NL,4353,Pizza100,2hop,BQA,TRUE,true,natural_language_duplicate_candidate_requires_review,3
f101d41ec1af50b9656eca44f533093d4e86793f7db18b03c06888f36789b17c,NL,5484,Pizza250,2hop,BQA,TRUE,true,natural_language_duplicate_candidate_requires_review,3
f101d41ec1af50b9656eca44f533093d4e86793f7db18b03c06888f36789b17c,NL,5486,Pizza250,2hop,BQA,TRUE,true,natural_language_duplicate_candidate_requires_review,3
f15a00a422584f3d6379fb52422afafb7f16d03a67b07aa08bcca336b615673d,NL,4329,Pizza100,2hop,BQA,TRUE,true,natural_language_duplicate_candidate_requires_review,3
f15a00a422584f3d6379fb52422afafb7f16d03a67b07aa08bcca336b615673d,NL,5450,Pizza250,2hop,BQA,TRUE,true,natural_language_duplicate_candidate_requires_review,3
f15a00a422584f3d6379fb52422afafb7f16d03a67b07aa08bcca336b615673d,NL,5454,Pizza250,2hop,BQA,TRUE,true,natural_language_duplicate_candidate_requires_review,3
f1e694ef0b436656616dcc44d3952a53946a92f54b6e3b9cee7f74e20d9dd82f,NL,4646,Pizza100,2hop,OEQA,DomainConcept; Food; Pizza,true,natural_language_duplicate_candidate_requires_review,5
f1e694ef0b436656616dcc44d3952a53946a92f54b6e3b9cee7f74e20d9dd82f,NL,4649,Pizza100,2hop,OEQA,DomainConcept; Food; Pizza,true,natural_language_duplicate_candidate_requires_review,5
f1e694ef0b436656616dcc44d3952a53946a92f54b6e3b9cee7f74e20d9dd82f,NL,5856,Pizza250,2hop,OEQA,DomainConcept; Food; Pizza,true,natural_language_duplicate_candidate_requires_review,5
f1e694ef0b436656616dcc44d3952a53946a92f54b6e3b9cee7f74e20d9dd82f,NL,5857,Pizza250,2hop,OEQA,DomainConcept; Food; Pizza,true,natural_language_duplicate_candidate_requires_review,5
f1e694ef0b436656616dcc44d3952a53946a92f54b6e3b9cee7f74e20d9dd82f,NL,5862,Pizza250,2hop,OEQA,DomainConcept; Food; Pizza,true,natural_language_duplicate_candidate_requires_review,5
f28de714e6da1957b70ae9d3cddc1620e68520722f4a12c33206ee16e46dedab,NL,4299,Pizza100,2hop,BQA,TRUE,true,natural_language_duplicate_candidate_requires_review,7
f28de714e6da1957b70ae9d3cddc1620e68520722f4a12c33206ee16e46dedab,NL,4303,Pizza100,2hop,BQA,TRUE,true,natural_language_duplicate_candidate_requires_review,7
f28de714e6da1957b70ae9d3cddc1620e68520722f4a12c33206ee16e46dedab,NL,4309,Pizza100,2hop,BQA,TRUE,true,natural_language_duplicate_candidate_requires_review,7
f28de714e6da1957b70ae9d3cddc1620e68520722f4a12c33206ee16e46dedab,NL,4313,Pizza100,2hop,BQA,TRUE,true,natural_language_duplicate_candidate_requires_review,7
f28de714e6da1957b70ae9d3cddc1620e68520722f4a12c33206ee16e46dedab,NL,4315,Pizza100,2hop,BQA,TRUE,true,natural_language_duplicate_candidate_requires_review,7
f28de714e6da1957b70ae9d3cddc1620e68520722f4a12c33206ee16e46dedab,NL,5416,Pizza250,2hop,BQA,TRUE,true,natural_language_duplicate_candidate_requires_review,7
f28de714e6da1957b70ae9d3cddc1620e68520722f4a12c33206ee16e46dedab,NL,5418,Pizza250,2hop,BQA,TRUE,true,natural_language_duplicate_candidate_requires_review,7
f2a0960e3d302f79abd54e215c128318182dd40a9caab9d00b03643b782cdd43,NL,4242,Pizza100,1hop,OEQA,DomainConcept; Food; Pizza,true,natural_language_duplicate_candidate_requires_review,7
f2a0960e3d302f79abd54e215c128318182dd40a9caab9d00b03643b782cdd43,NL,4244,Pizza100,1hop,OEQA,DomainConcept; Food; Pizza,true,natural_language_duplicate_candidate_requires_review,7
f2a0960e3d302f79abd54e215c128318182dd40a9caab9d00b03643b782cdd43,NL,5348,Pizza250,1hop,OEQA,DomainConcept; Food; Pizza,true,natural_language_duplicate_candidate_requires_review,7
f2a0960e3d302f79abd54e215c128318182dd40a9caab9d00b03643b782cdd43,NL,5349,Pizza250,1hop,OEQA,DomainConcept; Food; Pizza,true,natural_language_duplicate_candidate_requires_review,7
f2a0960e3d302f79abd54e215c128318182dd40a9caab9d00b03643b782cdd43,NL,5352,Pizza250,1hop,OEQA,DomainConcept; Food; Pizza,true,natural_language_duplicate_candidate_requires_review,7
f2a0960e3d302f79abd54e215c128318182dd40a9caab9d00b03643b782cdd43,NL,5353,Pizza250,1hop,OEQA,DomainConcept; Food; Pizza,true,natural_language_duplicate_candidate_requires_review,7
f2a0960e3d302f79abd54e215c128318182dd40a9caab9d00b03643b782cdd43,NL,5355,Pizza250,1hop,OEQA,DomainConcept; Food; Pizza,true,natural_language_duplicate_candidate_requires_review,7
f35593fb3caa8c4b795ec7be57f05c9d013d645b407316dd70928cb591bdef2a,NL,4690,Pizza100,2hop,OEQA,AsparagusTopping_dynamic_1; HamTopping_dynamic_1; MozzarellaTopping_dynamic_1; ParmesanTopping_dynamic_1; TomatoTopping_dynamic_1,true,natural_language_duplicate_candidate_requires_review,3
f35593fb3caa8c4b795ec7be57f05c9d013d645b407316dd70928cb591bdef2a,NL,5902,Pizza250,2hop,OEQA,AsparagusTopping_dynamic_1; HamTopping_dynamic_1; MozzarellaTopping_dynamic_1; ParmesanTopping_dynamic_1; TomatoTopping_dynamic_1,true,natural_language_duplicate_candidate_requires_review,3
f35593fb3caa8c4b795ec7be57f05c9d013d645b407316dd70928cb591bdef2a,NL,5908,Pizza250,2hop,OEQA,AsparagusTopping_dynamic_1; HamTopping_dynamic_1; MozzarellaTopping_dynamic_1; ParmesanTopping_dynamic_1; TomatoTopping_dynamic_1,true,natural_language_duplicate_candidate_requires_review,3
f3989c3b3df33113a330ffd7f5f64b8c44dbdf4b8e633aaf807f59c646fd53fe,NL,4028,Pizza100,1hop,BQA,FALSE,true,natural_language_duplicate_candidate_requires_review,7
f3989c3b3df33113a330ffd7f5f64b8c44dbdf4b8e633aaf807f59c646fd53fe,NL,4034,Pizza100,1hop,BQA,FALSE,true,natural_language_duplicate_candidate_requires_review,7
f3989c3b3df33113a330ffd7f5f64b8c44dbdf4b8e633aaf807f59c646fd53fe,NL,5068,Pizza250,1hop,BQA,FALSE,true,natural_language_duplicate_candidate_requires_review,7
f3989c3b3df33113a330ffd7f5f64b8c44dbdf4b8e633aaf807f59c646fd53fe,NL,5072,Pizza250,1hop,BQA,FALSE,true,natural_language_duplicate_candidate_requires_review,7
f3989c3b3df33113a330ffd7f5f64b8c44dbdf4b8e633aaf807f59c646fd53fe,NL,5074,Pizza250,1hop,BQA,FALSE,true,natural_language_duplicate_candidate_requires_review,7
f3989c3b3df33113a330ffd7f5f64b8c44dbdf4b8e633aaf807f59c646fd53fe,NL,5082,Pizza250,1hop,BQA,FALSE,true,natural_language_duplicate_candidate_requires_review,7
f3989c3b3df33113a330ffd7f5f64b8c44dbdf4b8e633aaf807f59c646fd53fe,NL,5088,Pizza250,1hop,BQA,FALSE,true,natural_language_duplicate_candidate_requires_review,7
f4714e6582f2143336793ba9b9e651d46bdd51369251eaa2ef334b8f62e3c5d5,NL,4181,Pizza100,1hop,OEQA,AnchoviesTopping_dynamic_1; CaperTopping_dynamic_1; MozzarellaTopping_dynamic_1; OliveTopping_dynamic_1; TomatoTopping_dynamic_1,true,natural_language_duplicate_candidate_requires_review,5
f4714e6582f2143336793ba9b9e651d46bdd51369251eaa2ef334b8f62e3c5d5,NL,5282,Pizza250,1hop,OEQA,AnchoviesTopping_dynamic_1; CaperTopping_dynamic_1; MozzarellaTopping_dynamic_1; OliveTopping_dynamic_1; TomatoTopping_dynamic_1,true,natural_language_duplicate_candidate_requires_review,5
f4714e6582f2143336793ba9b9e651d46bdd51369251eaa2ef334b8f62e3c5d5,NL,5284,Pizza250,1hop,OEQA,AnchoviesTopping_dynamic_1; CaperTopping_dynamic_1; MozzarellaTopping_dynamic_1; OliveTopping_dynamic_1; TomatoTopping_dynamic_1,true,natural_language_duplicate_candidate_requires_review,5
f4714e6582f2143336793ba9b9e651d46bdd51369251eaa2ef334b8f62e3c5d5,NL,5289,Pizza250,1hop,OEQA,AnchoviesTopping_dynamic_1; CaperTopping_dynamic_1; MozzarellaTopping_dynamic_1; OliveTopping_dynamic_1; TomatoTopping_dynamic_1,true,natural_language_duplicate_candidate_requires_review,5
f4714e6582f2143336793ba9b9e651d46bdd51369251eaa2ef334b8f62e3c5d5,NL,5290,Pizza250,1hop,OEQA,AnchoviesTopping_dynamic_1; CaperTopping_dynamic_1; MozzarellaTopping_dynamic_1; OliveTopping_dynamic_1; TomatoTopping_dynamic_1,true,natural_language_duplicate_candidate_requires_review,5
f4e71ab4a293293fbff51b7f726d19f1e0bf09900ced84393df5b3bf8eb8c370,NL,4245,Pizza100,1hop,OEQA,GarlicTopping_dynamic_1; MozzarellaTopping_dynamic_1; OliveTopping_dynamic_1; ParmesanTopping_dynamic_1; RocketTopping_dynamic_1; TomatoTopping_dynamic_1,true,natural_language_duplicate_candidate_requires_review,2
f4e71ab4a293293fbff51b7f726d19f1e0bf09900ced84393df5b3bf8eb8c370,NL,5350,Pizza250,1hop,OEQA,GarlicTopping_dynamic_1; MozzarellaTopping_dynamic_1; OliveTopping_dynamic_1; ParmesanTopping_dynamic_1; RocketTopping_dynamic_1; TomatoTopping_dynamic_1,true,natural_language_duplicate_candidate_requires_review,2
f54a9f456867495f1e8d7e8bc55df741ee79b63a613e928cd597874cc9a247ee,FS,4042,Pizza100,1hop,BQA,FALSE,true,formal_duplicate_candidate_requires_review,2
f54a9f456867495f1e8d7e8bc55df741ee79b63a613e928cd597874cc9a247ee,FS,5108,Pizza250,1hop,BQA,FALSE,true,formal_duplicate_candidate_requires_review,2
f6d753cc24cd3d29dd5333843366aba33464264f54725ea666fa8024109b4f06,NL,5640,Pizza250,2hop,BQA,TRUE,true,natural_language_duplicate_candidate_requires_review,3
f6d753cc24cd3d29dd5333843366aba33464264f54725ea666fa8024109b4f06,NL,5644,Pizza250,2hop,BQA,TRUE,true,natural_language_duplicate_candidate_requires_review,3
f6d753cc24cd3d29dd5333843366aba33464264f54725ea666fa8024109b4f06,NL,5650,Pizza250,2hop,BQA,TRUE,true,natural_language_duplicate_candidate_requires_review,3
f7165608425abd5e712103b7418891c5682b0fcdc720c12d42a2cfbc5d87dd13,NL,3873,Pizza100,1hop,BQA,TRUE,true,natural_language_duplicate_candidate_requires_review,3
f7165608425abd5e712103b7418891c5682b0fcdc720c12d42a2cfbc5d87dd13,NL,4881,Pizza250,1hop,BQA,TRUE,true,natural_language_duplicate_candidate_requires_review,3
f7165608425abd5e712103b7418891c5682b0fcdc720c12d42a2cfbc5d87dd13,NL,4889,Pizza250,1hop,BQA,TRUE,true,natural_language_duplicate_candidate_requires_review,3
f7933ea20cf39b229932ace99aa1dea2ae58539d3cd8a06e6d4aca4726ccbd7f,NL,4675,Pizza100,2hop,OEQA,MozzarellaTopping_dynamic_1; MushroomTopping_dynamic_1; TomatoTopping_dynamic_1,true,natural_language_duplicate_candidate_requires_review,5
f7933ea20cf39b229932ace99aa1dea2ae58539d3cd8a06e6d4aca4726ccbd7f,NL,4678,Pizza100,2hop,OEQA,MozzarellaTopping_dynamic_1; MushroomTopping_dynamic_1; TomatoTopping_dynamic_1,true,natural_language_duplicate_candidate_requires_review,5
f7933ea20cf39b229932ace99aa1dea2ae58539d3cd8a06e6d4aca4726ccbd7f,NL,5884,Pizza250,2hop,OEQA,MozzarellaTopping_dynamic_1; MushroomTopping_dynamic_1; TomatoTopping_dynamic_1,true,natural_language_duplicate_candidate_requires_review,5
f7933ea20cf39b229932ace99aa1dea2ae58539d3cd8a06e6d4aca4726ccbd7f,NL,5889,Pizza250,2hop,OEQA,MozzarellaTopping_dynamic_1; MushroomTopping_dynamic_1; TomatoTopping_dynamic_1,true,natural_language_duplicate_candidate_requires_review,5
f7933ea20cf39b229932ace99aa1dea2ae58539d3cd8a06e6d4aca4726ccbd7f,NL,5891,Pizza250,2hop,OEQA,MozzarellaTopping_dynamic_1; MushroomTopping_dynamic_1; TomatoTopping_dynamic_1,true,natural_language_duplicate_candidate_requires_review,5
f7f6d5b14b9edb432547fdb853a8ac4ba3052098e35b2b723e6184ced132d9a1,NL,4286,Pizza100,2hop,BQA,FALSE,true,natural_language_duplicate_candidate_requires_review,3
f7f6d5b14b9edb432547fdb853a8ac4ba3052098e35b2b723e6184ced132d9a1,NL,5389,Pizza250,2hop,BQA,FALSE,true,natural_language_duplicate_candidate_requires_review,3
f7f6d5b14b9edb432547fdb853a8ac4ba3052098e35b2b723e6184ced132d9a1,NL,5401,Pizza250,2hop,BQA,FALSE,true,natural_language_duplicate_candidate_requires_review,3
f80a70b10840996596aa0b1bff68382572d11faeab2303919d544ad441afa934,NL,4599,Pizza100,2hop,OEQA,MozzarellaTopping_dynamic_1; PeperoniSausageTopping_dynamic_1; TomatoTopping_dynamic_1,true,natural_language_duplicate_candidate_requires_review,5
f80a70b10840996596aa0b1bff68382572d11faeab2303919d544ad441afa934,NL,4602,Pizza100,2hop,OEQA,MozzarellaTopping_dynamic_1; PeperoniSausageTopping_dynamic_1; TomatoTopping_dynamic_1,true,natural_language_duplicate_candidate_requires_review,5
f80a70b10840996596aa0b1bff68382572d11faeab2303919d544ad441afa934,NL,4607,Pizza100,2hop,OEQA,MozzarellaTopping_dynamic_1; PeperoniSausageTopping_dynamic_1; TomatoTopping_dynamic_1,true,natural_language_duplicate_candidate_requires_review,5
f80a70b10840996596aa0b1bff68382572d11faeab2303919d544ad441afa934,NL,4611,Pizza100,2hop,OEQA,MozzarellaTopping_dynamic_1; PeperoniSausageTopping_dynamic_1; TomatoTopping_dynamic_1,true,natural_language_duplicate_candidate_requires_review,5
f80a70b10840996596aa0b1bff68382572d11faeab2303919d544ad441afa934,NL,5807,Pizza250,2hop,OEQA,MozzarellaTopping_dynamic_1; PeperoniSausageTopping_dynamic_1; TomatoTopping_dynamic_1,true,natural_language_duplicate_candidate_requires_review,5
f83c0809536ab8e14ca253ca59ff6fc025533cc34c561cedf2a119003e3bcda8,NL,4059,Pizza100,1hop,BQA,TRUE,true,natural_language_duplicate_candidate_requires_review,6
f83c0809536ab8e14ca253ca59ff6fc025533cc34c561cedf2a119003e3bcda8,NL,5111,Pizza250,1hop,BQA,TRUE,true,natural_language_duplicate_candidate_requires_review,6
f83c0809536ab8e14ca253ca59ff6fc025533cc34c561cedf2a119003e3bcda8,NL,5113,Pizza250,1hop,BQA,TRUE,true,natural_language_duplicate_candidate_requires_review,6
f83c0809536ab8e14ca253ca59ff6fc025533cc34c561cedf2a119003e3bcda8,NL,5115,Pizza250,1hop,BQA,TRUE,true,natural_language_duplicate_candidate_requires_review,6
f83c0809536ab8e14ca253ca59ff6fc025533cc34c561cedf2a119003e3bcda8,NL,5117,Pizza250,1hop,BQA,TRUE,true,natural_language_duplicate_candidate_requires_review,6
f83c0809536ab8e14ca253ca59ff6fc025533cc34c561cedf2a119003e3bcda8,NL,5133,Pizza250,1hop,BQA,TRUE,true,natural_language_duplicate_candidate_requires_review,6
f862277c788081da632a7027b790e14a44266e656721c76b170da9bc94e61584,NL,4325,Pizza100,2hop,BQA,TRUE,true,natural_language_duplicate_candidate_requires_review,4
f862277c788081da632a7027b790e14a44266e656721c76b170da9bc94e61584,NL,5430,Pizza250,2hop,BQA,TRUE,true,natural_language_duplicate_candidate_requires_review,4
f862277c788081da632a7027b790e14a44266e656721c76b170da9bc94e61584,NL,5440,Pizza250,2hop,BQA,TRUE,true,natural_language_duplicate_candidate_requires_review,4
f862277c788081da632a7027b790e14a44266e656721c76b170da9bc94e61584,NL,5442,Pizza250,2hop,BQA,TRUE,true,natural_language_duplicate_candidate_requires_review,4
f9e2886d25ddee371269739834c8ca99931a3fc7107c303bdec31ef7c33ff35f,NL,5076,Pizza250,1hop,BQA,FALSE,true,natural_language_duplicate_candidate_requires_review,2
f9e2886d25ddee371269739834c8ca99931a3fc7107c303bdec31ef7c33ff35f,NL,5086,Pizza250,1hop,BQA,FALSE,true,natural_language_duplicate_candidate_requires_review,2
fa12d16f5f24ab9474de9067c96199366d9cf58a66dfbca5c928cb0c5c85914e,NL,3990,Pizza100,1hop,BQA,FALSE,true,natural_language_duplicate_candidate_requires_review,6
fa12d16f5f24ab9474de9067c96199366d9cf58a66dfbca5c928cb0c5c85914e,NL,3994,Pizza100,1hop,BQA,FALSE,true,natural_language_duplicate_candidate_requires_review,6
fa12d16f5f24ab9474de9067c96199366d9cf58a66dfbca5c928cb0c5c85914e,NL,4000,Pizza100,1hop,BQA,FALSE,true,natural_language_duplicate_candidate_requires_review,6
fa12d16f5f24ab9474de9067c96199366d9cf58a66dfbca5c928cb0c5c85914e,NL,5032,Pizza250,1hop,BQA,FALSE,true,natural_language_duplicate_candidate_requires_review,6
fa12d16f5f24ab9474de9067c96199366d9cf58a66dfbca5c928cb0c5c85914e,NL,5038,Pizza250,1hop,BQA,FALSE,true,natural_language_duplicate_candidate_requires_review,6
fa12d16f5f24ab9474de9067c96199366d9cf58a66dfbca5c928cb0c5c85914e,NL,5042,Pizza250,1hop,BQA,FALSE,true,natural_language_duplicate_candidate_requires_review,6
fc36d2074e575bc2336c42034ed9a912d9a71dd040a418d67ead5b1d3ae27d7e,NL,5822,Pizza250,2hop,OEQA,AnchoviesTopping_dynamic_1; CaperTopping_dynamic_1; HamTopping_dynamic_1; MozzarellaTopping_dynamic_1; OliveTopping_dynamic_1; PeperonataTopping_dynamic_1; TomatoTopping_dynamic_1,true,natural_language_duplicate_candidate_requires_review,2
fc36d2074e575bc2336c42034ed9a912d9a71dd040a418d67ead5b1d3ae27d7e,NL,5828,Pizza250,2hop,OEQA,AnchoviesTopping_dynamic_1; CaperTopping_dynamic_1; HamTopping_dynamic_1; MozzarellaTopping_dynamic_1; OliveTopping_dynamic_1; PeperonataTopping_dynamic_1; TomatoTopping_dynamic_1,true,natural_language_duplicate_candidate_requires_review,2
fc6358b450b86089785538e2aa3197c23eab962a2005ef635791110ca4c4768e,NL,3996,Pizza100,1hop,BQA,FALSE,true,natural_language_duplicate_candidate_requires_review,2
fc6358b450b86089785538e2aa3197c23eab962a2005ef635791110ca4c4768e,NL,4004,Pizza100,1hop,BQA,FALSE,true,natural_language_duplicate_candidate_requires_review,2
fc9a0fed3e8c12cd1352a095b2b7ef52e1c4919ea11fb2b215a57da6390a9671,FS,4041,Pizza100,1hop,BQA,TRUE,true,formal_duplicate_candidate_requires_review,2
fc9a0fed3e8c12cd1352a095b2b7ef52e1c4919ea11fb2b215a57da6390a9671,FS,5107,Pizza250,1hop,BQA,TRUE,true,formal_duplicate_candidate_requires_review,2
fcd0471b1fb4beb1496f204e9238774e05418501f61da467c57f7e69c05ebc4d,NL,4639,Pizza100,2hop,OEQA,AnchoviesTopping_dynamic_1; CaperTopping_dynamic_1; MozzarellaTopping_dynamic_1; MushroomTopping_dynamic_1; OliveTopping_dynamic_1; PeperoniSausageTopping_dynamic_1; TomatoTopping_dynamic_1,true,natural_language_duplicate_candidate_requires_review,5
fcd0471b1fb4beb1496f204e9238774e05418501f61da467c57f7e69c05ebc4d,NL,5842,Pizza250,2hop,OEQA,AnchoviesTopping_dynamic_1; CaperTopping_dynamic_1; MozzarellaTopping_dynamic_1; MushroomTopping_dynamic_1; OliveTopping_dynamic_1; PeperoniSausageTopping_dynamic_1; TomatoTopping_dynamic_1,true,natural_language_duplicate_candidate_requires_review,5
fcd0471b1fb4beb1496f204e9238774e05418501f61da467c57f7e69c05ebc4d,NL,5844,Pizza250,2hop,OEQA,AnchoviesTopping_dynamic_1; CaperTopping_dynamic_1; MozzarellaTopping_dynamic_1; MushroomTopping_dynamic_1; OliveTopping_dynamic_1; PeperoniSausageTopping_dynamic_1; TomatoTopping_dynamic_1,true,natural_language_duplicate_candidate_requires_review,5
fcd0471b1fb4beb1496f204e9238774e05418501f61da467c57f7e69c05ebc4d,NL,5847,Pizza250,2hop,OEQA,AnchoviesTopping_dynamic_1; CaperTopping_dynamic_1; MozzarellaTopping_dynamic_1; MushroomTopping_dynamic_1; OliveTopping_dynamic_1; PeperoniSausageTopping_dynamic_1; TomatoTopping_dynamic_1,true,natural_language_duplicate_candidate_requires_review,5
fcd0471b1fb4beb1496f204e9238774e05418501f61da467c57f7e69c05ebc4d,NL,5849,Pizza250,2hop,OEQA,AnchoviesTopping_dynamic_1; CaperTopping_dynamic_1; MozzarellaTopping_dynamic_1; MushroomTopping_dynamic_1; OliveTopping_dynamic_1; PeperoniSausageTopping_dynamic_1; TomatoTopping_dynamic_1,true,natural_language_duplicate_candidate_requires_review,5
fd10773c580da8db2e71cbe180573310c6e586b39ce7cd3c2f229c94451a7a6c,NL,4580,Pizza100,2hop,BQA,FALSE,true,natural_language_duplicate_candidate_requires_review,2
fd10773c580da8db2e71cbe180573310c6e586b39ce7cd3c2f229c94451a7a6c,NL,5773,Pizza250,2hop,BQA,FALSE,true,natural_language_duplicate_candidate_requires_review,2
fda97915fe56279833ae5eb8d4645c003beeb1c40565747d29d1f561f9b0349b,NL,2094,FamilyOWL,2hop,BQA,FALSE,true,natural_language_duplicate_candidate_requires_review,2
fda97915fe56279833ae5eb8d4645c003beeb1c40565747d29d1f561f9b0349b,NL,2096,FamilyOWL,2hop,BQA,FALSE,true,natural_language_duplicate_candidate_requires_review,2
ffbb05cb07f09172df2649c2054bb5703695236589a098e3038189a34a9467a3,NL,4331,Pizza100,2hop,BQA,TRUE,true,natural_language_duplicate_candidate_requires_review,6
ffbb05cb07f09172df2649c2054bb5703695236589a098e3038189a34a9467a3,NL,5444,Pizza250,2hop,BQA,TRUE,true,natural_language_duplicate_candidate_requires_review,6
ffbb05cb07f09172df2649c2054bb5703695236589a098e3038189a34a9467a3,NL,5448,Pizza250,2hop,BQA,TRUE,true,natural_language_duplicate_candidate_requires_review,6
ffbb05cb07f09172df2649c2054bb5703695236589a098e3038189a34a9467a3,NL,5452,Pizza250,2hop,BQA,TRUE,true,natural_language_duplicate_candidate_requires_review,6
ffbb05cb07f09172df2649c2054bb5703695236589a098e3038189a34a9467a3,NL,5456,Pizza250,2hop,BQA,TRUE,true,natural_language_duplicate_candidate_requires_review,6
ffbb05cb07f09172df2649c2054bb5703695236589a098e3038189a34a9467a3,NL,5460,Pizza250,2hop,BQA,TRUE,true,natural_language_duplicate_candidate_requires_review,6
