input_hash,representation,classification,classification_label,rationale,row_count,task_ids,datasets,hops,task_groups,semantic_keys,formal_queries,gold_answer,aggregate_weighting_effect
003cea31e40dadfc372dfc57fe00779ce939ad6d6bc03901c6e02b81835139c0,AR,B,exact duplicated semantic question,exact duplicated semantic question across hop-specific benchmark instances,2,6118;7601,OWL2Bench,1hop;2hop,BQA,sem-v1.1-18f3d6f0657ff6dea029fe8fe630faac0d8960a8ff98a4393f3d83d4955892d6;sem-v1.1-38cb7e7d26589e7fc13291c73fd4287f9dbce51db7931415cb996728d7659cbc,"[""ASK WHERE { <http://www.example.com/genealogy.owl#Man_9> <http://www.w3.org/1999/02/22-rdf-syntax-ns#type> <http://www.example.com/genealogy.owl#Person> }"", ""ASK WHERE { <http://www.example.com/genealogy.owl#Man_9> <http://www.w3.org/1999/02/22-rdf-syntax-ns#type> <http://www.example.com/genealogy.owl#Person> }""]",TRUE,counts the identical evaluated input 2 times in per-row aggregate evaluation
009d886fbfe62a36b4c5717353288a3fb9463bdf84f5bdeb47c44ca81976eac3,NL,C,representational collapse,distinct formal questions collapse to one evaluated representation,3,6419;6433;6449,OWL2Bench,1hop,BQA,sem-v1.1-fc4d6ec1cde9477b757973bb92baec87565e97a3f8be8cd38cf3441156693293;sem-v1.1-c8a5f5168da399ac30217e39610e2df3af033632f6edb8b7161e936ce1734536;sem-v1.1-02becc27e2e817aab112dd8ef80d02f7381c0c170baa73e450efaba3cb0f6aa4,"[""ASK WHERE { <http://www.example.com/genealogy.owl#Student_21> <http://www.example.com/genealogy.owl#hasDoctoralDegreeFrom> <http://www.example.com/genealogy.owl#Student_21> }"", ""ASK WHERE { <http://www.example.com/genealogy.owl#Student_37> <http://www.example.com/genealogy.owl#hasDoctoralDegreeFrom> <http://www.example.com/genealogy.owl#Student_37> }"", ""ASK WHERE { <http://www.example.com/genealogy.owl#Student_9> <http://www.example.com/genealogy.owl#hasDoctoralDegreeFrom> <http://www.example.com/genealogy.owl#Student_9> }""]",FALSE,counts the identical evaluated input 3 times in per-row aggregate evaluation
01f4b2913b11694360ad5704dc43f91266f93908de95e209bb058ac91ea58e53,FS,D,other,incidental cross-dataset duplicate with the same formal query and gold semantics; no evidence it was intentionally duplicated,2,4146;5240,Pizza100;Pizza250,1hop,OEQA,sem-v1.1-b1607318de8ee3325f9c0530b586d65ba07710af12ec44d9f4ff5debd0d50169;sem-v1.1-7397fc188ea6f4813ccbeed1f8d6155832fa00c5a18174f54180917d5875ffab,"[""SELECT ?x WHERE { <http://www.example.com/genealogy.owl#FourSeasons_88> <http://www.example.com/genealogy.owl#hasTopping> ?x }"", ""SELECT ?x WHERE { <http://www.example.com/genealogy.owl#FourSeasons_88> <http://www.example.com/genealogy.owl#hasTopping> ?x }""]",AnchoviesTopping_dynamic_1; CaperTopping_dynamic_1; MozzarellaTopping_dynamic_1; MushroomTopping_dynamic_1; OliveTopping_dynamic_1; PeperoniSausageTopping_dynamic_1; TomatoTopping_dynamic_1,counts the identical evaluated input 2 times in per-row aggregate evaluation
0272019dfc846f2bbdcab40af106a7c83f462b3314d6095bff820ddeac2327aa,NL,C,representational collapse,distinct formal questions collapse to one evaluated representation,5,4722;4725;5946;5950;5952,Pizza100;Pizza250,2hop,OEQA,sem-v1.1-95bba78788a35d9660e084cbc2bf011fbda704f35e42623ddf253603f0d8ad80;sem-v1.1-1c5f0a76064838f7fe5357549e2796375006d392578788835a208688aab7d61b;sem-v1.1-f9047c9e6a89896ad57c8a4f80bde35753e797775feabff880c46672f26cc805;sem-v1.1-330b5b11a0ae5d6ec1e081f683d8af04dda054cc9f02c4e06b1c40c43d3ede99;sem-v1.1-9baa970781688a990babe5fa06a14ea07aace97be91228fd41a8d015af58afee,"[""SELECT ?x WHERE { <http://www.example.com/genealogy.owl#Siciliana_47> <http://www.w3.org/1999/02/22-rdf-syntax-ns#type> ?x }"", ""SELECT ?x WHERE { <http://www.example.com/genealogy.owl#Siciliana_61> <http://www.w3.org/1999/02/22-rdf-syntax-ns#type> ?x }"", ""SELECT ?x WHERE { <http://www.example.com/genealogy.owl#Siciliana_0> <http://www.w3.org/1999/02/22-rdf-syntax-ns#type> ?x }"", ""SELECT ?x WHERE { <http://www.example.com/genealogy.owl#Siciliana_164> <http://www.w3.org/1999/02/22-rdf-syntax-ns#type> ?x }"", ""SELECT ?x WHERE { <http://www.example.com/genealogy.owl#Siciliana_167> <http://www.w3.org/1999/02/22-rdf-syntax-ns#type> ?x }""]",DomainConcept; Food; Pizza,counts the identical evaluated input 5 times in per-row aggregate evaluation
02acc208abffced57ac261afd20ad50445539013f2437aadc0cb954a909646e6,NL,C,representational collapse,distinct formal questions collapse to one evaluated representation,2,4741;5975,Pizza100;Pizza250,2hop,OEQA,sem-v1.1-df12e751705f03d5f99b38672c950f620fc6cc263529f7e284f3f454fb49df90;sem-v1.1-1127d3cb4d8c4ea1f9fd016361615f6cbdfd12eb358a5e1f4ebd1301bf4abe10,"[""SELECT ?x WHERE { <http://www.example.com/genealogy.owl#Veneziana_48> <http://www.example.com/genealogy.owl#hasTopping> ?x }"", ""SELECT ?x WHERE { <http://www.example.com/genealogy.owl#Veneziana_213> <http://www.example.com/genealogy.owl#hasTopping> ?x }""]",CaperTopping_dynamic_1; MozzarellaTopping_dynamic_1; OliveTopping_dynamic_1; OnionTopping_dynamic_1; PineKernels_dynamic_1; SultanaTopping_dynamic_1; TomatoTopping_dynamic_1,counts the identical evaluated input 2 times in per-row aggregate evaluation
034ce4aaf9ed74865378d6ae73bf67e8c0feb7c0e5dfa861cd954cae1e14c307,NL,C,representational collapse,distinct formal questions collapse to one evaluated representation,5,3961;3965;4983;4987;4989,Pizza100;Pizza250,1hop,BQA,sem-v1.1-3ebe6dc80ae64356e5008f740763ad10aeb3e4eff6e31a3ccec0f6afa876f098;sem-v1.1-cb99b01e02a842334477f7249d845de0a9d6eb1d2a28066a33da152734648f21;sem-v1.1-2a78a4d040fa9c4a120d6faa09baada7028792f578dc7416877b204238d37d21;sem-v1.1-5f4af8b400e2534253009d3b1f7ab4ec2ef67889dc6e578d0cabf68f6550bfd2;sem-v1.1-f89035298194a045b67c3d4d8cb5b8b280264b1e1b3547835913218f67d33984,"[""ASK WHERE { <http://www.example.com/genealogy.owl#Napoletana_30> <http://www.w3.org/1999/02/22-rdf-syntax-ns#type> <http://www.example.com/genealogy.owl#American> }"", ""ASK WHERE { <http://www.example.com/genealogy.owl#Napoletana_51> <http://www.w3.org/1999/02/22-rdf-syntax-ns#type> <http://www.example.com/genealogy.owl#American> }"", ""ASK WHERE { <http://www.example.com/genealogy.owl#Napoletana_151> <http://www.w3.org/1999/02/22-rdf-syntax-ns#type> <http://www.example.com/genealogy.owl#American> }"", ""ASK WHERE { <http://www.example.com/genealogy.owl#Napoletana_195> <http://www.w3.org/1999/02/22-rdf-syntax-ns#type> <http://www.example.com/genealogy.owl#American> }"", ""ASK WHERE { <http://www.example.com/genealogy.owl#Napoletana_248> <http://www.w3.org/1999/02/22-rdf-syntax-ns#type> <http://www.example.com/genealogy.owl#American> }""]",FALSE,counts the identical evaluated input 5 times in per-row aggregate evaluation
034fa703a68833648a0f08ce0eb96029da14125a6a30aff358eccfdea8839390,NL,D,other,incidental cross-dataset duplicate with the same formal query and gold semantics; no evidence it was intentionally duplicated,2,4104;5176,Pizza100;Pizza250,1hop,OEQA,sem-v1.1-58a80fcca108ee2e210a6bb3a28f959c482eb2cd53a2dd5e2737a09fa7ce6fcf;sem-v1.1-5ea7e4ba0896e89868dcb286ddc363d424354ae3420c0975aa0d987379c90226,"[""SELECT ?x WHERE { <http://www.example.com/genealogy.owl#MixedSeafoodTopping_dynamic_1> <http://www.w3.org/1999/02/22-rdf-syntax-ns#type> ?x }"", ""SELECT ?x WHERE { <http://www.example.com/genealogy.owl#MixedSeafoodTopping_dynamic_1> <http://www.w3.org/1999/02/22-rdf-syntax-ns#type> ?x }""]",DomainConcept; FishTopping; Food; PizzaTopping,counts the identical evaluated input 2 times in per-row aggregate evaluation
038cecf0ae592626aab549d8f951fda1b32e0fb5f728bcae99b86d5fe9431572,NL,C,representational collapse,distinct formal questions collapse to one evaluated representation,2,4581;5774,Pizza100;Pizza250,2hop,BQA,sem-v1.1-af640378ceef59ee4d4a5a27669e66a7b9ffce651d610ac1ba24af3c79836df5;sem-v1.1-35177729b5ccc17147f1582a09bc3f9a13cb828981801361ad145a0c09376d86,"[""ASK WHERE { <http://www.example.com/genealogy.owl#RosemaryTopping_dynamic_1> <http://www.example.com/genealogy.owl#isToppingOf> <http://www.example.com/genealogy.owl#PrinceCarlo_24> }"", ""ASK WHERE { <http://www.example.com/genealogy.owl#RosemaryTopping_dynamic_1> <http://www.example.com/genealogy.owl#isToppingOf> <http://www.example.com/genealogy.owl#PrinceCarlo_100> }""]",TRUE,counts the identical evaluated input 2 times in per-row aggregate evaluation
043ccd1c1473b4ae4636dcd21dda68f87927892c66b07223b10c6acb447a3143,NL,C,representational collapse,distinct formal questions collapse to one evaluated representation,2,4847;4853,Pizza250,1hop,BQA,sem-v1.1-ddbd91b28e68fc8154169909099ad75c5ce3d42537efd3853e5c86ac5cc25934;sem-v1.1-2c85489fcbb1159d33d649e57cc8b42cdc47269f645b57ad3d65165db98b3ea1,"[""ASK WHERE { <http://www.example.com/genealogy.owl#Capricciosa_202> <http://www.example.com/genealogy.owl#hasTopping> <http://www.example.com/genealogy.owl#AnchoviesTopping_dynamic_1> }"", ""ASK WHERE { <http://www.example.com/genealogy.owl#Capricciosa_72> <http://www.example.com/genealogy.owl#hasTopping> <http://www.example.com/genealogy.owl#AnchoviesTopping_dynamic_1> }""]",TRUE,counts the identical evaluated input 2 times in per-row aggregate evaluation
048cf654eaf32e543822dc1e9f30087219206b9851b3c4127bb0cef8e2c7cc5d,NL,C,representational collapse,distinct formal questions collapse to one evaluated representation,2,4644;5860,Pizza100;Pizza250,2hop,OEQA,sem-v1.1-7a46010e503a198265b3438e09d36bc484229b991e1ceb42f75c3963a839f559;sem-v1.1-d776e14f3aa30bda2a71d4a7a21479704c6decd79c603e721036cb0c19afdf9f,"[""SELECT ?x WHERE { <http://www.example.com/genealogy.owl#FruttiDiMare_15> <http://www.w3.org/1999/02/22-rdf-syntax-ns#type> ?x }"", ""SELECT ?x WHERE { <http://www.example.com/genealogy.owl#FruttiDiMare_37> <http://www.w3.org/1999/02/22-rdf-syntax-ns#type> ?x }""]",DomainConcept; Food; Pizza,counts the identical evaluated input 2 times in per-row aggregate evaluation
04965d2f2d3c857c1bf2bb5d960bebe06a2af5086f1e5f06ce2657418bce4ea9,NL,C,representational collapse,distinct formal questions collapse to one evaluated representation,4,4419;4423;5542;5546,Pizza100;Pizza250,2hop,BQA,sem-v1.1-42901334094760f09af4cc86cec8b06078db18a79ae5487f8f47351c44e3a922;sem-v1.1-32bd51c5f045a2bc86fea5ea37fe387e8705ef0b56cb4455a078c9599d732e8d;sem-v1.1-f9d5c403fab2e5aa29731276ae5a7494f15182d1b95503adef8c5da2ceb574d7;sem-v1.1-4fa941ec8796551345cd888f90250f4334a2de47b5dbb4d850017c01334d4cc8,"[""ASK WHERE { <http://www.example.com/genealogy.owl#LaReine_75> <http://www.w3.org/1999/02/22-rdf-syntax-ns#type> <http://www.example.com/genealogy.owl#Food> }"", ""ASK WHERE { <http://www.example.com/genealogy.owl#LaReine_86> <http://www.w3.org/1999/02/22-rdf-syntax-ns#type> <http://www.example.com/genealogy.owl#Food> }"", ""ASK WHERE { <http://www.example.com/genealogy.owl#LaReine_123> <http://www.w3.org/1999/02/22-rdf-syntax-ns#type> <http://www.example.com/genealogy.owl#Food> }"", ""ASK WHERE { <http://www.example.com/genealogy.owl#LaReine_231> <http://www.w3.org/1999/02/22-rdf-syntax-ns#type> <http://www.example.com/genealogy.owl#Food> }""]",TRUE,counts the identical evaluated input 4 times in per-row aggregate evaluation
04ca9c636388b9bbd282d41cc830e33ba69b94334099b4c1c41fab092ae409b3,NL,C,representational collapse,distinct formal questions collapse to one evaluated representation,7,3830;3832;3834;3838;4844;4846;4852,Pizza100;Pizza250,1hop,BQA,sem-v1.1-ff1d20cce439fe1a9249bb9d2dd8bd8d95517d9605589793aa55ad07dff13c1d;sem-v1.1-e50dd820af891ce56f1746473316be3cb5a965fa8ad968301aac5f801dbb4f63;sem-v1.1-47d31e8d5afb405131bce2c9df8ed6461f2c0420b79424b23374426d895c1108;sem-v1.1-9f48d17c86b5f99ff6a0932cae7de8ed73a2d22441b2ca4314c9066a3adae0cd;sem-v1.1-a262899c95cf2ccb86dd1a0e53d53cd6877339cd8221480cefdc858815030a93;sem-v1.1-8610cdbf9342410a43580fe999a4b5a174af1c8a0d19e2b4387829b53b97af9b;sem-v1.1-8a1a2b646f2890c6ecbf6c22ebfe29222dbf55d44548ed8bd662a15ee9713dbe,"[""ASK WHERE { <http://www.example.com/genealogy.owl#Capricciosa_0> <http://www.example.com/genealogy.owl#hasIngredient> <http://www.example.com/genealogy.owl#Capricciosa_0> }"", ""ASK WHERE { <http://www.example.com/genealogy.owl#Capricciosa_22> <http://www.example.com/genealogy.owl#hasIngredient> <http://www.example.com/genealogy.owl#Capricciosa_22> }"", ""ASK WHERE { <http://www.example.com/genealogy.owl#Capricciosa_27> <http://www.example.com/genealogy.owl#hasIngredient> <http://www.example.com/genealogy.owl#Capricciosa_27> }"", ""ASK WHERE { <http://www.example.com/genealogy.owl#Capricciosa_32> <http://www.example.com/genealogy.owl#hasIngredient> <http://www.example.com/genealogy.owl#Capricciosa_32> }"", ""ASK WHERE { <http://www.example.com/genealogy.owl#Capricciosa_125> <http://www.example.com/genealogy.owl#hasIngredient> <http://www.example.com/genealogy.owl#Capricciosa_125> }"", ""ASK WHERE { <http://www.example.com/genealogy.owl#Capricciosa_202> <http://www.example.com/genealogy.owl#hasIngredient> <http://www.example.com/genealogy.owl#Capricciosa_202> }"", ""ASK WHERE { <http://www.example.com/genealogy.owl#Capricciosa_57> <http://www.example.com/genealogy.owl#hasIngredient> <http://www.example.com/genealogy.owl#Capricciosa_57> }""]",FALSE,counts the identical evaluated input 7 times in per-row aggregate evaluation
04fb3306a72789239daead7314341ddd3170eafe27effe6fd11848e1d0c139cc,NL,C,representational collapse,distinct formal questions collapse to one evaluated representation,3,4819;4831;4837,Pizza250,1hop,BQA,sem-v1.1-22b6e62f3e5fe3a48ff70a1b023710ae1c1dac1fa408de4b27f42ef422bade1b;sem-v1.1-97890bd36369adecbd019aefb5e0529752fb81dbe7083ad7c2b1261d669b0316;sem-v1.1-e4eed783b4f5196807e0b52022968958d710f9629acf9eee7f11fbdc2def1743,"[""ASK WHERE { <http://www.example.com/genealogy.owl#Cajun_112> <http://www.w3.org/1999/02/22-rdf-syntax-ns#type> <http://www.example.com/genealogy.owl#American> }"", ""ASK WHERE { <http://www.example.com/genealogy.owl#Cajun_197> <http://www.w3.org/1999/02/22-rdf-syntax-ns#type> <http://www.example.com/genealogy.owl#American> }"", ""ASK WHERE { <http://www.example.com/genealogy.owl#Cajun_229> <http://www.w3.org/1999/02/22-rdf-syntax-ns#type> <http://www.example.com/genealogy.owl#American> }""]",FALSE,counts the identical evaluated input 3 times in per-row aggregate evaluation
05f7c70b2ca165c69919f2619cbf97b154c80089e66f22ae9b18777542666ca6,NL,C,representational collapse,distinct formal questions collapse to one evaluated representation,3,4382;4386;5519,Pizza100;Pizza250,2hop,BQA,sem-v1.1-dd0b56550f13fd4c86b0a1e067603fe6cadc098ff84f4d7551c04b3217210747;sem-v1.1-83a6069c1a9419bb5ba8be148749aa0b16988895736158038d5418a6eb74238f;sem-v1.1-29cfe9225bc45d8a554c54c1d3cf316bff0c771d1b30eff3268326cc5618f305,"[""ASK WHERE { <http://www.example.com/genealogy.owl#FruttiDiMare_13> <http://www.example.com/genealogy.owl#hasTopping> <http://www.example.com/genealogy.owl#AmericanHot_1> }"", ""ASK WHERE { <http://www.example.com/genealogy.owl#FruttiDiMare_36> <http://www.example.com/genealogy.owl#hasTopping> <http://www.example.com/genealogy.owl#AmericanHot_1> }"", ""ASK WHERE { <http://www.example.com/genealogy.owl#FruttiDiMare_214> <http://www.example.com/genealogy.owl#hasTopping> <http://www.example.com/genealogy.owl#AmericanHot_131> }""]",FALSE,counts the identical evaluated input 3 times in per-row aggregate evaluation
0721b370d721d4520917e078ad67e76adb14fb1436b33972b36aec0c40a4ed5b,NL,C,representational collapse,distinct formal questions collapse to one evaluated representation,3,4411;4421;5552,Pizza100;Pizza250,2hop,BQA,sem-v1.1-7ea900a408aa8a2a214f7fe8b166295ac5c3ecd9978f100a42b4ea895e06476a;sem-v1.1-a4ce9ef72570c836a12fef02566d5d45eb1c9dfd2f1c536e0c62234aabee37dc;sem-v1.1-a0163230eeea3b4236e2781ee244b46c56d0dde1be82ef86eed262e7cbd1fe66,"[""ASK WHERE { <http://www.example.com/genealogy.owl#LaReine_58> <http://www.example.com/genealogy.owl#hasTopping> <http://www.example.com/genealogy.owl#HamTopping_dynamic_1> }"", ""ASK WHERE { <http://www.example.com/genealogy.owl#LaReine_86> <http://www.example.com/genealogy.owl#hasTopping> <http://www.example.com/genealogy.owl#HamTopping_dynamic_1> }"", ""ASK WHERE { <http://www.example.com/genealogy.owl#LaReine_59> <http://www.example.com/genealogy.owl#hasTopping> <http://www.example.com/genealogy.owl#HamTopping_dynamic_1> }""]",TRUE,counts the identical evaluated input 3 times in per-row aggregate evaluation
082f830fb13e1a7d710a76a3cf3c6078752800e57260e9e4d30e1439975d229c,NL,C,representational collapse,distinct formal questions collapse to one evaluated representation,2,4420;5549,Pizza100;Pizza250,2hop,BQA,sem-v1.1-8e5d75ca2d9418e7bd6e712aa5dd4054cc1c8b90c83207d3810acfa6790c06d6;sem-v1.1-4abf212e15d593b47cd8198863efc7e7c923a22bfec30512f6b4556eff0347d1,"[""ASK WHERE { <http://www.example.com/genealogy.owl#LaReine_86> <http://www.example.com/genealogy.owl#hasTopping> <http://www.example.com/genealogy.owl#AmericanHot_1> }"", ""ASK WHERE { <http://www.example.com/genealogy.owl#LaReine_49> <http://www.example.com/genealogy.owl#hasTopping> <http://www.example.com/genealogy.owl#AmericanHot_131> }""]",FALSE,counts the identical evaluated input 2 times in per-row aggregate evaluation
09a9f66a249051b66a0c790829cd0773b875410eb4dcc0d32cbd54e4368f9cc2,NL,C,representational collapse,distinct formal questions collapse to one evaluated representation,5,4529;4533;5694;5698;5708,Pizza100;Pizza250,2hop,BQA,sem-v1.1-fa1563a8a33edc1dced68fcbdeb4721b0ad1f4592c74ca819f9a8f114b18de29;sem-v1.1-b2c169bcd867823ae27125dee5a263f04b3e4bcdbced830fb9e5da06aa168b72;sem-v1.1-39d1acc96e60626e439bf02d3df3147978902e73d81061339ee32a7e14731ca4;sem-v1.1-b83ce9e24e42a08d1127aa3d99c09feb62745b8c752978a32b51cc2ef89420e4;sem-v1.1-128c782795a159cf81df025fc8d373a5d2f2a6efdb530655cc5e60523a7cbb5d,"[""ASK WHERE { <http://www.example.com/genealogy.owl#Siciliana_47> <http://www.w3.org/1999/02/22-rdf-syntax-ns#type> <http://www.example.com/genealogy.owl#Food> }"", ""ASK WHERE { <http://www.example.com/genealogy.owl#Siciliana_5> <http://www.w3.org/1999/02/22-rdf-syntax-ns#type> <http://www.example.com/genealogy.owl#Food> }"", ""ASK WHERE { <http://www.example.com/genealogy.owl#Siciliana_154> <http://www.w3.org/1999/02/22-rdf-syntax-ns#type> <http://www.example.com/genealogy.owl#Food> }"", ""ASK WHERE { <http://www.example.com/genealogy.owl#Siciliana_167> <http://www.w3.org/1999/02/22-rdf-syntax-ns#type> <http://www.example.com/genealogy.owl#Food> }"", ""ASK WHERE { <http://www.example.com/genealogy.owl#Siciliana_52> <http://www.w3.org/1999/02/22-rdf-syntax-ns#type> <http://www.example.com/genealogy.owl#Food> }""]",TRUE,counts the identical evaluated input 5 times in per-row aggregate evaluation
0ab8427f990f719e2e52b3c17ef4df3adee621099e3c0cabd145ed2a956eb6ee,NL,C,representational collapse,distinct formal questions collapse to one evaluated representation,3,4663;4669;5877,Pizza100;Pizza250,2hop,OEQA,sem-v1.1-6874ac7209074ebd466f29844df09a8fb0aa879e02af7789294f99297a3a4046;sem-v1.1-ed706405ffa0c32b2df6f768c00a8960d469e0f9a54f3071f2ad5b8e25a14ef4;sem-v1.1-7bc8cc73b077c9302c3d2f0c3d07c23197df7784d771822894eb9f11a6c44dcb,"[""SELECT ?x WHERE { <http://www.example.com/genealogy.owl#Margherita_21> <http://www.w3.org/1999/02/22-rdf-syntax-ns#type> ?x }"", ""SELECT ?x WHERE { <http://www.example.com/genealogy.owl#Margherita_40> <http://www.w3.org/1999/02/22-rdf-syntax-ns#type> ?x }"", ""SELECT ?x WHERE { <http://www.example.com/genealogy.owl#Margherita_150> <http://www.w3.org/1999/02/22-rdf-syntax-ns#type> ?x }""]",DomainConcept; Food; Pizza,counts the identical evaluated input 3 times in per-row aggregate evaluation
0adea0ef0c52543e57895d9929856f10e3f9e8fb67740cec9a585ec8eb611b5a,NL,C,representational collapse,distinct formal questions collapse to one evaluated representation,7,4698;4701;4703;4704;4705;5932;5933,Pizza100;Pizza250,2hop,OEQA,sem-v1.1-6bb8ee395ffd97f2e616ab805af1f0671997b4aa1a377241ad060370bef1cda1;sem-v1.1-f74babb6edd88b54895a652b3c904281abdfb573f433423fca7a3535bb3c8b96;sem-v1.1-8763540ef7b69d63760229d6a23f9c79c6f91fdace3bb545681f05703e382979;sem-v1.1-d0a0b8a5b57ff4c8b3570d64fc2d7dea20414dc79439ba7582a4ce2f089ec95e;sem-v1.1-a286f139d287fc7bc841926d7232ecca085861c874b2df6baceb71f4b552a31a;sem-v1.1-8862366cea722def77d8650eced4297da4ec68829b07ab1b0a3a6a0e22e17c63;sem-v1.1-3995d3011c5bb10148422a3f2b2c3e7aab4e227abd67c762d626f9063dccd985,"[""SELECT ?x WHERE { <http://www.example.com/genealogy.owl#PrinceCarlo_31> <http://www.w3.org/1999/02/22-rdf-syntax-ns#type> ?x }"", ""SELECT ?x WHERE { <http://www.example.com/genealogy.owl#PrinceCarlo_32> <http://www.w3.org/1999/02/22-rdf-syntax-ns#type> ?x }"", ""SELECT ?x WHERE { <http://www.example.com/genealogy.owl#PrinceCarlo_66> <http://www.w3.org/1999/02/22-rdf-syntax-ns#type> ?x }"", ""SELECT ?x WHERE { <http://www.example.com/genealogy.owl#PrinceCarlo_74> <http://www.w3.org/1999/02/22-rdf-syntax-ns#type> ?x }"", ""SELECT ?x WHERE { <http://www.example.com/genealogy.owl#PrinceCarlo_90> <http://www.w3.org/1999/02/22-rdf-syntax-ns#type> ?x }"", ""SELECT ?x WHERE { <http://www.example.com/genealogy.owl#PrinceCarlo_85> <http://www.w3.org/1999/02/22-rdf-syntax-ns#type> ?x }"", ""SELECT ?x WHERE { <http://www.example.com/genealogy.owl#PrinceCarlo_93> <http://www.w3.org/1999/02/22-rdf-syntax-ns#type> ?x }""]",DomainConcept; Food; Pizza,counts the identical evaluated input 7 times in per-row aggregate evaluation
0af2ee829f5d7f9e892346d9296b58672ea651e7b29f5f9b3ecffc1e183dc955,NL,C,representational collapse,distinct formal questions collapse to one evaluated representation,4,4455;5574;5586;5588,Pizza100;Pizza250,2hop,BQA,sem-v1.1-97efed709bcba02661d8078a68ede0399f05c791441e6eab63231546d7085f37;sem-v1.1-930ae8ae6f6b0f1dc0c94ed7a61733db99f2f3b2324b2ae28762d01a299824c4;sem-v1.1-58f0504b197f5a6d4b9592a1304ef65585bb03b2b006ca796b6f82bbddf9a041;sem-v1.1-76dd35ba14eaf4d60bccc792055c3fd3fdc2fef6fd16152df651a3d0823f32df,"[""ASK WHERE { <http://www.example.com/genealogy.owl#Mushroom_63> <http://www.example.com/genealogy.owl#hasIngredient> <http://www.example.com/genealogy.owl#MozzarellaTopping_dynamic_1> }"", ""ASK WHERE { <http://www.example.com/genealogy.owl#Mushroom_152> <http://www.example.com/genealogy.owl#hasIngredient> <http://www.example.com/genealogy.owl#MozzarellaTopping_dynamic_1> }"", ""ASK WHERE { <http://www.example.com/genealogy.owl#Mushroom_35> <http://www.example.com/genealogy.owl#hasIngredient> <http://www.example.com/genealogy.owl#MozzarellaTopping_dynamic_1> }"", ""ASK WHERE { <http://www.example.com/genealogy.owl#Mushroom_5> <http://www.example.com/genealogy.owl#hasIngredient> <http://www.example.com/genealogy.owl#MozzarellaTopping_dynamic_1> }""]",TRUE,counts the identical evaluated input 4 times in per-row aggregate evaluation
0b0fa161ccbb188363f6695b8c3da11583dfb8b72926a0354329a7c89999c23f,NL,C,representational collapse,distinct formal questions collapse to one evaluated representation,6,3979;3983;3985;3987;5013;5027,Pizza100;Pizza250,1hop,BQA,sem-v1.1-a5d283fd7d2bf69466743e394cdfd97b00ee81d21ebd43b91aee5f5ca9f4a7e7;sem-v1.1-b81931075ca03b621562ee5302453d132ea5472dc3235b7c0004ebba2957eb42;sem-v1.1-a359605a5c74249faeebafbb468ff5ffa80e748b0d6dd206f8e0d962dda6b77c;sem-v1.1-e12c517b1d66a0364248ff79b7e2c0b7339ee6928ba0f53221cdbf43a73fc31e;sem-v1.1-44b4b5f7ebcf4b497328a54d55e5e8f1f08a6b63b1023a83c890be93aa497c51;sem-v1.1-f5a684b043a1868c4d2339ad5beb5045645426fb233f94920f392cf6753e7ec0,"[""ASK WHERE { <http://www.example.com/genealogy.owl#PolloAdAstra_30> <http://www.example.com/genealogy.owl#hasTopping> <http://www.example.com/genealogy.owl#CajunSpiceTopping_dynamic_1> }"", ""ASK WHERE { <http://www.example.com/genealogy.owl#PolloAdAstra_38> <http://www.example.com/genealogy.owl#hasTopping> <http://www.example.com/genealogy.owl#CajunSpiceTopping_dynamic_1> }"", ""ASK WHERE { <http://www.example.com/genealogy.owl#PolloAdAstra_81> <http://www.example.com/genealogy.owl#hasTopping> <http://www.example.com/genealogy.owl#CajunSpiceTopping_dynamic_1> }"", ""ASK WHERE { <http://www.example.com/genealogy.owl#PolloAdAstra_9> <http://www.example.com/genealogy.owl#hasTopping> <http://www.example.com/genealogy.owl#CajunSpiceTopping_dynamic_1> }"", ""ASK WHERE { <http://www.example.com/genealogy.owl#PolloAdAstra_11> <http://www.example.com/genealogy.owl#hasTopping> <http://www.example.com/genealogy.owl#CajunSpiceTopping_dynamic_1> }"", ""ASK WHERE { <http://www.example.com/genealogy.owl#PolloAdAstra_95> <http://www.example.com/genealogy.owl#hasTopping> <http://www.example.com/genealogy.owl#CajunSpiceTopping_dynamic_1> }""]",TRUE,counts the identical evaluated input 6 times in per-row aggregate evaluation
0c23f270cfb2643fab49e463c4e078daff1c218014420307d99d4142956e5f91,NL,C,representational collapse,distinct formal questions collapse to one evaluated representation,5,3969;3971;4993;4999;5003,Pizza100;Pizza250,1hop,BQA,sem-v1.1-2781b2d8fdbea77e780fee13de9f5f9852b20815e7decbc10ff4336e5453a302;sem-v1.1-1cefce05e1c7979c765f184eb08468ce06db78a6f63ebdb25f68835b516ba2a9;sem-v1.1-a53ce1b1be5ba702563c6600f19d628b55cd9b35f0d6d95ecac95b9dab54b2e7;sem-v1.1-d44e49c9c258ea42c275c66a2c3843b7b6c2b6a43f3f648fba31acbd115b94b5;sem-v1.1-04a48387455f97028eb941c2c5fc012efe3dc827975b070bed751d71bc03e625,"[""ASK WHERE { <http://www.example.com/genealogy.owl#Parmense_0> <http://www.example.com/genealogy.owl#hasTopping> <http://www.example.com/genealogy.owl#AsparagusTopping_dynamic_1> }"", ""ASK WHERE { <http://www.example.com/genealogy.owl#Parmense_11> <http://www.example.com/genealogy.owl#hasTopping> <http://www.example.com/genealogy.owl#AsparagusTopping_dynamic_1> }"", ""ASK WHERE { <http://www.example.com/genealogy.owl#Parmense_121> <http://www.example.com/genealogy.owl#hasTopping> <http://www.example.com/genealogy.owl#AsparagusTopping_dynamic_1> }"", ""ASK WHERE { <http://www.example.com/genealogy.owl#Parmense_43> <http://www.example.com/genealogy.owl#hasTopping> <http://www.example.com/genealogy.owl#AsparagusTopping_dynamic_1> }"", ""ASK WHERE { <http://www.example.com/genealogy.owl#Parmense_76> <http://www.example.com/genealogy.owl#hasTopping> <http://www.example.com/genealogy.owl#AsparagusTopping_dynamic_1> }""]",TRUE,counts the identical evaluated input 5 times in per-row aggregate evaluation
0d16782f2d9aaf60a6a1f7f8b8cd46622813c5962516c2ab5ec5ec2f566e2044,NL,C,representational collapse,distinct formal questions collapse to one evaluated representation,3,6960;6966;8511,OWL2Bench,1hop;2hop,BQA,sem-v1.1-74cba53e74bf9a245e5bd488a75e31dd7d69f97be8c87baafa02a71165ec1259;sem-v1.1-7840290e94abdf061009d348e5438f1c61c3a2a0fe5809d26e93f1ed7fc91679;sem-v1.1-8c5edd8bce0f606e55b6c446e9cbb63b4249eb29e295a86ef49af76f9491fb15,"[""ASK WHERE { <http://www.example.com/genealogy.owl#Woman_18> <http://www.w3.org/1999/02/22-rdf-syntax-ns#type> <http://www.example.com/genealogy.owl#Person> }"", ""ASK WHERE { <http://www.example.com/genealogy.owl#Woman_47> <http://www.w3.org/1999/02/22-rdf-syntax-ns#type> <http://www.example.com/genealogy.owl#Person> }"", ""ASK WHERE { <http://www.example.com/genealogy.owl#Woman_13> <http://www.w3.org/1999/02/22-rdf-syntax-ns#type> <http://www.example.com/genealogy.owl#Person> }""]",TRUE,counts the identical evaluated input 3 times in per-row aggregate evaluation
0d7b1adb9e8839cc45b0f12211d318b0be5aed975bc66099dbf734c3a269793f,NL,C,representational collapse,distinct formal questions collapse to one evaluated representation,6,3970;3972;3974;4994;5000;5004,Pizza100;Pizza250,1hop,BQA,sem-v1.1-1018005ecad9f83eea822abc75ff912f55c2047f25aecdfe43a665b5dd2d475f;sem-v1.1-afc361ec5a764794b4ecd3270ddaca8901fb8811e1632b0b670b086e41b57a44;sem-v1.1-635b7930eecde0c9e1b5df669a5b3534cc48246b0bf13537cd4a1caf82670002;sem-v1.1-3eef292e7466c92b70fd06e463732c73eec6593608abcac6366c07fb399ad63b;sem-v1.1-9e32a7691369ca20ad5fa037806715b293fc3a973039f3df25ad2952194d88d6;sem-v1.1-1677c1ab32dc9d1f0a3d1bddcc0d3c3bcb3464fe98519cbd159cb61e07a952e4,"[""ASK WHERE { <http://www.example.com/genealogy.owl#Parmense_0> <http://www.example.com/genealogy.owl#hasTopping> <http://www.example.com/genealogy.owl#Parmense_0> }"", ""ASK WHERE { <http://www.example.com/genealogy.owl#Parmense_11> <http://www.example.com/genealogy.owl#hasTopping> <http://www.example.com/genealogy.owl#Parmense_11> }"", ""ASK WHERE { <http://www.example.com/genealogy.owl#Parmense_18> <http://www.example.com/genealogy.owl#hasTopping> <http://www.example.com/genealogy.owl#Parmense_18> }"", ""ASK WHERE { <http://www.example.com/genealogy.owl#Parmense_121> <http://www.example.com/genealogy.owl#hasTopping> <http://www.example.com/genealogy.owl#Parmense_121> }"", ""ASK WHERE { <http://www.example.com/genealogy.owl#Parmense_43> <http://www.example.com/genealogy.owl#hasTopping> <http://www.example.com/genealogy.owl#Parmense_43> }"", ""ASK WHERE { <http://www.example.com/genealogy.owl#Parmense_76> <http://www.example.com/genealogy.owl#hasTopping> <http://www.example.com/genealogy.owl#Parmense_76> }""]",FALSE,counts the identical evaluated input 6 times in per-row aggregate evaluation
0e797a27beffee8e560ed317e2147dee99fa23ab777875165dee2f1c2095d5d6,NL,D,other,incidental cross-dataset duplicate with the same formal query and gold semantics; no evidence it was intentionally duplicated,2,4281;5384,Pizza100;Pizza250,2hop,BQA,sem-v1.1-5263f4979da95451c2dc942964ec90441708cc43464c94795e713572276f5e55;sem-v1.1-8fa9a4150ce0d6ad481955bd6282309c6fa7b564cb44e4bb7b38d497a10800a6,"[""ASK WHERE { <http://www.example.com/genealogy.owl#HotSpicedBeefTopping_dynamic_1> <http://www.w3.org/1999/02/22-rdf-syntax-ns#type> <http://www.example.com/genealogy.owl#Food> }"", ""ASK WHERE { <http://www.example.com/genealogy.owl#HotSpicedBeefTopping_dynamic_1> <http://www.w3.org/1999/02/22-rdf-syntax-ns#type> <http://www.example.com/genealogy.owl#Food> }""]",TRUE,counts the identical evaluated input 2 times in per-row aggregate evaluation
0e7be21d4184924c65a3cb20ca43f0797bc59a70a51ecf8aa8573b0a400c7fff,NL,C,representational collapse,distinct formal questions collapse to one evaluated representation,3,3860;3862;4870,Pizza100;Pizza250,1hop,BQA,sem-v1.1-1c34a3bf642766d87eaa93a647380f8dad7e600f0098d38b02db7e2d1f1be064;sem-v1.1-961afb4fe7dad719b01926f74b8f5f676c194b8bff3c816645d0317fbab0b82e;sem-v1.1-33e6b0c51758e10952c5d41980da82d73646bb67a5cf80dbef1afa79758b8d69,"[""ASK WHERE { <http://www.example.com/genealogy.owl#Fiorentina_41> <http://www.example.com/genealogy.owl#hasTopping> <http://www.example.com/genealogy.owl#GarlicTopping_dynamic_1> }"", ""ASK WHERE { <http://www.example.com/genealogy.owl#Fiorentina_52> <http://www.example.com/genealogy.owl#hasTopping> <http://www.example.com/genealogy.owl#GarlicTopping_dynamic_1> }"", ""ASK WHERE { <http://www.example.com/genealogy.owl#Fiorentina_149> <http://www.example.com/genealogy.owl#hasTopping> <http://www.example.com/genealogy.owl#GarlicTopping_dynamic_1> }""]",TRUE,counts the identical evaluated input 3 times in per-row aggregate evaluation
0f15cbae3ac96306e0d59247a0c86103bb17c382a9c547ae5b6413483483fe82,NL,C,representational collapse,distinct formal questions collapse to one evaluated representation,2,4318;5427,Pizza100;Pizza250,2hop,BQA,sem-v1.1-fc6dbc711047ca5bc3d05c9c777db62799a692218564c26c5dc4fecb30209a2e;sem-v1.1-1de73906c1f7389bc629c2874d367c5ecc568a3ddf2fd82093830311de26f39a,"[""ASK WHERE { <http://www.example.com/genealogy.owl#Cajun_20> <http://www.example.com/genealogy.owl#hasTopping> <http://www.example.com/genealogy.owl#AmericanHot_1> }"", ""ASK WHERE { <http://www.example.com/genealogy.owl#Cajun_112> <http://www.example.com/genealogy.owl#hasTopping> <http://www.example.com/genealogy.owl#AmericanHot_131> }""]",FALSE,counts the identical evaluated input 2 times in per-row aggregate evaluation
0fb372b0892e6f05118e879650f25b807680ac03adffe65ee7ec41e527374e4b,NL,C,representational collapse,distinct formal questions collapse to one evaluated representation,3,4542;5725;5727,Pizza100;Pizza250,2hop,BQA,sem-v1.1-a5338b30ad6603f33e922c5c69b1e935f3c722dc2c32d9111671c2b074087ac4;sem-v1.1-0bd2e842f7027bb36de6cf282392ecc7e87de655c2f7d22255f085796d2a14a3;sem-v1.1-b831b7ac1306c02a838ec0a1133eb18f665e15d16a1b375453b940b15073f316,"[""ASK WHERE { <http://www.example.com/genealogy.owl#SloppyGiuseppe_23> <http://www.w3.org/1999/02/22-rdf-syntax-ns#type> <http://www.example.com/genealogy.owl#American> }"", ""ASK WHERE { <http://www.example.com/genealogy.owl#SloppyGiuseppe_53> <http://www.w3.org/1999/02/22-rdf-syntax-ns#type> <http://www.example.com/genealogy.owl#American> }"", ""ASK WHERE { <http://www.example.com/genealogy.owl#SloppyGiuseppe_58> <http://www.w3.org/1999/02/22-rdf-syntax-ns#type> <http://www.example.com/genealogy.owl#American> }""]",FALSE,counts the identical evaluated input 3 times in per-row aggregate evaluation
107c6b0e57276095d02a8fbd0f0c0ee5b60cfc155e3a5f84a6fd722834e54301,NL,C,representational collapse,distinct formal questions collapse to one evaluated representation,2,4657;5871,Pizza100;Pizza250,2hop,OEQA,sem-v1.1-19e3077bcf59170023098910b8f8c3d81fe727781dfd7fe3e11b16b3771c581e;sem-v1.1-e6f2ef29ac795b865b609801adb6c95ac6304a819d21b9bbdd5c623fc56a488b,"[""SELECT ?x WHERE { <http://www.example.com/genealogy.owl#LaReine_16> <http://www.w3.org/1999/02/22-rdf-syntax-ns#type> ?x }"", ""SELECT ?x WHERE { <http://www.example.com/genealogy.owl#LaReine_230> <http://www.w3.org/1999/02/22-rdf-syntax-ns#type> ?x }""]",DomainConcept; Food; Pizza,counts the identical evaluated input 2 times in per-row aggregate evaluation
11452555627ae7dfbcafa0baa3dd3628ae02b7bc12f3598468845cf11e2a0c39,NL,C,representational collapse,distinct formal questions collapse to one evaluated representation,9,3787;3793;3809;3811;3813;3815;4805;4809;4811,Pizza100;Pizza250,1hop,BQA,sem-v1.1-c4c27c3f46fd036fdd282565308d881608b00562d97e251f5676b1a12ce10e7e;sem-v1.1-71ab284636a0c93effd96ec15bc2e25db32587c4e86637878af2a12e7f78d6c3;sem-v1.1-36278e8163aa1edafb355787163c231086f9f5a0fbb2309fc3015a032811ea34;sem-v1.1-512256b4cb9a676782cce3ae1efdb6258d183a972f20062c1a5b86726a3aa39c;sem-v1.1-60bb433aae50c088f3114d01fe1e8fc7f80c5b0d7c674ad6a806e938b209bd81;sem-v1.1-65bf3baea4225dd98df6f42d8a223b1b9369e0e786ad4032bdbb79d96df7aedf;sem-v1.1-902afd564e429a413adde9b151dc3de4797fcfedf3f50820f032a654b738c8e5;sem-v1.1-c70ec679ca35bdefc6921a6e042a17689630bdc984aae42c06e874fc8f6b9762;sem-v1.1-73b56ff9c1d8429f3202150e632ec316dabc6c4ad23ba348cc6f9ced25b8e9c5,"[""ASK WHERE { <http://www.example.com/genealogy.owl#American_19> <http://www.example.com/genealogy.owl#hasIngredient> <http://www.example.com/genealogy.owl#American_19> }"", ""ASK WHERE { <http://www.example.com/genealogy.owl#American_28> <http://www.example.com/genealogy.owl#hasIngredient> <http://www.example.com/genealogy.owl#American_28> }"", ""ASK WHERE { <http://www.example.com/genealogy.owl#American_83> <http://www.example.com/genealogy.owl#hasIngredient> <http://www.example.com/genealogy.owl#American_83> }"", ""ASK WHERE { <http://www.example.com/genealogy.owl#American_85> <http://www.example.com/genealogy.owl#hasIngredient> <http://www.example.com/genealogy.owl#American_85> }"", ""ASK WHERE { <http://www.example.com/genealogy.owl#American_88> <http://www.example.com/genealogy.owl#hasIngredient> <http://www.example.com/genealogy.owl#American_88> }"", ""ASK WHERE { <http://www.example.com/genealogy.owl#American_9> <http://www.example.com/genealogy.owl#hasIngredient> <http://www.example.com/genealogy.owl#American_9> }"", ""ASK WHERE { <http://www.example.com/genealogy.owl#American_245> <http://www.example.com/genealogy.owl#hasIngredient> <http://www.example.com/genealogy.owl#American_245> }"", ""ASK WHERE { <http://www.example.com/genealogy.owl#American_27> <http://www.example.com/genealogy.owl#hasIngredient> <http://www.example.com/genealogy.owl#American_27> }"", ""ASK WHERE { <http://www.example.com/genealogy.owl#American_68> <http://www.example.com/genealogy.owl#hasIngredient> <http://www.example.com/genealogy.owl#American_68> }""]",FALSE,counts the identical evaluated input 9 times in per-row aggregate evaluation
1189dacd087ac9c8946c1860895c99b710e706cc33f736f3deb2ff40abb23a21,NL,C,representational collapse,distinct formal questions collapse to one evaluated representation,3,4595;5793;5794,Pizza100;Pizza250,2hop,OEQA,sem-v1.1-c8644c7f9475c714809b7c2eff0d16c2492ae85b88985fb3b4dc04b17fbe7ec3;sem-v1.1-a6434935ea9d76d047d106783083ff2029db1837163adf446ce9f79253cb9a9f;sem-v1.1-4d28a9845db89c3097388295d9a8a2fadf105a563a8765f3241403a7469299f4,"[""SELECT ?x WHERE { <http://www.example.com/genealogy.owl#AmericanHot_56> <http://www.example.com/genealogy.owl#hasTopping> ?x }"", ""SELECT ?x WHERE { <http://www.example.com/genealogy.owl#AmericanHot_136> <http://www.example.com/genealogy.owl#hasTopping> ?x }"", ""SELECT ?x WHERE { <http://www.example.com/genealogy.owl#AmericanHot_139> <http://www.example.com/genealogy.owl#hasTopping> ?x }""]",HotGreenPepperTopping_dynamic_1; JalapenoPepperTopping_dynamic_1; MozzarellaTopping_dynamic_1; PeperoniSausageTopping_dynamic_1; TomatoTopping_dynamic_1,counts the identical evaluated input 3 times in per-row aggregate evaluation
12037cea94fefe70a9af114415a937f50b9e4827b67c90787f5345dcf1f17389,NL,C,representational collapse,distinct formal questions collapse to one evaluated representation,4,3896;3898;4922;4930,Pizza100;Pizza250,1hop,BQA,sem-v1.1-edbad91cf7164b80c9ecf7dfc18159e329b87bd028786e9168a21266a0ceadb9;sem-v1.1-bea712251348b198684fbf711f43ef2c67e4ec8c00f7a7a8d6b006caa179546e;sem-v1.1-cde55d25796a2dc78dd8a81479443f5f67802eb0e0414bd9b7ab180e1359445a;sem-v1.1-75c43a480315659c7d25688babee32483a090ab1858aaa2d22446025014bab3a,"[""ASK WHERE { <http://www.example.com/genealogy.owl#Giardiniera_17> <http://www.w3.org/1999/02/22-rdf-syntax-ns#type> <http://www.example.com/genealogy.owl#Food> }"", ""ASK WHERE { <http://www.example.com/genealogy.owl#Giardiniera_19> <http://www.w3.org/1999/02/22-rdf-syntax-ns#type> <http://www.example.com/genealogy.owl#Food> }"", ""ASK WHERE { <http://www.example.com/genealogy.owl#Giardiniera_118> <http://www.w3.org/1999/02/22-rdf-syntax-ns#type> <http://www.example.com/genealogy.owl#Food> }"", ""ASK WHERE { <http://www.example.com/genealogy.owl#Giardiniera_4> <http://www.w3.org/1999/02/22-rdf-syntax-ns#type> <http://www.example.com/genealogy.owl#Food> }""]",TRUE,counts the identical evaluated input 4 times in per-row aggregate evaluation
1230081d6eaad9168bc1e5ca832826340ea046340df9a28f699265d1a8145467,NL,C,representational collapse,distinct formal questions collapse to one evaluated representation,2,4135;5220,Pizza100;Pizza250,1hop,OEQA,sem-v1.1-95a4945f1e0b7f9f1d0721fa835d8f51352d8ef92b3ed399ea2573c5bfd7b61d;sem-v1.1-75ec6b1c48b0bf363ad53728d76b7db6d4d6b6d76c373788958d26477956bd11,"[""SELECT ?x WHERE { <http://www.example.com/genealogy.owl#Caprina_64> <http://www.w3.org/1999/02/22-rdf-syntax-ns#type> ?x }"", ""SELECT ?x WHERE { <http://www.example.com/genealogy.owl#Caprina_36> <http://www.w3.org/1999/02/22-rdf-syntax-ns#type> ?x }""]",DomainConcept; Food; Pizza,counts the identical evaluated input 2 times in per-row aggregate evaluation
1292839d6f8192f3b62dadd35c9ce250e5b5443c63659b58e3f7989274650ef5,NL,C,representational collapse,distinct formal questions collapse to one evaluated representation,6,4534;4540;5711;5717;5719;5723,Pizza100;Pizza250,2hop,BQA,sem-v1.1-25394440700a6b9caa21e71496a9c081765c94d8aeb3621fee98e626dd0b8b26;sem-v1.1-a8464d42385f645a4158f280da86dc432715dbd50f72fb0148f1d739f184aa66;sem-v1.1-e7297e016b00af1882ef9a60804def159d4aecd34ca8eda0c83e7dbc62039bc3;sem-v1.1-395559bd458f80b5f87fafe8190248b1b8b8f037245224aa311b72ae3c145446;sem-v1.1-73ecb306b3334e706b5afd4024df21bf4cbc47b3d16a351aa24eaa5e40cbdca9;sem-v1.1-b19dbfce17133c13bfc0f7c9c806656385f36b8fc1342aaf4c976246e4eb0e50,"[""ASK WHERE { <http://www.example.com/genealogy.owl#SloppyGiuseppe_1> <http://www.example.com/genealogy.owl#hasTopping> <http://www.example.com/genealogy.owl#AmericanHot_1> }"", ""ASK WHERE { <http://www.example.com/genealogy.owl#SloppyGiuseppe_23> <http://www.example.com/genealogy.owl#hasTopping> <http://www.example.com/genealogy.owl#AmericanHot_1> }"", ""ASK WHERE { <http://www.example.com/genealogy.owl#SloppyGiuseppe_147> <http://www.example.com/genealogy.owl#hasTopping> <http://www.example.com/genealogy.owl#AmericanHot_131> }"", ""ASK WHERE { <http://www.example.com/genealogy.owl#SloppyGiuseppe_20> <http://www.example.com/genealogy.owl#hasTopping> <http://www.example.com/genealogy.owl#AmericanHot_131> }"", ""ASK WHERE { <http://www.example.com/genealogy.owl#SloppyGiuseppe_228> <http://www.example.com/genealogy.owl#hasTopping> <http://www.example.com/genealogy.owl#AmericanHot_131> }"", ""ASK WHERE { <http://www.example.com/genealogy.owl#SloppyGiuseppe_53> <http://www.example.com/genealogy.owl#hasTopping> <http://www.example.com/genealogy.owl#AmericanHot_131> }""]",FALSE,counts the identical evaluated input 6 times in per-row aggregate evaluation
144c0e5449998621a85eeba20e911dff0bc76afc4288def980bca1f9de8952d2,NL,C,representational collapse,distinct formal questions collapse to one evaluated representation,3,4063;5143;5147,Pizza100;Pizza250,1hop,BQA,sem-v1.1-2fcbd29e000ca0be72fe931b2c2edb5a2570fc2678437abc7f892d9b0c144d9a;sem-v1.1-60729b15e77a6121f6c132ba8bd7ef2ecf3c9cbce1b090c0ec142668d5a93290;sem-v1.1-b191c2bc84240a3376bc4bb937ffb3cce240af33e6a195f7beb1a798ddc841e5,"[""ASK WHERE { <http://www.example.com/genealogy.owl#Veneziana_48> <http://www.example.com/genealogy.owl#hasIngredient> <http://www.example.com/genealogy.owl#CaperTopping_dynamic_1> }"", ""ASK WHERE { <http://www.example.com/genealogy.owl#Veneziana_238> <http://www.example.com/genealogy.owl#hasIngredient> <http://www.example.com/genealogy.owl#CaperTopping_dynamic_1> }"", ""ASK WHERE { <http://www.example.com/genealogy.owl#Veneziana_61> <http://www.example.com/genealogy.owl#hasIngredient> <http://www.example.com/genealogy.owl#CaperTopping_dynamic_1> }""]",TRUE,counts the identical evaluated input 3 times in per-row aggregate evaluation
1453852c7a9d972796bb28afabf059ead2ab3244eb0945bc1a4ce930ab1ddbc6,NL,C,representational collapse,distinct formal questions collapse to one evaluated representation,5,4691;5904;5905;5906;5909,Pizza100;Pizza250,2hop,OEQA,sem-v1.1-8af04eb92667375e64a09b959bbbcd9c22108fc39f0764961c041684dc16d5ed;sem-v1.1-333f2b262af87fbf9932041fad96e474bbab73519edf191fd281a6dde2f5cc80;sem-v1.1-220e2bbd600d3bb1ea40fc55ba1ed66a3e5aedbcc939285217c5b74021c9103e;sem-v1.1-44c09aa4f9a29ae17f11042a46550079112bf4b5c59a583eb418bc4a9b194a33;sem-v1.1-45503bf7d3b72964f6b1764053ccf16d31dca146adc5200b2d373b81633db0ea,"[""SELECT ?x WHERE { <http://www.example.com/genealogy.owl#Parmense_77> <http://www.example.com/genealogy.owl#hasTopping> ?x }"", ""SELECT ?x WHERE { <http://www.example.com/genealogy.owl#Parmense_165> <http://www.example.com/genealogy.owl#hasTopping> ?x }"", ""SELECT ?x WHERE { <http://www.example.com/genealogy.owl#Parmense_221> <http://www.example.com/genealogy.owl#hasTopping> ?x }"", ""SELECT ?x WHERE { <http://www.example.com/genealogy.owl#Parmense_30> <http://www.example.com/genealogy.owl#hasTopping> ?x }"", ""SELECT ?x WHERE { <http://www.example.com/genealogy.owl#Parmense_76> <http://www.example.com/genealogy.owl#hasTopping> ?x }""]",AsparagusTopping_dynamic_1; HamTopping_dynamic_1; MozzarellaTopping_dynamic_1; ParmesanTopping_dynamic_1; TomatoTopping_dynamic_1,counts the identical evaluated input 5 times in per-row aggregate evaluation
14d8bcea00c394f41f1ef1d1f028a77b9a754154aeab336f47d1c61a78dd1012,NL,C,representational collapse,distinct formal questions collapse to one evaluated representation,2,6229;6231,OWL2Bench,1hop,BQA,sem-v1.1-b50c1c19068ce0a195008869ccd1d9568fc9ad3e756d10611ad67106eccc771a;sem-v1.1-58998317b95d27f328c5e8cb0637daa3c0169b77d134a723004e3b7cf54f7295,"[""ASK WHERE { <http://www.example.com/genealogy.owl#U0C2D0UGS19> <http://www.example.com/genealogy.owl#enrollFor> <http://www.example.com/genealogy.owl#Humanities> }"", ""ASK WHERE { <http://www.example.com/genealogy.owl#U0C2D0UGS19> <http://www.example.com/genealogy.owl#enrollIn> <http://www.example.com/genealogy.owl#Humanities> }""]",FALSE,counts the identical evaluated input 2 times in per-row aggregate evaluation
1526f1532c447a9492403475c8dbe38bd254b003b4bc90553aa451277c548430,NL,C,representational collapse,distinct formal questions collapse to one evaluated representation,4,4162;4166;4169;5274,Pizza100;Pizza250,1hop,OEQA,sem-v1.1-dc0762a55a05a7c8a7a808915579880b40ab4349db530ddee8560c81dda6281f;sem-v1.1-cacf951f8fac19addf8422e80ff6dc4e08d806045d7be3895ffafefbf878361b;sem-v1.1-2a2c922b24e50f8cc12669bad0843287d49ccb4a0073d2cc073af552bfe81f79;sem-v1.1-3d349eb8f038d3e5698fbd528dc95075ad7979716df1c8abbcc17668824fd290,"[""SELECT ?x WHERE { <http://www.example.com/genealogy.owl#Margherita_20> <http://www.w3.org/1999/02/22-rdf-syntax-ns#type> ?x }"", ""SELECT ?x WHERE { <http://www.example.com/genealogy.owl#Margherita_36> <http://www.w3.org/1999/02/22-rdf-syntax-ns#type> ?x }"", ""SELECT ?x WHERE { <http://www.example.com/genealogy.owl#Margherita_48> <http://www.w3.org/1999/02/22-rdf-syntax-ns#type> ?x }"", ""SELECT ?x WHERE { <http://www.example.com/genealogy.owl#Margherita_73> <http://www.w3.org/1999/02/22-rdf-syntax-ns#type> ?x }""]",DomainConcept; Food; Pizza,counts the identical evaluated input 4 times in per-row aggregate evaluation
154ebceff7436678dab590584c3664aa4a50596fda92fb3135144175598d8ae7,NL,C,representational collapse,distinct formal questions collapse to one evaluated representation,2,4520;5679,Pizza100;Pizza250,2hop,BQA,sem-v1.1-73692113f302e5ed5a45807d91f030c84c6ffd533c3faf18d57e4e1cc190c889;sem-v1.1-e9aad534c359bb032a84142f4f0ce342373772df108056dfc0d3842da14ca04f,"[""ASK WHERE { <http://www.example.com/genealogy.owl#Rosa_96> <http://www.example.com/genealogy.owl#hasTopping> <http://www.example.com/genealogy.owl#AmericanHot_1> }"", ""ASK WHERE { <http://www.example.com/genealogy.owl#Rosa_201> <http://www.example.com/genealogy.owl#hasTopping> <http://www.example.com/genealogy.owl#AmericanHot_131> }""]",FALSE,counts the identical evaluated input 2 times in per-row aggregate evaluation
15d7a80ad675668bb4d0bddba81b032bb51b4f9a4468bed27b3e58163498a272,NL,C,representational collapse,distinct formal questions collapse to one evaluated representation,8,3791;3795;3797;3801;3817;4797;4801;4813,Pizza100;Pizza250,1hop,BQA,sem-v1.1-7d8df768f55ff02672d6bf7b66352316f9139b26479d3b21e61cbfb3f54fcdde;sem-v1.1-a5ec582fc37f62703409af926d77f8af050cebadf359cc07e513e4b4d4fe8f5e;sem-v1.1-393304e854e9dde709d32d74d208562add0cc1be84c7f3633184be191afa5ddb;sem-v1.1-d86785ce7bd428842c54052988be9cb799e1862c619a439ea8cc162d36f696a2;sem-v1.1-a6892f43d3ec9ac874b743bdda2291e4ee86007c2c7cb3f36c41a9b136081862;sem-v1.1-6b482e4fb80ded6fb804678098855609893a8dda5ab8afd013fe013a30142226;sem-v1.1-fae743352253e7326762837e76150631aaa4d1176eaf7f8b27bb631b5622681f;sem-v1.1-af9f6313825c052fab75ba6fa276ec69d4713975eff11b6eccf73ec82534d2c2,"[""ASK WHERE { <http://www.example.com/genealogy.owl#American_19> <http://www.w3.org/1999/02/22-rdf-syntax-ns#type> <http://www.example.com/genealogy.owl#American> }"", ""ASK WHERE { <http://www.example.com/genealogy.owl#American_28> <http://www.w3.org/1999/02/22-rdf-syntax-ns#type> <http://www.example.com/genealogy.owl#American> }"", ""ASK WHERE { <http://www.example.com/genealogy.owl#American_34> <http://www.w3.org/1999/02/22-rdf-syntax-ns#type> <http://www.example.com/genealogy.owl#American> }"", ""ASK WHERE { <http://www.example.com/genealogy.owl#American_43> <http://www.w3.org/1999/02/22-rdf-syntax-ns#type> <http://www.example.com/genealogy.owl#American> }"", ""ASK WHERE { <http://www.example.com/genealogy.owl#American_9> <http://www.w3.org/1999/02/22-rdf-syntax-ns#type> <http://www.example.com/genealogy.owl#American> }"", ""ASK WHERE { <http://www.example.com/genealogy.owl#American_158> <http://www.w3.org/1999/02/22-rdf-syntax-ns#type> <http://www.example.com/genealogy.owl#American> }"", ""ASK WHERE { <http://www.example.com/genealogy.owl#American_2> <http://www.w3.org/1999/02/22-rdf-syntax-ns#type> <http://www.example.com/genealogy.owl#American> }"", ""ASK WHERE { <http://www.example.com/genealogy.owl#American_69> <http://www.w3.org/1999/02/22-rdf-syntax-ns#type> <http://www.example.com/genealogy.owl#American> }""]",FALSE,counts the identical evaluated input 8 times in per-row aggregate evaluation
1656c1cddb9413dbb1b57229643952bf607fe3856d9569ea172e29d840a09872,NL,C,representational collapse,distinct formal questions collapse to one evaluated representation,5,4031;5069;5075;5077;5085,Pizza100;Pizza250,1hop,BQA,sem-v1.1-18acb5c85fb9b1ebe9feac0489b50d9458bd64aa2e1a039c52424e7b69733585;sem-v1.1-dc61b3f662e8b0e213a1183c08e8ce06c0c0a639bd0217fa43969a72c0d3bdbe;sem-v1.1-b6c6ad3b94e95861d5dcfd6dd6d72aad89cac678c0b567bdc74bc99574124e20;sem-v1.1-4756c9e802e756e46560c651ba1c360d304daf5c7a64e933b02af8453666ff92;sem-v1.1-9f73e57360be7197eaad36eec99597adedb3b30b9368985441c12b5b6760d4af,"[""ASK WHERE { <http://www.example.com/genealogy.owl#Siciliana_54> <http://www.example.com/genealogy.owl#hasIngredient> <http://www.example.com/genealogy.owl#AnchoviesTopping_dynamic_1> }"", ""ASK WHERE { <http://www.example.com/genealogy.owl#Siciliana_113> <http://www.example.com/genealogy.owl#hasIngredient> <http://www.example.com/genealogy.owl#AnchoviesTopping_dynamic_1> }"", ""ASK WHERE { <http://www.example.com/genealogy.owl#Siciliana_157> <http://www.example.com/genealogy.owl#hasIngredient> <http://www.example.com/genealogy.owl#AnchoviesTopping_dynamic_1> }"", ""ASK WHERE { <http://www.example.com/genealogy.owl#Siciliana_220> <http://www.example.com/genealogy.owl#hasIngredient> <http://www.example.com/genealogy.owl#AnchoviesTopping_dynamic_1> }"", ""ASK WHERE { <http://www.example.com/genealogy.owl#Siciliana_52> <http://www.example.com/genealogy.owl#hasIngredient> <http://www.example.com/genealogy.owl#AnchoviesTopping_dynamic_1> }""]",TRUE,counts the identical evaluated input 5 times in per-row aggregate evaluation
16fd85036e96746bcd3383b64161e1668cf1e5f08601329ed300e8bb86314494,NL,C,representational collapse,distinct formal questions collapse to one evaluated representation,4,4234;4235;4237;5341,Pizza100;Pizza250,1hop,OEQA,sem-v1.1-2f3f356a26682235b68f7c2f5aa0752086b724e49e8aa36f1f806c771df542a9;sem-v1.1-609861b9833887edf515bcfbdd59492757b57ac2536fad1fd97f3081f10db162;sem-v1.1-06b29999e33462f85402f543f4001d693f891907912b848b4d6feffc2f1efe56;sem-v1.1-c77a7112c6c42eda524b71d5bf89bf51db80c6a01ff1b411208487dbbc243220,"[""SELECT ?x WHERE { <http://www.example.com/genealogy.owl#SloppyGiuseppe_1> <http://www.example.com/genealogy.owl#hasIngredient> ?x }"", ""SELECT ?x WHERE { <http://www.example.com/genealogy.owl#SloppyGiuseppe_15> <http://www.example.com/genealogy.owl#hasIngredient> ?x }"", ""SELECT ?x WHERE { <http://www.example.com/genealogy.owl#SloppyGiuseppe_23> <http://www.example.com/genealogy.owl#hasIngredient> ?x }"", ""SELECT ?x WHERE { <http://www.example.com/genealogy.owl#SloppyGiuseppe_249> <http://www.example.com/genealogy.owl#hasIngredient> ?x }""]",GreenPepperTopping_dynamic_1; HotSpicedBeefTopping_dynamic_1; MozzarellaTopping_dynamic_1; OnionTopping_dynamic_1; TomatoTopping_dynamic_1,counts the identical evaluated input 4 times in per-row aggregate evaluation
170e732bd13b136f807e40e547c64e4acadc7c470d32b6dbb4d1e24440c9f663,NL,C,representational collapse,distinct formal questions collapse to one evaluated representation,2,4193;4195,Pizza100,1hop,OEQA,sem-v1.1-40ca92a3dc6436eb269f811dc1fa186069231a81a2afabb6968bff46cf30a41d;sem-v1.1-b4cd0790bb2c517ff63866b4de4325a3150ba551368446b65b58411b592eeb82,"[""SELECT ?x WHERE { <http://www.example.com/genealogy.owl#PolloAdAstra_39> <http://www.example.com/genealogy.owl#hasIngredient> ?x }"", ""SELECT ?x WHERE { <http://www.example.com/genealogy.owl#PolloAdAstra_70> <http://www.example.com/genealogy.owl#hasIngredient> ?x }""]",CajunSpiceTopping_dynamic_1; ChickenTopping_dynamic_1; GarlicTopping_dynamic_1; MozzarellaTopping_dynamic_1; RedOnionTopping_dynamic_1; SweetPepperTopping_dynamic_1; TomatoTopping_dynamic_1,counts the identical evaluated input 2 times in per-row aggregate evaluation
18c0faf5f2d51f4271f62e7548092b49f2d419c0ce73d0cb7c51fb9af0aa5ce7,NL,C,representational collapse,distinct formal questions collapse to one evaluated representation,4,4214;4216;4218;5321,Pizza100;Pizza250,1hop,OEQA,sem-v1.1-121c560413386572295dbad1cc430680a987dedbe94aadd4faffd956b0a006fb;sem-v1.1-ae384fe4ca413b5013bf06b17560c450334330330058d5f99d43d3e03a9fbae7;sem-v1.1-d9cc27f2265561ffbec89322f9a4cbca8314be8cc4fd96908c6ab1d9f50544e9;sem-v1.1-91c23bd1a83dd81ca774ae436aa5f2a4abaf1c846c6c31983d4047e95cbe0fff,"[""SELECT ?x WHERE { <http://www.example.com/genealogy.owl#QuattroFormaggi_61> <http://www.example.com/genealogy.owl#hasIngredient> ?x }"", ""SELECT ?x WHERE { <http://www.example.com/genealogy.owl#QuattroFormaggi_65> <http://www.example.com/genealogy.owl#hasIngredient> ?x }"", ""SELECT ?x WHERE { <http://www.example.com/genealogy.owl#QuattroFormaggi_89> <http://www.example.com/genealogy.owl#hasIngredient> ?x }"", ""SELECT ?x WHERE { <http://www.example.com/genealogy.owl#QuattroFormaggi_185> <http://www.example.com/genealogy.owl#hasIngredient> ?x }""]",FourCheesesTopping_dynamic_1; TomatoTopping_dynamic_1,counts the identical evaluated input 4 times in per-row aggregate evaluation
19d7522466782d16d31e8248203ec760311975e728614a97795261aab1295000,NL,C,representational collapse,distinct formal questions collapse to one evaluated representation,2,6420;6434,OWL2Bench,1hop,BQA,sem-v1.1-ac63adc22f14d2e60708ae9de800bd429441cfda15a31900665cf480aac7bfbc;sem-v1.1-60b15a866c122e23ea5fbab1732dfad8d0d8f27b272a99d184b011a2e103f4dd,"[""ASK WHERE { <http://www.example.com/genealogy.owl#Student_21> <http://www.example.com/genealogy.owl#hasDoctoralDegreeFrom> <http://www.example.com/genealogy.owl#University_19> }"", ""ASK WHERE { <http://www.example.com/genealogy.owl#Student_37> <http://www.example.com/genealogy.owl#hasDoctoralDegreeFrom> <http://www.example.com/genealogy.owl#University_3> }""]",TRUE,counts the identical evaluated input 2 times in per-row aggregate evaluation
19e1168e600334bbebd6b25a67f5c491b5ee1bc4b77e677093d054ebc44c45f2,NL,C,representational collapse,distinct formal questions collapse to one evaluated representation,3,4506;5663;5669,Pizza100;Pizza250,2hop,BQA,sem-v1.1-6911c9d8c3211e0ddaa45cc9537757746d888df7d6b43bcb970910d0b528e924;sem-v1.1-328e81ccee45a71a95de087cbf94619ba0f611bdf4174db50411a16aaee70130;sem-v1.1-06006903eecffc516f20742e6be0fc8ca1c366d8f09aa4b6c44c5736f84ee43e,"[""ASK WHERE { <http://www.example.com/genealogy.owl#QuattroFormaggi_42> <http://www.w3.org/1999/02/22-rdf-syntax-ns#type> <http://www.example.com/genealogy.owl#American> }"", ""ASK WHERE { <http://www.example.com/genealogy.owl#QuattroFormaggi_168> <http://www.w3.org/1999/02/22-rdf-syntax-ns#type> <http://www.example.com/genealogy.owl#American> }"", ""ASK WHERE { <http://www.example.com/genealogy.owl#QuattroFormaggi_219> <http://www.w3.org/1999/02/22-rdf-syntax-ns#type> <http://www.example.com/genealogy.owl#American> }""]",FALSE,counts the identical evaluated input 3 times in per-row aggregate evaluation
1a9a730b52fbe10a15c8bffe9352112d14bc94bfbe30385328b4998e6e7d1ffc,NL,C,representational collapse,distinct formal questions collapse to one evaluated representation,4,4107;5180;5182;5186,Pizza100;Pizza250,1hop,OEQA,sem-v1.1-555c7268104ba7af9e8b9d204ca59a9d69ce78e255bd5a409f116cc3f79e27f6;sem-v1.1-f9e1a2b7a53ca0c14f14474abb5a4dda396330575d438c8441bf38b03514ec30;sem-v1.1-15c19344718fc971634ad2c38e8caf96bf9f604ea23ca051b6ba8899ad744ce3;sem-v1.1-0bfd21efd9c07d3ea084760f550b76b15f1d43852400681b3d3f4af49258cab2,"[""SELECT ?x WHERE { <http://www.example.com/genealogy.owl#AmericanHot_72> <http://www.w3.org/1999/02/22-rdf-syntax-ns#type> ?x }"", ""SELECT ?x WHERE { <http://www.example.com/genealogy.owl#AmericanHot_179> <http://www.w3.org/1999/02/22-rdf-syntax-ns#type> ?x }"", ""SELECT ?x WHERE { <http://www.example.com/genealogy.owl#AmericanHot_186> <http://www.w3.org/1999/02/22-rdf-syntax-ns#type> ?x }"", ""SELECT ?x WHERE { <http://www.example.com/genealogy.owl#AmericanHot_79> <http://www.w3.org/1999/02/22-rdf-syntax-ns#type> ?x }""]",DomainConcept; Food; Pizza,counts the identical evaluated input 4 times in per-row aggregate evaluation
1aa6c1535e9359a8d4c9d42bafc13d79d6d943f84dd769801c95613dc9077be6,NL,C,representational collapse,distinct formal questions collapse to one evaluated representation,3,4438;5561;5567,Pizza100;Pizza250,2hop,BQA,sem-v1.1-613bd200e9deffd0e12d99c22a07a8b738d14679b1e3b8959b9f5ad96ad5d605;sem-v1.1-c684b5891f77d0056ad33822c9d3985f926dfbe9969033f888da18d1173fb5e9;sem-v1.1-67ae7154c0a9e76e3604f594a5988e3fcc5d4ddec1dbe9e09b244f20b873181f,"[""ASK WHERE { <http://www.example.com/genealogy.owl#Margherita_58> <http://www.example.com/genealogy.owl#hasTopping> <http://www.example.com/genealogy.owl#AmericanHot_1> }"", ""ASK WHERE { <http://www.example.com/genealogy.owl#Margherita_29> <http://www.example.com/genealogy.owl#hasTopping> <http://www.example.com/genealogy.owl#AmericanHot_131> }"", ""ASK WHERE { <http://www.example.com/genealogy.owl#Margherita_97> <http://www.example.com/genealogy.owl#hasTopping> <http://www.example.com/genealogy.owl#AmericanHot_131> }""]",FALSE,counts the identical evaluated input 3 times in per-row aggregate evaluation
1ab84251425238ee70934085b57297c64e98929e36e2176b582b292998d0e975,NL,C,representational collapse,distinct formal questions collapse to one evaluated representation,7,4161;4167;4168;4170;4173;5272;5275,Pizza100;Pizza250,1hop,OEQA,sem-v1.1-cffa4806d0b617ce5ff3d410c50f4200354d62c803d398d72f28811241d7e01f;sem-v1.1-ecdab96927a58ec62bec9278ed8d576d461acf7d0103559a810ba29ea8a3bc59;sem-v1.1-9bb56cdcd5d1ae1b46573599cc5ce4df80d2585dfdce8c2253c7aadb1b90506d;sem-v1.1-30df51aac1abae08cc6bc99122ed84cbecd83c66258262843abab10c37ce39e8;sem-v1.1-568ca4ded347451ba0261fd6e21c00210e9f38f833d94f456ff09611627771a9;sem-v1.1-ccc1012a2bd6746b44978b91e5426138d3b960f66b0eb7ea57c4a23abe951400;sem-v1.1-15c95207ece6212076f6adec97ae396494b95e0be9b09b9d870820a2582a0405,"[""SELECT ?x WHERE { <http://www.example.com/genealogy.owl#Margherita_20> <http://www.example.com/genealogy.owl#hasIngredient> ?x }"", ""SELECT ?x WHERE { <http://www.example.com/genealogy.owl#Margherita_40> <http://www.example.com/genealogy.owl#hasIngredient> ?x }"", ""SELECT ?x WHERE { <http://www.example.com/genealogy.owl#Margherita_48> <http://www.example.com/genealogy.owl#hasIngredient> ?x }"", ""SELECT ?x WHERE { <http://www.example.com/genealogy.owl#Margherita_53> <http://www.example.com/genealogy.owl#hasIngredient> ?x }"", ""SELECT ?x WHERE { <http://www.example.com/genealogy.owl#Margherita_69> <http://www.example.com/genealogy.owl#hasIngredient> ?x }"", ""SELECT ?x WHERE { <http://www.example.com/genealogy.owl#Margherita_31> <http://www.example.com/genealogy.owl#hasIngredient> ?x }"", ""SELECT ?x WHERE { <http://www.example.com/genealogy.owl#Margherita_97> <http://www.example.com/genealogy.owl#hasIngredient> ?x }""]",MozzarellaTopping_dynamic_1; TomatoTopping_dynamic_1,counts the identical evaluated input 7 times in per-row aggregate evaluation
1acefc0a4e61f7b067d80356638409be80810c739a46c5418f2123c76ab7e456,NL,C,representational collapse,distinct formal questions collapse to one evaluated representation,5,4373;4377;4379;5502;5510,Pizza100;Pizza250,2hop,BQA,sem-v1.1-6707298b6d53b208ac24f9bddb09e1cf87997bdb05af232592eb693530289fc8;sem-v1.1-211985e51510d6024a3547a4e750ac37a4aded15f8148d382129399d3b441a86;sem-v1.1-91d4caaee7761b563efb04fa59500019fd45216ecac7c6078ab9c72a2adb80f8;sem-v1.1-da4101e803aed9b6dd953ed0fe195c3aa617c5d7b505a13fcc6879f47c27a136;sem-v1.1-472a80694b5bf632ba757b31b8078e2d9c6db1dd7d943527767ba5c722cf41f8,"[""ASK WHERE { <http://www.example.com/genealogy.owl#FourSeasons_67> <http://www.w3.org/1999/02/22-rdf-syntax-ns#type> <http://www.example.com/genealogy.owl#Food> }"", ""ASK WHERE { <http://www.example.com/genealogy.owl#FourSeasons_71> <http://www.w3.org/1999/02/22-rdf-syntax-ns#type> <http://www.example.com/genealogy.owl#Food> }"", ""ASK WHERE { <http://www.example.com/genealogy.owl#FourSeasons_88> <http://www.w3.org/1999/02/22-rdf-syntax-ns#type> <http://www.example.com/genealogy.owl#Food> }"", ""ASK WHERE { <http://www.example.com/genealogy.owl#FourSeasons_182> <http://www.w3.org/1999/02/22-rdf-syntax-ns#type> <http://www.example.com/genealogy.owl#Food> }"", ""ASK WHERE { <http://www.example.com/genealogy.owl#FourSeasons_9> <http://www.w3.org/1999/02/22-rdf-syntax-ns#type> <http://www.example.com/genealogy.owl#Food> }""]",TRUE,counts the identical evaluated input 5 times in per-row aggregate evaluation
1c2153d97276a1be44be745cbf79eedc9a8eef270e43aa41ca6c4a3b295d67f8,NL,C,representational collapse,distinct formal questions collapse to one evaluated representation,3,4405;5532;5538,Pizza100;Pizza250,2hop,BQA,sem-v1.1-bc001afb3e6f67da3a188a6d3b547706f55cde4aaa80b624254eaaaf9b7db5c5;sem-v1.1-1871d050d65468fbd59a4de62ab6565a294faab43b1e4fd62a5dca70ebbe0e63;sem-v1.1-2638685b49005e3a0e5f5f4c7a52ed21749af4daa125c90d72eb09c6bbd41699,"[""ASK WHERE { <http://www.example.com/genealogy.owl#Giardiniera_79> <http://www.example.com/genealogy.owl#hasTopping> <http://www.example.com/genealogy.owl#LeekTopping_dynamic_1> }"", ""ASK WHERE { <http://www.example.com/genealogy.owl#Giardiniera_175> <http://www.example.com/genealogy.owl#hasTopping> <http://www.example.com/genealogy.owl#LeekTopping_dynamic_1> }"", ""ASK WHERE { <http://www.example.com/genealogy.owl#Giardiniera_4> <http://www.example.com/genealogy.owl#hasTopping> <http://www.example.com/genealogy.owl#LeekTopping_dynamic_1> }""]",TRUE,counts the identical evaluated input 3 times in per-row aggregate evaluation
1c4a640d34ac31fd1a538bee0faceca6cdba3d649b04b79a55729189f3e44943,NL,C,representational collapse,distinct formal questions collapse to one evaluated representation,2,6448;7915,OWL2Bench,1hop;2hop,BQA,sem-v1.1-1c3a01ef0733ea4fc0671ab85858034ebfb706081d215d72bc9e5094a9f6f0ea;sem-v1.1-4f089ac1ef12857511a85457a8c6f6863507af95c54567f9cc2696ca4573094f,"[""ASK WHERE { <http://www.example.com/genealogy.owl#Student_4> <http://www.w3.org/1999/02/22-rdf-syntax-ns#type> <http://www.example.com/genealogy.owl#Person> }"", ""ASK WHERE { <http://www.example.com/genealogy.owl#Student_15> <http://www.w3.org/1999/02/22-rdf-syntax-ns#type> <http://www.example.com/genealogy.owl#Person> }""]",TRUE,counts the identical evaluated input 2 times in per-row aggregate evaluation
1dc352c0c6ff8c1d6768654350620406e7e09fe4ea14236e2312a545bcdc2ea3,NL,C,representational collapse,distinct formal questions collapse to one evaluated representation,4,4454;5573;5585;5587,Pizza100;Pizza250,2hop,BQA,sem-v1.1-d9358723c3066b4cef988f9e0393b9ec4f372c0f55691618236262dd87839689;sem-v1.1-daa19f19234d3e1a56bb5fbf50e5573d8cb49802124b4ce456b2275d44e160d7;sem-v1.1-80f9eba1f6aae197804a0de7290e8194daa7d3d1e40ea200dcf7b5fd6c09e9fc;sem-v1.1-b33c5b4eeb8454c0f9cc39ab8456ffa2a9179c612284c2fea5649a23a0102a11,"[""ASK WHERE { <http://www.example.com/genealogy.owl#Mushroom_63> <http://www.example.com/genealogy.owl#hasIngredient> <http://www.example.com/genealogy.owl#AmericanHot_1> }"", ""ASK WHERE { <http://www.example.com/genealogy.owl#Mushroom_152> <http://www.example.com/genealogy.owl#hasIngredient> <http://www.example.com/genealogy.owl#AmericanHot_131> }"", ""ASK WHERE { <http://www.example.com/genealogy.owl#Mushroom_35> <http://www.example.com/genealogy.owl#hasIngredient> <http://www.example.com/genealogy.owl#AmericanHot_131> }"", ""ASK WHERE { <http://www.example.com/genealogy.owl#Mushroom_5> <http://www.example.com/genealogy.owl#hasIngredient> <http://www.example.com/genealogy.owl#AmericanHot_131> }""]",FALSE,counts the identical evaluated input 4 times in per-row aggregate evaluation
1dcca2eeab101a559a314f4ef846fced00a01320339a6e456bf3456fc2bc0658,NL,C,representational collapse,distinct formal questions collapse to one evaluated representation,5,3951;3953;3955;4959;4969,Pizza100;Pizza250,1hop,BQA,sem-v1.1-76fe6852652b9995d2ac338ea37feb97a57bb05d23fe00cf03c0e6396fdd5b75;sem-v1.1-6d5a352bec37a5e86f9380e607b8564ccac35b59efe8746c10d7fe93f50cc5af;sem-v1.1-6ed5a9c6a5e807465ffff6b1017c9e0b6d93cab040c35f63a7a0aa671b3ecca6;sem-v1.1-738d5aab9ddbfa38c2730fcc977d2a050520713aa104d287b8ad55c646d3a5f2;sem-v1.1-e5b574ed7feb69ac1af2f29a0d3e4a1bcb26249934ff9576d6ad0d9fe712ce4f,"[""ASK WHERE { <http://www.example.com/genealogy.owl#Mushroom_41> <http://www.example.com/genealogy.owl#hasTopping> <http://www.example.com/genealogy.owl#MozzarellaTopping_dynamic_1> }"", ""ASK WHERE { <http://www.example.com/genealogy.owl#Mushroom_63> <http://www.example.com/genealogy.owl#hasTopping> <http://www.example.com/genealogy.owl#MozzarellaTopping_dynamic_1> }"", ""ASK WHERE { <http://www.example.com/genealogy.owl#Mushroom_7> <http://www.example.com/genealogy.owl#hasTopping> <http://www.example.com/genealogy.owl#MozzarellaTopping_dynamic_1> }"", ""ASK WHERE { <http://www.example.com/genealogy.owl#Mushroom_1> <http://www.example.com/genealogy.owl#hasTopping> <http://www.example.com/genealogy.owl#MozzarellaTopping_dynamic_1> }"", ""ASK WHERE { <http://www.example.com/genealogy.owl#Mushroom_200> <http://www.example.com/genealogy.owl#hasTopping> <http://www.example.com/genealogy.owl#MozzarellaTopping_dynamic_1> }""]",TRUE,counts the identical evaluated input 5 times in per-row aggregate evaluation
1e48ec8a01b4fe1022a5a7ea351f938ad12888075ef2c51a2709c3629de3d9a2,NL,D,other,incidental cross-dataset duplicate with the same formal query and gold semantics; no evidence it was intentionally duplicated,2,4280;5383,Pizza100;Pizza250,2hop,BQA,sem-v1.1-f6c3013c686af2067b24438a9616d2fe4362f5ebe4dacd91ac6573d0008acb41;sem-v1.1-577b58d949724cb0e60eab5b805f85fbec8051dfe3c948c6509a945c93f3b315,"[""ASK WHERE { <http://www.example.com/genealogy.owl#HotSpicedBeefTopping_dynamic_1> <http://www.w3.org/1999/02/22-rdf-syntax-ns#type> <http://www.example.com/genealogy.owl#American> }"", ""ASK WHERE { <http://www.example.com/genealogy.owl#HotSpicedBeefTopping_dynamic_1> <http://www.w3.org/1999/02/22-rdf-syntax-ns#type> <http://www.example.com/genealogy.owl#American> }""]",FALSE,counts the identical evaluated input 2 times in per-row aggregate evaluation
2062558a4e4db75c15b4579239bcbfe55c8f853a1360663b2160d3830ba1f741,NL,C,representational collapse,distinct formal questions collapse to one evaluated representation,4,3782;4776;4784;4794,Pizza100;Pizza250,1hop,BQA,sem-v1.1-74a892d05312b40397165323f4da3c414e0e67a957a858c5874de608308d83b3;sem-v1.1-99ffae4f6d286b7301c77cb98a82c9af9f5aed9ea573091a3136eb90cbafc670;sem-v1.1-c7927d54870c13fd9b87d6a11e90233bad705015ab4548194c38937e43f5c628;sem-v1.1-ab11fb286e8e07a13b8984544301233150f0d6d94bb1b261316b49d4ea0cb853,"[""ASK WHERE { <http://www.example.com/genealogy.owl#AmericanHot_57> <http://www.w3.org/1999/02/22-rdf-syntax-ns#type> <http://www.example.com/genealogy.owl#Food> }"", ""ASK WHERE { <http://www.example.com/genealogy.owl#AmericanHot_186> <http://www.w3.org/1999/02/22-rdf-syntax-ns#type> <http://www.example.com/genealogy.owl#Food> }"", ""ASK WHERE { <http://www.example.com/genealogy.owl#AmericanHot_239> <http://www.w3.org/1999/02/22-rdf-syntax-ns#type> <http://www.example.com/genealogy.owl#Food> }"", ""ASK WHERE { <http://www.example.com/genealogy.owl#AmericanHot_64> <http://www.w3.org/1999/02/22-rdf-syntax-ns#type> <http://www.example.com/genealogy.owl#Food> }""]",TRUE,counts the identical evaluated input 4 times in per-row aggregate evaluation
2184c3ac217b0958fb5b637d9c1fa2867da707874dd00071ae419fdf2132caca,NL,D,other,incidental cross-dataset duplicate with the same formal query and gold semantics; no evidence it was intentionally duplicated,2,4094;5166,Pizza100;Pizza250,1hop,OEQA,sem-v1.1-4b8f013e139cab5289b5c432eee67abeef85a9c288d6215d5f6607ef40bc5e9f;sem-v1.1-632aae42464b7b331ac217b9ca49ac6a5ff2d7c743f571dfc75f783bd86dd9c1,"[""SELECT ?x WHERE { <http://www.example.com/genealogy.owl#ArtichokeTopping_dynamic_1> <http://www.w3.org/1999/02/22-rdf-syntax-ns#type> ?x }"", ""SELECT ?x WHERE { <http://www.example.com/genealogy.owl#ArtichokeTopping_dynamic_1> <http://www.w3.org/1999/02/22-rdf-syntax-ns#type> ?x }""]",DomainConcept; Food; PizzaTopping; VegetableTopping,counts the identical evaluated input 2 times in per-row aggregate evaluation
21d6ad82e94324cd3c24654141cd4c8cb98490083afb5c033b9254a393298a93,NL,C,representational collapse,distinct formal questions collapse to one evaluated representation,6,4040;4046;5100;5102;5104;5110,Pizza100;Pizza250,1hop,BQA,sem-v1.1-9a32ffa620d4aec30e2b55110295cf4f0919f2519703c107e4686b0a6803dfcf;sem-v1.1-3b9ec84ad81668aa335c6a2f11568947ec4de3ccbd18d175ac42852c57128fbe;sem-v1.1-b388fa09a2f84edd4764a153c0803ed1defe956d74ea4972f8965d242fd6d888;sem-v1.1-ac044b691397e87794daf65db3c74af3cac509b5f230e1cb863cc4b71776d5f6;sem-v1.1-5c97a786f53dd080234feee51eecd5a6792762d60c37b4fa3224ddaf29c9a634;sem-v1.1-0342a6b1618257336f6e66ee5702abe3ea571be8a3a7373c67a7ac4f6cff1926,"[""ASK WHERE { <http://www.example.com/genealogy.owl#SloppyGiuseppe_23> <http://www.w3.org/1999/02/22-rdf-syntax-ns#type> <http://www.example.com/genealogy.owl#Food> }"", ""ASK WHERE { <http://www.example.com/genealogy.owl#SloppyGiuseppe_99> <http://www.w3.org/1999/02/22-rdf-syntax-ns#type> <http://www.example.com/genealogy.owl#Food> }"", ""ASK WHERE { <http://www.example.com/genealogy.owl#SloppyGiuseppe_20> <http://www.w3.org/1999/02/22-rdf-syntax-ns#type> <http://www.example.com/genealogy.owl#Food> }"", ""ASK WHERE { <http://www.example.com/genealogy.owl#SloppyGiuseppe_24> <http://www.w3.org/1999/02/22-rdf-syntax-ns#type> <http://www.example.com/genealogy.owl#Food> }"", ""ASK WHERE { <http://www.example.com/genealogy.owl#SloppyGiuseppe_249> <http://www.w3.org/1999/02/22-rdf-syntax-ns#type> <http://www.example.com/genealogy.owl#Food> }"", ""ASK WHERE { <http://www.example.com/genealogy.owl#SloppyGiuseppe_98> <http://www.w3.org/1999/02/22-rdf-syntax-ns#type> <http://www.example.com/genealogy.owl#Food> }""]",TRUE,counts the identical evaluated input 6 times in per-row aggregate evaluation
220eb4e9d03fee76bbd9b317d39d11f91137d7138b7a80d392604ed2894d1f45,NL,C,representational collapse,distinct formal questions collapse to one evaluated representation,3,4406;4416;5543,Pizza100;Pizza250,2hop,BQA,sem-v1.1-f25b50e4e4044e6d3e2a4569e8ba58ff4d5a20a68fc016b36d154d43cf3c22b4;sem-v1.1-fba7766b86c718daf3350d46c21a49c2bbeaee21d684c824f8f86f4c1e046ab9;sem-v1.1-117978ba7263448dec5802d51288d22c69d147e4d5425f3bb2d0946003f7e59b,"[""ASK WHERE { <http://www.example.com/genealogy.owl#LaReine_14> <http://www.example.com/genealogy.owl#hasIngredient> <http://www.example.com/genealogy.owl#AmericanHot_1> }"", ""ASK WHERE { <http://www.example.com/genealogy.owl#LaReine_75> <http://www.example.com/genealogy.owl#hasIngredient> <http://www.example.com/genealogy.owl#AmericanHot_1> }"", ""ASK WHERE { <http://www.example.com/genealogy.owl#LaReine_231> <http://www.example.com/genealogy.owl#hasIngredient> <http://www.example.com/genealogy.owl#AmericanHot_131> }""]",FALSE,counts the identical evaluated input 3 times in per-row aggregate evaluation
2216093b5231fefbec0f227837006b2086071ce85cfa5e459c00a54b779c97ec,NL,C,representational collapse,distinct formal questions collapse to one evaluated representation,6,3888;3894;4908;4912;4914;4916,Pizza100;Pizza250,1hop,BQA,sem-v1.1-813852be171e0f285a38704f2c82e0f516ca3b932eff31bacb83016c0c02900a;sem-v1.1-c7976900d21a135cf7b7438c6ffce2b12b24db6129acd6c11afbed88f9808bb2;sem-v1.1-661321dc5cdf5408b565059c22cd8867989410184a7f7d7a229ad8cc24c42703;sem-v1.1-0c8abc81942e337655f3e8964568ba5da17fd6afea2257710d3423993926620c;sem-v1.1-7654401f3d4dfb5110764a598122b97e2a2431b753df78ef860070d4f63f54a9;sem-v1.1-055ddab2c0e999091916cdb0b2c7c49569ece28d1568382d72a0beb5b2c7b790,"[""ASK WHERE { <http://www.example.com/genealogy.owl#FruttiDiMare_36> <http://www.example.com/genealogy.owl#hasTopping> <http://www.example.com/genealogy.owl#GarlicTopping_dynamic_1> }"", ""ASK WHERE { <http://www.example.com/genealogy.owl#FruttiDiMare_96> <http://www.example.com/genealogy.owl#hasTopping> <http://www.example.com/genealogy.owl#GarlicTopping_dynamic_1> }"", ""ASK WHERE { <http://www.example.com/genealogy.owl#FruttiDiMare_128> <http://www.example.com/genealogy.owl#hasTopping> <http://www.example.com/genealogy.owl#GarlicTopping_dynamic_1> }"", ""ASK WHERE { <http://www.example.com/genealogy.owl#FruttiDiMare_163> <http://www.example.com/genealogy.owl#hasTopping> <http://www.example.com/genealogy.owl#GarlicTopping_dynamic_1> }"", ""ASK WHERE { <http://www.example.com/genealogy.owl#FruttiDiMare_214> <http://www.example.com/genealogy.owl#hasTopping> <http://www.example.com/genealogy.owl#GarlicTopping_dynamic_1> }"", ""ASK WHERE { <http://www.example.com/genealogy.owl#FruttiDiMare_37> <http://www.example.com/genealogy.owl#hasTopping> <http://www.example.com/genealogy.owl#GarlicTopping_dynamic_1> }""]",TRUE,counts the identical evaluated input 6 times in per-row aggregate evaluation
2390179ec62e77018248889c7cc85a7cfae63272787a3c696861f5981266231d,NL,C,representational collapse,distinct formal questions collapse to one evaluated representation,2,1157;1159,FamilyOWL,1hop,BQA,sem-v1.1-dbe198eec0022378174fb3329a64ee31e6894818789c682095815d58f662eb3a;sem-v1.1-c6cf1972ce7bf5ebb604b927e9435fcd34ec210b170126b4281848fd4befc7cb,"[""ASK WHERE { <http://www.example.com/genealogy.owl#vera_gertrude_rever_1904> <http://www.example.com/genealogy.owl#hasFather> <http://www.example.com/genealogy.owl#ada_rachel_heath_1868> }"", ""ASK WHERE { <http://www.example.com/genealogy.owl#vera_gertrude_rever_1904> <http://www.example.com/genealogy.owl#hasMother> <http://www.example.com/genealogy.owl#ada_rachel_heath_1868> }""]",FALSE,counts the identical evaluated input 2 times in per-row aggregate evaluation
23cb9b1e8ffa38983b55e32df9373b5f18a1de0f34083f603e587931d583bff3,NL,C,representational collapse,distinct formal questions collapse to one evaluated representation,5,4122;4124;5204;5206;5209,Pizza100;Pizza250,1hop,OEQA,sem-v1.1-a18b95b0328f395824324deca0e87db4c53577968a7a1b1b9941a51201b02d12;sem-v1.1-cb314f1cb4766a9504edb34d58b2e1f8f93167628c6b01e17b3cff18b5fa35c2;sem-v1.1-0cb79a88527047862de5e8fba45ad5e976477d61de886a0354a646657fcaf24d;sem-v1.1-60438844242f045348be8c7f33468379c56652da6211d8da5ae226e6373e1766;sem-v1.1-745f317260e22f744c709b09d857562c045e36036c142ae00c77223a4c0d4aa3,"[""SELECT ?x WHERE { <http://www.example.com/genealogy.owl#Cajun_33> <http://www.w3.org/1999/02/22-rdf-syntax-ns#type> ?x }"", ""SELECT ?x WHERE { <http://www.example.com/genealogy.owl#Cajun_86> <http://www.w3.org/1999/02/22-rdf-syntax-ns#type> ?x }"", ""SELECT ?x WHERE { <http://www.example.com/genealogy.owl#Cajun_138> <http://www.w3.org/1999/02/22-rdf-syntax-ns#type> ?x }"", ""SELECT ?x WHERE { <http://www.example.com/genealogy.owl#Cajun_17> <http://www.w3.org/1999/02/22-rdf-syntax-ns#type> ?x }"", ""SELECT ?x WHERE { <http://www.example.com/genealogy.owl#Cajun_197> <http://www.w3.org/1999/02/22-rdf-syntax-ns#type> ?x }""]",DomainConcept; Food; Pizza,counts the identical evaluated input 5 times in per-row aggregate evaluation
24804edce5bd07be4d5091c5dc3f0e79c367b60a36d1f6dd1d05fee5d6f7e6ee,NL,C,representational collapse,distinct formal questions collapse to one evaluated representation,4,4573;4575;4577;5764,Pizza100;Pizza250,2hop,BQA,sem-v1.1-dadfe0cef79850da95b140bb25066ec5771b5e528d0485902dd749e782956d88;sem-v1.1-7476d797f9f1ec7bb3caec1b3ad1c813533d4034f6ad762b26f1371508dbd4b0;sem-v1.1-0d92aa5fc31b001b55156c9e27495df70b3776d6cb7286136adc93f7d7f2a1a8;sem-v1.1-e214a0ea026a44b36501201c6c5d9deff8192a537111e0d9cdee0549f8a96ddf,"[""ASK WHERE { <http://www.example.com/genealogy.owl#Veneziana_8> <http://www.example.com/genealogy.owl#hasIngredient> <http://www.example.com/genealogy.owl#CaperTopping_dynamic_1> }"", ""ASK WHERE { <http://www.example.com/genealogy.owl#Veneziana_91> <http://www.example.com/genealogy.owl#hasIngredient> <http://www.example.com/genealogy.owl#CaperTopping_dynamic_1> }"", ""ASK WHERE { <http://www.example.com/genealogy.owl#Veneziana_97> <http://www.example.com/genealogy.owl#hasIngredient> <http://www.example.com/genealogy.owl#CaperTopping_dynamic_1> }"", ""ASK WHERE { <http://www.example.com/genealogy.owl#Veneziana_60> <http://www.example.com/genealogy.owl#hasIngredient> <http://www.example.com/genealogy.owl#CaperTopping_dynamic_1> }""]",TRUE,counts the identical evaluated input 4 times in per-row aggregate evaluation
2494a66f55504913117cd686b5a7aaddefe5d8c11f3191e12810126bb534ad09,NL,C,representational collapse,distinct formal questions collapse to one evaluated representation,7,4680;4682;4684;5893;5894;5897;5900,Pizza100;Pizza250,2hop,OEQA,sem-v1.1-5e489de4b70d4aa152496886d09489f08af0209dce33a1104d7e338f4294add7;sem-v1.1-5e59decc1a4e6b0591a100b662e679fd12da09cf158d8eac72e5841e85cb26e2;sem-v1.1-eb421cfe8fe49360af42c6c1de40933b87e8d9699ed14543c340e22a3c416d19;sem-v1.1-8cf1d626aead6e2c768121ec40d5e61f5e79f53b8c940a4db0785cceb93c9864;sem-v1.1-5013d6047bae2d5a64e022738d92ce32f68787ee83c1b5cf61911dce07f03008;sem-v1.1-48da91f570fcef92da170f0ddcb4ac19174a75e46df3ddbdf28297d20fb7e57b;sem-v1.1-eaa6a32a7701fb0e3cf65ee18221007ae009151e9abe9e44961f9565a4711d02,"[""SELECT ?x WHERE { <http://www.example.com/genealogy.owl#Napoletana_2> <http://www.w3.org/1999/02/22-rdf-syntax-ns#type> ?x }"", ""SELECT ?x WHERE { <http://www.example.com/genealogy.owl#Napoletana_27> <http://www.w3.org/1999/02/22-rdf-syntax-ns#type> ?x }"", ""SELECT ?x WHERE { <http://www.example.com/genealogy.owl#Napoletana_30> <http://www.w3.org/1999/02/22-rdf-syntax-ns#type> ?x }"", ""SELECT ?x WHERE { <http://www.example.com/genealogy.owl#Napoletana_102> <http://www.w3.org/1999/02/22-rdf-syntax-ns#type> ?x }"", ""SELECT ?x WHERE { <http://www.example.com/genealogy.owl#Napoletana_151> <http://www.w3.org/1999/02/22-rdf-syntax-ns#type> ?x }"", ""SELECT ?x WHERE { <http://www.example.com/genealogy.owl#Napoletana_195> <http://www.w3.org/1999/02/22-rdf-syntax-ns#type> ?x }"", ""SELECT ?x WHERE { <http://www.example.com/genealogy.owl#Napoletana_83> <http://www.w3.org/1999/02/22-rdf-syntax-ns#type> ?x }""]",DomainConcept; Food; Pizza,counts the identical evaluated input 7 times in per-row aggregate evaluation
25fe5c8a6dd49552d35c3df91ab514156db73c4d06bba21fd123894bc30b34f6,NL,D,other,incidental cross-dataset duplicate with the same formal query and gold semantics; no evidence it was intentionally duplicated,2,4271;5378,Pizza100;Pizza250,2hop,BQA,sem-v1.1-874a2b3d9c9f1fbbc0ee5a37b4a87de03d67e793171ebfc4fb34c619ffb41f31;sem-v1.1-c89e52a9e2a99efba01c5a2cf2d722511e053cd2f2df18cc369f775462ee76f8,"[""ASK WHERE { <http://www.example.com/genealogy.owl#GarlicTopping_dynamic_1> <http://www.w3.org/1999/02/22-rdf-syntax-ns#type> <http://www.example.com/genealogy.owl#Food> }"", ""ASK WHERE { <http://www.example.com/genealogy.owl#GarlicTopping_dynamic_1> <http://www.w3.org/1999/02/22-rdf-syntax-ns#type> <http://www.example.com/genealogy.owl#Food> }""]",TRUE,counts the identical evaluated input 2 times in per-row aggregate evaluation
26cb91063e30511283f150eb2bd80be6245cf1da776f8fe53c99d20ce8aa8e91,NL,C,representational collapse,distinct formal questions collapse to one evaluated representation,2,3886;3892,Pizza100,1hop,BQA,sem-v1.1-6f913e80f66ceedb3e0dc1231bfba49569e5e3b8ea8d5126ee520d1f17e4a439;sem-v1.1-bddbf1753f8223ea8740ecfa11e3ac8cb66fd1ceec6acd101a02447c48db7de9,"[""ASK WHERE { <http://www.example.com/genealogy.owl#FruttiDiMare_36> <http://www.example.com/genealogy.owl#hasIngredient> <http://www.example.com/genealogy.owl#GarlicTopping_dynamic_1> }"", ""ASK WHERE { <http://www.example.com/genealogy.owl#FruttiDiMare_93> <http://www.example.com/genealogy.owl#hasIngredient> <http://www.example.com/genealogy.owl#GarlicTopping_dynamic_1> }""]",TRUE,counts the identical evaluated input 2 times in per-row aggregate evaluation
2719d2c7274ed54b0ad427db4b4229aabdebd5ddfe4e8641062a82ff8f04f621,NL,C,representational collapse,distinct formal questions collapse to one evaluated representation,3,3929;3937;3943,Pizza100,1hop,BQA,sem-v1.1-6377b55955b63b52fc2595af638db41fe8218fd6fe1ce745072fcb854c75b8cd;sem-v1.1-664abd7036d5d2cc7831f0917493d435c3b6888af539a5194067e94e5740524b;sem-v1.1-94cfaf0549dd7d78c6eb2a262e4c1f20aecd186c9e1823db89a99456f5aeb5c4,"[""ASK WHERE { <http://www.example.com/genealogy.owl#Margherita_20> <http://www.example.com/genealogy.owl#hasIngredient> <http://www.example.com/genealogy.owl#Margherita_20> }"", ""ASK WHERE { <http://www.example.com/genealogy.owl#Margherita_53> <http://www.example.com/genealogy.owl#hasIngredient> <http://www.example.com/genealogy.owl#Margherita_53> }"", ""ASK WHERE { <http://www.example.com/genealogy.owl#Margherita_59> <http://www.example.com/genealogy.owl#hasIngredient> <http://www.example.com/genealogy.owl#Margherita_59> }""]",FALSE,counts the identical evaluated input 3 times in per-row aggregate evaluation
27c02e40b3e83a8e4b8fd432ee9d91fbe2b4e379fbae028cb47847eb56f897b0,NL,C,representational collapse,distinct formal questions collapse to one evaluated representation,2,4451;5570,Pizza100;Pizza250,2hop,BQA,sem-v1.1-116a8b842adcba5673b7b1c2f7363303d247368e3970bc79a7afbf8e56c3fc2c;sem-v1.1-888097f0277fffc8418b98a46b96f93e086a0555b1b7b95fd4d9dec24a7dd537,"[""ASK WHERE { <http://www.example.com/genealogy.owl#Mushroom_51> <http://www.example.com/genealogy.owl#hasIngredient> <http://www.example.com/genealogy.owl#MozzarellaTopping_dynamic_1> }"", ""ASK WHERE { <http://www.example.com/genealogy.owl#Mushroom_1> <http://www.example.com/genealogy.owl#hasIngredient> <http://www.example.com/genealogy.owl#MozzarellaTopping_dynamic_1> }""]",TRUE,counts the identical evaluated input 2 times in per-row aggregate evaluation
28dc86f4bd168f3db9e3b61578b1c8f052d0d079b8970f3a195c7701b1a74c56,NL,C,representational collapse,distinct formal questions collapse to one evaluated representation,2,4404;5537,Pizza100;Pizza250,2hop,BQA,sem-v1.1-a7c7188b116619abee3b0807017a77afaf7c81dab8d9423ff8a6e4d9b2cf45e8;sem-v1.1-cf173c4ecf326dd71bbd20f428ad82e46364fa1c9bb0718f07c64b9241f49020,"[""ASK WHERE { <http://www.example.com/genealogy.owl#Giardiniera_79> <http://www.example.com/genealogy.owl#hasTopping> <http://www.example.com/genealogy.owl#AmericanHot_1> }"", ""ASK WHERE { <http://www.example.com/genealogy.owl#Giardiniera_4> <http://www.example.com/genealogy.owl#hasTopping> <http://www.example.com/genealogy.owl#AmericanHot_131> }""]",FALSE,counts the identical evaluated input 2 times in per-row aggregate evaluation
29da70bda16cb535036880fbbc9e12a31bd571b5d294875427ff576b6770a4b3,NL,C,representational collapse,distinct formal questions collapse to one evaluated representation,2,2428;2434,FamilyOWL,2hop,BQA,sem-v1.1-95f59dfbbf79a9d65ab1fb35d60849c8eace5786c95ec41589bc536225473f82;sem-v1.1-8058b357e2785147819f6c5d4b95a23ae584fb8df97d1ed5fda4b40fd4ff058b,"[""ASK WHERE { <http://www.example.com/genealogy.owl#john_archer_1804> <http://www.example.com/genealogy.owl#isParentOf> <http://www.example.com/genealogy.owl#ada_rachel_heath_1868> }"", ""ASK WHERE { <http://www.example.com/genealogy.owl#john_archer_1835> <http://www.example.com/genealogy.owl#isParentOf> <http://www.example.com/genealogy.owl#ada_rachel_heath_1868> }""]",FALSE,counts the identical evaluated input 2 times in per-row aggregate evaluation
2b0399f1673f86eb8c4a0429f31679b0ca2007218f054105612901ced465f7b9,NL,C,representational collapse,distinct formal questions collapse to one evaluated representation,2,2316;2320,FamilyOWL,2hop,BQA,sem-v1.1-cfde635796c0e32aaba3ecf5b63fda045345cfc325c9993922adb581ff3d98a4;sem-v1.1-00d01b549904556b9d9b1e8ce1214be4957e02fa3645a5657c0f80196f719ad0,"[""ASK WHERE { <http://www.example.com/genealogy.owl#james_archer_1840> <http://www.w3.org/1999/02/22-rdf-syntax-ns#type> <http://www.example.com/genealogy.owl#Ancestor> }"", ""ASK WHERE { <http://www.example.com/genealogy.owl#james_archer_1887> <http://www.w3.org/1999/02/22-rdf-syntax-ns#type> <http://www.example.com/genealogy.owl#Ancestor> }""]",FALSE,counts the identical evaluated input 2 times in per-row aggregate evaluation
2bea0703dfbdfcdcd08d35d747a98247c43e092435fdbf72615d0218f1633cc7,NL,C,representational collapse,distinct formal questions collapse to one evaluated representation,2,4483;5646,Pizza100;Pizza250,2hop,BQA,sem-v1.1-d7023bd87b3985814cd4c0b07e1d59f02e2d5513d5f976f2935f1aa5b61a7161;sem-v1.1-3c6e5cce3f0650b07ccc0b946d77a400a6be1960f3b27186abed126674b0bc17,"[""ASK WHERE { <http://www.example.com/genealogy.owl#PolloAdAstra_9> <http://www.example.com/genealogy.owl#hasTopping> <http://www.example.com/genealogy.owl#CajunSpiceTopping_dynamic_1> }"", ""ASK WHERE { <http://www.example.com/genealogy.owl#PolloAdAstra_33> <http://www.example.com/genealogy.owl#hasTopping> <http://www.example.com/genealogy.owl#CajunSpiceTopping_dynamic_1> }""]",TRUE,counts the identical evaluated input 2 times in per-row aggregate evaluation
2c320b0a751dbe83686ca77496fae8e94051e4d6cedd958935f05067e4fd2b91,NL,C,representational collapse,distinct formal questions collapse to one evaluated representation,3,4633;5835;5840,Pizza100;Pizza250,2hop,OEQA,sem-v1.1-849e2afc5545e6e3b4d9a1f60ae8cd7e92523cb73c73785dea4401f0b39766a4;sem-v1.1-d60850cdacaeac02b44556ae73297a8715d7538c2ac355564efc0c2f33562ab0;sem-v1.1-5c5ab9732f3340c8aa74c10d4a468257702b0b9fd1f436d5792150a5a63551bf,"[""SELECT ?x WHERE { <http://www.example.com/genealogy.owl#Fiorentina_41> <http://www.w3.org/1999/02/22-rdf-syntax-ns#type> ?x }"", ""SELECT ?x WHERE { <http://www.example.com/genealogy.owl#Fiorentina_149> <http://www.w3.org/1999/02/22-rdf-syntax-ns#type> ?x }"", ""SELECT ?x WHERE { <http://www.example.com/genealogy.owl#Fiorentina_84> <http://www.w3.org/1999/02/22-rdf-syntax-ns#type> ?x }""]",DomainConcept; Food; Pizza,counts the identical evaluated input 3 times in per-row aggregate evaluation
2c7a4496edfc7034158b43e0cf8c8d25348d43aa67bcdb972bf81d1132a313c5,NL,C,representational collapse,distinct formal questions collapse to one evaluated representation,2,4460;5597,Pizza100;Pizza250,2hop,BQA,sem-v1.1-133c203b01b613ad940dfd5a818532c86104374b639ab71d840c46134502c87a;sem-v1.1-001d918fb191b6d6be417ce379d95d6d94e448f743b6feea1bd6822706acbacd,"[""ASK WHERE { <http://www.example.com/genealogy.owl#Napoletana_51> <http://www.example.com/genealogy.owl#hasTopping> <http://www.example.com/genealogy.owl#AmericanHot_1> }"", ""ASK WHERE { <http://www.example.com/genealogy.owl#Napoletana_169> <http://www.example.com/genealogy.owl#hasTopping> <http://www.example.com/genealogy.owl#AmericanHot_131> }""]",FALSE,counts the identical evaluated input 2 times in per-row aggregate evaluation
2d12fec8c5dc10adb86a12c8606230d15ece0ad3a18fa65b50ea1b95795ec3a9,NL,C,representational collapse,distinct formal questions collapse to one evaluated representation,3,4715;4717;5944,Pizza100;Pizza250,2hop,OEQA,sem-v1.1-eb3aecf35f169cfeef05a140e6593d76438e542ac791a878e8db26eb57683ae6;sem-v1.1-b48bab4e496eace89d2c48e8be670d2f8659db2c3b71abb3a4cbbfb7d851d4fd;sem-v1.1-c973ba0e46f210490b064fe38e0b87b5cbe7a687a819e3468cc0e15812e99d36,"[""SELECT ?x WHERE { <http://www.example.com/genealogy.owl#Rosa_83> <http://www.w3.org/1999/02/22-rdf-syntax-ns#type> ?x }"", ""SELECT ?x WHERE { <http://www.example.com/genealogy.owl#Rosa_91> <http://www.w3.org/1999/02/22-rdf-syntax-ns#type> ?x }"", ""SELECT ?x WHERE { <http://www.example.com/genealogy.owl#Rosa_208> <http://www.w3.org/1999/02/22-rdf-syntax-ns#type> ?x }""]",DomainConcept; Food; Pizza,counts the identical evaluated input 3 times in per-row aggregate evaluation
2e316c2a57da4d76277c1f1f3af8ccdbf768fbd31bbdc630f875ceae41734344,NL,C,representational collapse,distinct formal questions collapse to one evaluated representation,4,4055;5119;5127;5131,Pizza100;Pizza250,1hop,BQA,sem-v1.1-5bc21f43fb328001ddfd56a050266e0bf9be2818f940b1aa4fe29ae20240d27c;sem-v1.1-76281a94354ce5187d96ffbf9b1d5087603d3097d525028f262ffe931a7256f5;sem-v1.1-3847877ff88df9190c584bb9609a4063a13931995ce15ef4c638e7d6a88b6d0b;sem-v1.1-6359b0382442a0c564cc86aef83fc3da6572ac304d460ceb4a709864d2adba08,"[""ASK WHERE { <http://www.example.com/genealogy.owl#Soho_70> <http://www.w3.org/1999/02/22-rdf-syntax-ns#type> <http://www.example.com/genealogy.owl#American> }"", ""ASK WHERE { <http://www.example.com/genealogy.owl#Soho_134> <http://www.w3.org/1999/02/22-rdf-syntax-ns#type> <http://www.example.com/genealogy.owl#American> }"", ""ASK WHERE { <http://www.example.com/genealogy.owl#Soho_210> <http://www.w3.org/1999/02/22-rdf-syntax-ns#type> <http://www.example.com/genealogy.owl#American> }"", ""ASK WHERE { <http://www.example.com/genealogy.owl#Soho_41> <http://www.w3.org/1999/02/22-rdf-syntax-ns#type> <http://www.example.com/genealogy.owl#American> }""]",FALSE,counts the identical evaluated input 4 times in per-row aggregate evaluation
2e64e3e4e65035bd565c2282d019480ad75a4fac20586fe2fc26394e88f356c6,NL,C,representational collapse,distinct formal questions collapse to one evaluated representation,3,4129;4131;4137,Pizza100,1hop,OEQA,sem-v1.1-cdff3e4aa0ede1181a36edef974f085f52ef3b8ac9b2fed9c5e650ee26b0c682;sem-v1.1-752ed634f1ca38e9242863113c0977b47b049a21ddff5de33be17d1d9308d0da;sem-v1.1-fe214700c0940753995e58d6a360dec945808289dd3bc7e6c8f31decd04dbb02,"[""SELECT ?x WHERE { <http://www.example.com/genealogy.owl#Caprina_31> <http://www.example.com/genealogy.owl#hasIngredient> ?x }"", ""SELECT ?x WHERE { <http://www.example.com/genealogy.owl#Caprina_42> <http://www.example.com/genealogy.owl#hasIngredient> ?x }"", ""SELECT ?x WHERE { <http://www.example.com/genealogy.owl#Caprina_98> <http://www.example.com/genealogy.owl#hasIngredient> ?x }""]",GoatsCheeseTopping_dynamic_1; MozzarellaTopping_dynamic_1; SundriedTomatoTopping_dynamic_1; TomatoTopping_dynamic_1,counts the identical evaluated input 3 times in per-row aggregate evaluation
2eed8918cdfd525e46740816cdecb09fb6c954f7ab8f7096a61d53c6b11e6326,NL,C,representational collapse,distinct formal questions collapse to one evaluated representation,2,1677;1678,FamilyOWL,1hop,OEQA,sem-v1.1-82fc091275116c939a288a4486f14d669a1b8c81fad5e0f82ea96aeb086e5a7e;sem-v1.1-6559ce9d3eb211fddd22f8983cc71da55e5843e21de727e300d44b8f80b33aa5,"[""SELECT ?x WHERE { <http://www.example.com/genealogy.owl#mary_ann_green_1841> <http://www.example.com/genealogy.owl#hasFather> ?x }"", ""SELECT ?x WHERE { <http://www.example.com/genealogy.owl#mary_ann_green_1846> <http://www.example.com/genealogy.owl#hasFather> ?x }""]",william_green_1813,counts the identical evaluated input 2 times in per-row aggregate evaluation
2ef4a56fea19c1fa029c2f97f551e4f1e0c8b485cbfb0ff8f85ad2ce3294c24f,NL,C,representational collapse,distinct formal questions collapse to one evaluated representation,4,3822;4816;4834;4836,Pizza100;Pizza250,1hop,BQA,sem-v1.1-7a716a49e41645ef52ab4f23ca53b75f79ed2d9006bb9a01e5be824401415600;sem-v1.1-9565e09cf0725000e634efec85798b0488a4709453deb00a366c1153ca7e22ea;sem-v1.1-8fa869bde21ec4d7d905178eb8e9266764c2c58161976e3b6e10c6c5b270b55f;sem-v1.1-c1bd5028a03aed1699dd4a28ca323f8636a0fba822ae8fc0213640653abecb01,"[""ASK WHERE { <http://www.example.com/genealogy.owl#Cajun_20> <http://www.example.com/genealogy.owl#hasIngredient> <http://www.example.com/genealogy.owl#MozzarellaTopping_dynamic_1> }"", ""ASK WHERE { <http://www.example.com/genealogy.owl#Cajun_108> <http://www.example.com/genealogy.owl#hasIngredient> <http://www.example.com/genealogy.owl#MozzarellaTopping_dynamic_1> }"", ""ASK WHERE { <http://www.example.com/genealogy.owl#Cajun_198> <http://www.example.com/genealogy.owl#hasIngredient> <http://www.example.com/genealogy.owl#MozzarellaTopping_dynamic_1> }"", ""ASK WHERE { <http://www.example.com/genealogy.owl#Cajun_229> <http://www.example.com/genealogy.owl#hasIngredient> <http://www.example.com/genealogy.owl#MozzarellaTopping_dynamic_1> }""]",TRUE,counts the identical evaluated input 4 times in per-row aggregate evaluation
302bb4a8d84fa16c68aa15aa7cd281004a5aa987d4bc2e1f885cff85c63df4f3,NL,C,representational collapse,distinct formal questions collapse to one evaluated representation,3,4295;5420;5422,Pizza100;Pizza250,2hop,BQA,sem-v1.1-c6b1adc01e80197682cd56471342530966860381bd7a0bcb6ba6fcbfc5746c62;sem-v1.1-478f0249950cb6157c5e2ec3834cec9e5f95bdea5de7820699481ed962fc2a0b;sem-v1.1-afda60c14227ccec3d87379b1f1a65264d70d91b0c3a6ac7cfbdf51b4d439c9b,"[""ASK WHERE { <http://www.example.com/genealogy.owl#American_19> <http://www.example.com/genealogy.owl#hasTopping> <http://www.example.com/genealogy.owl#MozzarellaTopping_dynamic_1> }"", ""ASK WHERE { <http://www.example.com/genealogy.owl#American_245> <http://www.example.com/genealogy.owl#hasTopping> <http://www.example.com/genealogy.owl#MozzarellaTopping_dynamic_1> }"", ""ASK WHERE { <http://www.example.com/genealogy.owl#American_94> <http://www.example.com/genealogy.owl#hasTopping> <http://www.example.com/genealogy.owl#MozzarellaTopping_dynamic_1> }""]",TRUE,counts the identical evaluated input 3 times in per-row aggregate evaluation
30a006c3f9fabd5b91d9bfcc24ff5d10f2d36b20268155ddcf0f81be429f8566,NL,C,representational collapse,distinct formal questions collapse to one evaluated representation,2,4220;4224,Pizza100,1hop,OEQA,sem-v1.1-224c9da7955aad8604c7bcd90548e5b158bb66f03f8aef30a2b9fc8719b41711;sem-v1.1-f986d110fb24c6cf1d16f5d57c6ce17c05b0d59015cc76de40a174ad2aafb1c0,"[""SELECT ?x WHERE { <http://www.example.com/genealogy.owl#Rosa_12> <http://www.example.com/genealogy.owl#hasIngredient> ?x }"", ""SELECT ?x WHERE { <http://www.example.com/genealogy.owl#Rosa_96> <http://www.example.com/genealogy.owl#hasIngredient> ?x }""]",GorgonzolaTopping_dynamic_1; MozzarellaTopping_dynamic_1; TomatoTopping_dynamic_1,counts the identical evaluated input 2 times in per-row aggregate evaluation
31377c74ef4cb8071a569ad15fdc68c3cb70a659375c9da1b975a31bc6f37fee,NL,C,representational collapse,distinct formal questions collapse to one evaluated representation,6,4062;4068;4070;5138;5142;5146,Pizza100;Pizza250,1hop,BQA,sem-v1.1-49bb42806a4629825cc2b7974dd3274b0bcba0a5efca8626486bd9c70fc745d0;sem-v1.1-21c38ab84545ec416301d7820606dfe16e51034fe22679931fa946468700106e;sem-v1.1-ee760c4e4cb135606f7d903b2266bf0a59e2ef0f9ff076e794f720abcdd506db;sem-v1.1-6efcb1c7e4536985d3d9aee4a245979409c8aa7cd21410c9f7a685caa76727c4;sem-v1.1-ab188b9ab91bd0bf428d93e92405ae7b49cfde35d15e26c26c5a227e857e60c6;sem-v1.1-0129095b7edb902ad97abf59f93f73375049f4878d38a752d36d2ccbbee7b307,"[""ASK WHERE { <http://www.example.com/genealogy.owl#Veneziana_45> <http://www.w3.org/1999/02/22-rdf-syntax-ns#type> <http://www.example.com/genealogy.owl#Food> }"", ""ASK WHERE { <http://www.example.com/genealogy.owl#Veneziana_8> <http://www.w3.org/1999/02/22-rdf-syntax-ns#type> <http://www.example.com/genealogy.owl#Food> }"", ""ASK WHERE { <http://www.example.com/genealogy.owl#Veneziana_87> <http://www.w3.org/1999/02/22-rdf-syntax-ns#type> <http://www.example.com/genealogy.owl#Food> }"", ""ASK WHERE { <http://www.example.com/genealogy.owl#Veneziana_153> <http://www.w3.org/1999/02/22-rdf-syntax-ns#type> <http://www.example.com/genealogy.owl#Food> }"", ""ASK WHERE { <http://www.example.com/genealogy.owl#Veneziana_225> <http://www.w3.org/1999/02/22-rdf-syntax-ns#type> <http://www.example.com/genealogy.owl#Food> }"", ""ASK WHERE { <http://www.example.com/genealogy.owl#Veneziana_238> <http://www.w3.org/1999/02/22-rdf-syntax-ns#type> <http://www.example.com/genealogy.owl#Food> }""]",TRUE,counts the identical evaluated input 6 times in per-row aggregate evaluation
32f4c12cf35787512cd6a1cd54d863ae790984dc1b278edbd470ba29e93a26e7,NL,C,representational collapse,distinct formal questions collapse to one evaluated representation,4,4398;4402;5529;5533,Pizza100;Pizza250,2hop,BQA,sem-v1.1-51c629d320cc8acf1da3e9109bc38ed7ad5be4f2a3bbeae81bf8044aff742a28;sem-v1.1-ec8955990e742da1ca691d88a56d889c2f5469d326aff4f9b05e48f8bb551ef8;sem-v1.1-0cdab178b099a496cec7361ce9586fc05354cfc2fd1ce49e5cae09763a78c133;sem-v1.1-41acf897666e40652b4a4256c067c715cfabd40394668c4c84a47063dc0b7b46,"[""ASK WHERE { <http://www.example.com/genealogy.owl#Giardiniera_56> <http://www.example.com/genealogy.owl#hasIngredient> <http://www.example.com/genealogy.owl#AmericanHot_1> }"", ""ASK WHERE { <http://www.example.com/genealogy.owl#Giardiniera_79> <http://www.example.com/genealogy.owl#hasIngredient> <http://www.example.com/genealogy.owl#AmericanHot_1> }"", ""ASK WHERE { <http://www.example.com/genealogy.owl#Giardiniera_175> <http://www.example.com/genealogy.owl#hasIngredient> <http://www.example.com/genealogy.owl#AmericanHot_131> }"", ""ASK WHERE { <http://www.example.com/genealogy.owl#Giardiniera_206> <http://www.example.com/genealogy.owl#hasIngredient> <http://www.example.com/genealogy.owl#AmericanHot_131> }""]",FALSE,counts the identical evaluated input 4 times in per-row aggregate evaluation
32fc8b9ebd0d04ab8c73c2d5ab1df3eb4d69c9670f1dabd12cce4fe310d87377,NL,C,representational collapse,distinct formal questions collapse to one evaluated representation,5,4149;4152;5246;5247;5250,Pizza100;Pizza250,1hop,OEQA,sem-v1.1-9d621f0fe662e31b9be8d695340decff2d69c2ddc7580f5b5124e3eaac25a36a;sem-v1.1-69c9c79f71429028770eb1966331b3d4663fd4af5339fc8c009b930ca1829e2a;sem-v1.1-91b522b87eb46423f524178f3cf35bf0cda9bb9f289dda2246cd72b84eaab8f8;sem-v1.1-75ef0a4a797d0fe902614a69a79b97c3cc6f5a0c0daadfacfb4b64e61b9b54c9;sem-v1.1-fc10d8bb3b3c291d893d5bcc2678bb4ec01a0a3863b7c61d8f5478d01882c7eb,"[""SELECT ?x WHERE { <http://www.example.com/genealogy.owl#FruttiDiMare_33> <http://www.example.com/genealogy.owl#hasTopping> ?x }"", ""SELECT ?x WHERE { <http://www.example.com/genealogy.owl#FruttiDiMare_74> <http://www.example.com/genealogy.owl#hasTopping> ?x }"", ""SELECT ?x WHERE { <http://www.example.com/genealogy.owl#FruttiDiMare_163> <http://www.example.com/genealogy.owl#hasTopping> ?x }"", ""SELECT ?x WHERE { <http://www.example.com/genealogy.owl#FruttiDiMare_207> <http://www.example.com/genealogy.owl#hasTopping> ?x }"", ""SELECT ?x WHERE { <http://www.example.com/genealogy.owl#FruttiDiMare_214> <http://www.example.com/genealogy.owl#hasTopping> ?x }""]",GarlicTopping_dynamic_1; MixedSeafoodTopping_dynamic_1; TomatoTopping_dynamic_1,counts the identical evaluated input 5 times in per-row aggregate evaluation
3335ac38279b9bcbcdf6355d3cbcdde4bae3ab5039ccbea4c6373f898e4bd0eb,NL,C,representational collapse,distinct formal questions collapse to one evaluated representation,4,3840;3856;4856;4862,Pizza100;Pizza250,1hop,BQA,sem-v1.1-88d4e00251e4f8e73e31ffbec9155f07b9d098ca9203795b2552a201551e2701;sem-v1.1-a820f8b36fed20619d52996e12d5a40ee580f76c666110a3d351d744d38a7521;sem-v1.1-769123d0153da3ac4279a97425463b5163f5406093f99cb8011fe6168741b19b;sem-v1.1-0fcefc1fd4c3cae2ed8bf883a7fa3a49c6475d3605b75e66a249c3f34ff7c249,"[""ASK WHERE { <http://www.example.com/genealogy.owl#Caprina_26> <http://www.example.com/genealogy.owl#hasIngredient> <http://www.example.com/genealogy.owl#GoatsCheeseTopping_dynamic_1> }"", ""ASK WHERE { <http://www.example.com/genealogy.owl#Caprina_98> <http://www.example.com/genealogy.owl#hasIngredient> <http://www.example.com/genealogy.owl#GoatsCheeseTopping_dynamic_1> }"", ""ASK WHERE { <http://www.example.com/genealogy.owl#Caprina_10> <http://www.example.com/genealogy.owl#hasIngredient> <http://www.example.com/genealogy.owl#GoatsCheeseTopping_dynamic_1> }"", ""ASK WHERE { <http://www.example.com/genealogy.owl#Caprina_36> <http://www.example.com/genealogy.owl#hasIngredient> <http://www.example.com/genealogy.owl#GoatsCheeseTopping_dynamic_1> }""]",TRUE,counts the identical evaluated input 4 times in per-row aggregate evaluation
333b9c36a2e86b9398539d39661ab0f682b5bc8924742598c002929021bb0f8b,NL,C,representational collapse,distinct formal questions collapse to one evaluated representation,2,4710;5941,Pizza100;Pizza250,2hop,OEQA,sem-v1.1-5145a619841f4aea8486c60d1d586a62323faa1e3c164de2bca20f2b3124d0b3;sem-v1.1-fd485764dadc6741369307328ebfc6affefba34f68f2755baa50e9534229dfcc,"[""SELECT ?x WHERE { <http://www.example.com/genealogy.owl#QuattroFormaggi_42> <http://www.w3.org/1999/02/22-rdf-syntax-ns#type> ?x }"", ""SELECT ?x WHERE { <http://www.example.com/genealogy.owl#QuattroFormaggi_81> <http://www.w3.org/1999/02/22-rdf-syntax-ns#type> ?x }""]",DomainConcept; Food; Pizza,counts the identical evaluated input 2 times in per-row aggregate evaluation
357296a2fd3eb7d5d8b6af01b8a57509c093af6aecb2860ec503c991fc60e406,NL,C,representational collapse,distinct formal questions collapse to one evaluated representation,5,3957;4979;4981;4985;4991,Pizza100;Pizza250,1hop,BQA,sem-v1.1-613939bbe0d18c6d62072e000a783692f12696ae8f5e23975f4ea7a80ad0b041;sem-v1.1-fd22894cd8c4619d6d7fd9f486bef83204746a3830f7b986ef7d835b46cf81f6;sem-v1.1-a5df6ac5240a150197044f7526d26df00271971c021c1d76c708abe450ce406b;sem-v1.1-5e2a80857fc72c66985ae5a67d8992ee9c694f4d533f976614dcc96b14baf364;sem-v1.1-2e1ff7fba33b3f3b3a4079875d8c9133d37cd78560c5fee5361307899991141c,"[""ASK WHERE { <http://www.example.com/genealogy.owl#Napoletana_27> <http://www.example.com/genealogy.owl#hasIngredient> <http://www.example.com/genealogy.owl#AnchoviesTopping_dynamic_1> }"", ""ASK WHERE { <http://www.example.com/genealogy.owl#Napoletana_102> <http://www.example.com/genealogy.owl#hasIngredient> <http://www.example.com/genealogy.owl#AnchoviesTopping_dynamic_1> }"", ""ASK WHERE { <http://www.example.com/genealogy.owl#Napoletana_126> <http://www.example.com/genealogy.owl#hasIngredient> <http://www.example.com/genealogy.owl#AnchoviesTopping_dynamic_1> }"", ""ASK WHERE { <http://www.example.com/genealogy.owl#Napoletana_195> <http://www.example.com/genealogy.owl#hasIngredient> <http://www.example.com/genealogy.owl#AnchoviesTopping_dynamic_1> }"", ""ASK WHERE { <http://www.example.com/genealogy.owl#Napoletana_83> <http://www.example.com/genealogy.owl#hasIngredient> <http://www.example.com/genealogy.owl#AnchoviesTopping_dynamic_1> }""]",TRUE,counts the identical evaluated input 5 times in per-row aggregate evaluation
366792ec3078cd93cf16f5f86c4c0bfe95ef1e2a3ddf7084b3c4775d3cac0761,NL,C,representational collapse,distinct formal questions collapse to one evaluated representation,3,4613;5818;5819,Pizza100;Pizza250,2hop,OEQA,sem-v1.1-61ab99eb1a2ab30c24a207734feaaf0d18350821fb15bf06442e0e272a469ca1;sem-v1.1-b98db9075667bf9d79df300eb3639d29f4f37aff93faba74bb281e36ed502d32;sem-v1.1-f5db918623d245eb1b37de340872f20e153457544bf6d64e85257a68eee683b2,"[""SELECT ?x WHERE { <http://www.example.com/genealogy.owl#Cajun_14> <http://www.example.com/genealogy.owl#hasTopping> ?x }"", ""SELECT ?x WHERE { <http://www.example.com/genealogy.owl#Cajun_197> <http://www.example.com/genealogy.owl#hasTopping> ?x }"", ""SELECT ?x WHERE { <http://www.example.com/genealogy.owl#Cajun_198> <http://www.example.com/genealogy.owl#hasTopping> ?x }""]",MozzarellaTopping_dynamic_1; OnionTopping_dynamic_1; PeperonataTopping_dynamic_1; PrawnsTopping_dynamic_1; TobascoPepperSauce_dynamic_1; TomatoTopping_dynamic_1,counts the identical evaluated input 3 times in per-row aggregate evaluation
36dda68381c6c42feb787a0dd870b7cae23f155173427eddf33cb92e23ace078,NL,C,representational collapse,distinct formal questions collapse to one evaluated representation,2,4619;5823,Pizza100;Pizza250,2hop,OEQA,sem-v1.1-10dd22dd040b5f0bc5b0a341f68729cded35ccb6e71af6b9f3946a6263943993;sem-v1.1-ec85812e7b26cc799b5e17b11b2c393e32b3c7ba16eebc6f403e262a20a1fc42,"[""SELECT ?x WHERE { <http://www.example.com/genealogy.owl#Capricciosa_22> <http://www.w3.org/1999/02/22-rdf-syntax-ns#type> ?x }"", ""SELECT ?x WHERE { <http://www.example.com/genealogy.owl#Capricciosa_125> <http://www.w3.org/1999/02/22-rdf-syntax-ns#type> ?x }""]",DomainConcept; Food; Pizza,counts the identical evaluated input 2 times in per-row aggregate evaluation
37f8c5bbc75da19844a46723865186de100458b66252c9eb653d475ecc8fb59a,NL,C,representational collapse,distinct formal questions collapse to one evaluated representation,3,4109;4116;5187,Pizza100;Pizza250,1hop,OEQA,sem-v1.1-a1c487fb133883188a88c7bbd8d20c8fd609a500ae3c7dccc7d258dc0926670b;sem-v1.1-7cc53ad9e8294603d3aa5277f21d79a52655309b06743c50068f2d7bbbe74098;sem-v1.1-016ba52a4b1810af8e088ce327bde785237edf2953a2b3a6a282784727bb8ff4,"[""SELECT ?x WHERE { <http://www.example.com/genealogy.owl#American_19> <http://www.example.com/genealogy.owl#hasTopping> ?x }"", ""SELECT ?x WHERE { <http://www.example.com/genealogy.owl#American_7> <http://www.example.com/genealogy.owl#hasTopping> ?x }"", ""SELECT ?x WHERE { <http://www.example.com/genealogy.owl#American_13> <http://www.example.com/genealogy.owl#hasTopping> ?x }""]",MozzarellaTopping_dynamic_1; PeperoniSausageTopping_dynamic_1; TomatoTopping_dynamic_1,counts the identical evaluated input 3 times in per-row aggregate evaluation
3846d22d30a7ae4f3321ea8ccf38f7834b6ad09fc46fa07d74e73bb6b66ed43f,NL,C,representational collapse,distinct formal questions collapse to one evaluated representation,3,4512;5665;5673,Pizza100;Pizza250,2hop,BQA,sem-v1.1-63859f795b8ab974d3cb4026ba5d169890d8b573a7e784559649939915be67e9;sem-v1.1-fc1f754736c5e0bdb09e6d069fbde8d52061852fe760a6b6df89eee454a653e4;sem-v1.1-1cbcce1d61e63141a9d7dcfe6578e68b6d5f79a7ce8e5d284031e8d329380fc7,"[""ASK WHERE { <http://www.example.com/genealogy.owl#QuattroFormaggi_95> <http://www.example.com/genealogy.owl#hasIngredient> <http://www.example.com/genealogy.owl#AmericanHot_1> }"", ""ASK WHERE { <http://www.example.com/genealogy.owl#QuattroFormaggi_185> <http://www.example.com/genealogy.owl#hasIngredient> <http://www.example.com/genealogy.owl#AmericanHot_131> }"", ""ASK WHERE { <http://www.example.com/genealogy.owl#QuattroFormaggi_66> <http://www.example.com/genealogy.owl#hasIngredient> <http://www.example.com/genealogy.owl#AmericanHot_131> }""]",FALSE,counts the identical evaluated input 3 times in per-row aggregate evaluation
3866d24be61b9bc74d94e851e13aa8dcea4c90a45640e81c76bc4eef5af4ac78,NL,C,representational collapse,distinct formal questions collapse to one evaluated representation,5,4424;4428;4432;4442;5553,Pizza100;Pizza250,2hop,BQA,sem-v1.1-26c07c84746b6e1c891ae55993bfd59f62c411d986a1e57fc8ab724c70154a36;sem-v1.1-0f6d235aa4aac0e7338e8afa7a0d334a60222f1e03cc52f2f4f1542b1283a3fa;sem-v1.1-d44cc7a0d11b2327f21ae219faad562d6105aca4081282509cd0cff030778790;sem-v1.1-5056d3ffad8afdbb0605598135f1d384aafba93a44922f808408434a771573f9;sem-v1.1-5fae3817f3ee53947096bd4c5543869f696e9a736df835845080b0985bfcecb3,"[""ASK WHERE { <http://www.example.com/genealogy.owl#Margherita_20> <http://www.example.com/genealogy.owl#hasIngredient> <http://www.example.com/genealogy.owl#AmericanHot_1> }"", ""ASK WHERE { <http://www.example.com/genealogy.owl#Margherita_34> <http://www.example.com/genealogy.owl#hasIngredient> <http://www.example.com/genealogy.owl#AmericanHot_1> }"", ""ASK WHERE { <http://www.example.com/genealogy.owl#Margherita_40> <http://www.example.com/genealogy.owl#hasIngredient> <http://www.example.com/genealogy.owl#AmericanHot_1> }"", ""ASK WHERE { <http://www.example.com/genealogy.owl#Margherita_62> <http://www.example.com/genealogy.owl#hasIngredient> <http://www.example.com/genealogy.owl#AmericanHot_1> }"", ""ASK WHERE { <http://www.example.com/genealogy.owl#Margherita_12> <http://www.example.com/genealogy.owl#hasIngredient> <http://www.example.com/genealogy.owl#AmericanHot_131> }""]",FALSE,counts the identical evaluated input 5 times in per-row aggregate evaluation
38a4f7bc1ec6a8c9e17b587d2e756838b2300124cde58f84f54d0ec1cbb1b23b,NL,C,representational collapse,distinct formal questions collapse to one evaluated representation,4,4718;4724;5948;5954,Pizza100;Pizza250,2hop,OEQA,sem-v1.1-12ae12fb081dd9cc0d340295009618742112671207f2a181d990de0865bb3faa;sem-v1.1-fedf07da5179c2d20a8e626dd6d2cd2b4e53a360a05afece9d6fcdda3f9adfbe;sem-v1.1-571d3d9840c274c34ba6f01c823c15ef8c657288521b3645fc7384e6d4b21dc9;sem-v1.1-83fc83f31401f36881d2fc27a5dbba990f975f39c6b148aaf5a39c601410aa4c,"[""SELECT ?x WHERE { <http://www.example.com/genealogy.owl#Siciliana_13> <http://www.example.com/genealogy.owl#hasIngredient> ?x }"", ""SELECT ?x WHERE { <http://www.example.com/genealogy.owl#Siciliana_61> <http://www.example.com/genealogy.owl#hasIngredient> ?x }"", ""SELECT ?x WHERE { <http://www.example.com/genealogy.owl#Siciliana_157> <http://www.example.com/genealogy.owl#hasIngredient> ?x }"", ""SELECT ?x WHERE { <http://www.example.com/genealogy.owl#Siciliana_247> <http://www.example.com/genealogy.owl#hasIngredient> ?x }""]",AnchoviesTopping_dynamic_1; ArtichokeTopping_dynamic_1; GarlicTopping_dynamic_1; HamTopping_dynamic_1; MozzarellaTopping_dynamic_1; OliveTopping_dynamic_1; TomatoTopping_dynamic_1,counts the identical evaluated input 4 times in per-row aggregate evaluation
38ca6291d85a38979c793693e05adb5d25860413234ca5de875897d835a33e59,NL,C,representational collapse,distinct formal questions collapse to one evaluated representation,2,5457;5461,Pizza250,2hop,BQA,sem-v1.1-53f14d27f20f83cda5b20b552040e8d10e2c0b87ea348465fed596093b0c10a3;sem-v1.1-9f8381cc4d61bf5c1dfa00ce20c4c29d378f14ef04f74903b999e04a055314ec,"[""ASK WHERE { <http://www.example.com/genealogy.owl#Capricciosa_47> <http://www.example.com/genealogy.owl#hasTopping> <http://www.example.com/genealogy.owl#AmericanHot_131> }"", ""ASK WHERE { <http://www.example.com/genealogy.owl#Capricciosa_57> <http://www.example.com/genealogy.owl#hasTopping> <http://www.example.com/genealogy.owl#AmericanHot_131> }""]",FALSE,counts the identical evaluated input 2 times in per-row aggregate evaluation
38f3198f773f145ac73e32a7189b65037b1cb7f93d6cd6cf3d64306dd4c5adeb,NL,C,representational collapse,distinct formal questions collapse to one evaluated representation,4,4651;4654;5864;5868,Pizza100;Pizza250,2hop,OEQA,sem-v1.1-4ee158a52015a52f528ad7b964ac5fe92faf4f4a21a680ee5360d4650a943bb4;sem-v1.1-4ab112187a7dda5d097e0453a1982175a930862e7fbd110063f3231003eb8e21;sem-v1.1-9fa4f58a885d9e8f38bee9c68077be69228c14192c2d3aa5319d0c87cba8b4c7;sem-v1.1-6864d0c9d458744ec0cf22d07cd104ce616948fa265f2038acaaa8b9fe0be4f5,"[""SELECT ?x WHERE { <http://www.example.com/genealogy.owl#Giardiniera_17> <http://www.w3.org/1999/02/22-rdf-syntax-ns#type> ?x }"", ""SELECT ?x WHERE { <http://www.example.com/genealogy.owl#Giardiniera_79> <http://www.w3.org/1999/02/22-rdf-syntax-ns#type> ?x }"", ""SELECT ?x WHERE { <http://www.example.com/genealogy.owl#Giardiniera_175> <http://www.w3.org/1999/02/22-rdf-syntax-ns#type> ?x }"", ""SELECT ?x WHERE { <http://www.example.com/genealogy.owl#Giardiniera_4> <http://www.w3.org/1999/02/22-rdf-syntax-ns#type> ?x }""]",DomainConcept; Food; Pizza,counts the identical evaluated input 4 times in per-row aggregate evaluation
3919a92a9a5229cca09fb767dfe5efa34290c9a0fe700e1c238d4aeeb13bbecf,NL,C,representational collapse,distinct formal questions collapse to one evaluated representation,4,4293;4297;4311;5414,Pizza100;Pizza250,2hop,BQA,sem-v1.1-d45b949c5bac512ca5c49c1bb9ff04a85cbedf5a0a66d5d293d64357c062b47c;sem-v1.1-47cd0283f90953958519a6eecf720fd8c2981b0bfccbf15e9f00a0e6ca2f6c0e;sem-v1.1-7682cfc606a3b57e5139b1c5071eb3e2f21bed0d16300626b86df101bc516633;sem-v1.1-8bacf18ef935deab36a6804c7330994b14609bbd65394f4ffbc56cfb0c706bad,"[""ASK WHERE { <http://www.example.com/genealogy.owl#American_19> <http://www.example.com/genealogy.owl#hasIngredient> <http://www.example.com/genealogy.owl#MozzarellaTopping_dynamic_1> }"", ""ASK WHERE { <http://www.example.com/genealogy.owl#American_28> <http://www.example.com/genealogy.owl#hasIngredient> <http://www.example.com/genealogy.owl#MozzarellaTopping_dynamic_1> }"", ""ASK WHERE { <http://www.example.com/genealogy.owl#American_83> <http://www.example.com/genealogy.owl#hasIngredient> <http://www.example.com/genealogy.owl#MozzarellaTopping_dynamic_1> }"", ""ASK WHERE { <http://www.example.com/genealogy.owl#American_158> <http://www.example.com/genealogy.owl#hasIngredient> <http://www.example.com/genealogy.owl#MozzarellaTopping_dynamic_1> }""]",TRUE,counts the identical evaluated input 4 times in per-row aggregate evaluation
3a0f2c91d725d0a0862327a4e206311c056264afd8ee67baf76a7f15effa62eb,NL,C,representational collapse,distinct formal questions collapse to one evaluated representation,2,4509;4513,Pizza100,2hop,BQA,sem-v1.1-5e235797b4da2d5a7a66c752509e1ce79190367d483401d80f1780915c8f2e2d;sem-v1.1-9f3e4f78469863eda8c3f44a217d5ed8d94f3784376597dd1fa10acdc89de5c8,"[""ASK WHERE { <http://www.example.com/genealogy.owl#QuattroFormaggi_69> <http://www.example.com/genealogy.owl#hasIngredient> <http://www.example.com/genealogy.owl#FourCheesesTopping_dynamic_1> }"", ""ASK WHERE { <http://www.example.com/genealogy.owl#QuattroFormaggi_95> <http://www.example.com/genealogy.owl#hasIngredient> <http://www.example.com/genealogy.owl#FourCheesesTopping_dynamic_1> }""]",TRUE,counts the identical evaluated input 2 times in per-row aggregate evaluation
3a190782cf94e88ed1d8895641322c93376e2edf530d794c360451d07f017f70,AR,B,exact duplicated semantic question,exact duplicated semantic question across hop-specific benchmark instances,2,6114;7597,OWL2Bench,1hop;2hop,BQA,sem-v1.1-fcd1daea138ba20bd40c83f55cb9cd1ae0c8942270bf618d476ba88e76ba6901;sem-v1.1-b1c2ecbad94aad0e90f095a769977795d3ba77266d47776345a41831cecd4322,"[""ASK WHERE { <http://www.example.com/genealogy.owl#Man_6> <http://www.w3.org/1999/02/22-rdf-syntax-ns#type> <http://www.example.com/genealogy.owl#Person> }"", ""ASK WHERE { <http://www.example.com/genealogy.owl#Man_6> <http://www.w3.org/1999/02/22-rdf-syntax-ns#type> <http://www.example.com/genealogy.owl#Person> }""]",TRUE,counts the identical evaluated input 2 times in per-row aggregate evaluation
3b3135aa5cdfbd63be2f2e6c45ebb0d616bc025f02de81f271851373689f590a,NL,C,representational collapse,distinct formal questions collapse to one evaluated representation,6,4113;4115;4118;5188;5194;5198,Pizza100;Pizza250,1hop,OEQA,sem-v1.1-96f60082e231561cf015e75c8684ba2b8256e8b676f326492f2df30c46ee1ad1;sem-v1.1-d6e00b1feda0b77db235e8087ee0eab7ba92fd63e9d6c095396a638b8969439e;sem-v1.1-23fff6467504180be62f170dc59d9a009fd548b876d4366eac4669bde6c61258;sem-v1.1-1aaf81cbf5b78d6528224a0c2b5bfa90696c526b3949fc8713df65f8ff0b1725;sem-v1.1-b2bf6e3f985220d8abf8142009aacf5c6946deba13857002ef5e2f147ce4cf83;sem-v1.1-c955059f4fe20f063d4f5d20d9ba1f545b501c55df8afb6b21c07852d9ab2bf9,"[""SELECT ?x WHERE { <http://www.example.com/genealogy.owl#American_54> <http://www.example.com/genealogy.owl#hasIngredient> ?x }"", ""SELECT ?x WHERE { <http://www.example.com/genealogy.owl#American_57> <http://www.example.com/genealogy.owl#hasIngredient> ?x }"", ""SELECT ?x WHERE { <http://www.example.com/genealogy.owl#American_88> <http://www.example.com/genealogy.owl#hasIngredient> ?x }"", ""SELECT ?x WHERE { <http://www.example.com/genealogy.owl#American_158> <http://www.example.com/genealogy.owl#hasIngredient> ?x }"", ""SELECT ?x WHERE { <http://www.example.com/genealogy.owl#American_245> <http://www.example.com/genealogy.owl#hasIngredient> ?x }"", ""SELECT ?x WHERE { <http://www.example.com/genealogy.owl#American_69> <http://www.example.com/genealogy.owl#hasIngredient> ?x }""]",MozzarellaTopping_dynamic_1; PeperoniSausageTopping_dynamic_1; TomatoTopping_dynamic_1,counts the identical evaluated input 6 times in per-row aggregate evaluation
3b39e1eb24047aa23fb96a2f85a82b69499b42795463b07d42bbcbb1c6659449,NL,C,representational collapse,distinct formal questions collapse to one evaluated representation,5,4434;4436;4440;4444;5559,Pizza100;Pizza250,2hop,BQA,sem-v1.1-739aeebd226ee24f6187ca6216e50e44cefa16e4a8cce34bde3c12f4aef1aefa;sem-v1.1-a8be98f2f99ba504bae338260a446f0f7c70fc094e64a55f9f79b27a29c9a215;sem-v1.1-e80e70be2546d0ad59563f8aa033c9a8976cfe4cca54722c401f5c44411f7e4a;sem-v1.1-4b020a978136360e28d685c653d9d0fb866fb1441d8fef4ea851cffab17e6c0d;sem-v1.1-4176b1014b4747212cec912680b2c6e96ef22853633d3957077cf4cc49d11674,"[""ASK WHERE { <http://www.example.com/genealogy.owl#Margherita_40> <http://www.w3.org/1999/02/22-rdf-syntax-ns#type> <http://www.example.com/genealogy.owl#American> }"", ""ASK WHERE { <http://www.example.com/genealogy.owl#Margherita_50> <http://www.w3.org/1999/02/22-rdf-syntax-ns#type> <http://www.example.com/genealogy.owl#American> }"", ""ASK WHERE { <http://www.example.com/genealogy.owl#Margherita_59> <http://www.w3.org/1999/02/22-rdf-syntax-ns#type> <http://www.example.com/genealogy.owl#American> }"", ""ASK WHERE { <http://www.example.com/genealogy.owl#Margherita_68> <http://www.w3.org/1999/02/22-rdf-syntax-ns#type> <http://www.example.com/genealogy.owl#American> }"", ""ASK WHERE { <http://www.example.com/genealogy.owl#Margherita_150> <http://www.w3.org/1999/02/22-rdf-syntax-ns#type> <http://www.example.com/genealogy.owl#American> }""]",FALSE,counts the identical evaluated input 5 times in per-row aggregate evaluation
3b3e0a4a3af35e8db24c1bae523eb515dd5a741777283a0dda4326b951ab6266,NL,C,representational collapse,distinct formal questions collapse to one evaluated representation,4,4047;4057;5121;5129,Pizza100;Pizza250,1hop,BQA,sem-v1.1-10165ad15efd01a2654e9e7bf3cbebf8eb775eb531173ff349e744011d0f8935;sem-v1.1-53b01ddffa903cc63dfe375a26ddc7a2b7e98faa67383388090a1abc2723d406;sem-v1.1-f59f26408e27d3b536eb8303da735c20eeefa865bf3471fa3129065031c6d3cb;sem-v1.1-ec1c119890172a71f2e244e612ee57b6eb1f46b52c960c86c1c4f0dc87959f94,"[""ASK WHERE { <http://www.example.com/genealogy.owl#Soho_24> <http://www.example.com/genealogy.owl#hasIngredient> <http://www.example.com/genealogy.owl#GarlicTopping_dynamic_1> }"", ""ASK WHERE { <http://www.example.com/genealogy.owl#Soho_8> <http://www.example.com/genealogy.owl#hasIngredient> <http://www.example.com/genealogy.owl#GarlicTopping_dynamic_1> }"", ""ASK WHERE { <http://www.example.com/genealogy.owl#Soho_180> <http://www.example.com/genealogy.owl#hasIngredient> <http://www.example.com/genealogy.owl#GarlicTopping_dynamic_1> }"", ""ASK WHERE { <http://www.example.com/genealogy.owl#Soho_236> <http://www.example.com/genealogy.owl#hasIngredient> <http://www.example.com/genealogy.owl#GarlicTopping_dynamic_1> }""]",TRUE,counts the identical evaluated input 4 times in per-row aggregate evaluation
3b48598f0694c9372ec2a56cdbf5239374cd8da232251ad27da2f5de5471f943,NL,C,representational collapse,distinct formal questions collapse to one evaluated representation,3,4738;5981;5982,Pizza100;Pizza250,2hop,OEQA,sem-v1.1-527ad28ad5fd60817b0b53506e1026c7d2f5b73b2b584f6feaa26bea93f251ec;sem-v1.1-8f3d49939dd0ee5f6502b68bf0d93183a616932ec27e431cb54b083538c56053;sem-v1.1-eab0c6985aa7a57033f8325a76e087e09465b6ab2075a058ee40d9b6ae1d6f2b,"[""SELECT ?x WHERE { <http://www.example.com/genealogy.owl#Veneziana_3> <http://www.example.com/genealogy.owl#hasIngredient> ?x }"", ""SELECT ?x WHERE { <http://www.example.com/genealogy.owl#Veneziana_60> <http://www.example.com/genealogy.owl#hasIngredient> ?x }"", ""SELECT ?x WHERE { <http://www.example.com/genealogy.owl#Veneziana_61> <http://www.example.com/genealogy.owl#hasIngredient> ?x }""]",CaperTopping_dynamic_1; MozzarellaTopping_dynamic_1; OliveTopping_dynamic_1; OnionTopping_dynamic_1; PineKernels_dynamic_1; SultanaTopping_dynamic_1; TomatoTopping_dynamic_1,counts the identical evaluated input 3 times in per-row aggregate evaluation
3c15c89ee2a801c367a52ff651218f005374c1b06e4965d52fcc209366897adf,NL,C,representational collapse,distinct formal questions collapse to one evaluated representation,5,3843;3845;3851;4859;4863,Pizza100;Pizza250,1hop,BQA,sem-v1.1-59474eaafb8dafb815b95781bad94ed1beda8b760ae7fae50b994280fe20d143;sem-v1.1-ee8ccbbe3d387ce1fa2b9c5af9943b0e6a4a6dcd71a3db2a2a56f847e206b9e3;sem-v1.1-66a55466ecc90a313ba147f6209fb234e252642689960968710d8b7564939cae;sem-v1.1-148ec700fc6e77016dcdf23383b7a18cd2e486236399227c6e8d81d7a9d59cca;sem-v1.1-6fd2a5ae0016fd0778fd7796ec7ac82320bf61534600403cc52e12a54c37e974,"[""ASK WHERE { <http://www.example.com/genealogy.owl#Caprina_42> <http://www.w3.org/1999/02/22-rdf-syntax-ns#type> <http://www.example.com/genealogy.owl#American> }"", ""ASK WHERE { <http://www.example.com/genealogy.owl#Caprina_55> <http://www.w3.org/1999/02/22-rdf-syntax-ns#type> <http://www.example.com/genealogy.owl#American> }"", ""ASK WHERE { <http://www.example.com/genealogy.owl#Caprina_81> <http://www.w3.org/1999/02/22-rdf-syntax-ns#type> <http://www.example.com/genealogy.owl#American> }"", ""ASK WHERE { <http://www.example.com/genealogy.owl#Caprina_133> <http://www.w3.org/1999/02/22-rdf-syntax-ns#type> <http://www.example.com/genealogy.owl#American> }"", ""ASK WHERE { <http://www.example.com/genealogy.owl#Caprina_36> <http://www.w3.org/1999/02/22-rdf-syntax-ns#type> <http://www.example.com/genealogy.owl#American> }""]",FALSE,counts the identical evaluated input 5 times in per-row aggregate evaluation
3d1bf52ebaaaea9fa6230f8eaf7e7d937e4c13ae9215b461648580273bc4751d,NL,C,representational collapse,distinct formal questions collapse to one evaluated representation,3,6431;6447;7914,OWL2Bench,1hop;2hop,BQA,sem-v1.1-f2cced8e4035a8bbb21e092b6d19fb12a79388efe2a9b10aabba503c5c30dbd9;sem-v1.1-b1295c8ac1d9d9772e4768aaf53fd23d71c4a4c198d683a6295adbc5f08449f5;sem-v1.1-7f1591f03e7e9c90a843893131148bb3077fea937962feccc18101f9ad2a329a,"[""ASK WHERE { <http://www.example.com/genealogy.owl#Student_36> <http://www.w3.org/1999/02/22-rdf-syntax-ns#type> <http://www.example.com/genealogy.owl#AeronauticalEngineering> }"", ""ASK WHERE { <http://www.example.com/genealogy.owl#Student_4> <http://www.w3.org/1999/02/22-rdf-syntax-ns#type> <http://www.example.com/genealogy.owl#AeronauticalEngineering> }"", ""ASK WHERE { <http://www.example.com/genealogy.owl#Student_15> <http://www.w3.org/1999/02/22-rdf-syntax-ns#type> <http://www.example.com/genealogy.owl#AeronauticalEngineering> }""]",FALSE,counts the identical evaluated input 3 times in per-row aggregate evaluation
3d4b930b4dfc16412d693c1e55e9b6ab3b01d28c8277da31650b8019e8c38127,NL,C,representational collapse,distinct formal questions collapse to one evaluated representation,2,5006;5010,Pizza250,1hop,BQA,sem-v1.1-3114218958dc3bfa5d0d164373e58efa36ec824b47d64caee167dd95d55685ad;sem-v1.1-a570073af2aa2980c138a79b863ff07d512f7e8b214dfe4d7db46f28890fdda6,"[""ASK WHERE { <http://www.example.com/genealogy.owl#Parmense_78> <http://www.w3.org/1999/02/22-rdf-syntax-ns#type> <http://www.example.com/genealogy.owl#Food> }"", ""ASK WHERE { <http://www.example.com/genealogy.owl#Parmense_96> <http://www.w3.org/1999/02/22-rdf-syntax-ns#type> <http://www.example.com/genealogy.owl#Food> }""]",TRUE,counts the identical evaluated input 2 times in per-row aggregate evaluation
3e3b7338ece915979040d99c0a114f93784c7d60e89f953f755f42a98577a0a5,NL,C,representational collapse,distinct formal questions collapse to one evaluated representation,5,4964;4968;4972;4976;4978,Pizza250,1hop,BQA,sem-v1.1-093506a4ab457c96420799c1b134e7eb28071b3274b6962434e628c7189eebc8;sem-v1.1-1cdb6945e782bbba50fbf063783c16aafd5bb2cfc8745279de1191c22aa0a4a1;sem-v1.1-9f35fe498bc196ddcfe4cb076c234fc9e32408852f504a0edb47acbe70ed8d02;sem-v1.1-6ab7d3435c1ed8199b1d0362264abf85eb670604b8af442590189840279d3940;sem-v1.1-2c75525cc7d9a642a5bca71341f082970836df746b5e66586d7fc49157b6b729,"[""ASK WHERE { <http://www.example.com/genealogy.owl#Mushroom_103> <http://www.w3.org/1999/02/22-rdf-syntax-ns#type> <http://www.example.com/genealogy.owl#Food> }"", ""ASK WHERE { <http://www.example.com/genealogy.owl#Mushroom_170> <http://www.w3.org/1999/02/22-rdf-syntax-ns#type> <http://www.example.com/genealogy.owl#Food> }"", ""ASK WHERE { <http://www.example.com/genealogy.owl#Mushroom_21> <http://www.w3.org/1999/02/22-rdf-syntax-ns#type> <http://www.example.com/genealogy.owl#Food> }"", ""ASK WHERE { <http://www.example.com/genealogy.owl#Mushroom_5> <http://www.w3.org/1999/02/22-rdf-syntax-ns#type> <http://www.example.com/genealogy.owl#Food> }"", ""ASK WHERE { <http://www.example.com/genealogy.owl#Mushroom_80> <http://www.w3.org/1999/02/22-rdf-syntax-ns#type> <http://www.example.com/genealogy.owl#Food> }""]",TRUE,counts the identical evaluated input 5 times in per-row aggregate evaluation
3fb326e227bded0a041dd81442f20a4d62598bce9cb220600e2ef3bda4c9497d,NL,C,representational collapse,distinct formal questions collapse to one evaluated representation,6,4503;4511;4515;5662;5668;5672,Pizza100;Pizza250,2hop,BQA,sem-v1.1-a028b99f22fe3362a6dad484737c7b530fae2db58b3ad83f4491d184108aa375;sem-v1.1-90e8ae2dd45ed45972a78a76865d8fb9c6c5dc2ea3f2b9b727c0f89660527e57;sem-v1.1-a70b5baa24d02286c3b167b78feb4765f7ac4a373d89be40c59080e2c09196c4;sem-v1.1-4bd6d187d2fa56b9210b6a5048e9e1dff7082246cb9f92809ac1b83397585178;sem-v1.1-81b2d6dbd9fe6570eeef91d2db8fbc6b4e8c0894540a01f670537890304b44f1;sem-v1.1-2fbdcbbc283b2528ce685dd44e6bfa35ea32091d4d55fff34fede813c7501ef5,"[""ASK WHERE { <http://www.example.com/genealogy.owl#QuattroFormaggi_37> <http://www.example.com/genealogy.owl#hasTopping> <http://www.example.com/genealogy.owl#FourCheesesTopping_dynamic_1> }"", ""ASK WHERE { <http://www.example.com/genealogy.owl#QuattroFormaggi_79> <http://www.example.com/genealogy.owl#hasTopping> <http://www.example.com/genealogy.owl#FourCheesesTopping_dynamic_1> }"", ""ASK WHERE { <http://www.example.com/genealogy.owl#QuattroFormaggi_95> <http://www.example.com/genealogy.owl#hasTopping> <http://www.example.com/genealogy.owl#FourCheesesTopping_dynamic_1> }"", ""ASK WHERE { <http://www.example.com/genealogy.owl#QuattroFormaggi_111> <http://www.example.com/genealogy.owl#hasTopping> <http://www.example.com/genealogy.owl#FourCheesesTopping_dynamic_1> }"", ""ASK WHERE { <http://www.example.com/genealogy.owl#QuattroFormaggi_219> <http://www.example.com/genealogy.owl#hasTopping> <http://www.example.com/genealogy.owl#FourCheesesTopping_dynamic_1> }"", ""ASK WHERE { <http://www.example.com/genealogy.owl#QuattroFormaggi_223> <http://www.example.com/genealogy.owl#hasTopping> <http://www.example.com/genealogy.owl#FourCheesesTopping_dynamic_1> }""]",TRUE,counts the identical evaluated input 6 times in per-row aggregate evaluation
3fd11b37e483a92d9880aac3321d7ad9c6f3bdea71b5c6c55b7c08147cdb19f6,NL,C,representational collapse,distinct formal questions collapse to one evaluated representation,9,3792;3796;3798;3802;3806;3818;4798;4802;4814,Pizza100;Pizza250,1hop,BQA,sem-v1.1-1c7ab685bdae8f06d13e607aa9b7dd1b331ef91ef564012e6112dfd2ce5692be;sem-v1.1-b1453c0bd93fc77f068e268b8c866ef94cd1687d4db8f220e93aabd5deeaa600;sem-v1.1-193fe4af7a777722335b37bb8a63e998777e59cebabb5ec9db4bd73564983f44;sem-v1.1-616ec7a7f25fa870439f871bb704cc966d44d0623235ac806ef805ab016026e1;sem-v1.1-35e7b1aebc6d7d4c5649adef0366a26c00889e533c0dc00c531d6a934a298356;sem-v1.1-30f385810b9cdfe15e6a6d56bd1cf8fddb95e7ae6cef63b8ad276fb1998d9103;sem-v1.1-5f993b466eed5f2fd4aaeb0b0226b13c25b1286fae319e4bafddb671bd46fea7;sem-v1.1-efe380300723d397b84b2a4a7d41dd4e101d158a5f36e5adb395fc699573d727;sem-v1.1-7e24bb2bea0d4c55b2f711293597de0ae9256bd9d44793167627d626e84d5af6,"[""ASK WHERE { <http://www.example.com/genealogy.owl#American_19> <http://www.w3.org/1999/02/22-rdf-syntax-ns#type> <http://www.example.com/genealogy.owl#Food> }"", ""ASK WHERE { <http://www.example.com/genealogy.owl#American_28> <http://www.w3.org/1999/02/22-rdf-syntax-ns#type> <http://www.example.com/genealogy.owl#Food> }"", ""ASK WHERE { <http://www.example.com/genealogy.owl#American_34> <http://www.w3.org/1999/02/22-rdf-syntax-ns#type> <http://www.example.com/genealogy.owl#Food> }"", ""ASK WHERE { <http://www.example.com/genealogy.owl#American_43> <http://www.w3.org/1999/02/22-rdf-syntax-ns#type> <http://www.example.com/genealogy.owl#Food> }"", ""ASK WHERE { <http://www.example.com/genealogy.owl#American_55> <http://www.w3.org/1999/02/22-rdf-syntax-ns#type> <http://www.example.com/genealogy.owl#Food> }"", ""ASK WHERE { <http://www.example.com/genealogy.owl#American_9> <http://www.w3.org/1999/02/22-rdf-syntax-ns#type> <http://www.example.com/genealogy.owl#Food> }"", ""ASK WHERE { <http://www.example.com/genealogy.owl#American_158> <http://www.w3.org/1999/02/22-rdf-syntax-ns#type> <http://www.example.com/genealogy.owl#Food> }"", ""ASK WHERE { <http://www.example.com/genealogy.owl#American_2> <http://www.w3.org/1999/02/22-rdf-syntax-ns#type> <http://www.example.com/genealogy.owl#Food> }"", ""ASK WHERE { <http://www.example.com/genealogy.owl#American_69> <http://www.w3.org/1999/02/22-rdf-syntax-ns#type> <http://www.example.com/genealogy.owl#Food> }""]",TRUE,counts the identical evaluated input 9 times in per-row aggregate evaluation
41d766bd4801bffcf566b2b05f224610d4f99e958e92a36cbd816838b6cca8ab,NL,C,representational collapse,distinct formal questions collapse to one evaluated representation,3,4655;5870;5873,Pizza100;Pizza250,2hop,OEQA,sem-v1.1-a083c549f60f51c19772080fd530630e1e4de0d358b4b1ea0e841fc977bb1098;sem-v1.1-9c82e00b6a84161881506616764036df44daff0828614612f4c8feea24ff78ab;sem-v1.1-dc758cadb5c20134434105b4695156c20967fbeb4d289cdff7f56899db984e15,"[""SELECT ?x WHERE { <http://www.example.com/genealogy.owl#LaReine_14> <http://www.example.com/genealogy.owl#hasTopping> ?x }"", ""SELECT ?x WHERE { <http://www.example.com/genealogy.owl#LaReine_15> <http://www.example.com/genealogy.owl#hasTopping> ?x }"", ""SELECT ?x WHERE { <http://www.example.com/genealogy.owl#LaReine_231> <http://www.example.com/genealogy.owl#hasTopping> ?x }""]",HamTopping_dynamic_1; MozzarellaTopping_dynamic_1; MushroomTopping_dynamic_1; OliveTopping_dynamic_1; TomatoTopping_dynamic_1,counts the identical evaluated input 3 times in per-row aggregate evaluation
42337a50e662692027bef0e92c4c0498c2b5a88750561b968d5da6d058e82522,NL,C,representational collapse,distinct formal questions collapse to one evaluated representation,2,4198;5308,Pizza100;Pizza250,1hop,OEQA,sem-v1.1-4ca14c2c18b2ab387b166be8c60694d3b799def5d51f0898e94f04c44857a08f;sem-v1.1-ecd9a887c2b046483d83246e53b91d8f43f9dae4a6664fa97c003a51be0b243c,"[""SELECT ?x WHERE { <http://www.example.com/genealogy.owl#PolloAdAstra_9> <http://www.example.com/genealogy.owl#hasTopping> ?x }"", ""SELECT ?x WHERE { <http://www.example.com/genealogy.owl#PolloAdAstra_18> <http://www.example.com/genealogy.owl#hasTopping> ?x }""]",CajunSpiceTopping_dynamic_1; ChickenTopping_dynamic_1; GarlicTopping_dynamic_1; MozzarellaTopping_dynamic_1; RedOnionTopping_dynamic_1; SweetPepperTopping_dynamic_1; TomatoTopping_dynamic_1,counts the identical evaluated input 2 times in per-row aggregate evaluation
435993e5e22ff45dac0190887e35c462bd4efb43f51a7986844e87cdbc938d6a,NL,C,representational collapse,distinct formal questions collapse to one evaluated representation,2,4106;5177,Pizza100;Pizza250,1hop,OEQA,sem-v1.1-aacba8deeeb8ed3fafbbd8af492add24f876d88d2cffea3d0ad140b6ef6dc2d7;sem-v1.1-7bbc26f11e74a3af516474947635125603f7f8912987daae8f18337e5d1486b1,"[""SELECT ?x WHERE { <http://www.example.com/genealogy.owl#AmericanHot_56> <http://www.example.com/genealogy.owl#hasTopping> ?x }"", ""SELECT ?x WHERE { <http://www.example.com/genealogy.owl#AmericanHot_131> <http://www.example.com/genealogy.owl#hasTopping> ?x }""]",HotGreenPepperTopping_dynamic_1; JalapenoPepperTopping_dynamic_1; MozzarellaTopping_dynamic_1; PeperoniSausageTopping_dynamic_1; TomatoTopping_dynamic_1,counts the identical evaluated input 2 times in per-row aggregate evaluation
435e8362799683d7bec760e2f0e73468e52cd40ef353ced6d864c2413aeb2ab1,NL,C,representational collapse,distinct formal questions collapse to one evaluated representation,4,4645;5852;5854;5858,Pizza100;Pizza250,2hop,OEQA,sem-v1.1-24d85f5e0e4493da4ff2b792a2ab5e4907a8758208c2328dfc0812537f26d214;sem-v1.1-d6e4c8276cb344092f113e7180d0b695d85da90c18c1b2bc2b26b7b8fd5df32f;sem-v1.1-234287216bdbcbf6cea58f63e0f2d51da308f2707e08ccb6875842fdd13f57f4;sem-v1.1-554101489eb8f350492033e406026797f21c1461650e2348847827a51bde636d,"[""SELECT ?x WHERE { <http://www.example.com/genealogy.owl#FruttiDiMare_33> <http://www.example.com/genealogy.owl#hasTopping> ?x }"", ""SELECT ?x WHERE { <http://www.example.com/genealogy.owl#FruttiDiMare_114> <http://www.example.com/genealogy.owl#hasTopping> ?x }"", ""SELECT ?x WHERE { <http://www.example.com/genealogy.owl#FruttiDiMare_214> <http://www.example.com/genealogy.owl#hasTopping> ?x }"", ""SELECT ?x WHERE { <http://www.example.com/genealogy.owl#FruttiDiMare_26> <http://www.example.com/genealogy.owl#hasTopping> ?x }""]",GarlicTopping_dynamic_1; MixedSeafoodTopping_dynamic_1; TomatoTopping_dynamic_1,counts the identical evaluated input 4 times in per-row aggregate evaluation
43e38236c2d2a4ebd1fb7557c15b1e3129f3911b2dcb34aa86f5ebea64025d1c,NL,C,representational collapse,distinct formal questions collapse to one evaluated representation,7,4240;4241;4243;5344;5345;5347;5351,Pizza100;Pizza250,1hop,OEQA,sem-v1.1-fc6d401be013948e0cdd371a268bd467cc33682612ec7f6413f23c393c514b04;sem-v1.1-16d703a3f1bc855d3d93344d91b634b2ac7953fb510d7b56bde34a4aebd02d10;sem-v1.1-dbc9d3fa47629064d604567d61a0a9fb4b2bb1f3f246d1651a60f0c4f0516459;sem-v1.1-e8511e0b3e1055ee3304db68943a5d84fa6ef61957966123bfc950ce79936ee3;sem-v1.1-906c7a6855f3111c6ce620bbbcf559cb7b0145c1a2cf5b2583d73b783738d8ec;sem-v1.1-0b08507f6bdc53c00803833d2ad2664f142f49dd8f30bb50b2d4e95ddc8ba490;sem-v1.1-3d712ba2005e00b5dfa555090801a4df25cf088becf5e449d5b58f939e701c26,"[""SELECT ?x WHERE { <http://www.example.com/genealogy.owl#Soho_24> <http://www.example.com/genealogy.owl#hasIngredient> ?x }"", ""SELECT ?x WHERE { <http://www.example.com/genealogy.owl#Soho_35> <http://www.example.com/genealogy.owl#hasIngredient> ?x }"", ""SELECT ?x WHERE { <http://www.example.com/genealogy.owl#Soho_5> <http://www.example.com/genealogy.owl#hasIngredient> ?x }"", ""SELECT ?x WHERE { <http://www.example.com/genealogy.owl#Soho_104> <http://www.example.com/genealogy.owl#hasIngredient> ?x }"", ""SELECT ?x WHERE { <http://www.example.com/genealogy.owl#Soho_106> <http://www.example.com/genealogy.owl#hasIngredient> ?x }"", ""SELECT ?x WHERE { <http://www.example.com/genealogy.owl#Soho_134> <http://www.example.com/genealogy.owl#hasIngredient> ?x }"", ""SELECT ?x WHERE { <http://www.example.com/genealogy.owl#Soho_3> <http://www.example.com/genealogy.owl#hasIngredient> ?x }""]",GarlicTopping_dynamic_1; MozzarellaTopping_dynamic_1; OliveTopping_dynamic_1; ParmesanTopping_dynamic_1; RocketTopping_dynamic_1; TomatoTopping_dynamic_1,counts the identical evaluated input 7 times in per-row aggregate evaluation
460745927edff3a1c0b09e9ef208971d52181be48f817cb2ea398df9ba5fa11d,NL,C,representational collapse,distinct formal questions collapse to one evaluated representation,6,4732;4733;4734;5963;5965;5966,Pizza100;Pizza250,2hop,OEQA,sem-v1.1-84e08073ae8d838941b5270cd47e0999a41c5c01038c51071e3c543f27441586;sem-v1.1-1733c6bc6543ec6bfec7d40cd4e05c9c606ca53c01df1f75f416da52b171d093;sem-v1.1-fad6ca1ddf889206c57df67267701a9998554d0f5458da0b0616ba74bd60345f;sem-v1.1-44c31343d1a78f25658b294bfd580ef7fb0583c667e9a8172cd39ad1510fd450;sem-v1.1-d064475fc019ad787d7d87996e6b4559b52a1f14ea725c50c07a57584c5360a1;sem-v1.1-8312b7cd55ec9b9609b6e12e79f6f513438da7ac6162a33145dd071982e0b04e,"[""SELECT ?x WHERE { <http://www.example.com/genealogy.owl#Soho_24> <http://www.example.com/genealogy.owl#hasIngredient> ?x }"", ""SELECT ?x WHERE { <http://www.example.com/genealogy.owl#Soho_35> <http://www.example.com/genealogy.owl#hasIngredient> ?x }"", ""SELECT ?x WHERE { <http://www.example.com/genealogy.owl#Soho_5> <http://www.example.com/genealogy.owl#hasIngredient> ?x }"", ""SELECT ?x WHERE { <http://www.example.com/genealogy.owl#Soho_180> <http://www.example.com/genealogy.owl#hasIngredient> ?x }"", ""SELECT ?x WHERE { <http://www.example.com/genealogy.owl#Soho_210> <http://www.example.com/genealogy.owl#hasIngredient> ?x }"", ""SELECT ?x WHERE { <http://www.example.com/genealogy.owl#Soho_25> <http://www.example.com/genealogy.owl#hasIngredient> ?x }""]",GarlicTopping_dynamic_1; MozzarellaTopping_dynamic_1; OliveTopping_dynamic_1; ParmesanTopping_dynamic_1; RocketTopping_dynamic_1; TomatoTopping_dynamic_1,counts the identical evaluated input 6 times in per-row aggregate evaluation
46d29b664deb20f1410da64573243bec6f9cd37c0ac223ba2cb8594a03b5be9d,NL,C,representational collapse,distinct formal questions collapse to one evaluated representation,2,4140;5226,Pizza100;Pizza250,1hop,OEQA,sem-v1.1-ab123ae4c789d4990d0438f27bfce5ef39c8590c7068484b3a2a6d10ce2df488;sem-v1.1-e65c4ddfaa6b4bd6fdea7b1166c2430b8f36113e4a906973b336d73ab21d2c1a,"[""SELECT ?x WHERE { <http://www.example.com/genealogy.owl#Fiorentina_52> <http://www.w3.org/1999/02/22-rdf-syntax-ns#type> ?x }"", ""SELECT ?x WHERE { <http://www.example.com/genealogy.owl#Fiorentina_241> <http://www.w3.org/1999/02/22-rdf-syntax-ns#type> ?x }""]",DomainConcept; Food; Pizza,counts the identical evaluated input 2 times in per-row aggregate evaluation
470a014669a12f501d39acc139926ec867beb4406f1e14f8a966db95da13e603,NL,C,representational collapse,distinct formal questions collapse to one evaluated representation,2,3121;3123,FamilyOWL,2hop,BQA,sem-v1.1-cc59f8bdfe04dbdeff87353566a66361fe0796a0a36b57d18bd4de4eb11d6047;sem-v1.1-b9b822e0d0fca79453da9fc4fa678e0118abd50ae8d355b5ad6ec31588bf9a00,"[""ASK WHERE { <http://www.example.com/genealogy.owl#william_steward_1799> <http://www.w3.org/1999/02/22-rdf-syntax-ns#type> <http://www.example.com/genealogy.owl#Man> }"", ""ASK WHERE { <http://www.example.com/genealogy.owl#william_steward_1827> <http://www.w3.org/1999/02/22-rdf-syntax-ns#type> <http://www.example.com/genealogy.owl#Man> }""]",TRUE,counts the identical evaluated input 2 times in per-row aggregate evaluation
47ad2f2b62a52bdbbda632914022828d337b7aa50cb9268f87f8da5255156282,NL,C,representational collapse,distinct formal questions collapse to one evaluated representation,6,3858;3866;4868;4872;4874;4876,Pizza100;Pizza250,1hop,BQA,sem-v1.1-d925fa25af9adf55d9890a36f641cc7274786c1435d03f98c58ccfe5ebd0b13b;sem-v1.1-6926d914ace0011f9744fea96c6355dcce96a8295df9c5e6415b6d0609b6599a;sem-v1.1-551bcea57b642942f64bd38b52091069a40b3d537b12bbd0a737acba3de2e2ea;sem-v1.1-a79b75fb3518b1a1aaa32a92be2599ae1fdc9cd249ca6e3b639a828f560fda33;sem-v1.1-c5087e91513e026df90a48e45acae9a784ae35591dcb89df1a84405cc42630f3;sem-v1.1-f30d08a11526327036789ad1fc18fa87ea3d87b6f3e98ead306493f7338da0d3,"[""ASK WHERE { <http://www.example.com/genealogy.owl#Fiorentina_10> <http://www.w3.org/1999/02/22-rdf-syntax-ns#type> <http://www.example.com/genealogy.owl#Food> }"", ""ASK WHERE { <http://www.example.com/genealogy.owl#Fiorentina_95> <http://www.w3.org/1999/02/22-rdf-syntax-ns#type> <http://www.example.com/genealogy.owl#Food> }"", ""ASK WHERE { <http://www.example.com/genealogy.owl#Fiorentina_145> <http://www.w3.org/1999/02/22-rdf-syntax-ns#type> <http://www.example.com/genealogy.owl#Food> }"", ""ASK WHERE { <http://www.example.com/genealogy.owl#Fiorentina_156> <http://www.w3.org/1999/02/22-rdf-syntax-ns#type> <http://www.example.com/genealogy.owl#Food> }"", ""ASK WHERE { <http://www.example.com/genealogy.owl#Fiorentina_222> <http://www.w3.org/1999/02/22-rdf-syntax-ns#type> <http://www.example.com/genealogy.owl#Food> }"", ""ASK WHERE { <http://www.example.com/genealogy.owl#Fiorentina_232> <http://www.w3.org/1999/02/22-rdf-syntax-ns#type> <http://www.example.com/genealogy.owl#Food> }""]",TRUE,counts the identical evaluated input 6 times in per-row aggregate evaluation
48d52e6551b6fcaa1e02e3e9e2e8e85e1cbc4157e8cf741a7dff760f244c75d8,NL,C,representational collapse,distinct formal questions collapse to one evaluated representation,4,4370;4374;5495;5497,Pizza100;Pizza250,2hop,BQA,sem-v1.1-4598bab15a7ca164ba2b4e16157ea0ac7a829c38f2faa7d3c9442eedddcc5e9d;sem-v1.1-a394a795444284102e52035e7eab9b5eebdfd12262e11170373de20621e14ecb;sem-v1.1-088f41b22c5a39819c5d7fd441ca7238a0576274778592c34d03bf25a9222419;sem-v1.1-dcd3016fde127ba4a96e7c0b10b519d0e21ea1ba1ba2cfb31ae3000afaa22d2b,"[""ASK WHERE { <http://www.example.com/genealogy.owl#FourSeasons_67> <http://www.example.com/genealogy.owl#hasTopping> <http://www.example.com/genealogy.owl#AmericanHot_1> }"", ""ASK WHERE { <http://www.example.com/genealogy.owl#FourSeasons_71> <http://www.example.com/genealogy.owl#hasTopping> <http://www.example.com/genealogy.owl#AmericanHot_1> }"", ""ASK WHERE { <http://www.example.com/genealogy.owl#FourSeasons_127> <http://www.example.com/genealogy.owl#hasTopping> <http://www.example.com/genealogy.owl#AmericanHot_131> }"", ""ASK WHERE { <http://www.example.com/genealogy.owl#FourSeasons_146> <http://www.example.com/genealogy.owl#hasTopping> <http://www.example.com/genealogy.owl#AmericanHot_131> }""]",FALSE,counts the identical evaluated input 4 times in per-row aggregate evaluation
4a73c7a1ddef6a041234f7d362325a6c81687cf86cce6e0bb43a4e2597cdc5aa,NL,C,representational collapse,distinct formal questions collapse to one evaluated representation,2,4945;4947,Pizza250,1hop,BQA,sem-v1.1-7d57629dc2096ace38b730ff97a65d11f5a34571ddd929939dacbe1b8b5c41c0;sem-v1.1-fdc7da80e52e7a1ca0a1925717b7569460625f7fe438c6eecf41e9a2c7361911,"[""ASK WHERE { <http://www.example.com/genealogy.owl#Margherita_29> <http://www.example.com/genealogy.owl#hasIngredient> <http://www.example.com/genealogy.owl#Margherita_29> }"", ""ASK WHERE { <http://www.example.com/genealogy.owl#Margherita_31> <http://www.example.com/genealogy.owl#hasIngredient> <http://www.example.com/genealogy.owl#Margherita_31> }""]",FALSE,counts the identical evaluated input 2 times in per-row aggregate evaluation
4b31e1c1a224eef6b99a9f0958df9ce1a600946f3a25398e8d06a20148c36260,NL,C,representational collapse,distinct formal questions collapse to one evaluated representation,3,4337;4349;5466,Pizza100;Pizza250,2hop,BQA,sem-v1.1-7f6c146255db85e99cfa3203f0e8d8f1ca06b4f642e937017ab35bca0dd73a8a;sem-v1.1-d8d415781d3d5e564a27a62346dd35e607e9dbc40abfc2221695c060880d8896;sem-v1.1-658114e77e3fa656ba009852e5305b57acbba41c13c1b7324650297a70ff1ba8,"[""ASK WHERE { <http://www.example.com/genealogy.owl#Caprina_42> <http://www.example.com/genealogy.owl#hasTopping> <http://www.example.com/genealogy.owl#GoatsCheeseTopping_dynamic_1> }"", ""ASK WHERE { <http://www.example.com/genealogy.owl#Caprina_82> <http://www.example.com/genealogy.owl#hasTopping> <http://www.example.com/genealogy.owl#GoatsCheeseTopping_dynamic_1> }"", ""ASK WHERE { <http://www.example.com/genealogy.owl#Caprina_10> <http://www.example.com/genealogy.owl#hasTopping> <http://www.example.com/genealogy.owl#GoatsCheeseTopping_dynamic_1> }""]",TRUE,counts the identical evaluated input 3 times in per-row aggregate evaluation
4be91eeaaea51d14a4bd01082d3c026f25636fba07c3371655263f61ccc0d26f,NL,C,representational collapse,distinct formal questions collapse to one evaluated representation,3,4507;5664;5670,Pizza100;Pizza250,2hop,BQA,sem-v1.1-e2cd30c14704ed2b387fb7016d022b184319cf8d3395f012741e90e5aa08ca06;sem-v1.1-29addefd4a84cfe410ac9c44afe3f9c792098c98aadec7517827d7cb8937d983;sem-v1.1-168267765260f1c422e95f8e353cd8a86cb95c7b9d981445120f456d9f0a9f1a,"[""ASK WHERE { <http://www.example.com/genealogy.owl#QuattroFormaggi_42> <http://www.w3.org/1999/02/22-rdf-syntax-ns#type> <http://www.example.com/genealogy.owl#Food> }"", ""ASK WHERE { <http://www.example.com/genealogy.owl#QuattroFormaggi_168> <http://www.w3.org/1999/02/22-rdf-syntax-ns#type> <http://www.example.com/genealogy.owl#Food> }"", ""ASK WHERE { <http://www.example.com/genealogy.owl#QuattroFormaggi_219> <http://www.w3.org/1999/02/22-rdf-syntax-ns#type> <http://www.example.com/genealogy.owl#Food> }""]",TRUE,counts the identical evaluated input 3 times in per-row aggregate evaluation
4c54dc0f4e8e623fe586bb4609b8452785bc96a9dd9c08285af7d443b1605138,NL,C,representational collapse,distinct formal questions collapse to one evaluated representation,5,4050;4054;4058;5122;5130,Pizza100;Pizza250,1hop,BQA,sem-v1.1-dd0e2c7d076bca6a164c37745e1fdccf5775bcd16cff7c149e7637ccb55273f2;sem-v1.1-96cbb1071e23f562afbf817a6b58ae3d70a8fb0d8a22514dee017dcc43d3fd89;sem-v1.1-6e6bf33d773e0150817ce4047da53cb3cece637b5ff5080fd3f39d09829d9429;sem-v1.1-9cbee21bfee1d14dda8af12f8bf7c2595aa23c1dcc22e8167a82d16403f387fa;sem-v1.1-91a026b0b609352699cedee85130ef3c28c2b7abf1ed1cb25a7f4568e7456916,"[""ASK WHERE { <http://www.example.com/genealogy.owl#Soho_35> <http://www.example.com/genealogy.owl#hasIngredient> <http://www.example.com/genealogy.owl#Soho_35> }"", ""ASK WHERE { <http://www.example.com/genealogy.owl#Soho_50> <http://www.example.com/genealogy.owl#hasIngredient> <http://www.example.com/genealogy.owl#Soho_50> }"", ""ASK WHERE { <http://www.example.com/genealogy.owl#Soho_8> <http://www.example.com/genealogy.owl#hasIngredient> <http://www.example.com/genealogy.owl#Soho_8> }"", ""ASK WHERE { <http://www.example.com/genealogy.owl#Soho_180> <http://www.example.com/genealogy.owl#hasIngredient> <http://www.example.com/genealogy.owl#Soho_180> }"", ""ASK WHERE { <http://www.example.com/genealogy.owl#Soho_236> <http://www.example.com/genealogy.owl#hasIngredient> <http://www.example.com/genealogy.owl#Soho_236> }""]",FALSE,counts the identical evaluated input 5 times in per-row aggregate evaluation
4cb07d7776a7a8ddcba904e79409e900fbd7c6bdd18f628d2a7146e1a11ba5d4,NL,C,representational collapse,distinct formal questions collapse to one evaluated representation,6,3907;3919;3923;3927;4931;4935,Pizza100;Pizza250,1hop,BQA,sem-v1.1-f57150821a863041d574b1db66789f77702c4784be06653bbbe53c789e56f788;sem-v1.1-c47c2a452684eb6f36d7c612fc83f64bd870f7560aa9aca2680e5eb51c80679e;sem-v1.1-bfac9e100fe8f723ee59b7bba7f7202bae43542143f83b2afc4579763d5cadba;sem-v1.1-40fc2bd6e5ea58e7153efdce366b8d426f5671cbb23548de1acf78b75ad5974b;sem-v1.1-fc4505a547659d61899fcca62dffb6d875e103530f8121c89cfedd3e0645ff2c;sem-v1.1-56a0beb26c08fc9ac305f40b29df67ccd2d358ce06f976d99b56d7dbab24a479,"[""ASK WHERE { <http://www.example.com/genealogy.owl#LaReine_16> <http://www.w3.org/1999/02/22-rdf-syntax-ns#type> <http://www.example.com/genealogy.owl#American> }"", ""ASK WHERE { <http://www.example.com/genealogy.owl#LaReine_75> <http://www.w3.org/1999/02/22-rdf-syntax-ns#type> <http://www.example.com/genealogy.owl#American> }"", ""ASK WHERE { <http://www.example.com/genealogy.owl#LaReine_78> <http://www.w3.org/1999/02/22-rdf-syntax-ns#type> <http://www.example.com/genealogy.owl#American> }"", ""ASK WHERE { <http://www.example.com/genealogy.owl#LaReine_86> <http://www.w3.org/1999/02/22-rdf-syntax-ns#type> <http://www.example.com/genealogy.owl#American> }"", ""ASK WHERE { <http://www.example.com/genealogy.owl#LaReine_123> <http://www.w3.org/1999/02/22-rdf-syntax-ns#type> <http://www.example.com/genealogy.owl#American> }"", ""ASK WHERE { <http://www.example.com/genealogy.owl#LaReine_184> <http://www.w3.org/1999/02/22-rdf-syntax-ns#type> <http://www.example.com/genealogy.owl#American> }""]",FALSE,counts the identical evaluated input 6 times in per-row aggregate evaluation
4d344ef93ccaf95c6e2b17eea945298fa6a4ce7e64e894ea3f489816ffe51f11,NL,C,representational collapse,distinct formal questions collapse to one evaluated representation,2,2115;2117,FamilyOWL,2hop,BQA,sem-v1.1-75f379a46046d3e0c66253b3297eb1794d1724ac589cb62c682bc72d8d1dfcee;sem-v1.1-03596e222db09c45997db0bccb95bc5f39aef506cc7a9b15f302c66d32e0e1ff,"[""ASK WHERE { <http://www.example.com/genealogy.owl#ellen_steward_1797> <http://www.w3.org/1999/02/22-rdf-syntax-ns#type> <http://www.example.com/genealogy.owl#Woman> }"", ""ASK WHERE { <http://www.example.com/genealogy.owl#ellen_steward_1844> <http://www.w3.org/1999/02/22-rdf-syntax-ns#type> <http://www.example.com/genealogy.owl#Woman> }""]",TRUE,counts the identical evaluated input 2 times in per-row aggregate evaluation
4d8594f4cacbad5fdd19a704a75929456cf2a61d09fc107a28fc6a3c1fa387ac,NL,C,representational collapse,distinct formal questions collapse to one evaluated representation,2,4141;5224,Pizza100;Pizza250,1hop,OEQA,sem-v1.1-fdafa6aacb286ce2838dbc4f50efc8b227236bd89b350a1b55e8149fca8f62e0;sem-v1.1-fee0031f8fd3d369e27ad9c0436ea3cbed1627d26b1cf54475c3dcf4c868a0cb,"[""SELECT ?x WHERE { <http://www.example.com/genealogy.owl#Fiorentina_6> <http://www.example.com/genealogy.owl#hasIngredient> ?x }"", ""SELECT ?x WHERE { <http://www.example.com/genealogy.owl#Fiorentina_234> <http://www.example.com/genealogy.owl#hasIngredient> ?x }""]",GarlicTopping_dynamic_1; MozzarellaTopping_dynamic_1; OliveTopping_dynamic_1; ParmesanTopping_dynamic_1; SpinachTopping_dynamic_1; TomatoTopping_dynamic_1,counts the identical evaluated input 2 times in per-row aggregate evaluation
4e516153803d20a04a1d142327aa5fe11f9662b6abef64e6e22015e19ec7855b,NL,C,representational collapse,distinct formal questions collapse to one evaluated representation,3,4288;5397;5405,Pizza100;Pizza250,2hop,BQA,sem-v1.1-13af1a88f0f0c8b8cffb01dfee8df0231e6ea4004e83a022b8461f1973d88eb7;sem-v1.1-da2d669680bdb285f234a4fcfeea36decec40977ae08ec955a7eb2cd6861bd70;sem-v1.1-359ebeec90f56bfc9b68a4e7357670af3bbd3f0aa72992f9f84c654ddbeec44e,"[""ASK WHERE { <http://www.example.com/genealogy.owl#AmericanHot_72> <http://www.example.com/genealogy.owl#hasTopping> <http://www.example.com/genealogy.owl#AmericanHot_1> }"", ""ASK WHERE { <http://www.example.com/genealogy.owl#AmericanHot_237> <http://www.example.com/genealogy.owl#hasTopping> <http://www.example.com/genealogy.owl#AmericanHot_131> }"", ""ASK WHERE { <http://www.example.com/genealogy.owl#AmericanHot_64> <http://www.example.com/genealogy.owl#hasTopping> <http://www.example.com/genealogy.owl#AmericanHot_131> }""]",FALSE,counts the identical evaluated input 3 times in per-row aggregate evaluation
4ea4789e452b2fdb0244f9c2b59610738f5ac76ac3a5bff660943397e2251fc9,NL,C,representational collapse,distinct formal questions collapse to one evaluated representation,7,3872;3878;3880;4884;4892;4896;4902,Pizza100;Pizza250,1hop,BQA,sem-v1.1-0850ffa19eda9b45e9b2744b01840ea32adfa7feca4046b43658b529692c79c3;sem-v1.1-31da123c4c33ff6644c355c8e3d61b4ee58655da8db9893f7eb1f4ad5f0ff48e;sem-v1.1-13cd1ff26755c7f75812c5ce46bd4d173916f856bda14ba5f3f766b3e48fa7f6;sem-v1.1-14b4086e712d0e7d23b90fa25bb1e5b1b71908a7355c92439864906e3617e5b1;sem-v1.1-000282db115484afdde13ebbcf7fe39d7aa6bd59931bd8991c06a73f707196e2;sem-v1.1-5e72bb2187f5a3f758b46cda2e131671b4b6ea336326bf9528b0840ecc774e68;sem-v1.1-4c5edbf6982f4ecbec010703f3fe72db52e57911f193c6a3c2fa453903f52a0e,"[""ASK WHERE { <http://www.example.com/genealogy.owl#FourSeasons_26> <http://www.w3.org/1999/02/22-rdf-syntax-ns#type> <http://www.example.com/genealogy.owl#Food> }"", ""ASK WHERE { <http://www.example.com/genealogy.owl#FourSeasons_88> <http://www.w3.org/1999/02/22-rdf-syntax-ns#type> <http://www.example.com/genealogy.owl#Food> }"", ""ASK WHERE { <http://www.example.com/genealogy.owl#FourSeasons_92> <http://www.w3.org/1999/02/22-rdf-syntax-ns#type> <http://www.example.com/genealogy.owl#Food> }"", ""ASK WHERE { <http://www.example.com/genealogy.owl#FourSeasons_146> <http://www.w3.org/1999/02/22-rdf-syntax-ns#type> <http://www.example.com/genealogy.owl#Food> }"", ""ASK WHERE { <http://www.example.com/genealogy.owl#FourSeasons_233> <http://www.w3.org/1999/02/22-rdf-syntax-ns#type> <http://www.example.com/genealogy.owl#Food> }"", ""ASK WHERE { <http://www.example.com/genealogy.owl#FourSeasons_62> <http://www.w3.org/1999/02/22-rdf-syntax-ns#type> <http://www.example.com/genealogy.owl#Food> }"", ""ASK WHERE { <http://www.example.com/genealogy.owl#FourSeasons_90> <http://www.w3.org/1999/02/22-rdf-syntax-ns#type> <http://www.example.com/genealogy.owl#Food> }""]",TRUE,counts the identical evaluated input 7 times in per-row aggregate evaluation
4f7e8e1e3cf217425300d3e2684385d9d5fbd9099971705ff334960d11f6cb25,NL,C,representational collapse,distinct formal questions collapse to one evaluated representation,2,5826;5827,Pizza250,2hop,OEQA,sem-v1.1-272284ecb9cf5c62d6087f406a4d552e51c51b07b0eef006701167a7a773a38c;sem-v1.1-f5d2e5e4d06357c2ab9e15dd82e0820fcedc230dbcb1a06d11664ef401948971,"[""SELECT ?x WHERE { <http://www.example.com/genealogy.owl#Capricciosa_212> <http://www.example.com/genealogy.owl#hasIngredient> ?x }"", ""SELECT ?x WHERE { <http://www.example.com/genealogy.owl#Capricciosa_47> <http://www.example.com/genealogy.owl#hasIngredient> ?x }""]",AnchoviesTopping_dynamic_1; CaperTopping_dynamic_1; HamTopping_dynamic_1; MozzarellaTopping_dynamic_1; OliveTopping_dynamic_1; PeperonataTopping_dynamic_1; TomatoTopping_dynamic_1,counts the identical evaluated input 2 times in per-row aggregate evaluation
50155fd0281cb916971b53074121ae2ba8f513c4a69877757770b751381660fc,NL,C,representational collapse,distinct formal questions collapse to one evaluated representation,3,4328;5445;5449,Pizza100;Pizza250,2hop,BQA,sem-v1.1-14e919f21910ac27fba05798c924c10313fb858ce5bb49d21ea755eec37fcf22;sem-v1.1-8cd744424cb03f0bfa6a639367f3b4862f694eba470abaf4996e313f38d0658d;sem-v1.1-7e0eb1024345ff24a5deab8dc958c03890198f5361f1d9451e198d8567c6c11c,"[""ASK WHERE { <http://www.example.com/genealogy.owl#Capricciosa_0> <http://www.example.com/genealogy.owl#hasIngredient> <http://www.example.com/genealogy.owl#AmericanHot_1> }"", ""ASK WHERE { <http://www.example.com/genealogy.owl#Capricciosa_117> <http://www.example.com/genealogy.owl#hasIngredient> <http://www.example.com/genealogy.owl#AmericanHot_131> }"", ""ASK WHERE { <http://www.example.com/genealogy.owl#Capricciosa_125> <http://www.example.com/genealogy.owl#hasIngredient> <http://www.example.com/genealogy.owl#AmericanHot_131> }""]",FALSE,counts the identical evaluated input 3 times in per-row aggregate evaluation
504a001bb286ccc8329771da1fc1d29d5501891840cb21b90ff443a1aa237de1,NL,C,representational collapse,distinct formal questions collapse to one evaluated representation,3,4523;5682;5686,Pizza100;Pizza250,2hop,BQA,sem-v1.1-34ca655fa557b54a1d1f3bf24c0db3281370e00bdfcdbe29aaa5f1480fa94c87;sem-v1.1-97b17b8198f09b47d1472988c7c1dccb6163b55295c84bd53609a73d6356735c;sem-v1.1-d7cebfd0313d16db2fbef7ac8013241d4b9f946f4480b766c2c4cce7bc19eb07,"[""ASK WHERE { <http://www.example.com/genealogy.owl#Rosa_96> <http://www.w3.org/1999/02/22-rdf-syntax-ns#type> <http://www.example.com/genealogy.owl#Food> }"", ""ASK WHERE { <http://www.example.com/genealogy.owl#Rosa_208> <http://www.w3.org/1999/02/22-rdf-syntax-ns#type> <http://www.example.com/genealogy.owl#Food> }"", ""ASK WHERE { <http://www.example.com/genealogy.owl#Rosa_82> <http://www.w3.org/1999/02/22-rdf-syntax-ns#type> <http://www.example.com/genealogy.owl#Food> }""]",TRUE,counts the identical evaluated input 3 times in per-row aggregate evaluation
511dca35bf114a4aeadfc74a0c21a9c68b4c23c1a7b6e93bc752a60086bf95c2,NL,C,representational collapse,distinct formal questions collapse to one evaluated representation,4,3783;4773;4777;4785,Pizza100;Pizza250,1hop,BQA,sem-v1.1-435a5efa05a778725c55d858ad0d01850d639e86cb815699ac88e828dd4209c8;sem-v1.1-07c57e302d5ec1012e4f8773054f18454be5cc141cc01c2259fee08182e3b732;sem-v1.1-3c8065d7910fd770efaff6b614385e54ef18abe00621fc76034e971ba505d7df;sem-v1.1-1a1d3b2e309ccd3e802f024d68f15db62f8766a26246b8afa1d1b5afda7335db,"[""ASK WHERE { <http://www.example.com/genealogy.owl#AmericanHot_72> <http://www.example.com/genealogy.owl#hasIngredient> <http://www.example.com/genealogy.owl#AmericanHot_72> }"", ""ASK WHERE { <http://www.example.com/genealogy.owl#AmericanHot_139> <http://www.example.com/genealogy.owl#hasIngredient> <http://www.example.com/genealogy.owl#AmericanHot_139> }"", ""ASK WHERE { <http://www.example.com/genealogy.owl#AmericanHot_19> <http://www.example.com/genealogy.owl#hasIngredient> <http://www.example.com/genealogy.owl#AmericanHot_19> }"", ""ASK WHERE { <http://www.example.com/genealogy.owl#AmericanHot_50> <http://www.example.com/genealogy.owl#hasIngredient> <http://www.example.com/genealogy.owl#AmericanHot_50> }""]",FALSE,counts the identical evaluated input 4 times in per-row aggregate evaluation
517f109598abe66e3a63703a189f3502874646b18cce5404f73be1078d67c386,NL,C,representational collapse,distinct formal questions collapse to one evaluated representation,2,3883;4905,Pizza100;Pizza250,1hop,BQA,sem-v1.1-0eecd044228620f12142a338644e998fd393078c3579c572bf86aaf8ac59fd1f;sem-v1.1-0e4129243e03acbd78cba5382915bc49cc91427a687a2e7ec296285b4080b352,"[""ASK WHERE { <http://www.example.com/genealogy.owl#FruttiDiMare_15> <http://www.w3.org/1999/02/22-rdf-syntax-ns#type> <http://www.example.com/genealogy.owl#American> }"", ""ASK WHERE { <http://www.example.com/genealogy.owl#FruttiDiMare_114> <http://www.w3.org/1999/02/22-rdf-syntax-ns#type> <http://www.example.com/genealogy.owl#American> }""]",FALSE,counts the identical evaluated input 2 times in per-row aggregate evaluation
52bdbf06c5c1e968e0c04ceb018f82ce72938fe13e234e32e55beea63c7e61bb,NL,C,representational collapse,distinct formal questions collapse to one evaluated representation,3,3895;4921;4929,Pizza100;Pizza250,1hop,BQA,sem-v1.1-7dbc6a65aa3d3809298433ceec8b5e141fcb704d9bf6f3a7a7b3ceb321b526ea;sem-v1.1-4213c1f65b3b71799463cb2e182827471ef52bfbe5c72b9ae741787138f8bd75;sem-v1.1-013acfbd739df90b0e12029f386941ff1958eb24b1ec6b2af74c93dbc77f28fa,"[""ASK WHERE { <http://www.example.com/genealogy.owl#Giardiniera_17> <http://www.w3.org/1999/02/22-rdf-syntax-ns#type> <http://www.example.com/genealogy.owl#American> }"", ""ASK WHERE { <http://www.example.com/genealogy.owl#Giardiniera_118> <http://www.w3.org/1999/02/22-rdf-syntax-ns#type> <http://www.example.com/genealogy.owl#American> }"", ""ASK WHERE { <http://www.example.com/genealogy.owl#Giardiniera_4> <http://www.w3.org/1999/02/22-rdf-syntax-ns#type> <http://www.example.com/genealogy.owl#American> }""]",FALSE,counts the identical evaluated input 3 times in per-row aggregate evaluation
538135497da19cca0354698086144adbe8ef578060c0656c6d40f293d4ed69e9,NL,C,representational collapse,distinct formal questions collapse to one evaluated representation,4,4631;4635;5837;5839,Pizza100;Pizza250,2hop,OEQA,sem-v1.1-3233ec3d6a97c173f6cab0763e37dd43ef7052701bb6942bbded2729389c4a5f;sem-v1.1-91f303a7ac8f17b0ed211fce0381ddf3a948c61980038772c0d21abc52fc832d;sem-v1.1-54dd851886d506a14461889e1b5a4b686019bcc1dd3e775342c16a44351ce1a7;sem-v1.1-db021ef04a5cd1d77ff9fc59f65aa6ab908bd66edcf3fb24176a1a27b8e81c07,"[""SELECT ?x WHERE { <http://www.example.com/genealogy.owl#Fiorentina_10> <http://www.example.com/genealogy.owl#hasTopping> ?x }"", ""SELECT ?x WHERE { <http://www.example.com/genealogy.owl#Fiorentina_78> <http://www.example.com/genealogy.owl#hasTopping> ?x }"", ""SELECT ?x WHERE { <http://www.example.com/genealogy.owl#Fiorentina_241> <http://www.example.com/genealogy.owl#hasTopping> ?x }"", ""SELECT ?x WHERE { <http://www.example.com/genealogy.owl#Fiorentina_84> <http://www.example.com/genealogy.owl#hasTopping> ?x }""]",GarlicTopping_dynamic_1; MozzarellaTopping_dynamic_1; OliveTopping_dynamic_1; ParmesanTopping_dynamic_1; SpinachTopping_dynamic_1; TomatoTopping_dynamic_1,counts the identical evaluated input 4 times in per-row aggregate evaluation
53ec4c55f242794ca4e08c873c96f1e8f4a29c8e3cf0150479b7ab37212858a9,NL,C,representational collapse,distinct formal questions collapse to one evaluated representation,2,5079;5089,Pizza250,1hop,BQA,sem-v1.1-4041a4db1b83e52769850b3536da8c4a53e5c14a03a2bb600d700c845b246a95;sem-v1.1-6f6cb5e2236744c741c225a7afc1815a282128582b15fdcdcdc5977e2d216745,"[""ASK WHERE { <http://www.example.com/genealogy.owl#Siciliana_42> <http://www.w3.org/1999/02/22-rdf-syntax-ns#type> <http://www.example.com/genealogy.owl#American> }"", ""ASK WHERE { <http://www.example.com/genealogy.owl#Siciliana_52> <http://www.w3.org/1999/02/22-rdf-syntax-ns#type> <http://www.example.com/genealogy.owl#American> }""]",FALSE,counts the identical evaluated input 2 times in per-row aggregate evaluation
545ee263c30149cd071b899ee4955ea6c3ef4c574c3c22b8d37f5a9ba4772caf,NL,C,representational collapse,distinct formal questions collapse to one evaluated representation,2,5677;5683,Pizza250,2hop,BQA,sem-v1.1-dfaa7471d5351c8016c129c8a71dcabc28e445f32675efd1bde91e5baae69c6e;sem-v1.1-dd43737b641d9199249336a5a3edf123a5120d614772f188090c71279aec2b5d,"[""ASK WHERE { <http://www.example.com/genealogy.owl#Rosa_166> <http://www.example.com/genealogy.owl#hasIngredient> <http://www.example.com/genealogy.owl#AmericanHot_131> }"", ""ASK WHERE { <http://www.example.com/genealogy.owl#Rosa_82> <http://www.example.com/genealogy.owl#hasIngredient> <http://www.example.com/genealogy.owl#AmericanHot_131> }""]",FALSE,counts the identical evaluated input 2 times in per-row aggregate evaluation
550b95a352f1d9fb0a6d3e7de00062b597b9294de47bc6c58b989a30ab7e9137,NL,C,representational collapse,distinct formal questions collapse to one evaluated representation,2,7193;8739,OWL2Bench,1hop;2hop,OEQA,sem-v1.1-48ed86eb550a161d0ff7558247cad5321786cb074c6d097dd0059c4419faf2e0;sem-v1.1-4bf999a77e79b9f945865e25657cd46e71b6afae77961cc414d6f975f3294cad,"[""SELECT ?x WHERE { <http://www.example.com/genealogy.owl#Student_8> <http://www.w3.org/1999/02/22-rdf-syntax-ns#type> ?x }"", ""SELECT ?x WHERE { <http://www.example.com/genealogy.owl#Student_15> <http://www.w3.org/1999/02/22-rdf-syntax-ns#type> ?x }""]",Person,counts the identical evaluated input 2 times in per-row aggregate evaluation
562b4416f20952d99b63bde6696f44dca2a74a55a597e7e466e8db3ce823472e,NL,C,representational collapse,distinct formal questions collapse to one evaluated representation,5,4371;5496;5498;5506;5508,Pizza100;Pizza250,2hop,BQA,sem-v1.1-8c542d8cbaae1065b7c5c68592d799a7d7e0f33f40eeb4754afe8c8ed9fc2f23;sem-v1.1-bc67d78d3724f5232e7d19c49146edddfe803dc169927b0781b957e3dc04a9ba;sem-v1.1-699136b87bcc0055275367f2da2a5fe5995995a0dd0b52e1c9c54651f3e4626d;sem-v1.1-493c411e026ad35f89ff93a0c1ed4878272b3b327b052388b95089ea88c621b7;sem-v1.1-292ecfabf7f2b5c1393b72bda9bb7d00ca5f9d9161513ff9850a6a49f8f737b4,"[""ASK WHERE { <http://www.example.com/genealogy.owl#FourSeasons_67> <http://www.example.com/genealogy.owl#hasTopping> <http://www.example.com/genealogy.owl#AnchoviesTopping_dynamic_1> }"", ""ASK WHERE { <http://www.example.com/genealogy.owl#FourSeasons_127> <http://www.example.com/genealogy.owl#hasTopping> <http://www.example.com/genealogy.owl#AnchoviesTopping_dynamic_1> }"", ""ASK WHERE { <http://www.example.com/genealogy.owl#FourSeasons_146> <http://www.example.com/genealogy.owl#hasTopping> <http://www.example.com/genealogy.owl#AnchoviesTopping_dynamic_1> }"", ""ASK WHERE { <http://www.example.com/genealogy.owl#FourSeasons_56> <http://www.example.com/genealogy.owl#hasTopping> <http://www.example.com/genealogy.owl#AnchoviesTopping_dynamic_1> }"", ""ASK WHERE { <http://www.example.com/genealogy.owl#FourSeasons_62> <http://www.example.com/genealogy.owl#hasTopping> <http://www.example.com/genealogy.owl#AnchoviesTopping_dynamic_1> }""]",TRUE,counts the identical evaluated input 5 times in per-row aggregate evaluation
56991a6c50527746141a0350504b61cc40a5f28190774f828f68cb0a5719b8f4,NL,C,representational collapse,distinct formal questions collapse to one evaluated representation,4,4551;4563;5740;5746,Pizza100;Pizza250,2hop,BQA,sem-v1.1-41b23c66a3bf277c5e661554a577989d490ac0ed34a39cf9c57457fa977f32c4;sem-v1.1-d987cbde4e0d6abdafcc899631099f8e4bffc708ba93f7c806dac57b9f0268a0;sem-v1.1-a406f877fc204dffefd38fc48bb5687d70e846ca68f131616a2c5ac2fe084c85;sem-v1.1-5249aad034a9324fbae119ac96f7f27eb02dd77900ee891b01779b27f7decdd4,"[""ASK WHERE { <http://www.example.com/genealogy.owl#Soho_35> <http://www.example.com/genealogy.owl#hasTopping> <http://www.example.com/genealogy.owl#GarlicTopping_dynamic_1> }"", ""ASK WHERE { <http://www.example.com/genealogy.owl#Soho_8> <http://www.example.com/genealogy.owl#hasTopping> <http://www.example.com/genealogy.owl#GarlicTopping_dynamic_1> }"", ""ASK WHERE { <http://www.example.com/genealogy.owl#Soho_236> <http://www.example.com/genealogy.owl#hasTopping> <http://www.example.com/genealogy.owl#GarlicTopping_dynamic_1> }"", ""ASK WHERE { <http://www.example.com/genealogy.owl#Soho_25> <http://www.example.com/genealogy.owl#hasTopping> <http://www.example.com/genealogy.owl#GarlicTopping_dynamic_1> }""]",TRUE,counts the identical evaluated input 4 times in per-row aggregate evaluation
56ed5b1448b3f6e5854d3ce2cf35b7140a7a8e7c75e162398785a0c4017fae45,NL,C,representational collapse,distinct formal questions collapse to one evaluated representation,3,5901;5907;5910,Pizza250,2hop,OEQA,sem-v1.1-2b7aa054c4a4700cdf85151a7b64587a24f728b469e5d46240f854100ee414dc;sem-v1.1-0a460f69299bc0802f55c8136ccd16a1305bfd581ef0179b8566d08c2f26d2f2;sem-v1.1-31bde4357d986ee0a730ccdfa795461ef58097b017a8cb5dc7c18ded53dd60bc,"[""SELECT ?x WHERE { <http://www.example.com/genealogy.owl#Parmense_121> <http://www.w3.org/1999/02/22-rdf-syntax-ns#type> ?x }"", ""SELECT ?x WHERE { <http://www.example.com/genealogy.owl#Parmense_55> <http://www.w3.org/1999/02/22-rdf-syntax-ns#type> ?x }"", ""SELECT ?x WHERE { <http://www.example.com/genealogy.owl#Parmense_96> <http://www.w3.org/1999/02/22-rdf-syntax-ns#type> ?x }""]",DomainConcept; Food; Pizza,counts the identical evaluated input 3 times in per-row aggregate evaluation
586e41d6cd79daddfb0071d92c56cb220586bccaeca7ae36aaebc8d35cbca8a7,NL,C,representational collapse,distinct formal questions collapse to one evaluated representation,2,5012;5026,Pizza250,1hop,BQA,sem-v1.1-8c2b1ef3a7cd96e5c8ed68691b0b6a0e157e5dceea06b426ba9e50918667f1ac;sem-v1.1-c10dbb9d676d333739b51b6b0b8c265af04f21bbff87c4a6f93035ac5b6f18f6,"[""ASK WHERE { <http://www.example.com/genealogy.owl#PolloAdAstra_11> <http://www.example.com/genealogy.owl#hasIngredient> <http://www.example.com/genealogy.owl#PolloAdAstra_11> }"", ""ASK WHERE { <http://www.example.com/genealogy.owl#PolloAdAstra_91> <http://www.example.com/genealogy.owl#hasIngredient> <http://www.example.com/genealogy.owl#PolloAdAstra_91> }""]",FALSE,counts the identical evaluated input 2 times in per-row aggregate evaluation
58d55feb7db4417910a634774f9b26e36f06e05eab5cd4c8a491d46efe004a08,NL,C,representational collapse,distinct formal questions collapse to one evaluated representation,3,4401;5536;5540,Pizza100;Pizza250,2hop,BQA,sem-v1.1-cfacb45507ffabc49453e68a526f89e2ead1ba7c47d9da6038574444e86cd1ff;sem-v1.1-9e95c415b173b9bc17d16e7eb2e3f8a81cbb9e35ec87c3fe0bc1db417033b544;sem-v1.1-8aca115729265e641b2163b61ec959c64025946897f26a3bb1211c314cd7ce1a,"[""ASK WHERE { <http://www.example.com/genealogy.owl#Giardiniera_56> <http://www.w3.org/1999/02/22-rdf-syntax-ns#type> <http://www.example.com/genealogy.owl#Food> }"", ""ASK WHERE { <http://www.example.com/genealogy.owl#Giardiniera_206> <http://www.w3.org/1999/02/22-rdf-syntax-ns#type> <http://www.example.com/genealogy.owl#Food> }"", ""ASK WHERE { <http://www.example.com/genealogy.owl#Giardiniera_4> <http://www.w3.org/1999/02/22-rdf-syntax-ns#type> <http://www.example.com/genealogy.owl#Food> }""]",TRUE,counts the identical evaluated input 3 times in per-row aggregate evaluation
59e2c70eee31029ec02756146f1d6e4329553cfd5a3161109b1b6fe637cb334b,NL,C,representational collapse,distinct formal questions collapse to one evaluated representation,4,4490;4494;4500;5657,Pizza100;Pizza250,2hop,BQA,sem-v1.1-5b99f08fd9e0115b5c06808e7a201844be2677a05e81948b67e8c06138e9fb44;sem-v1.1-44b3a9e3a808404a2e369de87965ae88455e23dac88b97961b45210303bf06d1;sem-v1.1-ad6182fc51473d37bcecd59f75dd1714ded6c62241c042530ced3e7f8a946506;sem-v1.1-acdbf78e15f38358137f841bb345ddec87795c217ef883c1c184ef8afb85ac64,"[""ASK WHERE { <http://www.example.com/genealogy.owl#PrinceCarlo_38> <http://www.w3.org/1999/02/22-rdf-syntax-ns#type> <http://www.example.com/genealogy.owl#American> }"", ""ASK WHERE { <http://www.example.com/genealogy.owl#PrinceCarlo_44> <http://www.w3.org/1999/02/22-rdf-syntax-ns#type> <http://www.example.com/genealogy.owl#American> }"", ""ASK WHERE { <http://www.example.com/genealogy.owl#PrinceCarlo_74> <http://www.w3.org/1999/02/22-rdf-syntax-ns#type> <http://www.example.com/genealogy.owl#American> }"", ""ASK WHERE { <http://www.example.com/genealogy.owl#PrinceCarlo_122> <http://www.w3.org/1999/02/22-rdf-syntax-ns#type> <http://www.example.com/genealogy.owl#American> }""]",FALSE,counts the identical evaluated input 4 times in per-row aggregate evaluation
5ad00307065ca5d19fa41092d6779d8672824c3caead0b341879c7fc0d13e824,NL,C,representational collapse,distinct formal questions collapse to one evaluated representation,5,4679;4685;5895;5896;5898,Pizza100;Pizza250,2hop,OEQA,sem-v1.1-a75ec395eb773a483e37dd945d1040b77713b81e7b7734d134bfc85911913d3a;sem-v1.1-9ef40f8383ed21a95862e5d9c2274b867437eadd0be5e4bdbc5a4f70f4968284;sem-v1.1-ad480680bb5fe8e97122119cf963838e8c649722a4a96d9b7e5459b2bb740396;sem-v1.1-260df066893bb89abc360d45f8a1f82d82c07240f3a70e560724611993c1b66f;sem-v1.1-d0d17861510f1cd949e5595717848e54a74b70a39e327806606b95a2b57c52dd,"[""SELECT ?x WHERE { <http://www.example.com/genealogy.owl#Napoletana_2> <http://www.example.com/genealogy.owl#hasTopping> ?x }"", ""SELECT ?x WHERE { <http://www.example.com/genealogy.owl#Napoletana_51> <http://www.example.com/genealogy.owl#hasTopping> ?x }"", ""SELECT ?x WHERE { <http://www.example.com/genealogy.owl#Napoletana_169> <http://www.example.com/genealogy.owl#hasTopping> ?x }"", ""SELECT ?x WHERE { <http://www.example.com/genealogy.owl#Napoletana_189> <http://www.example.com/genealogy.owl#hasTopping> ?x }"", ""SELECT ?x WHERE { <http://www.example.com/genealogy.owl#Napoletana_211> <http://www.example.com/genealogy.owl#hasTopping> ?x }""]",AnchoviesTopping_dynamic_1; CaperTopping_dynamic_1; MozzarellaTopping_dynamic_1; OliveTopping_dynamic_1; TomatoTopping_dynamic_1,counts the identical evaluated input 5 times in per-row aggregate evaluation
5be7b30f9871256ea56134ee17800dabfc311a8b74d337fc05444d4e8cc2b76b,NL,C,representational collapse,distinct formal questions collapse to one evaluated representation,5,4624;4627;4628;4630;5832,Pizza100;Pizza250,2hop,OEQA,sem-v1.1-ebe4b4bff8944d04ecd5e16641feac039cca0581823af90d8009843cc02b6291;sem-v1.1-03f3bd9c73bbec489f501a59a40ce8c1da0fae79b14171ae0581bd6863ffa1e0;sem-v1.1-0de354166dfc87dd19d89215d2e12abf6e4e2e185000277d54f85f5b0ba5efce;sem-v1.1-152abf6faadc6c62afc34219741fd9051dacb72b5d1a95aa829592172088bb06;sem-v1.1-cad29ceb5aa1af66f48cfeb2b6bdb0845c2b6f29ac0b13efc73513de3e5a2aa8,"[""SELECT ?x WHERE { <http://www.example.com/genealogy.owl#Caprina_42> <http://www.example.com/genealogy.owl#hasIngredient> ?x }"", ""SELECT ?x WHERE { <http://www.example.com/genealogy.owl#Caprina_64> <http://www.example.com/genealogy.owl#hasIngredient> ?x }"", ""SELECT ?x WHERE { <http://www.example.com/genealogy.owl#Caprina_72> <http://www.example.com/genealogy.owl#hasIngredient> ?x }"", ""SELECT ?x WHERE { <http://www.example.com/genealogy.owl#Caprina_82> <http://www.example.com/genealogy.owl#hasIngredient> ?x }"", ""SELECT ?x WHERE { <http://www.example.com/genealogy.owl#Caprina_227> <http://www.example.com/genealogy.owl#hasIngredient> ?x }""]",GoatsCheeseTopping_dynamic_1; MozzarellaTopping_dynamic_1; SundriedTomatoTopping_dynamic_1; TomatoTopping_dynamic_1,counts the identical evaluated input 5 times in per-row aggregate evaluation
5cf9ef6a0cc5e7d2c63ea441d97261f659a0e65067c142128304aa77370f230a,NL,C,representational collapse,distinct formal questions collapse to one evaluated representation,3,4154;5256;5257,Pizza100;Pizza250,1hop,OEQA,sem-v1.1-c3e3d01beac5798983094a761202f6ac0432ba237fa33ff659fb3534434366ca;sem-v1.1-3656fb9f858832d9365a7f4898b023f615b93e4943f12d5b90a818cccf7845d1;sem-v1.1-65f5d64f1af16b7e874cb598ae546f29e87957fe19f16131a088f31ac1d05f60,"[""SELECT ?x WHERE { <http://www.example.com/genealogy.owl#Giardiniera_19> <http://www.example.com/genealogy.owl#hasIngredient> ?x }"", ""SELECT ?x WHERE { <http://www.example.com/genealogy.owl#Giardiniera_118> <http://www.example.com/genealogy.owl#hasIngredient> ?x }"", ""SELECT ?x WHERE { <http://www.example.com/genealogy.owl#Giardiniera_175> <http://www.example.com/genealogy.owl#hasIngredient> ?x }""]",LeekTopping_dynamic_1; MozzarellaTopping_dynamic_1; MushroomTopping_dynamic_1; OliveTopping_dynamic_1; PeperonataTopping_dynamic_1; PetitPoisTopping_dynamic_1; SlicedTomatoTopping_dynamic_1; TomatoTopping_dynamic_1,counts the identical evaluated input 3 times in per-row aggregate evaluation
5e89606e0afd026217b49f15fad418651f13b72d6bacc365e5ad87f985e5c189,NL,C,representational collapse,distinct formal questions collapse to one evaluated representation,3,4456;5581;5591,Pizza100;Pizza250,2hop,BQA,sem-v1.1-3ff24cebbe77dd689b9976528999224c0edd2faa2c83a5479d84c38e1a81c2f0;sem-v1.1-92bd106ed854ef25910329a60acd583303765ac6bad0fe98cbc60ebd9f97650f;sem-v1.1-e51d1f6585235386b01816283362f289be18afbd0344a02b7aeaeb619364dd70,"[""ASK WHERE { <http://www.example.com/genealogy.owl#Mushroom_7> <http://www.example.com/genealogy.owl#hasTopping> <http://www.example.com/genealogy.owl#AmericanHot_1> }"", ""ASK WHERE { <http://www.example.com/genealogy.owl#Mushroom_224> <http://www.example.com/genealogy.owl#hasTopping> <http://www.example.com/genealogy.owl#AmericanHot_131> }"", ""ASK WHERE { <http://www.example.com/genealogy.owl#Mushroom_80> <http://www.example.com/genealogy.owl#hasTopping> <http://www.example.com/genealogy.owl#AmericanHot_131> }""]",FALSE,counts the identical evaluated input 3 times in per-row aggregate evaluation
5f3f2d0d731b8aeed6c212407fe1de842baccab828877c04346a1fb43f58d555,NL,C,representational collapse,distinct formal questions collapse to one evaluated representation,2,4064;5148,Pizza100;Pizza250,1hop,BQA,sem-v1.1-e03cc730440c9f20bdedbba595584f8e6516e1b995778fd07895ae21ee9abb31;sem-v1.1-62973935387f6c140fe88ab722f7a218925875843e66d8fbaa4611823d6f4d90,"[""ASK WHERE { <http://www.example.com/genealogy.owl#Veneziana_48> <http://www.example.com/genealogy.owl#hasIngredient> <http://www.example.com/genealogy.owl#Veneziana_48> }"", ""ASK WHERE { <http://www.example.com/genealogy.owl#Veneziana_61> <http://www.example.com/genealogy.owl#hasIngredient> <http://www.example.com/genealogy.owl#Veneziana_61> }""]",FALSE,counts the identical evaluated input 2 times in per-row aggregate evaluation
5fd38e5bfa599e5f7b2be4ff509ddca5249811709f3201562b6fd3571c9771c4,NL,C,representational collapse,distinct formal questions collapse to one evaluated representation,3,4202;4204;4208,Pizza100,1hop,OEQA,sem-v1.1-38c3e65c69f4fdc8cd522786fb66b6bfce7285f45f4941a5b5ea255ad8c21891;sem-v1.1-aca8edc8f96e8e410880b6b5b5a04904157a70ff34564937926e097a1176fea1;sem-v1.1-df3097b4da44c64e2e379502e5d74745ccb3c6155cca993d3eb86ed9beee1926,"[""SELECT ?x WHERE { <http://www.example.com/genealogy.owl#PrinceCarlo_4> <http://www.example.com/genealogy.owl#hasIngredient> ?x }"", ""SELECT ?x WHERE { <http://www.example.com/genealogy.owl#PrinceCarlo_44> <http://www.example.com/genealogy.owl#hasIngredient> ?x }"", ""SELECT ?x WHERE { <http://www.example.com/genealogy.owl#PrinceCarlo_76> <http://www.example.com/genealogy.owl#hasIngredient> ?x }""]",LeekTopping_dynamic_1; MozzarellaTopping_dynamic_1; ParmesanTopping_dynamic_1; RosemaryTopping_dynamic_1; TomatoTopping_dynamic_1,counts the identical evaluated input 3 times in per-row aggregate evaluation
6024906b17f4b62407a31983cd2c350d39dbfbf78b17de564bb3f0e4a4a2119f,NL,C,representational collapse,distinct formal questions collapse to one evaluated representation,2,4222;4226,Pizza100,1hop,OEQA,sem-v1.1-513c89e31f30743ee3501c63a4b1e8c7ed107e9250c6da685b190a9e2eedd0b6;sem-v1.1-1e539e2306684afb4862128032e6cc266c6b2dc8f328774cc6d72a8b020dd0cf,"[""SELECT ?x WHERE { <http://www.example.com/genealogy.owl#Rosa_83> <http://www.w3.org/1999/02/22-rdf-syntax-ns#type> ?x }"", ""SELECT ?x WHERE { <http://www.example.com/genealogy.owl#Rosa_96> <http://www.w3.org/1999/02/22-rdf-syntax-ns#type> ?x }""]",DomainConcept; Food; Pizza,counts the identical evaluated input 2 times in per-row aggregate evaluation
606e8344fa0d3e3a5281ec649ac6691133b22150160e15f9a377519529c6fe48,NL,C,representational collapse,distinct formal questions collapse to one evaluated representation,4,4699;4706;5924;5930,Pizza100;Pizza250,2hop,OEQA,sem-v1.1-95cf3b7b45cf972aeda8f6497860218e00a276cf300617c95489169cd99ec6d5;sem-v1.1-f0efa90aa320e7a04de17def23847db056366fbe50908a1634bc753c871dae0a;sem-v1.1-215794a00d0bb191d68354cd6675ab4ad205d91a2af20ea736257fc2589acb3b;sem-v1.1-c5f0ba8e8d35bf5e4c40860ce988930ff6acfc32ba071e96187e1070cb96e422,"[""SELECT ?x WHERE { <http://www.example.com/genealogy.owl#PrinceCarlo_32> <http://www.example.com/genealogy.owl#hasIngredient> ?x }"", ""SELECT ?x WHERE { <http://www.example.com/genealogy.owl#PrinceCarlo_97> <http://www.example.com/genealogy.owl#hasIngredient> ?x }"", ""SELECT ?x WHERE { <http://www.example.com/genealogy.owl#PrinceCarlo_155> <http://www.example.com/genealogy.owl#hasIngredient> ?x }"", ""SELECT ?x WHERE { <http://www.example.com/genealogy.owl#PrinceCarlo_8> <http://www.example.com/genealogy.owl#hasIngredient> ?x }""]",LeekTopping_dynamic_1; MozzarellaTopping_dynamic_1; ParmesanTopping_dynamic_1; RosemaryTopping_dynamic_1; TomatoTopping_dynamic_1,counts the identical evaluated input 4 times in per-row aggregate evaluation
60fa375da0f0254cce11edbf52dde466c29973849b22e62fcc4875eecc2552e9,NL,C,representational collapse,distinct formal questions collapse to one evaluated representation,5,4014;4018;5046;5048;5052,Pizza100;Pizza250,1hop,BQA,sem-v1.1-06526d302d803f43db5fa182cedeee423d88e05627a7599b71c9128945cbee27;sem-v1.1-c3b02840204c15fb471a512a2ad5b40e4a61c30b9b90dd89597b8b8a2435d4f3;sem-v1.1-ce36f7a713c16823b761e083917f585916ad86055323ccb8a0ae7e5079f1125d;sem-v1.1-3cabd03822f21a37f2548eadf66076c2fa0fb6ffc2b6deae298b0887a1a7d07d;sem-v1.1-940e72bc95db31705d27d7ab132ab450a709db1e8fc3ff68e5020b32676f32de,"[""ASK WHERE { <http://www.example.com/genealogy.owl#QuattroFormaggi_69> <http://www.example.com/genealogy.owl#hasIngredient> <http://www.example.com/genealogy.owl#QuattroFormaggi_69> }"", ""ASK WHERE { <http://www.example.com/genealogy.owl#QuattroFormaggi_79> <http://www.example.com/genealogy.owl#hasIngredient> <http://www.example.com/genealogy.owl#QuattroFormaggi_79> }"", ""ASK WHERE { <http://www.example.com/genealogy.owl#QuattroFormaggi_111> <http://www.example.com/genealogy.owl#hasIngredient> <http://www.example.com/genealogy.owl#QuattroFormaggi_111> }"", ""ASK WHERE { <http://www.example.com/genealogy.owl#QuattroFormaggi_137> <http://www.example.com/genealogy.owl#hasIngredient> <http://www.example.com/genealogy.owl#QuattroFormaggi_137> }"", ""ASK WHERE { <http://www.example.com/genealogy.owl#QuattroFormaggi_66> <http://www.example.com/genealogy.owl#hasIngredient> <http://www.example.com/genealogy.owl#QuattroFormaggi_66> }""]",FALSE,counts the identical evaluated input 5 times in per-row aggregate evaluation
61fa6e6295a265cbc70c6024496fbabfa9a0228f0c8f7297d7dacbfad037cd6d,NL,C,representational collapse,distinct formal questions collapse to one evaluated representation,5,4468;4474;5621;5625;5629,Pizza100;Pizza250,2hop,BQA,sem-v1.1-ca9bca6050cfcfbd7f19ed83bbe36f1abd3d05257235b73da914104b2aade3a2;sem-v1.1-15fbf6cdfb0ea7e72353ddaab1a51b60938d8cbe48d51a05f1178e50fd272341;sem-v1.1-a38665a7380612bfab92b9f21b0597b94e66eaddd32c8e3cf4449a9a84ee5b45;sem-v1.1-87b5b22f3620e3605078e6360bf0baf581941e902270e81b3764a2934edea27e;sem-v1.1-7b74fc66e5dae0e51a86cc3d1cca1efbeab76634166b24d4773944ab0c881c27,"[""ASK WHERE { <http://www.example.com/genealogy.owl#Parmense_11> <http://www.w3.org/1999/02/22-rdf-syntax-ns#type> <http://www.example.com/genealogy.owl#American> }"", ""ASK WHERE { <http://www.example.com/genealogy.owl#Parmense_71> <http://www.w3.org/1999/02/22-rdf-syntax-ns#type> <http://www.example.com/genealogy.owl#American> }"", ""ASK WHERE { <http://www.example.com/genealogy.owl#Parmense_55> <http://www.w3.org/1999/02/22-rdf-syntax-ns#type> <http://www.example.com/genealogy.owl#American> }"", ""ASK WHERE { <http://www.example.com/genealogy.owl#Parmense_76> <http://www.w3.org/1999/02/22-rdf-syntax-ns#type> <http://www.example.com/genealogy.owl#American> }"", ""ASK WHERE { <http://www.example.com/genealogy.owl#Parmense_96> <http://www.w3.org/1999/02/22-rdf-syntax-ns#type> <http://www.example.com/genealogy.owl#American> }""]",FALSE,counts the identical evaluated input 5 times in per-row aggregate evaluation
62361eaa08e2d38919165de9077010389c0fe6affbc34e0b544a7099864719fa,NL,C,representational collapse,distinct formal questions collapse to one evaluated representation,8,4146;4147;5232;5234;5237;5238;5240;5242,Pizza100;Pizza250,1hop,OEQA,sem-v1.1-b1607318de8ee3325f9c0530b586d65ba07710af12ec44d9f4ff5debd0d50169;sem-v1.1-95eaa43389538edbafadbe5a6150ea335c27bf92923b39f0a71d48b2edcd1466;sem-v1.1-8da1b5281dff0f709dbfbc7f04089ff125bb057b9172bac9cc37ba6523ede9cd;sem-v1.1-41a1ac6be8e1a1f30f7dddf0c77afc692038d09590f6a93e98a7fe7c55d87f0c;sem-v1.1-c2fab68d0168fe28fa5184cf61ee10f611519b9f235fc5dc54d3ca0e50002f4e;sem-v1.1-ef8ddc3e68047c5449d50558de679b58e72bdeb01731cfdc5f6424dd93ef2cdd;sem-v1.1-7397fc188ea6f4813ccbeed1f8d6155832fa00c5a18174f54180917d5875ffab;sem-v1.1-b7a8b7406643547bf6efc1c053fed8dc8c60814b1d959eb8f41d699a01e13bd9,"[""SELECT ?x WHERE { <http://www.example.com/genealogy.owl#FourSeasons_88> <http://www.example.com/genealogy.owl#hasTopping> ?x }"", ""SELECT ?x WHERE { <http://www.example.com/genealogy.owl#FourSeasons_94> <http://www.example.com/genealogy.owl#hasTopping> ?x }"", ""SELECT ?x WHERE { <http://www.example.com/genealogy.owl#FourSeasons_174> <http://www.example.com/genealogy.owl#hasTopping> ?x }"", ""SELECT ?x WHERE { <http://www.example.com/genealogy.owl#FourSeasons_190> <http://www.example.com/genealogy.owl#hasTopping> ?x }"", ""SELECT ?x WHERE { <http://www.example.com/genealogy.owl#FourSeasons_56> <http://www.example.com/genealogy.owl#hasTopping> ?x }"", ""SELECT ?x WHERE { <http://www.example.com/genealogy.owl#FourSeasons_62> <http://www.example.com/genealogy.owl#hasTopping> ?x }"", ""SELECT ?x WHERE { <http://www.example.com/genealogy.owl#FourSeasons_88> <http://www.example.com/genealogy.owl#hasTopping> ?x }"", ""SELECT ?x WHERE { <http://www.example.com/genealogy.owl#FourSeasons_89> <http://www.example.com/genealogy.owl#hasTopping> ?x }""]",AnchoviesTopping_dynamic_1; CaperTopping_dynamic_1; MozzarellaTopping_dynamic_1; MushroomTopping_dynamic_1; OliveTopping_dynamic_1; PeperoniSausageTopping_dynamic_1; TomatoTopping_dynamic_1,counts the identical evaluated input 8 times in per-row aggregate evaluation
627d978515d1c908da1bdbc11f718bf380f0cf74bd1c7e4ac739f911581979ef,AR,B,exact duplicated semantic question,exact duplicated semantic question across hop-specific benchmark instances,2,6966;8517,OWL2Bench,1hop;2hop,BQA,sem-v1.1-7840290e94abdf061009d348e5438f1c61c3a2a0fe5809d26e93f1ed7fc91679;sem-v1.1-c4b7be094d2698171e5df8ade1cd9eb4d86336c2dd31ab894bf96754673731a0,"[""ASK WHERE { <http://www.example.com/genealogy.owl#Woman_47> <http://www.w3.org/1999/02/22-rdf-syntax-ns#type> <http://www.example.com/genealogy.owl#Person> }"", ""ASK WHERE { <http://www.example.com/genealogy.owl#Woman_47> <http://www.w3.org/1999/02/22-rdf-syntax-ns#type> <http://www.example.com/genealogy.owl#Person> }""]",TRUE,counts the identical evaluated input 2 times in per-row aggregate evaluation
63097ab945ec356296e0f6fc434a8e2d81ebe5b01facd019775c6a7c6ed1cb00,NL,C,representational collapse,distinct formal questions collapse to one evaluated representation,6,4130;4133;4136;5217;5218;5219,Pizza100;Pizza250,1hop,OEQA,sem-v1.1-5d481abd4d08455f0ae4705245f80dc9fde6481768a535c77e6daa366efd8061;sem-v1.1-87db9a53aa11e411c3842c11c8d88080b3542f5e03850bb58bc10b663a73a242;sem-v1.1-c72e970933de12380420f7562eece6a32e16e2614dd455e2b3af30db7524f7c9;sem-v1.1-c5425eea0bd01794a059168ccfa0bb9f47d5a6304183b2b52c5aef69d20ea6a4;sem-v1.1-2e9fa603578d3c44ef791f82b7f99531d5706b2b547cf1b0a39015b119d9b184;sem-v1.1-6703863d54efab72d7176329037e34bcedace7dbe590a65db77212f7a0bd475a,"[""SELECT ?x WHERE { <http://www.example.com/genealogy.owl#Caprina_31> <http://www.example.com/genealogy.owl#hasTopping> ?x }"", ""SELECT ?x WHERE { <http://www.example.com/genealogy.owl#Caprina_46> <http://www.example.com/genealogy.owl#hasTopping> ?x }"", ""SELECT ?x WHERE { <http://www.example.com/genealogy.owl#Caprina_81> <http://www.example.com/genealogy.owl#hasTopping> ?x }"", ""SELECT ?x WHERE { <http://www.example.com/genealogy.owl#Caprina_133> <http://www.example.com/genealogy.owl#hasTopping> ?x }"", ""SELECT ?x WHERE { <http://www.example.com/genealogy.owl#Caprina_194> <http://www.example.com/genealogy.owl#hasTopping> ?x }"", ""SELECT ?x WHERE { <http://www.example.com/genealogy.owl#Caprina_36> <http://www.example.com/genealogy.owl#hasTopping> ?x }""]",GoatsCheeseTopping_dynamic_1; MozzarellaTopping_dynamic_1; SundriedTomatoTopping_dynamic_1; TomatoTopping_dynamic_1,counts the identical evaluated input 6 times in per-row aggregate evaluation
63a3ac468481e49fc0f28c091a17fd394b627e3d4bd7169d1ce2db97f95fc9a7,NL,C,representational collapse,distinct formal questions collapse to one evaluated representation,4,4005;4011;5055;5057,Pizza100;Pizza250,1hop,BQA,sem-v1.1-dd2254d5ff16467a9952e8206b0cbbb9e688a9f4055f966f8d9fe6ac6094fcf0;sem-v1.1-be8328a5f0023ced0ad80487b0630ea6d2f814ce65765e4ec2ada311f408a7a8;sem-v1.1-946091752edb26f018292951e7702888cbc4a19770616da2381d62f5b8da54bd;sem-v1.1-acddd0caf2a3929f0dd4f8e3715757be32a3769b1d0423507090dabdab4ca4be,"[""ASK WHERE { <http://www.example.com/genealogy.owl#QuattroFormaggi_4> <http://www.w3.org/1999/02/22-rdf-syntax-ns#type> <http://www.example.com/genealogy.owl#American> }"", ""ASK WHERE { <http://www.example.com/genealogy.owl#QuattroFormaggi_65> <http://www.w3.org/1999/02/22-rdf-syntax-ns#type> <http://www.example.com/genealogy.owl#American> }"", ""ASK WHERE { <http://www.example.com/genealogy.owl#QuattroFormaggi_66> <http://www.w3.org/1999/02/22-rdf-syntax-ns#type> <http://www.example.com/genealogy.owl#American> }"", ""ASK WHERE { <http://www.example.com/genealogy.owl#QuattroFormaggi_81> <http://www.w3.org/1999/02/22-rdf-syntax-ns#type> <http://www.example.com/genealogy.owl#American> }""]",FALSE,counts the identical evaluated input 4 times in per-row aggregate evaluation
6467abbce1952d1b4089462f54e537caf65023b6217704b82749d28c756e8a95,NL,C,representational collapse,distinct formal questions collapse to one evaluated representation,2,4155;5259,Pizza100;Pizza250,1hop,OEQA,sem-v1.1-46a9822c847d40e94b3919e4fc81f76d21e8b6d02799dbb169a4ebe6ba3669b3;sem-v1.1-2847258c83623127afbb8cbf641804cc15cc794991822978c546a6cc3fc543df,"[""SELECT ?x WHERE { <http://www.example.com/genealogy.owl#Giardiniera_56> <http://www.example.com/genealogy.owl#hasTopping> ?x }"", ""SELECT ?x WHERE { <http://www.example.com/genealogy.owl#Giardiniera_176> <http://www.example.com/genealogy.owl#hasTopping> ?x }""]",LeekTopping_dynamic_1; MozzarellaTopping_dynamic_1; MushroomTopping_dynamic_1; OliveTopping_dynamic_1; PeperonataTopping_dynamic_1; PetitPoisTopping_dynamic_1; SlicedTomatoTopping_dynamic_1; TomatoTopping_dynamic_1,counts the identical evaluated input 2 times in per-row aggregate evaluation
649eb1c21fca782977714dcc6637d6f29cf1885ecbe4e41eee10007110a2aa45,NL,C,representational collapse,distinct formal questions collapse to one evaluated representation,4,4339;4341;4345;5472,Pizza100;Pizza250,2hop,BQA,sem-v1.1-c2f5cf56443b15b022c9020c1e9257b09a2434569fed4c8e6e338f418929fd79;sem-v1.1-e7600749e2da273e623a7c955ed368926d79fe205a320e42a3e5ca9f049ab4b7;sem-v1.1-8704951cf5f96570376d2f1484c7631584c8e2c124b00f9c553b4e0d433a1c91;sem-v1.1-751d0c227ff53d96aef0f10019b05f5849553b0be6820e2af2b1a6e2e7e820d9,"[""ASK WHERE { <http://www.example.com/genealogy.owl#Caprina_42> <http://www.w3.org/1999/02/22-rdf-syntax-ns#type> <http://www.example.com/genealogy.owl#Food> }"", ""ASK WHERE { <http://www.example.com/genealogy.owl#Caprina_55> <http://www.w3.org/1999/02/22-rdf-syntax-ns#type> <http://www.example.com/genealogy.owl#Food> }"", ""ASK WHERE { <http://www.example.com/genealogy.owl#Caprina_72> <http://www.w3.org/1999/02/22-rdf-syntax-ns#type> <http://www.example.com/genealogy.owl#Food> }"", ""ASK WHERE { <http://www.example.com/genealogy.owl#Caprina_227> <http://www.w3.org/1999/02/22-rdf-syntax-ns#type> <http://www.example.com/genealogy.owl#Food> }""]",TRUE,counts the identical evaluated input 4 times in per-row aggregate evaluation
64bc99963064fa2f281ffaa37db869a758f126b868656d9648e45418d3d5eaca,NL,C,representational collapse,distinct formal questions collapse to one evaluated representation,3,4158;4159;5262,Pizza100;Pizza250,1hop,OEQA,sem-v1.1-723460724406e3b4001d6b7453089a315ad4f73da0facedd8f53de86e30ebce5;sem-v1.1-f3d4d3d1c7cb31063af3e259ca41843bd810ab38074033aafd741a4a15d1b728;sem-v1.1-aa98c795620af0796ad7bab2fbccbba92cc19780ded7961472655d64b0e725c5,"[""SELECT ?x WHERE { <http://www.example.com/genealogy.owl#LaReine_58> <http://www.example.com/genealogy.owl#hasIngredient> ?x }"", ""SELECT ?x WHERE { <http://www.example.com/genealogy.owl#LaReine_75> <http://www.example.com/genealogy.owl#hasIngredient> ?x }"", ""SELECT ?x WHERE { <http://www.example.com/genealogy.owl#LaReine_123> <http://www.example.com/genealogy.owl#hasIngredient> ?x }""]",HamTopping_dynamic_1; MozzarellaTopping_dynamic_1; MushroomTopping_dynamic_1; OliveTopping_dynamic_1; TomatoTopping_dynamic_1,counts the identical evaluated input 3 times in per-row aggregate evaluation
64fc2d3e621f598de2195bf00deb1ba76eb127fccec34fb89efa0ee24c07f3db,NL,C,representational collapse,distinct formal questions collapse to one evaluated representation,2,4697;4702,Pizza100,2hop,OEQA,sem-v1.1-16be642393e44affec5b448555d9b6c8bc71358e9b35b5e2489fc803e3ff4d07;sem-v1.1-a452c848fb9130b0ad856755c27cb4ac41d6983cd9cace0173e50dafd9250302,"[""SELECT ?x WHERE { <http://www.example.com/genealogy.owl#PrinceCarlo_24> <http://www.example.com/genealogy.owl#hasIngredient> ?x }"", ""SELECT ?x WHERE { <http://www.example.com/genealogy.owl#PrinceCarlo_37> <http://www.example.com/genealogy.owl#hasIngredient> ?x }""]",LeekTopping_dynamic_1; MozzarellaTopping_dynamic_1; ParmesanTopping_dynamic_1; RosemaryTopping_dynamic_1; TomatoTopping_dynamic_1,counts the identical evaluated input 2 times in per-row aggregate evaluation
65239f497ee46abe5ba963296cf5648546a0147ea4a869dc12ef263d0f13b42c,NL,C,representational collapse,distinct formal questions collapse to one evaluated representation,3,4643;5855;5861,Pizza100;Pizza250,2hop,OEQA,sem-v1.1-6d1116d48da9150e1346c901e7325883bc44768fb6600e09fe40144dcf2b3bb1;sem-v1.1-d5f4db5c6b327b42d70d90e8b5d9a8141c4ff7a84a089cd94e2a67313b77b45b;sem-v1.1-db54e7d1b3c86f44d946275c815719a6400108881c064f237c31dde662f6288d,"[""SELECT ?x WHERE { <http://www.example.com/genealogy.owl#FruttiDiMare_13> <http://www.example.com/genealogy.owl#hasIngredient> ?x }"", ""SELECT ?x WHERE { <http://www.example.com/genealogy.owl#FruttiDiMare_240> <http://www.example.com/genealogy.owl#hasIngredient> ?x }"", ""SELECT ?x WHERE { <http://www.example.com/genealogy.owl#FruttiDiMare_38> <http://www.example.com/genealogy.owl#hasIngredient> ?x }""]",GarlicTopping_dynamic_1; MixedSeafoodTopping_dynamic_1; TomatoTopping_dynamic_1,counts the identical evaluated input 3 times in per-row aggregate evaluation
65303fb97e8b97248f9556f1d784d677f1a60e48a6485505f6b483f438fdd306,NL,C,representational collapse,distinct formal questions collapse to one evaluated representation,6,4205;4211;4213;5315;5317;5318,Pizza100;Pizza250,1hop,OEQA,sem-v1.1-cd7bc8f616aa62cffaae675c0a36ee877555746d2d1c39ab29286e58ddb2fcab;sem-v1.1-c11f16cd2d792f166fd679170e9a5bc08a7726a6e04abd318867b724681f7e80;sem-v1.1-4a024ee6dff2c525eb82f8926ea93fb642d47be00bee04940fd5e57352703027;sem-v1.1-a9c96eca6cf2b9531d190d5bb07aebdce8c4bba2deffd188a9bb248fc7581cf2;sem-v1.1-0793274dc40442b5bc550410380ee4ad3583c74130217e3ca99e8ad7325c92a2;sem-v1.1-3c435e4e305ccaf06e300ff41d9b86815a942c4e07b506020729f0c33c386c09,"[""SELECT ?x WHERE { <http://www.example.com/genealogy.owl#PrinceCarlo_44> <http://www.w3.org/1999/02/22-rdf-syntax-ns#type> ?x }"", ""SELECT ?x WHERE { <http://www.example.com/genealogy.owl#PrinceCarlo_97> <http://www.w3.org/1999/02/22-rdf-syntax-ns#type> ?x }"", ""SELECT ?x WHERE { <http://www.example.com/genealogy.owl#PrinceCarlo_99> <http://www.w3.org/1999/02/22-rdf-syntax-ns#type> ?x }"", ""SELECT ?x WHERE { <http://www.example.com/genealogy.owl#PrinceCarlo_172> <http://www.w3.org/1999/02/22-rdf-syntax-ns#type> ?x }"", ""SELECT ?x WHERE { <http://www.example.com/genealogy.owl#PrinceCarlo_8> <http://www.w3.org/1999/02/22-rdf-syntax-ns#type> ?x }"", ""SELECT ?x WHERE { <http://www.example.com/genealogy.owl#PrinceCarlo_93> <http://www.w3.org/1999/02/22-rdf-syntax-ns#type> ?x }""]",DomainConcept; Food; Pizza,counts the identical evaluated input 6 times in per-row aggregate evaluation
654b05a484b7cb02597e7ac8021c53b9d42279c52c1e3df01d3f1d9101a0266f,NL,C,representational collapse,distinct formal questions collapse to one evaluated representation,3,3916;3918;3922,Pizza100,1hop,BQA,sem-v1.1-9411d7b6cc609797f738099b8ce22d3769366a898a12c59339edb73a3e6afef2;sem-v1.1-e96a5a2ab5d6b0faef90d6d8cbc00ba86ea12b3e25e9ea7b122c82b82e1bc92e;sem-v1.1-4b78d181f9f7c29acaf21881bc578a881926b4d779de711cfe7bb4b748ca5854,"[""ASK WHERE { <http://www.example.com/genealogy.owl#LaReine_66> <http://www.example.com/genealogy.owl#hasIngredient> <http://www.example.com/genealogy.owl#LaReine_66> }"", ""ASK WHERE { <http://www.example.com/genealogy.owl#LaReine_75> <http://www.example.com/genealogy.owl#hasIngredient> <http://www.example.com/genealogy.owl#LaReine_75> }"", ""ASK WHERE { <http://www.example.com/genealogy.owl#LaReine_78> <http://www.example.com/genealogy.owl#hasIngredient> <http://www.example.com/genealogy.owl#LaReine_78> }""]",FALSE,counts the identical evaluated input 3 times in per-row aggregate evaluation
65c82272db12c1adcdf231d1fab1dfc6981f59c3177072d7ec5e3ceed1b74bf9,NL,C,representational collapse,distinct formal questions collapse to one evaluated representation,3,4727;4730;5957,Pizza100;Pizza250,2hop,OEQA,sem-v1.1-c25147e30d20874144ce1e59d9853fa79986dafc70016e83cb130bd1f9b558cd;sem-v1.1-7165df018c4c4f6125fe81064353e218d51144c378a4a789bd34391b9b0c8061;sem-v1.1-8d384b942285733c154b9f32bda520a3c32bc7a16d78bc58f7ce58d5302ae14f,"[""SELECT ?x WHERE { <http://www.example.com/genealogy.owl#SloppyGiuseppe_1> <http://www.example.com/genealogy.owl#hasTopping> ?x }"", ""SELECT ?x WHERE { <http://www.example.com/genealogy.owl#SloppyGiuseppe_23> <http://www.example.com/genealogy.owl#hasTopping> ?x }"", ""SELECT ?x WHERE { <http://www.example.com/genealogy.owl#SloppyGiuseppe_20> <http://www.example.com/genealogy.owl#hasTopping> ?x }""]",GreenPepperTopping_dynamic_1; HotSpicedBeefTopping_dynamic_1; MozzarellaTopping_dynamic_1; OnionTopping_dynamic_1; TomatoTopping_dynamic_1,counts the identical evaluated input 3 times in per-row aggregate evaluation
65f3ef0a8d8796819a3d0e2ccf8c4ea6f9299b838a0ec6b7c7151dcdd5d93b82,NL,C,representational collapse,distinct formal questions collapse to one evaluated representation,5,4449;5578;5582;5590;5592,Pizza100;Pizza250,2hop,BQA,sem-v1.1-7393a752b5213e59b2246605def1ff66d5132bbae09a309aad1675ccc1607760;sem-v1.1-ac986cd6c5e2c46a997f0a154416c00b217be569578f2a9ff4dbb2db090709dd;sem-v1.1-0c409c057eac5639e69a2fd3ca5e48cf11db475f60edcb66419d46c669441e46;sem-v1.1-9984cd98440874622b464db07b8fe19104270e95090f3c223389b164c4516160;sem-v1.1-2e278b4c76d76e1849e140e20bbfc79ccba2e2c7d655a16ca8733a04244867bf,"[""ASK WHERE { <http://www.example.com/genealogy.owl#Mushroom_41> <http://www.example.com/genealogy.owl#hasTopping> <http://www.example.com/genealogy.owl#MozzarellaTopping_dynamic_1> }"", ""ASK WHERE { <http://www.example.com/genealogy.owl#Mushroom_21> <http://www.example.com/genealogy.owl#hasTopping> <http://www.example.com/genealogy.owl#MozzarellaTopping_dynamic_1> }"", ""ASK WHERE { <http://www.example.com/genealogy.owl#Mushroom_224> <http://www.example.com/genealogy.owl#hasTopping> <http://www.example.com/genealogy.owl#MozzarellaTopping_dynamic_1> }"", ""ASK WHERE { <http://www.example.com/genealogy.owl#Mushroom_5> <http://www.example.com/genealogy.owl#hasTopping> <http://www.example.com/genealogy.owl#MozzarellaTopping_dynamic_1> }"", ""ASK WHERE { <http://www.example.com/genealogy.owl#Mushroom_80> <http://www.example.com/genealogy.owl#hasTopping> <http://www.example.com/genealogy.owl#MozzarellaTopping_dynamic_1> }""]",TRUE,counts the identical evaluated input 5 times in per-row aggregate evaluation
68233939ea8acfa8cf43e9efcff57071bec67b8881526543ea67ae6f1c9b6216,NL,C,representational collapse,distinct formal questions collapse to one evaluated representation,5,4477;4481;5632;5642;5648,Pizza100;Pizza250,2hop,BQA,sem-v1.1-5c03f1b4bfaf2c1ebfc0719ee6ef691b978ada0ced23aab80d0a6ae739574468;sem-v1.1-fafbae7bf4d570fd716d036f204cc2be4e9c5ddba768ac29f2a20751fc2ecafa;sem-v1.1-a70dd9121fddaaf2c596f1828305bbaf54c7bb7d53f1fa2b9ba8b9e438e810c4;sem-v1.1-7ee998caffe0583457dc6725a0124b07c0eb7bd9177fe8827cdc8ca53a3a16f3;sem-v1.1-f91c86518c29a93442562a67bd2b37727cf3964056606a2e224b4ce6d436538f,"[""ASK WHERE { <http://www.example.com/genealogy.owl#PolloAdAstra_23> <http://www.example.com/genealogy.owl#hasIngredient> <http://www.example.com/genealogy.owl#CajunSpiceTopping_dynamic_1> }"", ""ASK WHERE { <http://www.example.com/genealogy.owl#PolloAdAstra_80> <http://www.example.com/genealogy.owl#hasIngredient> <http://www.example.com/genealogy.owl#CajunSpiceTopping_dynamic_1> }"", ""ASK WHERE { <http://www.example.com/genealogy.owl#PolloAdAstra_11> <http://www.example.com/genealogy.owl#hasIngredient> <http://www.example.com/genealogy.owl#CajunSpiceTopping_dynamic_1> }"", ""ASK WHERE { <http://www.example.com/genealogy.owl#PolloAdAstra_22> <http://www.example.com/genealogy.owl#hasIngredient> <http://www.example.com/genealogy.owl#CajunSpiceTopping_dynamic_1> }"", ""ASK WHERE { <http://www.example.com/genealogy.owl#PolloAdAstra_74> <http://www.example.com/genealogy.owl#hasIngredient> <http://www.example.com/genealogy.owl#CajunSpiceTopping_dynamic_1> }""]",TRUE,counts the identical evaluated input 5 times in per-row aggregate evaluation
6990033536698d19c3b78fe9063ec136c5166a23d69cb85a2b9391942e3b7ed7,NL,C,representational collapse,distinct formal questions collapse to one evaluated representation,3,5594;5598;5602,Pizza250,2hop,BQA,sem-v1.1-ae913892aafe32505353b773811e34c643de4e6a3494fba50e84c62f1736d05d;sem-v1.1-1394ded7c37455993d776a489fb6c6355171b0f65657b432b04e2546eb50c4a4;sem-v1.1-61d6e5d7b50f8e961d31a80210a68aec869bf6ba75a2711c47271a4878f58ee3,"[""ASK WHERE { <http://www.example.com/genealogy.owl#Napoletana_102> <http://www.example.com/genealogy.owl#hasTopping> <http://www.example.com/genealogy.owl#AnchoviesTopping_dynamic_1> }"", ""ASK WHERE { <http://www.example.com/genealogy.owl#Napoletana_169> <http://www.example.com/genealogy.owl#hasTopping> <http://www.example.com/genealogy.owl#AnchoviesTopping_dynamic_1> }"", ""ASK WHERE { <http://www.example.com/genealogy.owl#Napoletana_203> <http://www.example.com/genealogy.owl#hasTopping> <http://www.example.com/genealogy.owl#AnchoviesTopping_dynamic_1> }""]",TRUE,counts the identical evaluated input 3 times in per-row aggregate evaluation
6a3dffdac7e01ee0769cea54a69d27271d3e66669653115b112796bedcd7be22,NL,C,representational collapse,distinct formal questions collapse to one evaluated representation,4,4355;5478;5488;5494,Pizza100;Pizza250,2hop,BQA,sem-v1.1-a388f021ef4b162b46f7a6ad61f5ac108b3694d712de90acca9d081720a03b7a;sem-v1.1-77b8c0208c108723c613e9eed219d72d49903bff02cff23e6af7de4f99d1f7a9;sem-v1.1-6ba67f05421aca7fe16f3c057a520f5f45a283980717cee01251233e83f212d1;sem-v1.1-7b42a3c5bc797c7634f7c8c724c73db808fcabd85bbaa02b12789d4024eea124,"[""ASK WHERE { <http://www.example.com/genealogy.owl#Fiorentina_44> <http://www.w3.org/1999/02/22-rdf-syntax-ns#type> <http://www.example.com/genealogy.owl#Food> }"", ""ASK WHERE { <http://www.example.com/genealogy.owl#Fiorentina_130> <http://www.w3.org/1999/02/22-rdf-syntax-ns#type> <http://www.example.com/genealogy.owl#Food> }"", ""ASK WHERE { <http://www.example.com/genealogy.owl#Fiorentina_222> <http://www.w3.org/1999/02/22-rdf-syntax-ns#type> <http://www.example.com/genealogy.owl#Food> }"", ""ASK WHERE { <http://www.example.com/genealogy.owl#Fiorentina_84> <http://www.w3.org/1999/02/22-rdf-syntax-ns#type> <http://www.example.com/genealogy.owl#Food> }""]",TRUE,counts the identical evaluated input 4 times in per-row aggregate evaluation
6a549d0831a6f44653e364ca65f1d7e5b2d9209e37a7180b3a2dff737dc466b4,NL,C,representational collapse,distinct formal questions collapse to one evaluated representation,4,4334;4342;4350;5467,Pizza100;Pizza250,2hop,BQA,sem-v1.1-fcabaec4366771d99d33581243b9814f3b1df12c1c8dea83f915e6ec8f630f1c;sem-v1.1-147fbc1fa85a591863838830d645439642834a36d0db088fcdccf1159ff8202c;sem-v1.1-b0a830dcce0b24994f512eeec76ca413510955cb68fe98f01e479d4b3bd21472;sem-v1.1-7e3c3967a6456cd4efe94744369cfd46c3323d0985497d79cd02675cd518e574,"[""ASK WHERE { <http://www.example.com/genealogy.owl#Caprina_26> <http://www.example.com/genealogy.owl#hasIngredient> <http://www.example.com/genealogy.owl#AmericanHot_1> }"", ""ASK WHERE { <http://www.example.com/genealogy.owl#Caprina_72> <http://www.example.com/genealogy.owl#hasIngredient> <http://www.example.com/genealogy.owl#AmericanHot_1> }"", ""ASK WHERE { <http://www.example.com/genealogy.owl#Caprina_98> <http://www.example.com/genealogy.owl#hasIngredient> <http://www.example.com/genealogy.owl#AmericanHot_1> }"", ""ASK WHERE { <http://www.example.com/genealogy.owl#Caprina_133> <http://www.example.com/genealogy.owl#hasIngredient> <http://www.example.com/genealogy.owl#AmericanHot_131> }""]",FALSE,counts the identical evaluated input 4 times in per-row aggregate evaluation
6b1afc0db54494586ce21907a8f49c17dd3052932052aafae340045840b8c6dc,NL,C,representational collapse,distinct formal questions collapse to one evaluated representation,2,4519;5684,Pizza100;Pizza250,2hop,BQA,sem-v1.1-6b36e5cbe926973e4ca979f043cdb79d0f78c9251b0f11751f72997ffe323ab9;sem-v1.1-8a6a442c8c764379e76b43c108d814b6d419036962105c9eba3d527eb0cb127e,"[""ASK WHERE { <http://www.example.com/genealogy.owl#Rosa_68> <http://www.example.com/genealogy.owl#hasIngredient> <http://www.example.com/genealogy.owl#GorgonzolaTopping_dynamic_1> }"", ""ASK WHERE { <http://www.example.com/genealogy.owl#Rosa_82> <http://www.example.com/genealogy.owl#hasIngredient> <http://www.example.com/genealogy.owl#GorgonzolaTopping_dynamic_1> }""]",TRUE,counts the identical evaluated input 2 times in per-row aggregate evaluation
6bab121a9ef6c4961057b6c7b3ca222d06513e913388381b82e8d839b1753229,NL,C,representational collapse,distinct formal questions collapse to one evaluated representation,5,3910;3914;3926;4934;4938,Pizza100;Pizza250,1hop,BQA,sem-v1.1-c2a611f063d8c853ff12da49d5bdb4b02def5c793cb643f34bcd9176f7ec7e45;sem-v1.1-ab6dd2899398edbc67b5062511351710df438083e17422389a10bc765c69e6d3;sem-v1.1-bad9f2fb74370c939acce391fb73cb77593d2db6bec62dd68c75df141f6e23c1;sem-v1.1-6d59875c5647a4edba729e05fcafc921d8cd878e2965f83724a511e97fb53b0d;sem-v1.1-0a4f79eff4e9175604341ffab7d1fcce915a4c79cff50d807360830ac2953bcb,"[""ASK WHERE { <http://www.example.com/genealogy.owl#LaReine_18> <http://www.example.com/genealogy.owl#hasTopping> <http://www.example.com/genealogy.owl#LaReine_18> }"", ""ASK WHERE { <http://www.example.com/genealogy.owl#LaReine_58> <http://www.example.com/genealogy.owl#hasTopping> <http://www.example.com/genealogy.owl#LaReine_58> }"", ""ASK WHERE { <http://www.example.com/genealogy.owl#LaReine_86> <http://www.example.com/genealogy.owl#hasTopping> <http://www.example.com/genealogy.owl#LaReine_86> }"", ""ASK WHERE { <http://www.example.com/genealogy.owl#LaReine_15> <http://www.example.com/genealogy.owl#hasTopping> <http://www.example.com/genealogy.owl#LaReine_15> }"", ""ASK WHERE { <http://www.example.com/genealogy.owl#LaReine_230> <http://www.example.com/genealogy.owl#hasTopping> <http://www.example.com/genealogy.owl#LaReine_230> }""]",FALSE,counts the identical evaluated input 5 times in per-row aggregate evaluation
6cf473a804ac17569598553e27f0209be2ba8160277edbbe8c8181f201567e23,NL,C,representational collapse,distinct formal questions collapse to one evaluated representation,5,4735;5964;5968;5972;5973,Pizza100;Pizza250,2hop,OEQA,sem-v1.1-196db99e228c1f3f0907a9a06fcc86e6699d5f7cc37227f7f1d4aead538d9647;sem-v1.1-7dfc691820523f4aa5e2922f15f98941e02999e70fe25d2c514c65e2cf93c34e;sem-v1.1-9a5e738dc5edc615b92485ab26953d0e6a0b2ff749ea74f652f9d0b8113c76cd;sem-v1.1-73630ed4d97ee4e513e90c9f509e0528327e3abe93c068b52d9f46f9b1761caa;sem-v1.1-61bb9f68216397015b8c3bc521b17a42f55f389a8afa10ce8f386b0c4f239b37,"[""SELECT ?x WHERE { <http://www.example.com/genealogy.owl#Soho_50> <http://www.example.com/genealogy.owl#hasTopping> ?x }"", ""SELECT ?x WHERE { <http://www.example.com/genealogy.owl#Soho_180> <http://www.example.com/genealogy.owl#hasTopping> ?x }"", ""SELECT ?x WHERE { <http://www.example.com/genealogy.owl#Soho_41> <http://www.example.com/genealogy.owl#hasTopping> ?x }"", ""SELECT ?x WHERE { <http://www.example.com/genealogy.owl#Soho_7> <http://www.example.com/genealogy.owl#hasTopping> ?x }"", ""SELECT ?x WHERE { <http://www.example.com/genealogy.owl#Soho_87> <http://www.example.com/genealogy.owl#hasTopping> ?x }""]",GarlicTopping_dynamic_1; MozzarellaTopping_dynamic_1; OliveTopping_dynamic_1; ParmesanTopping_dynamic_1; RocketTopping_dynamic_1; TomatoTopping_dynamic_1,counts the identical evaluated input 5 times in per-row aggregate evaluation
6d13e365ca484ae5386a45625f33e9da157c51259a0a9379845219c32d817d61,NL,D,other,incidental cross-dataset duplicate with the same formal query and gold semantics; no evidence it was intentionally duplicated,2,4270;5377,Pizza100;Pizza250,2hop,BQA,sem-v1.1-dbd221561224219d6588ef3db0add9d8111d8caf8a50b95d85624da300a17988;sem-v1.1-c5935aa96255d7e4ab35042cbb4e168ae184120cf98f01b9061f908b7a770225,"[""ASK WHERE { <http://www.example.com/genealogy.owl#GarlicTopping_dynamic_1> <http://www.w3.org/1999/02/22-rdf-syntax-ns#type> <http://www.example.com/genealogy.owl#American> }"", ""ASK WHERE { <http://www.example.com/genealogy.owl#GarlicTopping_dynamic_1> <http://www.w3.org/1999/02/22-rdf-syntax-ns#type> <http://www.example.com/genealogy.owl#American> }""]",FALSE,counts the identical evaluated input 2 times in per-row aggregate evaluation
6d1d7225857ed3a24997b6176d7bec0a2e2fd13147ae9e82d59dd9b2b517bdf9,NL,C,representational collapse,distinct formal questions collapse to one evaluated representation,4,4320;5433;5435;5437,Pizza100;Pizza250,2hop,BQA,sem-v1.1-7987f83921cdc867687ef9156fb515243fd88334611986b16d74f7f5ae38b340;sem-v1.1-fbd10f785bbba2fddd555ebf2e61bbc4d22e431a9dafe7403d33a2a4fda71505;sem-v1.1-d046d50d46c1fcbbbc8dbccf1a6ae7b3d0d366a6b8745dd5ca9359429abc13f1;sem-v1.1-3a3f9789ef2c03662473476602c8d56c55f43619e04819204bbb4e37dcac2d98,"[""ASK WHERE { <http://www.example.com/genealogy.owl#Cajun_33> <http://www.example.com/genealogy.owl#hasTopping> <http://www.example.com/genealogy.owl#AmericanHot_1> }"", ""ASK WHERE { <http://www.example.com/genealogy.owl#Cajun_17> <http://www.example.com/genealogy.owl#hasTopping> <http://www.example.com/genealogy.owl#AmericanHot_131> }"", ""ASK WHERE { <http://www.example.com/genealogy.owl#Cajun_181> <http://www.example.com/genealogy.owl#hasTopping> <http://www.example.com/genealogy.owl#AmericanHot_131> }"", ""ASK WHERE { <http://www.example.com/genealogy.owl#Cajun_197> <http://www.example.com/genealogy.owl#hasTopping> <http://www.example.com/genealogy.owl#AmericanHot_131> }""]",FALSE,counts the identical evaluated input 4 times in per-row aggregate evaluation
6d2ab846b89103f71b3172e06261eb5d1f9f639d085c187e661336821dcc40b8,NL,C,representational collapse,distinct formal questions collapse to one evaluated representation,3,4287;5394;5402,Pizza100;Pizza250,2hop,BQA,sem-v1.1-0acbde1226515a5c5daf4bbd26d2c7f0d069d50aad58887fe5d74b5996cc2c64;sem-v1.1-209cacdb59f2ead29c90e90cb27846818aebfe321dc18a22042c4d4b6106fa02;sem-v1.1-9925552410b4fe5a32e683f82e12e817aab6b69832b6ce7b16ffd6bcf968084f,"[""ASK WHERE { <http://www.example.com/genealogy.owl#AmericanHot_72> <http://www.example.com/genealogy.owl#hasIngredient> <http://www.example.com/genealogy.owl#HotGreenPepperTopping_dynamic_1> }"", ""ASK WHERE { <http://www.example.com/genealogy.owl#AmericanHot_179> <http://www.example.com/genealogy.owl#hasIngredient> <http://www.example.com/genealogy.owl#HotGreenPepperTopping_dynamic_1> }"", ""ASK WHERE { <http://www.example.com/genealogy.owl#AmericanHot_50> <http://www.example.com/genealogy.owl#hasIngredient> <http://www.example.com/genealogy.owl#HotGreenPepperTopping_dynamic_1> }""]",TRUE,counts the identical evaluated input 3 times in per-row aggregate evaluation
6d5425194f37195035585df1013bd1f41428b37535993eb587c187443a32e58c,NL,C,representational collapse,distinct formal questions collapse to one evaluated representation,3,3870;4888;4900,Pizza100;Pizza250,1hop,BQA,sem-v1.1-976616a0b72e6521423b40e30642ec8e3e39ea308ed5b97b76de268f33d6aa30;sem-v1.1-59f0d3b51dd8d2db4a8ba4677505f0ab92924e3f8133e781e06fe4d53d24096f;sem-v1.1-307a491a8f4fc06cdcf5baf1816700db3e9c851912af393fbaa08a38886e12f3,"[""ASK WHERE { <http://www.example.com/genealogy.owl#FourSeasons_26> <http://www.example.com/genealogy.owl#hasTopping> <http://www.example.com/genealogy.owl#FourSeasons_26> }"", ""ASK WHERE { <http://www.example.com/genealogy.owl#FourSeasons_174> <http://www.example.com/genealogy.owl#hasTopping> <http://www.example.com/genealogy.owl#FourSeasons_174> }"", ""ASK WHERE { <http://www.example.com/genealogy.owl#FourSeasons_90> <http://www.example.com/genealogy.owl#hasTopping> <http://www.example.com/genealogy.owl#FourSeasons_90> }""]",FALSE,counts the identical evaluated input 3 times in per-row aggregate evaluation
6f26de7a5ae8475637c4dadedcfb4a99a51ba687322f40377fd6c5336c3fe102,NL,C,representational collapse,distinct formal questions collapse to one evaluated representation,2,2095;2097,FamilyOWL,2hop,BQA,sem-v1.1-4e60ba498b2dfc38ff9bad93abc0a33099352f0059c4bec293dd8a9610a01b97;sem-v1.1-570f20af2086ace647af4ff7c44c92123792c1a58671aaf018defad0944fce8c,"[""ASK WHERE { <http://www.example.com/genealogy.owl#eliza_bright_1825> <http://www.example.com/genealogy.owl#hasFather> <http://www.example.com/genealogy.owl#james_bright_1787> }"", ""ASK WHERE { <http://www.example.com/genealogy.owl#eliza_bright_1842> <http://www.example.com/genealogy.owl#hasFather> <http://www.example.com/genealogy.owl#james_bright_1809> }""]",TRUE,counts the identical evaluated input 2 times in per-row aggregate evaluation
6f51504760ceb0154582aa406a4de53474ba478197ff4b6dd251f1fafcec6e68,NL,C,representational collapse,distinct formal questions collapse to one evaluated representation,2,4263;5372,Pizza100;Pizza250,2hop,BQA,sem-v1.1-ca889307d6d0028893aafa483ae42fe67542d91c8f09c36400e7af45b7701ab4;sem-v1.1-0d92f814787f40ed2f117569b17358586b7d590cf21e6000040c3639837c6a74,"[""ASK WHERE { <http://www.example.com/genealogy.owl#CajunSpiceTopping_dynamic_1> <http://www.example.com/genealogy.owl#isToppingOf> <http://www.example.com/genealogy.owl#PolloAdAstra_23> }"", ""ASK WHERE { <http://www.example.com/genealogy.owl#CajunSpiceTopping_dynamic_1> <http://www.example.com/genealogy.owl#isToppingOf> <http://www.example.com/genealogy.owl#PolloAdAstra_11> }""]",TRUE,counts the identical evaluated input 2 times in per-row aggregate evaluation
6fab8e56aeb52bdd9a689c08219e01318e1192d3feade1452a91de3587aaf364,NL,C,representational collapse,distinct formal questions collapse to one evaluated representation,3,4640;5846;5848,Pizza100;Pizza250,2hop,OEQA,sem-v1.1-63d522c502a2613fea9d6761cba03900a3b76090eeba795dff716db1c1a0718c;sem-v1.1-beb8620e11712a1cc543444624a266abba616d4c4702362509608716ad292bb2;sem-v1.1-e648edba737896870fe1b1f8fb28b46d98dc8b656bf8a836ad6fe00b29ae0b4b,"[""SELECT ?x WHERE { <http://www.example.com/genealogy.owl#FourSeasons_67> <http://www.w3.org/1999/02/22-rdf-syntax-ns#type> ?x }"", ""SELECT ?x WHERE { <http://www.example.com/genealogy.owl#FourSeasons_235> <http://www.w3.org/1999/02/22-rdf-syntax-ns#type> ?x }"", ""SELECT ?x WHERE { <http://www.example.com/genealogy.owl#FourSeasons_88> <http://www.w3.org/1999/02/22-rdf-syntax-ns#type> ?x }""]",DomainConcept; Food; Pizza,counts the identical evaluated input 3 times in per-row aggregate evaluation
6fe5eeaa65ef7ea9f8621459624d29087dbee36b3ec14e8474eb5ef61a20f493,NL,C,representational collapse,distinct formal questions collapse to one evaluated representation,5,3962;3966;4984;4988;4990,Pizza100;Pizza250,1hop,BQA,sem-v1.1-1230bec441891cc24ef4e649a0a94018a9a4ee992fbe7e6f12e9f41b9cd68ac1;sem-v1.1-35c34d2f74b7816eb2ab10fa361f06831562cfca89f9ac32af19ae79d70bdbcf;sem-v1.1-7fca7ae1fa5efde66b0640711bfb0d6e2fa761e23d812dfc8d772643e10ca83e;sem-v1.1-5c7fc925728048201409779a738bd47fec6412d6063239efa0ab032f4d66fe57;sem-v1.1-fd1e51ac322a4da3ca015f7c16f9e54c218e7813ad602fa43b02943f86300a1c,"[""ASK WHERE { <http://www.example.com/genealogy.owl#Napoletana_30> <http://www.w3.org/1999/02/22-rdf-syntax-ns#type> <http://www.example.com/genealogy.owl#Food> }"", ""ASK WHERE { <http://www.example.com/genealogy.owl#Napoletana_51> <http://www.w3.org/1999/02/22-rdf-syntax-ns#type> <http://www.example.com/genealogy.owl#Food> }"", ""ASK WHERE { <http://www.example.com/genealogy.owl#Napoletana_151> <http://www.w3.org/1999/02/22-rdf-syntax-ns#type> <http://www.example.com/genealogy.owl#Food> }"", ""ASK WHERE { <http://www.example.com/genealogy.owl#Napoletana_195> <http://www.w3.org/1999/02/22-rdf-syntax-ns#type> <http://www.example.com/genealogy.owl#Food> }"", ""ASK WHERE { <http://www.example.com/genealogy.owl#Napoletana_248> <http://www.w3.org/1999/02/22-rdf-syntax-ns#type> <http://www.example.com/genealogy.owl#Food> }""]",TRUE,counts the identical evaluated input 5 times in per-row aggregate evaluation
702761e7065f3c62c1ec8ff4da6e1b7d0654166d353233837c5fb04d5e753344,NL,C,representational collapse,distinct formal questions collapse to one evaluated representation,3,4010;4016;5054,Pizza100;Pizza250,1hop,BQA,sem-v1.1-1d6f943c5f8664bfcfccb55a61509802ee1cae1954b3dd8bc5d5682695eab1b2;sem-v1.1-dd0fbd460f45e1852d7b3517b05bd9c6bb7acd2a47169f59ea8784bb2e5c68cf;sem-v1.1-d8b81c091ec93f4d5d275fc61ca43f5007fd6631e5c84729f5302b594d2c942a,"[""ASK WHERE { <http://www.example.com/genealogy.owl#QuattroFormaggi_65> <http://www.example.com/genealogy.owl#hasTopping> <http://www.example.com/genealogy.owl#QuattroFormaggi_65> }"", ""ASK WHERE { <http://www.example.com/genealogy.owl#QuattroFormaggi_69> <http://www.example.com/genealogy.owl#hasTopping> <http://www.example.com/genealogy.owl#QuattroFormaggi_69> }"", ""ASK WHERE { <http://www.example.com/genealogy.owl#QuattroFormaggi_66> <http://www.example.com/genealogy.owl#hasTopping> <http://www.example.com/genealogy.owl#QuattroFormaggi_66> }""]",FALSE,counts the identical evaluated input 3 times in per-row aggregate evaluation
7095e66884a52eb681a033f76ed9464e897db9cd27f7804151e8b324bd2b8aac,NL,C,representational collapse,distinct formal questions collapse to one evaluated representation,3,3884;3890;4906,Pizza100;Pizza250,1hop,BQA,sem-v1.1-01b16841d2c2d5203b5cbbd1d718c41d9927e96c321fa6c6148685d399baff26;sem-v1.1-442a992faae125b1e8400f1ce267df7f7463f92603e3f17acfafa38d685a7cad;sem-v1.1-144df7c0a99d594c27f1531d6931c46adcb03776d1f2c24c04138ba88ed4b6b4,"[""ASK WHERE { <http://www.example.com/genealogy.owl#FruttiDiMare_15> <http://www.w3.org/1999/02/22-rdf-syntax-ns#type> <http://www.example.com/genealogy.owl#Food> }"", ""ASK WHERE { <http://www.example.com/genealogy.owl#FruttiDiMare_74> <http://www.w3.org/1999/02/22-rdf-syntax-ns#type> <http://www.example.com/genealogy.owl#Food> }"", ""ASK WHERE { <http://www.example.com/genealogy.owl#FruttiDiMare_114> <http://www.w3.org/1999/02/22-rdf-syntax-ns#type> <http://www.example.com/genealogy.owl#Food> }""]",TRUE,counts the identical evaluated input 3 times in per-row aggregate evaluation
715d3689f026b9e9cba797b43eca06194866ea807a9b977a28b989465695955e,AR,B,exact duplicated semantic question,exact duplicated semantic question across hop-specific benchmark instances,2,6965;8516,OWL2Bench,1hop;2hop,BQA,sem-v1.1-cac09abbcc1f5887b7b9571e7e5d9ca6446712e7f9c1773fe4fb733c4e54816f;sem-v1.1-d42debb2a406763f78e93bc463dec7a1c3d9e158dcb9cfa6857dfc7109fd1813,"[""ASK WHERE { <http://www.example.com/genealogy.owl#Woman_47> <http://www.w3.org/1999/02/22-rdf-syntax-ns#type> <http://www.example.com/genealogy.owl#AeronauticalEngineering> }"", ""ASK WHERE { <http://www.example.com/genealogy.owl#Woman_47> <http://www.w3.org/1999/02/22-rdf-syntax-ns#type> <http://www.example.com/genealogy.owl#AeronauticalEngineering> }""]",FALSE,counts the identical evaluated input 2 times in per-row aggregate evaluation
71ac540a814370349d4917e308c4e06b20795862feb11009fc95b0369f4ad9f8,NL,C,representational collapse,distinct formal questions collapse to one evaluated representation,4,5092;5094;5096;5106,Pizza250,1hop,BQA,sem-v1.1-ad238953b075e0e1f509865c62af60a35eeb5448084e6ca86c4a45eb9a298bcc;sem-v1.1-cc4dcb3e89f8aff1e440008abf934e37e0e96f883596273abfd9e32848bea14c;sem-v1.1-643db14417259f1654504b501511fc9982098c739cf9667a13d5f56d51321d88;sem-v1.1-4bce34a7cbacc89533442eeebcb27b4d7366b723d691907c45050380c4f0871d,"[""ASK WHERE { <http://www.example.com/genealogy.owl#SloppyGiuseppe_132> <http://www.example.com/genealogy.owl#hasTopping> <http://www.example.com/genealogy.owl#SloppyGiuseppe_132> }"", ""ASK WHERE { <http://www.example.com/genealogy.owl#SloppyGiuseppe_147> <http://www.example.com/genealogy.owl#hasTopping> <http://www.example.com/genealogy.owl#SloppyGiuseppe_147> }"", ""ASK WHERE { <http://www.example.com/genealogy.owl#SloppyGiuseppe_148> <http://www.example.com/genealogy.owl#hasTopping> <http://www.example.com/genealogy.owl#SloppyGiuseppe_148> }"", ""ASK WHERE { <http://www.example.com/genealogy.owl#SloppyGiuseppe_58> <http://www.example.com/genealogy.owl#hasTopping> <http://www.example.com/genealogy.owl#SloppyGiuseppe_58> }""]",FALSE,counts the identical evaluated input 4 times in per-row aggregate evaluation
7210d19d463442ad749365ec05833503506096bd8f19739fde747d7dd78e6f9a,NL,C,representational collapse,distinct formal questions collapse to one evaluated representation,5,4658;4659;5869;5872;5874,Pizza100;Pizza250,2hop,OEQA,sem-v1.1-d9d94772f31ac0e7a96db9a30683d98c056e35dd33266c49b5c2f6649174e4be;sem-v1.1-d0eadc413a785b0f3c59c909b646de8fda5b8092a726d0e4093f946de0f33449;sem-v1.1-7316aefac216d08899c0263a2c5cb5d2293785e61c5e1181a42636a88bd2010c;sem-v1.1-41e5de07118fd6e98cb2942fba0ede7869fe1e8f83494fa07e94cf5d1e2e0c38;sem-v1.1-ebebf40461999be7efd34a219554dce723833e97d78eb3e8af10ba3a287e6c22,"[""SELECT ?x WHERE { <http://www.example.com/genealogy.owl#LaReine_58> <http://www.example.com/genealogy.owl#hasIngredient> ?x }"", ""SELECT ?x WHERE { <http://www.example.com/genealogy.owl#LaReine_75> <http://www.example.com/genealogy.owl#hasIngredient> ?x }"", ""SELECT ?x WHERE { <http://www.example.com/genealogy.owl#LaReine_123> <http://www.example.com/genealogy.owl#hasIngredient> ?x }"", ""SELECT ?x WHERE { <http://www.example.com/genealogy.owl#LaReine_231> <http://www.example.com/genealogy.owl#hasIngredient> ?x }"", ""SELECT ?x WHERE { <http://www.example.com/genealogy.owl#LaReine_59> <http://www.example.com/genealogy.owl#hasIngredient> ?x }""]",HamTopping_dynamic_1; MozzarellaTopping_dynamic_1; MushroomTopping_dynamic_1; OliveTopping_dynamic_1; TomatoTopping_dynamic_1,counts the identical evaluated input 5 times in per-row aggregate evaluation
724140b0a8dd77775f8e76b56b94179a0a6eef276eacec6f54da7d4ce8e14d89,NL,C,representational collapse,distinct formal questions collapse to one evaluated representation,4,4357;4359;5474;5480,Pizza100;Pizza250,2hop,BQA,sem-v1.1-acf17192c0cf3033feb709f45d885d7eb7c32b91354ec516b8e49f3ae45d0580;sem-v1.1-e5e565a0c31570cab32e0e0c4283e1a900001e32f87852d3b16545614090c71b;sem-v1.1-80c7773f53f64117cb590db98ac0b44655921dfc30da96a7d73aea7143187c6c;sem-v1.1-203b3f719b43c29f416eeb4d449bb52ab467dd6a2db76cf2a9c55785b7dc3dc1,"[""ASK WHERE { <http://www.example.com/genealogy.owl#Fiorentina_52> <http://www.example.com/genealogy.owl#hasIngredient> <http://www.example.com/genealogy.owl#GarlicTopping_dynamic_1> }"", ""ASK WHERE { <http://www.example.com/genealogy.owl#Fiorentina_6> <http://www.example.com/genealogy.owl#hasIngredient> <http://www.example.com/genealogy.owl#GarlicTopping_dynamic_1> }"", ""ASK WHERE { <http://www.example.com/genealogy.owl#Fiorentina_130> <http://www.example.com/genealogy.owl#hasIngredient> <http://www.example.com/genealogy.owl#GarlicTopping_dynamic_1> }"", ""ASK WHERE { <http://www.example.com/genealogy.owl#Fiorentina_145> <http://www.example.com/genealogy.owl#hasIngredient> <http://www.example.com/genealogy.owl#GarlicTopping_dynamic_1> }""]",TRUE,counts the identical evaluated input 4 times in per-row aggregate evaluation
7264c15e21f78e539d2e50a734d9a7abcd7a010a32a6201155afa4d64a0162f7,NL,C,representational collapse,distinct formal questions collapse to one evaluated representation,6,4227;4230;5327;5331;5335;5336,Pizza100;Pizza250,1hop,OEQA,sem-v1.1-732baed8eda7930ce5359ee558e1aa73c6edc62d47c2ecc3989376410a185f90;sem-v1.1-30910a47292a1183182f55176e688be8c3122a643c14c5df40af75f35cce6674;sem-v1.1-7bc1c9a0a5c83526add06f56aa76c77872386f218b71ef19062ae88b271ce24b;sem-v1.1-ff5d6b1a59749ce28df65c3135374a1b83a77fb87469a1956183f294110ddd9e;sem-v1.1-deb9785833ec672c3f5d5245c3385778062bd91343a7fc6307de4f524eef5a8c;sem-v1.1-1f737d8ee3ca636568e530fc51947fa6ba5a894037794928c40681856a08cb68,"[""SELECT ?x WHERE { <http://www.example.com/genealogy.owl#Siciliana_40> <http://www.example.com/genealogy.owl#hasIngredient> ?x }"", ""SELECT ?x WHERE { <http://www.example.com/genealogy.owl#Siciliana_47> <http://www.example.com/genealogy.owl#hasIngredient> ?x }"", ""SELECT ?x WHERE { <http://www.example.com/genealogy.owl#Siciliana_0> <http://www.example.com/genealogy.owl#hasIngredient> ?x }"", ""SELECT ?x WHERE { <http://www.example.com/genealogy.owl#Siciliana_154> <http://www.example.com/genealogy.owl#hasIngredient> ?x }"", ""SELECT ?x WHERE { <http://www.example.com/genealogy.owl#Siciliana_247> <http://www.example.com/genealogy.owl#hasIngredient> ?x }"", ""SELECT ?x WHERE { <http://www.example.com/genealogy.owl#Siciliana_42> <http://www.example.com/genealogy.owl#hasIngredient> ?x }""]",AnchoviesTopping_dynamic_1; ArtichokeTopping_dynamic_1; GarlicTopping_dynamic_1; HamTopping_dynamic_1; MozzarellaTopping_dynamic_1; OliveTopping_dynamic_1; TomatoTopping_dynamic_1,counts the identical evaluated input 6 times in per-row aggregate evaluation
73b5d5ad153451c11a47346d9ba8d5372f8f18f5f22775d48a2d18c6b48598ef,NL,C,representational collapse,distinct formal questions collapse to one evaluated representation,2,3823;4825,Pizza100;Pizza250,1hop,BQA,sem-v1.1-bc97f377fec23a0acf9a8ebdff8b65148978bd433485b594c27a3a176283560c;sem-v1.1-c5007f26373f54436265505187d317453003574b23eadaca8715786a76c2bcd8,"[""ASK WHERE { <http://www.example.com/genealogy.owl#Cajun_49> <http://www.example.com/genealogy.owl#hasTopping> <http://www.example.com/genealogy.owl#Cajun_49> }"", ""ASK WHERE { <http://www.example.com/genealogy.owl#Cajun_17> <http://www.example.com/genealogy.owl#hasTopping> <http://www.example.com/genealogy.owl#Cajun_17> }""]",FALSE,counts the identical evaluated input 2 times in per-row aggregate evaluation
745375b64ac48c3ebc2841e75a4f34bbd047a74d857111b8e86cc1828963b2f4,NL,C,representational collapse,distinct formal questions collapse to one evaluated representation,4,4330;5447;5455;5459,Pizza100;Pizza250,2hop,BQA,sem-v1.1-9a3b2e715943e018a0da6d931986123b470eb97c74e6f881ffa3567fddbc80f4;sem-v1.1-459cb5050716710223ce067c327bd3d992088cb85b9fb64cb1b827fb4f450c1d;sem-v1.1-5a13164dcf57aaa94d5c81cbf7f4dcac2c7141d084579c713fde15a0bef658b9;sem-v1.1-9343a343fd1d461b294e0c8d10bf5c264536b750e61b92128daf79c1d6832387,"[""ASK WHERE { <http://www.example.com/genealogy.owl#Capricciosa_22> <http://www.w3.org/1999/02/22-rdf-syntax-ns#type> <http://www.example.com/genealogy.owl#American> }"", ""ASK WHERE { <http://www.example.com/genealogy.owl#Capricciosa_117> <http://www.w3.org/1999/02/22-rdf-syntax-ns#type> <http://www.example.com/genealogy.owl#American> }"", ""ASK WHERE { <http://www.example.com/genealogy.owl#Capricciosa_212> <http://www.w3.org/1999/02/22-rdf-syntax-ns#type> <http://www.example.com/genealogy.owl#American> }"", ""ASK WHERE { <http://www.example.com/genealogy.owl#Capricciosa_47> <http://www.w3.org/1999/02/22-rdf-syntax-ns#type> <http://www.example.com/genealogy.owl#American> }""]",FALSE,counts the identical evaluated input 4 times in per-row aggregate evaluation
747125f515e8f7e4e6ad05978780fac327fba895d2fa4cdc2ca14e4b7c2474cf,NL,C,representational collapse,distinct formal questions collapse to one evaluated representation,7,4427;4435;4437;4441;4445;5556;5560,Pizza100;Pizza250,2hop,BQA,sem-v1.1-9c55de7aaa20f3f47d203fd3c397528c9cf6c816ca8a55d020286a8f939a7925;sem-v1.1-c36a89a1a403d70a051e28554b2f2ca73bffdb2551ea7c566ce45544679d0e2f;sem-v1.1-bb418022e71e16dcfc5d523560e8ccaf7404d7391d3652a3c10923c098df8942;sem-v1.1-0f720275712eb803d0b1b160081c4e80c3be1169b1f5c51b38ba28881d211dc6;sem-v1.1-bf56c4c1d4ecf96c2b877aa31519a025c9a842c3963c24a486fbf602fd0e43f6;sem-v1.1-7d620665d515bf2d74c790686bc52bfaa733b6b41d0588299afaa1c18db6979c;sem-v1.1-ee0ce9a3245d902d0fb7e1de27e015f3e37e139558843e896d1b7e89105fda31,"[""ASK WHERE { <http://www.example.com/genealogy.owl#Margherita_21> <http://www.w3.org/1999/02/22-rdf-syntax-ns#type> <http://www.example.com/genealogy.owl#Food> }"", ""ASK WHERE { <http://www.example.com/genealogy.owl#Margherita_40> <http://www.w3.org/1999/02/22-rdf-syntax-ns#type> <http://www.example.com/genealogy.owl#Food> }"", ""ASK WHERE { <http://www.example.com/genealogy.owl#Margherita_50> <http://www.w3.org/1999/02/22-rdf-syntax-ns#type> <http://www.example.com/genealogy.owl#Food> }"", ""ASK WHERE { <http://www.example.com/genealogy.owl#Margherita_59> <http://www.w3.org/1999/02/22-rdf-syntax-ns#type> <http://www.example.com/genealogy.owl#Food> }"", ""ASK WHERE { <http://www.example.com/genealogy.owl#Margherita_68> <http://www.w3.org/1999/02/22-rdf-syntax-ns#type> <http://www.example.com/genealogy.owl#Food> }"", ""ASK WHERE { <http://www.example.com/genealogy.owl#Margherita_12> <http://www.w3.org/1999/02/22-rdf-syntax-ns#type> <http://www.example.com/genealogy.owl#Food> }"", ""ASK WHERE { <http://www.example.com/genealogy.owl#Margherita_150> <http://www.w3.org/1999/02/22-rdf-syntax-ns#type> <http://www.example.com/genealogy.owl#Food> }""]",TRUE,counts the identical evaluated input 7 times in per-row aggregate evaluation
74f1ac3dde57f8d7f5c0717bfbfe39e575f3ec9499663bbd363dbaf73b59677e,NL,C,representational collapse,distinct formal questions collapse to one evaluated representation,3,4023;5061;5065,Pizza100;Pizza250,1hop,BQA,sem-v1.1-d319f48055ca8a88d3d07f1dbe0c8ad7e4af3f2fec0ba10636112b124d94c3a8;sem-v1.1-f57ffac728128ad426cbe9846e585838f3cbd6e29fb3f944d54c3ce1f05b3a43;sem-v1.1-a7ab48ec4b8128ba51f8dcc8bbd5798319249f5dcc4802ba13736437b040374b,"[""ASK WHERE { <http://www.example.com/genealogy.owl#Rosa_68> <http://www.w3.org/1999/02/22-rdf-syntax-ns#type> <http://www.example.com/genealogy.owl#American> }"", ""ASK WHERE { <http://www.example.com/genealogy.owl#Rosa_166> <http://www.w3.org/1999/02/22-rdf-syntax-ns#type> <http://www.example.com/genealogy.owl#American> }"", ""ASK WHERE { <http://www.example.com/genealogy.owl#Rosa_82> <http://www.w3.org/1999/02/22-rdf-syntax-ns#type> <http://www.example.com/genealogy.owl#American> }""]",FALSE,counts the identical evaluated input 3 times in per-row aggregate evaluation
7523499d98c5e948b8223a3c4108d05c7a3a575eececca513d206d241b3ef274,NL,C,representational collapse,distinct formal questions collapse to one evaluated representation,4,4157;5263;5264;5267,Pizza100;Pizza250,1hop,OEQA,sem-v1.1-1abc51f5f13243a3cf31326c1429421eef269c3808cfbb00492e7c533d5d95d6;sem-v1.1-913d9dbc74787d56e298305a927e458c91722081f0062e56a65db324aa722254;sem-v1.1-4d2c042df0ce8e18095067d47b34f374154c58c6a49acf335c29b5afb452a925;sem-v1.1-f26b99a21010976942eeb31fae727f01042e46cb512c01e299aa9c3988d04e76,"[""SELECT ?x WHERE { <http://www.example.com/genealogy.owl#LaReine_16> <http://www.example.com/genealogy.owl#hasTopping> ?x }"", ""SELECT ?x WHERE { <http://www.example.com/genealogy.owl#LaReine_123> <http://www.example.com/genealogy.owl#hasTopping> ?x }"", ""SELECT ?x WHERE { <http://www.example.com/genealogy.owl#LaReine_15> <http://www.example.com/genealogy.owl#hasTopping> ?x }"", ""SELECT ?x WHERE { <http://www.example.com/genealogy.owl#LaReine_231> <http://www.example.com/genealogy.owl#hasTopping> ?x }""]",HamTopping_dynamic_1; MozzarellaTopping_dynamic_1; MushroomTopping_dynamic_1; OliveTopping_dynamic_1; TomatoTopping_dynamic_1,counts the identical evaluated input 4 times in per-row aggregate evaluation
75ff75df586549a429968004d9dbf8b04c2ccde7ba55a58c4f74e042518348d9,NL,C,representational collapse,distinct formal questions collapse to one evaluated representation,2,4151;5244,Pizza100;Pizza250,1hop,OEQA,sem-v1.1-fe1f7ebdba5dab48a32decad2d55a272e91f670bd252c187af73f4e9a0620694;sem-v1.1-9045b5cb2c456caf491d6f79d02e3c32c70a505d13913237ab69d5c1f62dad8c,"[""SELECT ?x WHERE { <http://www.example.com/genealogy.owl#FruttiDiMare_36> <http://www.example.com/genealogy.owl#hasIngredient> ?x }"", ""SELECT ?x WHERE { <http://www.example.com/genealogy.owl#FruttiDiMare_114> <http://www.example.com/genealogy.owl#hasIngredient> ?x }""]",GarlicTopping_dynamic_1; MixedSeafoodTopping_dynamic_1; TomatoTopping_dynamic_1,counts the identical evaluated input 2 times in per-row aggregate evaluation
7668afc8610a310901083f65391daba10598d410ca239ed9d293656ec5b92787,NL,D,other,incidental cross-dataset duplicate with the same formal query and gold semantics; no evidence it was intentionally duplicated,2,4077;5161,Pizza100;Pizza250,1hop,BQA,sem-v1.1-8ab0e4ad008cdc8924a99a64a963da3aa080bfcad414b54870902765ef266c90;sem-v1.1-faee570a0bae02cb51d173bd9a97a3e234fbd73bad2a52b425f7a5ce12235d8e,"[""ASK WHERE { <http://www.example.com/genealogy.owl#RedOnionTopping_dynamic_1> <http://www.w3.org/1999/02/22-rdf-syntax-ns#type> <http://www.example.com/genealogy.owl#American> }"", ""ASK WHERE { <http://www.example.com/genealogy.owl#RedOnionTopping_dynamic_1> <http://www.w3.org/1999/02/22-rdf-syntax-ns#type> <http://www.example.com/genealogy.owl#American> }""]",FALSE,counts the identical evaluated input 2 times in per-row aggregate evaluation
77a36bb1b1ec7cfbd70a2d9e0c414dcf4e9648a469da853008eb89c8309c2c53,NL,C,representational collapse,distinct formal questions collapse to one evaluated representation,2,7455;9047,OWL2Bench,1hop;2hop,OEQA,sem-v1.1-07a5ac3a40c6ef772f11f769a31b2412c6678a30a117f39917e9e8eda1ab76f9;sem-v1.1-8956e32b9480e1b441cc2a93f9d313fcd1c9665db20826fe548293033d90f5ff,"[""SELECT ?x WHERE { <http://www.example.com/genealogy.owl#Woman_9> <http://www.w3.org/1999/02/22-rdf-syntax-ns#type> ?x }"", ""SELECT ?x WHERE { <http://www.example.com/genealogy.owl#Woman_18> <http://www.w3.org/1999/02/22-rdf-syntax-ns#type> ?x }""]",Person,counts the identical evaluated input 2 times in per-row aggregate evaluation
7844b92c3fb5862d2489ca362c9667df9589346606e02e702c2180239e123999,NL,C,representational collapse,distinct formal questions collapse to one evaluated representation,4,4476;4480;5633;5641,Pizza100;Pizza250,2hop,BQA,sem-v1.1-3d277e151371136a5015bc723df044d3da8996ad3d780b9d53b0f2cb8151d51b;sem-v1.1-376fb26950c9d39538d14fdbf855b995523fa3aea2ab6c5e6d15ac7887643ea0;sem-v1.1-dd10da157e6ac0cd99ae1a7dc1c174308558295a7e7203d2856a4dede987c6a3;sem-v1.1-d05f9684c288bab3acf33cd05c487a4997e8d80fc17aef822e8b17238798ae8e,"[""ASK WHERE { <http://www.example.com/genealogy.owl#PolloAdAstra_23> <http://www.example.com/genealogy.owl#hasIngredient> <http://www.example.com/genealogy.owl#AmericanHot_1> }"", ""ASK WHERE { <http://www.example.com/genealogy.owl#PolloAdAstra_80> <http://www.example.com/genealogy.owl#hasIngredient> <http://www.example.com/genealogy.owl#AmericanHot_1> }"", ""ASK WHERE { <http://www.example.com/genealogy.owl#PolloAdAstra_115> <http://www.example.com/genealogy.owl#hasIngredient> <http://www.example.com/genealogy.owl#AmericanHot_131> }"", ""ASK WHERE { <http://www.example.com/genealogy.owl#PolloAdAstra_22> <http://www.example.com/genealogy.owl#hasIngredient> <http://www.example.com/genealogy.owl#AmericanHot_131> }""]",FALSE,counts the identical evaluated input 4 times in per-row aggregate evaluation
78aa0e50814a2bcdd625588163c10c765580343e43dbf61b7a626e027cf64179,NL,C,representational collapse,distinct formal questions collapse to one evaluated representation,2,2794;2798,FamilyOWL,2hop,BQA,sem-v1.1-bb5beb9984da5538f5ef40a46cd78ad0debab81b0c5cd156598817fcfb8323fb;sem-v1.1-efbd56c3566f7603a530ab38dcd7e99f333f9bb779e4d8ed36854acd56dd1fb7,"[""ASK WHERE { <http://www.example.com/genealogy.owl#mary_tacey_1808> <http://www.example.com/genealogy.owl#hasFather> <http://www.example.com/genealogy.owl#ada_rachel_heath_1868> }"", ""ASK WHERE { <http://www.example.com/genealogy.owl#mary_tacey_1809> <http://www.example.com/genealogy.owl#hasMother> <http://www.example.com/genealogy.owl#ada_rachel_heath_1868> }""]",FALSE,counts the identical evaluated input 2 times in per-row aggregate evaluation
78ff840b6229f69ff0c4798f95b0e484cf330857b3b227b09b49197e071b48ef,NL,C,representational collapse,distinct formal questions collapse to one evaluated representation,4,4707;4709;4713;5939,Pizza100;Pizza250,2hop,OEQA,sem-v1.1-8cae6f8b9162da225129773d4a96e30002b0565f1e2b63a4d4daa5da024355dd;sem-v1.1-40861e275c8c3bd005f124d110222867e13d4d8f5b224525d9e271938c428d1d;sem-v1.1-3a927a174a80691960e55aa98bcac56d379cbfb8909fda62bb1b39bf3109363c;sem-v1.1-0a842001b1293df86f4dd77c7cf2a3384c6a9f7989dad341322893f79f91b4fe,"[""SELECT ?x WHERE { <http://www.example.com/genealogy.owl#QuattroFormaggi_37> <http://www.example.com/genealogy.owl#hasTopping> ?x }"", ""SELECT ?x WHERE { <http://www.example.com/genealogy.owl#QuattroFormaggi_42> <http://www.example.com/genealogy.owl#hasTopping> ?x }"", ""SELECT ?x WHERE { <http://www.example.com/genealogy.owl#QuattroFormaggi_94> <http://www.example.com/genealogy.owl#hasTopping> ?x }"", ""SELECT ?x WHERE { <http://www.example.com/genealogy.owl#QuattroFormaggi_223> <http://www.example.com/genealogy.owl#hasTopping> ?x }""]",FourCheesesTopping_dynamic_1; TomatoTopping_dynamic_1,counts the identical evaluated input 4 times in per-row aggregate evaluation
793629ccdb52cfea0c309ef750eb9bd3cd6a812eae91197780a58145d7afa3f8,NL,C,representational collapse,distinct formal questions collapse to one evaluated representation,2,2073;2077,FamilyOWL,2hop,BQA,sem-v1.1-89ca7da9532b34b6e34ce102dedf2a66721245b9faac774b4486b4e95a476a1b;sem-v1.1-cf3cee91de89c493aa8d5ecf79a66d3c7ab7c01f0f170d9602b480817a6abcf8,"[""ASK WHERE { <http://www.example.com/genealogy.owl#edward_young_1795> <http://www.w3.org/1999/02/22-rdf-syntax-ns#type> <http://www.example.com/genealogy.owl#Man> }"", ""ASK WHERE { <http://www.example.com/genealogy.owl#edward_young_1821> <http://www.w3.org/1999/02/22-rdf-syntax-ns#type> <http://www.example.com/genealogy.owl#Man> }""]",TRUE,counts the identical evaluated input 2 times in per-row aggregate evaluation
79d0997036eca4931cc570d47c7026b26d1cec85cb1e1a42f48e39007f44d407,NL,C,representational collapse,distinct formal questions collapse to one evaluated representation,9,4114;4117;4119;5190;5191;5195;5196;5197;5200,Pizza100;Pizza250,1hop,OEQA,sem-v1.1-9879936aa971fda79d20ddbbffedea7c8d5d29fcaa1c8ee143c99cd43115f993;sem-v1.1-6fc7c8111c05d008ff8c8f149c7228a94714503fdc2507c597835245c7f4adcb;sem-v1.1-8b422d1a4131b2d65cf34a9dd50defce92e23fe5c10557f45ee29bb8a6c7be56;sem-v1.1-464c17f57518be6620f1b33dbf89f0959cdfbcc08b83aa0bb5eaf1611a01f962;sem-v1.1-95ace247a59ffa14c1b3559eff58ce67b207a97bb3f11dbebe640c390924941e;sem-v1.1-2d674af0e8e5036453b1028d1dedae477c19b1f70b009f2d762af8c0e88112a6;sem-v1.1-ed7d56869bfb07bcef62928cb3e6a8a036a78b8ca31bfe90d16aed1e611edd50;sem-v1.1-011bd03952ee71edac2a1449edf31ad673f9cffdb2a14c2295c164f109f125cd;sem-v1.1-c195dae27f3d023221abb140a270ad7d6fe33d5cf571bec543516455431ae0bf,"[""SELECT ?x WHERE { <http://www.example.com/genealogy.owl#American_54> <http://www.w3.org/1999/02/22-rdf-syntax-ns#type> ?x }"", ""SELECT ?x WHERE { <http://www.example.com/genealogy.owl#American_7> <http://www.w3.org/1999/02/22-rdf-syntax-ns#type> ?x }"", ""SELECT ?x WHERE { <http://www.example.com/genealogy.owl#American_9> <http://www.w3.org/1999/02/22-rdf-syntax-ns#type> ?x }"", ""SELECT ?x WHERE { <http://www.example.com/genealogy.owl#American_158> <http://www.w3.org/1999/02/22-rdf-syntax-ns#type> ?x }"", ""SELECT ?x WHERE { <http://www.example.com/genealogy.owl#American_162> <http://www.w3.org/1999/02/22-rdf-syntax-ns#type> ?x }"", ""SELECT ?x WHERE { <http://www.example.com/genealogy.owl#American_245> <http://www.w3.org/1999/02/22-rdf-syntax-ns#type> ?x }"", ""SELECT ?x WHERE { <http://www.example.com/genealogy.owl#American_27> <http://www.w3.org/1999/02/22-rdf-syntax-ns#type> ?x }"", ""SELECT ?x WHERE { <http://www.example.com/genealogy.owl#American_68> <http://www.w3.org/1999/02/22-rdf-syntax-ns#type> ?x }"", ""SELECT ?x WHERE { <http://www.example.com/genealogy.owl#American_69> <http://www.w3.org/1999/02/22-rdf-syntax-ns#type> ?x }""]",DomainConcept; Food; Pizza,counts the identical evaluated input 9 times in per-row aggregate evaluation
7b8798d4ca5e62209c0f577186ff8f41473463544e76ccb78eabcfbf057d149d,NL,C,representational collapse,distinct formal questions collapse to one evaluated representation,6,3857;3865;4867;4871;4873;4875,Pizza100;Pizza250,1hop,BQA,sem-v1.1-d53588a4a2c7445ac8f1fbc8f97cc40595f632f3d3ab57d774df772c1fd61e02;sem-v1.1-2951df9eb1068d8f19eab362b85485a3fa30bc8ab0d7ad1e1856924535daf453;sem-v1.1-d3b1baed5b28d80e351670cfeea9a4abbedcd9337e4f7ba3cf1d1061cc5156e4;sem-v1.1-9c7efcdacd84dd8ab760b922d3ed45020df6ef8027e4e27e6363615a457c667e;sem-v1.1-2b3e080ae1904391dec34eee948adb8ba54b32d9cc80e40b03a16b5d09326a6a;sem-v1.1-94df3818add27d124b3be903ee7784bc87597dccb3d6b3f8572462a31fdc4858,"[""ASK WHERE { <http://www.example.com/genealogy.owl#Fiorentina_10> <http://www.w3.org/1999/02/22-rdf-syntax-ns#type> <http://www.example.com/genealogy.owl#American> }"", ""ASK WHERE { <http://www.example.com/genealogy.owl#Fiorentina_95> <http://www.w3.org/1999/02/22-rdf-syntax-ns#type> <http://www.example.com/genealogy.owl#American> }"", ""ASK WHERE { <http://www.example.com/genealogy.owl#Fiorentina_145> <http://www.w3.org/1999/02/22-rdf-syntax-ns#type> <http://www.example.com/genealogy.owl#American> }"", ""ASK WHERE { <http://www.example.com/genealogy.owl#Fiorentina_156> <http://www.w3.org/1999/02/22-rdf-syntax-ns#type> <http://www.example.com/genealogy.owl#American> }"", ""ASK WHERE { <http://www.example.com/genealogy.owl#Fiorentina_222> <http://www.w3.org/1999/02/22-rdf-syntax-ns#type> <http://www.example.com/genealogy.owl#American> }"", ""ASK WHERE { <http://www.example.com/genealogy.owl#Fiorentina_232> <http://www.w3.org/1999/02/22-rdf-syntax-ns#type> <http://www.example.com/genealogy.owl#American> }""]",FALSE,counts the identical evaluated input 6 times in per-row aggregate evaluation
7befe258bd86744da025ba8cec09723021cc74fdd16e0b902d151814bd43fae3,NL,C,representational collapse,distinct formal questions collapse to one evaluated representation,5,4294;4300;4306;5419;5421,Pizza100;Pizza250,2hop,BQA,sem-v1.1-62079e8b1f69cfa40a34f10c91ad8cf6801b7e28c2a8fbc8fa9e233d8622e085;sem-v1.1-180efe75bd04d9cbb472715d0ca1521b0e91c50a094326ac4ae4f2741a366975;sem-v1.1-0a38b82f169fc0e44840528313e40421843f45bd7e90a3f440c4fe43f7bcad21;sem-v1.1-c061b32ae42132c031af7f451216761708b75308acc9eb1e2e68c4c965591bbf;sem-v1.1-eb91419a2d4d68c79c578c2041512caef57e398068a5ff2c5a2a944d2586968d,"[""ASK WHERE { <http://www.example.com/genealogy.owl#American_19> <http://www.example.com/genealogy.owl#hasTopping> <http://www.example.com/genealogy.owl#AmericanHot_1> }"", ""ASK WHERE { <http://www.example.com/genealogy.owl#American_43> <http://www.example.com/genealogy.owl#hasTopping> <http://www.example.com/genealogy.owl#AmericanHot_1> }"", ""ASK WHERE { <http://www.example.com/genealogy.owl#American_63> <http://www.example.com/genealogy.owl#hasTopping> <http://www.example.com/genealogy.owl#AmericanHot_1> }"", ""ASK WHERE { <http://www.example.com/genealogy.owl#American_245> <http://www.example.com/genealogy.owl#hasTopping> <http://www.example.com/genealogy.owl#AmericanHot_131> }"", ""ASK WHERE { <http://www.example.com/genealogy.owl#American_94> <http://www.example.com/genealogy.owl#hasTopping> <http://www.example.com/genealogy.owl#AmericanHot_131> }""]",FALSE,counts the identical evaluated input 5 times in per-row aggregate evaluation
7c251e637543b08076e147a32eef7d83d87522cb3c0d51d9577699f14c016f78,NL,C,representational collapse,distinct formal questions collapse to one evaluated representation,6,3820;3826;4820;4828;4832;4838,Pizza100;Pizza250,1hop,BQA,sem-v1.1-344bb5ab100d3865554e167a6c33e26d57463da2013999be5cbeb410f5258bb2;sem-v1.1-81e7414a94023404f8c7bada7c2d00bcbbc093716525f52c68ccc5151b10c558;sem-v1.1-92561e7b50d14a048dac475e445d758a2fa59c241bd6f1734d0eac055eee2bef;sem-v1.1-7fe33c6f7afc4d179a63a0ee1d30914d89f2a7abed2a2f1f43d8fdb36b8385d2;sem-v1.1-2a858586aa9fa3ce85f26004899e00aa474135f27bd024e172c9f204ad32333c;sem-v1.1-118543af530971d79deb3d24fc3edd6480a2d7804b20dd6aa17e9af791cef72a,"[""ASK WHERE { <http://www.example.com/genealogy.owl#Cajun_14> <http://www.w3.org/1999/02/22-rdf-syntax-ns#type> <http://www.example.com/genealogy.owl#Food> }"", ""ASK WHERE { <http://www.example.com/genealogy.owl#Cajun_84> <http://www.w3.org/1999/02/22-rdf-syntax-ns#type> <http://www.example.com/genealogy.owl#Food> }"", ""ASK WHERE { <http://www.example.com/genealogy.owl#Cajun_112> <http://www.w3.org/1999/02/22-rdf-syntax-ns#type> <http://www.example.com/genealogy.owl#Food> }"", ""ASK WHERE { <http://www.example.com/genealogy.owl#Cajun_17> <http://www.w3.org/1999/02/22-rdf-syntax-ns#type> <http://www.example.com/genealogy.owl#Food> }"", ""ASK WHERE { <http://www.example.com/genealogy.owl#Cajun_197> <http://www.w3.org/1999/02/22-rdf-syntax-ns#type> <http://www.example.com/genealogy.owl#Food> }"", ""ASK WHERE { <http://www.example.com/genealogy.owl#Cajun_229> <http://www.w3.org/1999/02/22-rdf-syntax-ns#type> <http://www.example.com/genealogy.owl#Food> }""]",TRUE,counts the identical evaluated input 6 times in per-row aggregate evaluation
7d54012fa19739af257d2b19497fc41a4ceb3e6fc2a9ce906c2cc19b29254539,NL,C,representational collapse,distinct formal questions collapse to one evaluated representation,8,4060;5112;5114;5116;5118;5124;5126;5134,Pizza100;Pizza250,1hop,BQA,sem-v1.1-45e8583186bd501ade682bafa7b48d98b150e87b9045a114048cc61ec8ba3ba8;sem-v1.1-a5157813dff2fc721075d5af66c804acc2b73a2054d6dc64d00a82e77ed48404;sem-v1.1-1682862e229cb79f39421782ab77f06a9be6e3a361b03ef4439792303c77fbb8;sem-v1.1-5849e69efbd7a551886a1b114509ef0c9f41504f2ee4a24057449e2e7fedccaf;sem-v1.1-6aa2ea1d4baa30f95560cf3e993abdf0f4d7c9a281373d572477623c17bdf410;sem-v1.1-819e5dd47815c06c690f0f619401af146cac1dc909bb5a7321483e4f9c01b829;sem-v1.1-761dcb537c784a0e4277afbc91d957dfd0c2dd68f2ff2f46a80168d90925ae83;sem-v1.1-db369c9d0474d4e0e817aac6cd67f8de146d143b96847b129b2b9ee1938efb64,"[""ASK WHERE { <http://www.example.com/genealogy.owl#Soho_8> <http://www.example.com/genealogy.owl#hasTopping> <http://www.example.com/genealogy.owl#Soho_8> }"", ""ASK WHERE { <http://www.example.com/genealogy.owl#Soho_104> <http://www.example.com/genealogy.owl#hasTopping> <http://www.example.com/genealogy.owl#Soho_104> }"", ""ASK WHERE { <http://www.example.com/genealogy.owl#Soho_105> <http://www.example.com/genealogy.owl#hasTopping> <http://www.example.com/genealogy.owl#Soho_105> }"", ""ASK WHERE { <http://www.example.com/genealogy.owl#Soho_106> <http://www.example.com/genealogy.owl#hasTopping> <http://www.example.com/genealogy.owl#Soho_106> }"", ""ASK WHERE { <http://www.example.com/genealogy.owl#Soho_134> <http://www.example.com/genealogy.owl#hasTopping> <http://www.example.com/genealogy.owl#Soho_134> }"", ""ASK WHERE { <http://www.example.com/genealogy.owl#Soho_180> <http://www.example.com/genealogy.owl#hasTopping> <http://www.example.com/genealogy.owl#Soho_180> }"", ""ASK WHERE { <http://www.example.com/genealogy.owl#Soho_204> <http://www.example.com/genealogy.owl#hasTopping> <http://www.example.com/genealogy.owl#Soho_204> }"", ""ASK WHERE { <http://www.example.com/genealogy.owl#Soho_67> <http://www.example.com/genealogy.owl#hasTopping> <http://www.example.com/genealogy.owl#Soho_67> }""]",FALSE,counts the identical evaluated input 8 times in per-row aggregate evaluation
7deb5adcd9bc39756b872d0c1578a81f99c229cf716dc7220ea02076265f0a64,NL,C,representational collapse,distinct formal questions collapse to one evaluated representation,6,3829;3831;3833;3837;4849;4851,Pizza100;Pizza250,1hop,BQA,sem-v1.1-1b0f594b49b1a4d15e59fc956067523873a27d9674d71962593d60692d445d37;sem-v1.1-c2ac3450f2dcf2c326cafd1e6ee0d8900d205e7f7ca3dc5f1797db8f38247063;sem-v1.1-ee22e2032d2dfa435c483e099d6f94be20301330100a3fa7895f1b0f947863ec;sem-v1.1-b8d2fdeb000d41e5fcf7d28b78331a138118ca128a11d855534b47f8cbde20b8;sem-v1.1-a4ac7e02ee67f37e63bf8e01b822f90a5ed5462bbbd0bc127914868ab75009e8;sem-v1.1-8eddb95a109d28363de6c425929c1154201749b0dc62b97c86677909d85451a1,"[""ASK WHERE { <http://www.example.com/genealogy.owl#Capricciosa_0> <http://www.example.com/genealogy.owl#hasIngredient> <http://www.example.com/genealogy.owl#AnchoviesTopping_dynamic_1> }"", ""ASK WHERE { <http://www.example.com/genealogy.owl#Capricciosa_22> <http://www.example.com/genealogy.owl#hasIngredient> <http://www.example.com/genealogy.owl#AnchoviesTopping_dynamic_1> }"", ""ASK WHERE { <http://www.example.com/genealogy.owl#Capricciosa_27> <http://www.example.com/genealogy.owl#hasIngredient> <http://www.example.com/genealogy.owl#AnchoviesTopping_dynamic_1> }"", ""ASK WHERE { <http://www.example.com/genealogy.owl#Capricciosa_32> <http://www.example.com/genealogy.owl#hasIngredient> <http://www.example.com/genealogy.owl#AnchoviesTopping_dynamic_1> }"", ""ASK WHERE { <http://www.example.com/genealogy.owl#Capricciosa_212> <http://www.example.com/genealogy.owl#hasIngredient> <http://www.example.com/genealogy.owl#AnchoviesTopping_dynamic_1> }"", ""ASK WHERE { <http://www.example.com/genealogy.owl#Capricciosa_57> <http://www.example.com/genealogy.owl#hasIngredient> <http://www.example.com/genealogy.owl#AnchoviesTopping_dynamic_1> }""]",TRUE,counts the identical evaluated input 6 times in per-row aggregate evaluation
7e3079f3e9788210e8a020bab127698e79c3771aed83f23fa85ea48a46b1a18a,NL,C,representational collapse,distinct formal questions collapse to one evaluated representation,4,5692;5696;5702;5706,Pizza250,2hop,BQA,sem-v1.1-0514aae65ca636697025e8c89b2ab9f5de63bff0ae1a97438d4d15e69a6a602a;sem-v1.1-d83d8ee932fd596e21ae41642e99741249bbe14ad224164ee0e51df50fb0eb52;sem-v1.1-8b5b4a78b08af07dd9a71c237821d7ff064b662396dcf1f130ddc7a97537d4f9;sem-v1.1-e9ba92b578882db88fc83d97d1ae6039df0ab6b71c485709c835a887039f035a,"[""ASK WHERE { <http://www.example.com/genealogy.owl#Siciliana_154> <http://www.example.com/genealogy.owl#hasIngredient> <http://www.example.com/genealogy.owl#AnchoviesTopping_dynamic_1> }"", ""ASK WHERE { <http://www.example.com/genealogy.owl#Siciliana_157> <http://www.example.com/genealogy.owl#hasIngredient> <http://www.example.com/genealogy.owl#AnchoviesTopping_dynamic_1> }"", ""ASK WHERE { <http://www.example.com/genealogy.owl#Siciliana_220> <http://www.example.com/genealogy.owl#hasIngredient> <http://www.example.com/genealogy.owl#AnchoviesTopping_dynamic_1> }"", ""ASK WHERE { <http://www.example.com/genealogy.owl#Siciliana_44> <http://www.example.com/genealogy.owl#hasIngredient> <http://www.example.com/genealogy.owl#AnchoviesTopping_dynamic_1> }""]",TRUE,counts the identical evaluated input 4 times in per-row aggregate evaluation
7ebee638fb2d80dfb4ddc07e0ba272b4a52731cc4700bccd59ce9c2402b58965,NL,C,representational collapse,distinct formal questions collapse to one evaluated representation,3,4957;4961;4965,Pizza250,1hop,BQA,sem-v1.1-8d6a64cabcf6ffa3222911fa6958904ec5284acec3edd63dd4a354d592c0d4eb;sem-v1.1-b543098510ea9a24e782647da1cf4e4b28ab822b35c8567681f6a7aeee149763;sem-v1.1-0f4681e4f0076d0c7310206a1cf61615cad769e76fc303c773aa6f02be0c56c1,"[""ASK WHERE { <http://www.example.com/genealogy.owl#Mushroom_1> <http://www.example.com/genealogy.owl#hasIngredient> <http://www.example.com/genealogy.owl#MozzarellaTopping_dynamic_1> }"", ""ASK WHERE { <http://www.example.com/genealogy.owl#Mushroom_103> <http://www.example.com/genealogy.owl#hasIngredient> <http://www.example.com/genealogy.owl#MozzarellaTopping_dynamic_1> }"", ""ASK WHERE { <http://www.example.com/genealogy.owl#Mushroom_170> <http://www.example.com/genealogy.owl#hasIngredient> <http://www.example.com/genealogy.owl#MozzarellaTopping_dynamic_1> }""]",TRUE,counts the identical evaluated input 3 times in per-row aggregate evaluation
7f371beb2bf5b44f08c594d0bb89d6d16f165d553c4f94f46d8fe783c8c7ef64,NL,C,representational collapse,distinct formal questions collapse to one evaluated representation,2,5475;5485,Pizza250,2hop,BQA,sem-v1.1-b4895cf674efb095a78b12711fb76b5f14967cb33bc427bee804b6870001680a;sem-v1.1-136bb74ec5651b87b8d2a0dac04b4d3bea59d078cebebe5aa1f28ee4ba5ca178,"[""ASK WHERE { <http://www.example.com/genealogy.owl#Fiorentina_130> <http://www.example.com/genealogy.owl#hasTopping> <http://www.example.com/genealogy.owl#AmericanHot_131> }"", ""ASK WHERE { <http://www.example.com/genealogy.owl#Fiorentina_222> <http://www.example.com/genealogy.owl#hasTopping> <http://www.example.com/genealogy.owl#AmericanHot_131> }""]",FALSE,counts the identical evaluated input 2 times in per-row aggregate evaluation
7fb700dc3489dc057f4a9fdbd13070fd8437ae47d514929c513fee18ed6890c3,NL,C,representational collapse,distinct formal questions collapse to one evaluated representation,6,3989;3993;3999;5029;5037;5041,Pizza100;Pizza250,1hop,BQA,sem-v1.1-e1db290ab32537bcca8b1cb3de40e3c941fd777f3f5395eb5a54b8cda6940646;sem-v1.1-75ad8932dabd1c6c646c42e9abd3d3b57930055b8869769b40012682656f52f8;sem-v1.1-27f94ef0490628c8a0b26d84e337fa05046f1fbc46c19e46f18f4bf1edb75f1c;sem-v1.1-272f8504f0cdfb0579f096059cf72284730c70b2a80a8cb7835f27bdb3620129;sem-v1.1-908d27c1602f821eca7f512309c3f0347cf6878904c83045b6b7bd7b08733281;sem-v1.1-6f17c0451e9be1aac21febb21319836fb56c64c87d66a894ca56454ef067713d,"[""ASK WHERE { <http://www.example.com/genealogy.owl#PrinceCarlo_32> <http://www.example.com/genealogy.owl#hasIngredient> <http://www.example.com/genealogy.owl#LeekTopping_dynamic_1> }"", ""ASK WHERE { <http://www.example.com/genealogy.owl#PrinceCarlo_74> <http://www.example.com/genealogy.owl#hasIngredient> <http://www.example.com/genealogy.owl#LeekTopping_dynamic_1> }"", ""ASK WHERE { <http://www.example.com/genealogy.owl#PrinceCarlo_90> <http://www.example.com/genealogy.owl#hasIngredient> <http://www.example.com/genealogy.owl#LeekTopping_dynamic_1> }"", ""ASK WHERE { <http://www.example.com/genealogy.owl#PrinceCarlo_100> <http://www.example.com/genealogy.owl#hasIngredient> <http://www.example.com/genealogy.owl#LeekTopping_dynamic_1> }"", ""ASK WHERE { <http://www.example.com/genealogy.owl#PrinceCarlo_8> <http://www.example.com/genealogy.owl#hasIngredient> <http://www.example.com/genealogy.owl#LeekTopping_dynamic_1> }"", ""ASK WHERE { <http://www.example.com/genealogy.owl#PrinceCarlo_85> <http://www.example.com/genealogy.owl#hasIngredient> <http://www.example.com/genealogy.owl#LeekTopping_dynamic_1> }""]",TRUE,counts the identical evaluated input 6 times in per-row aggregate evaluation
805c8f63bfe2c340eb043bf38f6a80b569ed3852a84206df1f94efd08082bec9,NL,C,representational collapse,distinct formal questions collapse to one evaluated representation,2,3662;3665,FamilyOWL,2hop,OEQA,sem-v1.1-34b84958c58c277291a4fb597269fc9162a893284f9c5768667039a84a456627;sem-v1.1-b18ade58604e6f874a53bfe71c438512edaefcd38073d8d2cd8d96c2384b8c19,"[""SELECT ?x WHERE { <http://www.example.com/genealogy.owl#sarah_jane_whitfield_1818> <http://www.w3.org/1999/02/22-rdf-syntax-ns#type> ?x }"", ""SELECT ?x WHERE { <http://www.example.com/genealogy.owl#sarah_jane_whitfield_1829> <http://www.w3.org/1999/02/22-rdf-syntax-ns#type> ?x }""]",Person; Woman,counts the identical evaluated input 2 times in per-row aggregate evaluation
80e3e1c3a94cbe3a5f9259873120eae22ee32cfe7d89e7a7300a38f0edff4b88,AR,B,exact duplicated semantic question,exact duplicated semantic question across hop-specific benchmark instances,2,6117;7600,OWL2Bench,1hop;2hop,BQA,sem-v1.1-6c357ba80332fa992da2993caad2f367df633174ee967665a1b7b9c32e5ec279;sem-v1.1-620f2c2edc2931e5cdce7795ec40ae4f8c8e714b7a367d3c370a838efe3cd455,"[""ASK WHERE { <http://www.example.com/genealogy.owl#Man_9> <http://www.w3.org/1999/02/22-rdf-syntax-ns#type> <http://www.example.com/genealogy.owl#AeronauticalEngineering> }"", ""ASK WHERE { <http://www.example.com/genealogy.owl#Man_9> <http://www.w3.org/1999/02/22-rdf-syntax-ns#type> <http://www.example.com/genealogy.owl#AeronauticalEngineering> }""]",FALSE,counts the identical evaluated input 2 times in per-row aggregate evaluation
811092143238fff567d0722de15cdb4fa2a7a7d6aba450017b1555ac9b7874f9,NL,C,representational collapse,distinct formal questions collapse to one evaluated representation,4,4039;5101;5103;5109,Pizza100;Pizza250,1hop,BQA,sem-v1.1-27f75ef4c8191ea34ab0d302f37ab14abe3761868b8673dacf6013590258eff6;sem-v1.1-f1e32ed873c092b29948dae7fdc9f9a170d99a93c7bdfbef7b35eda9aeb9cd04;sem-v1.1-f6233d6b3c3ca3c0a5a86e1e352f4be7d22e208211f808289b7d2104d83e7d04;sem-v1.1-208b9e5a0d179deacd29adff3fa8dbd19f635f82ddb95d588921daba1701cb00,"[""ASK WHERE { <http://www.example.com/genealogy.owl#SloppyGiuseppe_23> <http://www.w3.org/1999/02/22-rdf-syntax-ns#type> <http://www.example.com/genealogy.owl#American> }"", ""ASK WHERE { <http://www.example.com/genealogy.owl#SloppyGiuseppe_24> <http://www.w3.org/1999/02/22-rdf-syntax-ns#type> <http://www.example.com/genealogy.owl#American> }"", ""ASK WHERE { <http://www.example.com/genealogy.owl#SloppyGiuseppe_249> <http://www.w3.org/1999/02/22-rdf-syntax-ns#type> <http://www.example.com/genealogy.owl#American> }"", ""ASK WHERE { <http://www.example.com/genealogy.owl#SloppyGiuseppe_98> <http://www.w3.org/1999/02/22-rdf-syntax-ns#type> <http://www.example.com/genealogy.owl#American> }""]",FALSE,counts the identical evaluated input 4 times in per-row aggregate evaluation
8131cdeb86bd35046d794f4430ec2e64a6477d0bf7668c5d73340825367a5fba,FS,D,other,incidental cross-dataset duplicate with the same formal query and gold semantics; no evidence it was intentionally duplicated,2,4247;5360,Pizza100;Pizza250,1hop,OEQA,sem-v1.1-579d1bdc0d3c464484429cd669419bd74216d0a0150e75e41730cd26414ecf45;sem-v1.1-3dbb0c5434e785d03c3fef9d0d60d7fa3b35f17abe14e77028198ae94f586458,"[""SELECT ?x WHERE { <http://www.example.com/genealogy.owl#Veneziana_45> <http://www.example.com/genealogy.owl#hasIngredient> ?x }"", ""SELECT ?x WHERE { <http://www.example.com/genealogy.owl#Veneziana_45> <http://www.example.com/genealogy.owl#hasIngredient> ?x }""]",CaperTopping_dynamic_1; MozzarellaTopping_dynamic_1; OliveTopping_dynamic_1; OnionTopping_dynamic_1; PineKernels_dynamic_1; SultanaTopping_dynamic_1; TomatoTopping_dynamic_1,counts the identical evaluated input 2 times in per-row aggregate evaluation
820b6052db7271da83bb1a040bbde4a5b01726db59761cde8867bbb4c3053362,NL,C,representational collapse,distinct formal questions collapse to one evaluated representation,2,4473;5614,Pizza100;Pizza250,2hop,BQA,sem-v1.1-08d74d29a93f807b41e76d34758b5ca2a35ca313320347e7d59283216b3ee080;sem-v1.1-25b0b663a1424ec7db26b056577c4969dddc290371983e4da88c3503a83faca3,"[""ASK WHERE { <http://www.example.com/genealogy.owl#Parmense_71> <http://www.example.com/genealogy.owl#hasTopping> <http://www.example.com/genealogy.owl#AsparagusTopping_dynamic_1> }"", ""ASK WHERE { <http://www.example.com/genealogy.owl#Parmense_129> <http://www.example.com/genealogy.owl#hasTopping> <http://www.example.com/genealogy.owl#AsparagusTopping_dynamic_1> }""]",TRUE,counts the identical evaluated input 2 times in per-row aggregate evaluation
824c3cffd78b08da29d705554998bc5a35be3d93a326807c9e6ee00b816ee65c,NL,C,representational collapse,distinct formal questions collapse to one evaluated representation,5,4638;5841;5843;5850;5851,Pizza100;Pizza250,2hop,OEQA,sem-v1.1-6cbf15529d9b2b01bb2cc51f9d7dd5ccae553e8050103573482df0aabd89079e;sem-v1.1-bf04c4856eb47282a17b91f053c7a3c0da644d142a1b350dde8bd0d0e0d30ed5;sem-v1.1-d37b1a4dd413625c4e8b355fa7e8f9edf81d18acda5f7d567fc21f5386496945;sem-v1.1-b4019098b4938f457c35cc7b14ff93af0e2390d8dafc19f86c25afc1f0a3b0b7;sem-v1.1-e6c9f104d764e496542c307571a7a83e18c606f0c0a65cf7549e352322d3ff91,"[""SELECT ?x WHERE { <http://www.example.com/genealogy.owl#FourSeasons_43> <http://www.example.com/genealogy.owl#hasTopping> ?x }"", ""SELECT ?x WHERE { <http://www.example.com/genealogy.owl#FourSeasons_171> <http://www.example.com/genealogy.owl#hasTopping> ?x }"", ""SELECT ?x WHERE { <http://www.example.com/genealogy.owl#FourSeasons_174> <http://www.example.com/genealogy.owl#hasTopping> ?x }"", ""SELECT ?x WHERE { <http://www.example.com/genealogy.owl#FourSeasons_9> <http://www.example.com/genealogy.owl#hasTopping> ?x }"", ""SELECT ?x WHERE { <http://www.example.com/genealogy.owl#FourSeasons_90> <http://www.example.com/genealogy.owl#hasTopping> ?x }""]",AnchoviesTopping_dynamic_1; CaperTopping_dynamic_1; MozzarellaTopping_dynamic_1; MushroomTopping_dynamic_1; OliveTopping_dynamic_1; PeperoniSausageTopping_dynamic_1; TomatoTopping_dynamic_1,counts the identical evaluated input 5 times in per-row aggregate evaluation
835e69bfaf7cdeb849767f52f30900093c0b4cf8d23ad5e7704ecdaed2d40075,NL,C,representational collapse,distinct formal questions collapse to one evaluated representation,5,4052;4056;5120;5128;5132,Pizza100;Pizza250,1hop,BQA,sem-v1.1-d576fe5c9926aaa5a73b94b3645cab4d574fa3277fd1460ee05aadc58546aef9;sem-v1.1-a45d38b43dc4c71afdc4ba8e95014e82613a35e7e2bbd0390181261101e8011a;sem-v1.1-c141e9e80681eb2662d592a483bfebc87bef943e32b8f067a73277ff0d34c8aa;sem-v1.1-a404d2015e776f68b8b545949138ccb325406ecc57acd47d2d0c754f047eb68a;sem-v1.1-a854f0a5cc1d940f1fed6434f5a1600934690583407b7136d0bc2770c878a61e,"[""ASK WHERE { <http://www.example.com/genealogy.owl#Soho_35> <http://www.w3.org/1999/02/22-rdf-syntax-ns#type> <http://www.example.com/genealogy.owl#Food> }"", ""ASK WHERE { <http://www.example.com/genealogy.owl#Soho_70> <http://www.w3.org/1999/02/22-rdf-syntax-ns#type> <http://www.example.com/genealogy.owl#Food> }"", ""ASK WHERE { <http://www.example.com/genealogy.owl#Soho_134> <http://www.w3.org/1999/02/22-rdf-syntax-ns#type> <http://www.example.com/genealogy.owl#Food> }"", ""ASK WHERE { <http://www.example.com/genealogy.owl#Soho_210> <http://www.w3.org/1999/02/22-rdf-syntax-ns#type> <http://www.example.com/genealogy.owl#Food> }"", ""ASK WHERE { <http://www.example.com/genealogy.owl#Soho_41> <http://www.w3.org/1999/02/22-rdf-syntax-ns#type> <http://www.example.com/genealogy.owl#Food> }""]",TRUE,counts the identical evaluated input 5 times in per-row aggregate evaluation
8381c2a44d107d0c1ab001b56cf9b7b1616f37e0e5463743ade7c33a501691a1,NL,C,representational collapse,distinct formal questions collapse to one evaluated representation,3,4233;5333;5337,Pizza100;Pizza250,1hop,OEQA,sem-v1.1-cce66ab6323716c8c3c01325caa33c353a464dbc8ee90c0ab94466a35668ceb9;sem-v1.1-212571744061dce628cc1a32fc5bc92bd384c66c4f79d7db6d9382682ee7ae8c;sem-v1.1-686599a61c15652b157d5a978e55aaa3eb8831e0b6336dea606da9eee51dc61d,"[""SELECT ?x WHERE { <http://www.example.com/genealogy.owl#Siciliana_61> <http://www.w3.org/1999/02/22-rdf-syntax-ns#type> ?x }"", ""SELECT ?x WHERE { <http://www.example.com/genealogy.owl#Siciliana_167> <http://www.w3.org/1999/02/22-rdf-syntax-ns#type> ?x }"", ""SELECT ?x WHERE { <http://www.example.com/genealogy.owl#Siciliana_44> <http://www.w3.org/1999/02/22-rdf-syntax-ns#type> ?x }""]",DomainConcept; Food; Pizza,counts the identical evaluated input 3 times in per-row aggregate evaluation
83eb84470c3bf8a6b21c7d001c79aadc3d47f8cbf361d2f10cd8925e3a8d3409,NL,C,representational collapse,distinct formal questions collapse to one evaluated representation,5,3934;3936;3948;4944;4950,Pizza100;Pizza250,1hop,BQA,sem-v1.1-ec0504b396f52b2ec5f9480c545f5ed7e66d9db560939196deafb22a1015a4af;sem-v1.1-f2a90081977f26256610cf6ef093e6cdecf11402e3154350f24c874ffc6012b2;sem-v1.1-c06f891af2217cfe4bd6d679bea90c6052dfcb4c539602cefd740e01bce5a041;sem-v1.1-c258b45d4e46a454811ad83441661abdce75b855ef60652184c4ae3bacb72900;sem-v1.1-e885b27727bf537530b941bef1ae5f6e8ce74c924402df619a6fac5c8cb94361,"[""ASK WHERE { <http://www.example.com/genealogy.owl#Margherita_40> <http://www.example.com/genealogy.owl#hasTopping> <http://www.example.com/genealogy.owl#MozzarellaTopping_dynamic_1> }"", ""ASK WHERE { <http://www.example.com/genealogy.owl#Margherita_50> <http://www.example.com/genealogy.owl#hasTopping> <http://www.example.com/genealogy.owl#MozzarellaTopping_dynamic_1> }"", ""ASK WHERE { <http://www.example.com/genealogy.owl#Margherita_68> <http://www.example.com/genealogy.owl#hasTopping> <http://www.example.com/genealogy.owl#MozzarellaTopping_dynamic_1> }"", ""ASK WHERE { <http://www.example.com/genealogy.owl#Margherita_144> <http://www.example.com/genealogy.owl#hasTopping> <http://www.example.com/genealogy.owl#MozzarellaTopping_dynamic_1> }"", ""ASK WHERE { <http://www.example.com/genealogy.owl#Margherita_31> <http://www.example.com/genealogy.owl#hasTopping> <http://www.example.com/genealogy.owl#MozzarellaTopping_dynamic_1> }""]",TRUE,counts the identical evaluated input 5 times in per-row aggregate evaluation
8420ed597dacbabd83e6e03129eb6f3999b8171506cdb6568a6b85d105bfa421,NL,C,representational collapse,distinct formal questions collapse to one evaluated representation,6,4615;4616;5811;5813;5815;5821,Pizza100;Pizza250,2hop,OEQA,sem-v1.1-2e03cc6747dab847dcbd2d831235410c8917f125fe41fb49df240f7dcd9153d7;sem-v1.1-1b089a78bce7777a9f6d7106b5d138d303be7a126d79cfd3a98e932a5c50f133;sem-v1.1-4f400d05b7d0b43ed00db2ce001c1559b6c179e7b567d4025547d89ab99627fc;sem-v1.1-50c905928a04d7b2c890ee565ee0f336455a783d74111fe66c31a17f71669d79;sem-v1.1-51c580f12d239a355d8e909d0f889cf910b97bc2565a07fffb0049a697855199;sem-v1.1-21b5e02f239e6097586400af9c6d91302fad57738f05158286db4efd25e1327b,"[""SELECT ?x WHERE { <http://www.example.com/genealogy.owl#Cajun_49> <http://www.example.com/genealogy.owl#hasIngredient> ?x }"", ""SELECT ?x WHERE { <http://www.example.com/genealogy.owl#Cajun_86> <http://www.example.com/genealogy.owl#hasIngredient> ?x }"", ""SELECT ?x WHERE { <http://www.example.com/genealogy.owl#Cajun_110> <http://www.example.com/genealogy.owl#hasIngredient> ?x }"", ""SELECT ?x WHERE { <http://www.example.com/genealogy.owl#Cajun_138> <http://www.example.com/genealogy.owl#hasIngredient> ?x }"", ""SELECT ?x WHERE { <http://www.example.com/genealogy.owl#Cajun_17> <http://www.example.com/genealogy.owl#hasIngredient> ?x }"", ""SELECT ?x WHERE { <http://www.example.com/genealogy.owl#Cajun_92> <http://www.example.com/genealogy.owl#hasIngredient> ?x }""]",MozzarellaTopping_dynamic_1; OnionTopping_dynamic_1; PeperonataTopping_dynamic_1; PrawnsTopping_dynamic_1; TobascoPepperSauce_dynamic_1; TomatoTopping_dynamic_1,counts the identical evaluated input 6 times in per-row aggregate evaluation
849a27d5190e50953c6f63779cb1400bffe80376d73ce64a0de50012db83ddbc,NL,C,representational collapse,distinct formal questions collapse to one evaluated representation,3,3995;4003;5031,Pizza100;Pizza250,1hop,BQA,sem-v1.1-859bfb47c6f7a2639b0518240ceffa7a1094fa35cde8ead0fd87e975b5a6d75a;sem-v1.1-7f73d00b6d0fb2e2bbf48aeb154445a2b3ebf8126e5f8d34b1737180a1671437;sem-v1.1-ca2dabb778cd2f5221638206dd34ec836b24f5a505574165ae81cbe0f28aa47c,"[""ASK WHERE { <http://www.example.com/genealogy.owl#PrinceCarlo_74> <http://www.example.com/genealogy.owl#hasTopping> <http://www.example.com/genealogy.owl#LeekTopping_dynamic_1> }"", ""ASK WHERE { <http://www.example.com/genealogy.owl#PrinceCarlo_97> <http://www.example.com/genealogy.owl#hasTopping> <http://www.example.com/genealogy.owl#LeekTopping_dynamic_1> }"", ""ASK WHERE { <http://www.example.com/genealogy.owl#PrinceCarlo_155> <http://www.example.com/genealogy.owl#hasIngredient> <http://www.example.com/genealogy.owl#LeekTopping_dynamic_1> }""]",TRUE,counts the identical evaluated input 3 times in per-row aggregate evaluation
853c0c8c3a015379ac664d60cd182824b5a01214367dad4e7efb48e5a50a0520,NL,D,other,incidental cross-dataset duplicate with the same formal query and gold semantics; no evidence it was intentionally duplicated,2,4078;5162,Pizza100;Pizza250,1hop,BQA,sem-v1.1-f68dc8ad1fa6493d30c75aa190c42a13400bb2daf60e818dd06e99e60d4e231e;sem-v1.1-b3fc3e88cb3dcab2d7f327ecb6130531c62b2ed9dc578136e63070a9df714c7e,"[""ASK WHERE { <http://www.example.com/genealogy.owl#RedOnionTopping_dynamic_1> <http://www.w3.org/1999/02/22-rdf-syntax-ns#type> <http://www.example.com/genealogy.owl#Food> }"", ""ASK WHERE { <http://www.example.com/genealogy.owl#RedOnionTopping_dynamic_1> <http://www.w3.org/1999/02/22-rdf-syntax-ns#type> <http://www.example.com/genealogy.owl#Food> }""]",TRUE,counts the identical evaluated input 2 times in per-row aggregate evaluation
85569d0982e490e02f3015f9938bc006292f6983b567d98e4e5463c6236655be,NL,C,representational collapse,distinct formal questions collapse to one evaluated representation,2,6436;6452,OWL2Bench,1hop,BQA,sem-v1.1-9e301429a9988b9ef151b2e2425183b4bc3a0ef8e3078865c49ba0e5d9a0cdbc;sem-v1.1-467c54ec9baf336a87a3f597c02a8cd02b2b4b9b17a768d5cc870d87aadcec16,"[""ASK WHERE { <http://www.example.com/genealogy.owl#Student_37> <http://www.example.com/genealogy.owl#takesCourse> <http://www.example.com/genealogy.owl#UGCourse_11> }"", ""ASK WHERE { <http://www.example.com/genealogy.owl#Student_9> <http://www.example.com/genealogy.owl#takesCourse> <http://www.example.com/genealogy.owl#UGCourse_5> }""]",TRUE,counts the identical evaluated input 2 times in per-row aggregate evaluation
856a764be8bcd73836829ded529fea67d7e93439fcefed7e668504405593450c,NL,C,representational collapse,distinct formal questions collapse to one evaluated representation,2,3824;3828,Pizza100,1hop,BQA,sem-v1.1-d58e13e3ef852488806474c7dbd2fa46ca0cf0a0d5056a77db80ac901c307467;sem-v1.1-ac8244e6361d7865deaa600a84b5e51a4145ce4a608714c43e6d3f15a537732e,"[""ASK WHERE { <http://www.example.com/genealogy.owl#Cajun_49> <http://www.example.com/genealogy.owl#hasTopping> <http://www.example.com/genealogy.owl#MozzarellaTopping_dynamic_1> }"", ""ASK WHERE { <http://www.example.com/genealogy.owl#Cajun_86> <http://www.example.com/genealogy.owl#hasTopping> <http://www.example.com/genealogy.owl#MozzarellaTopping_dynamic_1> }""]",TRUE,counts the identical evaluated input 2 times in per-row aggregate evaluation
857c473b4f32ccc8b113ec6b4d637b781827fed0becc5d3a5b89efe33809711c,NL,C,representational collapse,distinct formal questions collapse to one evaluated representation,2,4022;5060,Pizza100;Pizza250,1hop,BQA,sem-v1.1-345ff0ae578f1725c0d938f08b3e7879762eacca7badbc019d82b6d564821437;sem-v1.1-dc8de28278afab63f0a4c00194d8b2078bda2747399b349177aba65ee1768ca4,"[""ASK WHERE { <http://www.example.com/genealogy.owl#Rosa_68> <http://www.example.com/genealogy.owl#hasTopping> <http://www.example.com/genealogy.owl#Rosa_68> }"", ""ASK WHERE { <http://www.example.com/genealogy.owl#Rosa_135> <http://www.example.com/genealogy.owl#hasTopping> <http://www.example.com/genealogy.owl#Rosa_135> }""]",FALSE,counts the identical evaluated input 2 times in per-row aggregate evaluation
861d2ca213383fcd6d3ed55bb935dd4480cd3fc630f0a314b35135086cc2d2f5,NL,C,representational collapse,distinct formal questions collapse to one evaluated representation,4,4148;4150;5248;5254,Pizza100;Pizza250,1hop,OEQA,sem-v1.1-a501651e155177083c547087f4fdddb008c196dc01ee6e113f1cf6eb36e53b72;sem-v1.1-cc65b2353d70565b1ab907d91c1c415b3a20e8775f946fb58c0909c2c73f9a7b;sem-v1.1-ce8978806236a400a00f6ed5c5e38b2074da38490d7c7d80a3d558d32696e678;sem-v1.1-187f3299b68eb4d10691d0c201ecd93ee10fbd89c6c87b581c865bdb7a66507c,"[""SELECT ?x WHERE { <http://www.example.com/genealogy.owl#FruttiDiMare_15> <http://www.w3.org/1999/02/22-rdf-syntax-ns#type> ?x }"", ""SELECT ?x WHERE { <http://www.example.com/genealogy.owl#FruttiDiMare_33> <http://www.w3.org/1999/02/22-rdf-syntax-ns#type> ?x }"", ""SELECT ?x WHERE { <http://www.example.com/genealogy.owl#FruttiDiMare_207> <http://www.w3.org/1999/02/22-rdf-syntax-ns#type> ?x }"", ""SELECT ?x WHERE { <http://www.example.com/genealogy.owl#FruttiDiMare_37> <http://www.w3.org/1999/02/22-rdf-syntax-ns#type> ?x }""]",DomainConcept; Food; Pizza,counts the identical evaluated input 4 times in per-row aggregate evaluation
86924e5e65ba7ce881beb074300f3f4747007ac645ed93b000edc1222e2c6efc,NL,C,representational collapse,distinct formal questions collapse to one evaluated representation,3,4887;4897;4899,Pizza250,1hop,BQA,sem-v1.1-ce3843b74231ecae1fe1dcbc45e69baa1613ef7ba8ec14cdc4afdb88ed1ab74b;sem-v1.1-5a45db8b2fc607482eebe1f6d7d3e4ab71a44188b4f184cadbee871b215b7d8b;sem-v1.1-9801a39b36a99c92b2262348535df279fb4058f793765044b482e586473e225d,"[""ASK WHERE { <http://www.example.com/genealogy.owl#FourSeasons_174> <http://www.example.com/genealogy.owl#hasTopping> <http://www.example.com/genealogy.owl#AnchoviesTopping_dynamic_1> }"", ""ASK WHERE { <http://www.example.com/genealogy.owl#FourSeasons_89> <http://www.example.com/genealogy.owl#hasTopping> <http://www.example.com/genealogy.owl#AnchoviesTopping_dynamic_1> }"", ""ASK WHERE { <http://www.example.com/genealogy.owl#FourSeasons_90> <http://www.example.com/genealogy.owl#hasTopping> <http://www.example.com/genealogy.owl#AnchoviesTopping_dynamic_1> }""]",TRUE,counts the identical evaluated input 3 times in per-row aggregate evaluation
86accd2ae744ae6c595e6dab3957cc9db63576cbda155509285728c08e010f40,NL,C,representational collapse,distinct formal questions collapse to one evaluated representation,4,4693;5911;5918;5920,Pizza100;Pizza250,2hop,OEQA,sem-v1.1-b73f5c57915d7f3f442aaabe1f424ba7f26b026bb2cef2a1d9e0ad2f257972ad;sem-v1.1-1b8b7c87837d63833785bd96221e675b462e50eeab4460ff907f044dd57879d2;sem-v1.1-6205db52904d6d0acb51c28e24bf8c70efcbd2d6e4eb99b97eb06a17d62e20e8;sem-v1.1-df7a42a4286bfe8c254cf3aba9dd2993f9ea6b575a438b3418b89eceaf9faaff,"[""SELECT ?x WHERE { <http://www.example.com/genealogy.owl#PolloAdAstra_30> <http://www.w3.org/1999/02/22-rdf-syntax-ns#type> ?x }"", ""SELECT ?x WHERE { <http://www.example.com/genealogy.owl#PolloAdAstra_11> <http://www.w3.org/1999/02/22-rdf-syntax-ns#type> ?x }"", ""SELECT ?x WHERE { <http://www.example.com/genealogy.owl#PolloAdAstra_22> <http://www.w3.org/1999/02/22-rdf-syntax-ns#type> ?x }"", ""SELECT ?x WHERE { <http://www.example.com/genealogy.owl#PolloAdAstra_33> <http://www.w3.org/1999/02/22-rdf-syntax-ns#type> ?x }""]",DomainConcept; Food; Pizza,counts the identical evaluated input 4 times in per-row aggregate evaluation
86bd05d32aeb66007b67e04b197bb5ea5ac25ebbaece28ac4899a0c107de9577,NL,C,representational collapse,distinct formal questions collapse to one evaluated representation,6,4006;4012;4020;5050;5056;5058,Pizza100;Pizza250,1hop,BQA,sem-v1.1-1c9baa33ec60537b2005ced815f19f88311cdd57f54b1bb14dc1816b92a43117;sem-v1.1-162a4ce3e3388adf28898a152752dc13971fea84c2ca4835ab56d1f4bf59266c;sem-v1.1-3d015c6eeb229de817bf98bc535e711fb4a92d5f6b51cbd6ff68fe8d758f817b;sem-v1.1-e25c990a18197611bd8ab4a79ba49dad341342e1401d97909e798782cad4bd7d;sem-v1.1-84b36bea9c1c401709a716e2bb66717ef6ff89cd6489af06682ec6f984968c39;sem-v1.1-5db8aece20885e7d9f5e8acbd13f59ddc38dd6b25bf392d32907f5b094312c7a,"[""ASK WHERE { <http://www.example.com/genealogy.owl#QuattroFormaggi_4> <http://www.w3.org/1999/02/22-rdf-syntax-ns#type> <http://www.example.com/genealogy.owl#Food> }"", ""ASK WHERE { <http://www.example.com/genealogy.owl#QuattroFormaggi_65> <http://www.w3.org/1999/02/22-rdf-syntax-ns#type> <http://www.example.com/genealogy.owl#Food> }"", ""ASK WHERE { <http://www.example.com/genealogy.owl#QuattroFormaggi_89> <http://www.w3.org/1999/02/22-rdf-syntax-ns#type> <http://www.example.com/genealogy.owl#Food> }"", ""ASK WHERE { <http://www.example.com/genealogy.owl#QuattroFormaggi_219> <http://www.w3.org/1999/02/22-rdf-syntax-ns#type> <http://www.example.com/genealogy.owl#Food> }"", ""ASK WHERE { <http://www.example.com/genealogy.owl#QuattroFormaggi_66> <http://www.w3.org/1999/02/22-rdf-syntax-ns#type> <http://www.example.com/genealogy.owl#Food> }"", ""ASK WHERE { <http://www.example.com/genealogy.owl#QuattroFormaggi_81> <http://www.w3.org/1999/02/22-rdf-syntax-ns#type> <http://www.example.com/genealogy.owl#Food> }""]",TRUE,counts the identical evaluated input 6 times in per-row aggregate evaluation
873ae1f88230669739145469426fa2383ae400c83ba8700305ce8875c7dc893b,NL,C,representational collapse,distinct formal questions collapse to one evaluated representation,6,4298;4302;4308;4312;5415;5417,Pizza100;Pizza250,2hop,BQA,sem-v1.1-3b43c7c25e5c568339d0731ebb9f90b35087b9e983166ca8d1b160a238c3b651;sem-v1.1-ac78fe39130dd33566ca71c7e611eefcb4b741706b420fd8387ec3fb336ce6e7;sem-v1.1-0699449172cef1c9ca109df9a21c6d99d0bc9940ebaf63678f06dddacd44c13f;sem-v1.1-b841b4618552c0fc13afd69bca33b8a86a2ef48a314f62ad0cf871c7241bfc96;sem-v1.1-d1f28fa99eec9d520208babfdc9a4865c30a52527ae4c2a841ff5aad8513784f;sem-v1.1-caca78a7d9dbf7afb3c8508ab4f3e3f6d05896e74f71414d007aa04cbb535b27,"[""ASK WHERE { <http://www.example.com/genealogy.owl#American_28> <http://www.w3.org/1999/02/22-rdf-syntax-ns#type> <http://www.example.com/genealogy.owl#American> }"", ""ASK WHERE { <http://www.example.com/genealogy.owl#American_43> <http://www.w3.org/1999/02/22-rdf-syntax-ns#type> <http://www.example.com/genealogy.owl#American> }"", ""ASK WHERE { <http://www.example.com/genealogy.owl#American_7> <http://www.w3.org/1999/02/22-rdf-syntax-ns#type> <http://www.example.com/genealogy.owl#American> }"", ""ASK WHERE { <http://www.example.com/genealogy.owl#American_83> <http://www.w3.org/1999/02/22-rdf-syntax-ns#type> <http://www.example.com/genealogy.owl#American> }"", ""ASK WHERE { <http://www.example.com/genealogy.owl#American_158> <http://www.w3.org/1999/02/22-rdf-syntax-ns#type> <http://www.example.com/genealogy.owl#American> }"", ""ASK WHERE { <http://www.example.com/genealogy.owl#American_2> <http://www.w3.org/1999/02/22-rdf-syntax-ns#type> <http://www.example.com/genealogy.owl#American> }""]",FALSE,counts the identical evaluated input 6 times in per-row aggregate evaluation
87ee8301a93c1e91374c075ce85e3d32548b19ad6ce22c9633689901c3becd9a,NL,C,representational collapse,distinct formal questions collapse to one evaluated representation,4,4323;4327;5424;5432,Pizza100;Pizza250,2hop,BQA,sem-v1.1-4283064abd3f8e80b1066f788aad65e2fd61243b396eaf564e91c940d51620ff;sem-v1.1-e25862eefc74f1abf84a575a113cfda22e534a7d732a4096bcc6453172364d10;sem-v1.1-8ee025060a53e1dd9eef2f7db4805df2fb7e43cfdf94cf9dd9a033c878eae842;sem-v1.1-ea03a30887c7f8beeab138eea8fb6528fb6250024e181419efafc3e37d50a5ad,"[""ASK WHERE { <http://www.example.com/genealogy.owl#Cajun_49> <http://www.example.com/genealogy.owl#hasIngredient> <http://www.example.com/genealogy.owl#MozzarellaTopping_dynamic_1> }"", ""ASK WHERE { <http://www.example.com/genealogy.owl#Cajun_86> <http://www.example.com/genealogy.owl#hasIngredient> <http://www.example.com/genealogy.owl#MozzarellaTopping_dynamic_1> }"", ""ASK WHERE { <http://www.example.com/genealogy.owl#Cajun_108> <http://www.example.com/genealogy.owl#hasIngredient> <http://www.example.com/genealogy.owl#MozzarellaTopping_dynamic_1> }"", ""ASK WHERE { <http://www.example.com/genealogy.owl#Cajun_17> <http://www.example.com/genealogy.owl#hasIngredient> <http://www.example.com/genealogy.owl#MozzarellaTopping_dynamic_1> }""]",TRUE,counts the identical evaluated input 4 times in per-row aggregate evaluation
8800cc01baa2af5f32c9dfee3f1d1dc685b5498ea3c9dfbcb9aea93aa7d0fcef,NL,C,representational collapse,distinct formal questions collapse to one evaluated representation,4,3841;3849;3853;4857,Pizza100;Pizza250,1hop,BQA,sem-v1.1-480f00c6b4611f0d8f54b364ca8a2c2d1736f34401b932cc5ea77ca606eda243;sem-v1.1-bb97d987edd84f06a7da83cf89ad9ad18ccd2787b070dac591341a7fed442273;sem-v1.1-3427b7911c5b359285100d9d3dc2e8e12b7652bc480525aeede56648d6e9a002;sem-v1.1-1a71c07662aa1147ad5a3370bc90d0c409e345a7c4e953be2a9b29ab9c48dc7e,"[""ASK WHERE { <http://www.example.com/genealogy.owl#Caprina_42> <http://www.example.com/genealogy.owl#hasTopping> <http://www.example.com/genealogy.owl#Caprina_42> }"", ""ASK WHERE { <http://www.example.com/genealogy.owl#Caprina_81> <http://www.example.com/genealogy.owl#hasTopping> <http://www.example.com/genealogy.owl#Caprina_81> }"", ""ASK WHERE { <http://www.example.com/genealogy.owl#Caprina_82> <http://www.example.com/genealogy.owl#hasTopping> <http://www.example.com/genealogy.owl#Caprina_82> }"", ""ASK WHERE { <http://www.example.com/genealogy.owl#Caprina_133> <http://www.example.com/genealogy.owl#hasTopping> <http://www.example.com/genealogy.owl#Caprina_133> }""]",FALSE,counts the identical evaluated input 4 times in per-row aggregate evaluation
8860cf43e9eeb56542f8cf43dd60c9bde8fdd23749a1d5a11326171400f4cae6,NL,C,representational collapse,distinct formal questions collapse to one evaluated representation,6,5795;5797;5799;5800;5801;5802,Pizza250,2hop,OEQA,sem-v1.1-6bc9ae071397f0a153265834d5dac9e65b626179ab813dcfafd29fe547ba5425;sem-v1.1-c57ca58c7e98edb5964456216cbca6bae6e72f3e9e07c3a06adcea6443cc64ac;sem-v1.1-9e87785980d21c3d552ede3c3bea7d5c2a45bddf1d34a8b1a0f46b0013423525;sem-v1.1-0b94e88d1e18ae80435d6b754f4184bb4ad40e8b20cca06f52bde7596135dff0;sem-v1.1-3a4b2b8360043a3d66f9f3b711abaacea9f705634d258d1172bf1ea66955dab4;sem-v1.1-3cee44849be0952616d2ca01cb69faa6f868a5cfa5667b508a09e7e8e202a2ea,"[""SELECT ?x WHERE { <http://www.example.com/genealogy.owl#AmericanHot_177> <http://www.example.com/genealogy.owl#hasIngredient> ?x }"", ""SELECT ?x WHERE { <http://www.example.com/genealogy.owl#AmericanHot_186> <http://www.example.com/genealogy.owl#hasIngredient> ?x }"", ""SELECT ?x WHERE { <http://www.example.com/genealogy.owl#AmericanHot_19> <http://www.example.com/genealogy.owl#hasIngredient> ?x }"", ""SELECT ?x WHERE { <http://www.example.com/genealogy.owl#AmericanHot_239> <http://www.example.com/genealogy.owl#hasIngredient> ?x }"", ""SELECT ?x WHERE { <http://www.example.com/genealogy.owl#AmericanHot_64> <http://www.example.com/genealogy.owl#hasIngredient> ?x }"", ""SELECT ?x WHERE { <http://www.example.com/genealogy.owl#AmericanHot_79> <http://www.example.com/genealogy.owl#hasIngredient> ?x }""]",HotGreenPepperTopping_dynamic_1; JalapenoPepperTopping_dynamic_1; MozzarellaTopping_dynamic_1; PeperoniSausageTopping_dynamic_1; TomatoTopping_dynamic_1,counts the identical evaluated input 6 times in per-row aggregate evaluation
887b0a1a81b7bbe9708513bed25d95a7b9fbe969360788daadbdc1e819026ef1,NL,C,representational collapse,distinct formal questions collapse to one evaluated representation,6,3977;3981;5015;5017;5019;5023,Pizza100;Pizza250,1hop,BQA,sem-v1.1-8ff50fe3f2c6cf62aee41789cb0a5f388b4b3a04bd37f0d49f3a074aac90d543;sem-v1.1-120698315e64a71b201e4271a502a354fa502f2f58424c89a72ac719ab02c77a;sem-v1.1-eb96a0bb29655fa186bb62b9714b2d40fe00b4e07a72c9057eb21abdd68e13fc;sem-v1.1-848dede3b73796c996eaab0c1c31b85fc4e6f6e5d45e2100d1e05a58e9760e06;sem-v1.1-1b7172eedc28d4206d6dcc4321ebe166fff7aae359a5965f71f7001fe0a5a757;sem-v1.1-c0edfa2cb857454f1ccc6f910a51290868ad25319fa1dada28912fff89016f3d,"[""ASK WHERE { <http://www.example.com/genealogy.owl#PolloAdAstra_23> <http://www.w3.org/1999/02/22-rdf-syntax-ns#type> <http://www.example.com/genealogy.owl#American> }"", ""ASK WHERE { <http://www.example.com/genealogy.owl#PolloAdAstra_30> <http://www.w3.org/1999/02/22-rdf-syntax-ns#type> <http://www.example.com/genealogy.owl#American> }"", ""ASK WHERE { <http://www.example.com/genealogy.owl#PolloAdAstra_115> <http://www.w3.org/1999/02/22-rdf-syntax-ns#type> <http://www.example.com/genealogy.owl#American> }"", ""ASK WHERE { <http://www.example.com/genealogy.owl#PolloAdAstra_18> <http://www.w3.org/1999/02/22-rdf-syntax-ns#type> <http://www.example.com/genealogy.owl#American> }"", ""ASK WHERE { <http://www.example.com/genealogy.owl#PolloAdAstra_205> <http://www.w3.org/1999/02/22-rdf-syntax-ns#type> <http://www.example.com/genealogy.owl#American> }"", ""ASK WHERE { <http://www.example.com/genealogy.owl#PolloAdAstra_74> <http://www.w3.org/1999/02/22-rdf-syntax-ns#type> <http://www.example.com/genealogy.owl#American> }""]",FALSE,counts the identical evaluated input 6 times in per-row aggregate evaluation
8881451c4bca2c0b077b4bcd65af6d520bc06e0d25c5f0c389abf70cbe5e0e71,NL,C,representational collapse,distinct formal questions collapse to one evaluated representation,5,4380;4392;5513;5517;5523,Pizza100;Pizza250,2hop,BQA,sem-v1.1-4ad1aa421ed29ae3844763ea3fc3a8eed63916bcbcba9435c0f8cf678d3aed77;sem-v1.1-8ef6ef5ec24b5a9b553dd1bf4418074d10d71bddca0a1269f6837fa1d81186bb;sem-v1.1-ef3e8ee59fd8fd2579b621d45dabc7fbd15092999cb555c5bf6dc9363e0620c9;sem-v1.1-a9956b8f5d924856a6bc7f199785aacd9ce793f880bd4606df45e87690efa271;sem-v1.1-f598b8b06c12f6498a12c759f90605a38bcdb23bb604d0d8fa6ea56f01f456f0,"[""ASK WHERE { <http://www.example.com/genealogy.owl#FruttiDiMare_13> <http://www.example.com/genealogy.owl#hasIngredient> <http://www.example.com/genealogy.owl#AmericanHot_1> }"", ""ASK WHERE { <http://www.example.com/genealogy.owl#FruttiDiMare_93> <http://www.example.com/genealogy.owl#hasIngredient> <http://www.example.com/genealogy.owl#AmericanHot_1> }"", ""ASK WHERE { <http://www.example.com/genealogy.owl#FruttiDiMare_163> <http://www.example.com/genealogy.owl#hasIngredient> <http://www.example.com/genealogy.owl#AmericanHot_131> }"", ""ASK WHERE { <http://www.example.com/genealogy.owl#FruttiDiMare_214> <http://www.example.com/genealogy.owl#hasIngredient> <http://www.example.com/genealogy.owl#AmericanHot_131> }"", ""ASK WHERE { <http://www.example.com/genealogy.owl#FruttiDiMare_32> <http://www.example.com/genealogy.owl#hasIngredient> <http://www.example.com/genealogy.owl#AmericanHot_131> }""]",FALSE,counts the identical evaluated input 5 times in per-row aggregate evaluation
888e46d03b67182bf0041772e85628459caf6f4461e84a9c2b096fa30188042d,NL,C,representational collapse,distinct formal questions collapse to one evaluated representation,5,4600;4606;4608;4612;5809,Pizza100;Pizza250,2hop,OEQA,sem-v1.1-916ac1fc919fe57c0cf0dacbcc874c1b6c2112c12fa8f841fb07044701383ba2;sem-v1.1-f3541533e9a3139067982787c8df34f19b21c4b0674d5d6d5089d30560cfcfc1;sem-v1.1-9898809fa72f711a6f0b8116ef3fe05321a4c949812905f1619f31df8658834e;sem-v1.1-e7c30015726d395ddf0413b215de92b9ce573541c72618e7caf57ea6833c35f7;sem-v1.1-3180653c6926d14f4dd229dedcbd97345dde4908f1e9c6922e3cc58e06e14f95,"[""SELECT ?x WHERE { <http://www.example.com/genealogy.owl#American_28> <http://www.example.com/genealogy.owl#hasIngredient> ?x }"", ""SELECT ?x WHERE { <http://www.example.com/genealogy.owl#American_55> <http://www.example.com/genealogy.owl#hasIngredient> ?x }"", ""SELECT ?x WHERE { <http://www.example.com/genealogy.owl#American_57> <http://www.example.com/genealogy.owl#hasIngredient> ?x }"", ""SELECT ?x WHERE { <http://www.example.com/genealogy.owl#American_88> <http://www.example.com/genealogy.owl#hasIngredient> ?x }"", ""SELECT ?x WHERE { <http://www.example.com/genealogy.owl#American_68> <http://www.example.com/genealogy.owl#hasIngredient> ?x }""]",MozzarellaTopping_dynamic_1; PeperoniSausageTopping_dynamic_1; TomatoTopping_dynamic_1,counts the identical evaluated input 5 times in per-row aggregate evaluation
896ab461f88a48946805656aee0a6a2746399c73272aa1029ac083fd59eee216,NL,C,representational collapse,distinct formal questions collapse to one evaluated representation,4,4524;4526;5687;5699,Pizza100;Pizza250,2hop,BQA,sem-v1.1-8b555811fd0d5ffa5a516f64d6e2502ec85a7a02de04b5a3e77ab010de256640;sem-v1.1-a34b690b6b0e494b3578b3328665a07d9850a0d280b74a42bf6b1d743ee4c65c;sem-v1.1-2b38b2c7ffc1a3f3ba4f4c22906c01e772da1f92c59dc3ddb74fde34055035d2;sem-v1.1-b2c19fbee257f2c80d1ded48f427b028122e61925431b8d85682d9e7ec777ce0,"[""ASK WHERE { <http://www.example.com/genealogy.owl#Siciliana_13> <http://www.example.com/genealogy.owl#hasTopping> <http://www.example.com/genealogy.owl#AmericanHot_1> }"", ""ASK WHERE { <http://www.example.com/genealogy.owl#Siciliana_45> <http://www.example.com/genealogy.owl#hasTopping> <http://www.example.com/genealogy.owl#AmericanHot_1> }"", ""ASK WHERE { <http://www.example.com/genealogy.owl#Siciliana_109> <http://www.example.com/genealogy.owl#hasTopping> <http://www.example.com/genealogy.owl#AmericanHot_131> }"", ""ASK WHERE { <http://www.example.com/genealogy.owl#Siciliana_196> <http://www.example.com/genealogy.owl#hasTopping> <http://www.example.com/genealogy.owl#AmericanHot_131> }""]",FALSE,counts the identical evaluated input 4 times in per-row aggregate evaluation
898ed73b7912cf2103c94a0923b0b057342136e5ca0eb86a554e3968a945b8f7,NL,C,representational collapse,distinct formal questions collapse to one evaluated representation,5,3874;3876;4882;4886;4894,Pizza100;Pizza250,1hop,BQA,sem-v1.1-c992b5c17fb132cafbf8bc29f5ba9f7a5713f3e2e16353bcb7c98b631718b0ef;sem-v1.1-63c9578f2639c0a75fe2e01fbcd23d1ce59f0a7ffa3483097b0ced34e0803de7;sem-v1.1-1de89e25cc395db2405e15c61757d13ef5073df2cbfe3ee08d22cb09c561ebb5;sem-v1.1-a764e258c5742c32c8e78256cc6000d77aafc173b47fb168644a1d25f648b6cc;sem-v1.1-8e8858e35b710a26de614a0a8f45a1769f6341a93f2c74e28df6f66d886652af,"[""ASK WHERE { <http://www.example.com/genealogy.owl#FourSeasons_71> <http://www.example.com/genealogy.owl#hasIngredient> <http://www.example.com/genealogy.owl#FourSeasons_71> }"", ""ASK WHERE { <http://www.example.com/genealogy.owl#FourSeasons_77> <http://www.example.com/genealogy.owl#hasIngredient> <http://www.example.com/genealogy.owl#FourSeasons_77> }"", ""ASK WHERE { <http://www.example.com/genealogy.owl#FourSeasons_146> <http://www.example.com/genealogy.owl#hasIngredient> <http://www.example.com/genealogy.owl#FourSeasons_146> }"", ""ASK WHERE { <http://www.example.com/genealogy.owl#FourSeasons_171> <http://www.example.com/genealogy.owl#hasIngredient> <http://www.example.com/genealogy.owl#FourSeasons_171> }"", ""ASK WHERE { <http://www.example.com/genealogy.owl#FourSeasons_62> <http://www.example.com/genealogy.owl#hasIngredient> <http://www.example.com/genealogy.owl#FourSeasons_62> }""]",FALSE,counts the identical evaluated input 5 times in per-row aggregate evaluation
89fdbb53b45e738f4f466f1bbffd5ea3959efb0bdfb463da63afc2ef42eb7ab7,NL,C,representational collapse,distinct formal questions collapse to one evaluated representation,5,4530;5691;5695;5701;5703,Pizza100;Pizza250,2hop,BQA,sem-v1.1-bde6dfc257725b80095659965792d61b9492c48a811fb02605c4ae62ecbe686a;sem-v1.1-35913350455d3059384c05ad2ef4d4b5fd79f93bafc2c639f893b2fffa466640;sem-v1.1-90890c2a0f8d82bd170b1349f435f46f420974028099efdac2337c194194f499;sem-v1.1-105e06624408512b9f65eb22e719f93645bc2bd4219fc5745b3f854d8130ffe1;sem-v1.1-3390439872dd35f1535906cf34f202cb910747639157d279fcc0e9fab75f895f,"[""ASK WHERE { <http://www.example.com/genealogy.owl#Siciliana_5> <http://www.example.com/genealogy.owl#hasIngredient> <http://www.example.com/genealogy.owl#AmericanHot_1> }"", ""ASK WHERE { <http://www.example.com/genealogy.owl#Siciliana_154> <http://www.example.com/genealogy.owl#hasIngredient> <http://www.example.com/genealogy.owl#AmericanHot_131> }"", ""ASK WHERE { <http://www.example.com/genealogy.owl#Siciliana_157> <http://www.example.com/genealogy.owl#hasIngredient> <http://www.example.com/genealogy.owl#AmericanHot_131> }"", ""ASK WHERE { <http://www.example.com/genealogy.owl#Siciliana_220> <http://www.example.com/genealogy.owl#hasIngredient> <http://www.example.com/genealogy.owl#AmericanHot_131> }"", ""ASK WHERE { <http://www.example.com/genealogy.owl#Siciliana_42> <http://www.example.com/genealogy.owl#hasIngredient> <http://www.example.com/genealogy.owl#AmericanHot_131> }""]",FALSE,counts the identical evaluated input 5 times in per-row aggregate evaluation
8ab033f2f4da992fa2f9fa9d14c41d0d2a48bee90c3f0ea3fc6cd49344a5282d,NL,C,representational collapse,distinct formal questions collapse to one evaluated representation,4,4700;5925;5929;5931,Pizza100;Pizza250,2hop,OEQA,sem-v1.1-d9647f7f57f80ad73e8d4295b42f57e0e9662ef6bcd2496bab2ae7344c5bc54d;sem-v1.1-e6ee10565ba10f37c0f5fa34881503f9ec4031337b47bcc12a22871159f96340;sem-v1.1-8e6d1aa6e9ad5dea0f0cd79fe78fee515b927adb5a5f4c0d92f1f8f28325c077;sem-v1.1-1569ff5de2996e07c0c5dfb7c73473c6ce615a00ab394d6bbd8660de58a45aa6,"[""SELECT ?x WHERE { <http://www.example.com/genealogy.owl#PrinceCarlo_32> <http://www.example.com/genealogy.owl#hasTopping> ?x }"", ""SELECT ?x WHERE { <http://www.example.com/genealogy.owl#PrinceCarlo_155> <http://www.example.com/genealogy.owl#hasTopping> ?x }"", ""SELECT ?x WHERE { <http://www.example.com/genealogy.owl#PrinceCarlo_39> <http://www.example.com/genealogy.owl#hasTopping> ?x }"", ""SELECT ?x WHERE { <http://www.example.com/genealogy.owl#PrinceCarlo_85> <http://www.example.com/genealogy.owl#hasTopping> ?x }""]",LeekTopping_dynamic_1; MozzarellaTopping_dynamic_1; ParmesanTopping_dynamic_1; RosemaryTopping_dynamic_1; TomatoTopping_dynamic_1,counts the identical evaluated input 4 times in per-row aggregate evaluation
8bcc90dc0c84efddd734b3767d046e56273510295a5f41f5e3da333f0dc1a070,NL,C,representational collapse,distinct formal questions collapse to one evaluated representation,5,4447;4453;5576;5580;5584,Pizza100;Pizza250,2hop,BQA,sem-v1.1-5dc0b4b30df6304ef2d3bfa3cfe578bbf38a06a38e58a75bc3c14385c45e7a5e;sem-v1.1-3478860e421729e319667ccd1b7975643d144e7e196dd15b185872fb272f2054;sem-v1.1-db7530182e425b99b185a036b685c33c898c07bd81f828412f970df9108eae4c;sem-v1.1-b43574cc67bccbc404a40cdc8310c9584e28523f8a3a24bf8679db69c16c5345;sem-v1.1-5120cf472e758eead4f451d211dfda70c51b8eccf1992956ba3b7479ea663be5,"[""ASK WHERE { <http://www.example.com/genealogy.owl#Mushroom_3> <http://www.w3.org/1999/02/22-rdf-syntax-ns#type> <http://www.example.com/genealogy.owl#Food> }"", ""ASK WHERE { <http://www.example.com/genealogy.owl#Mushroom_52> <http://www.w3.org/1999/02/22-rdf-syntax-ns#type> <http://www.example.com/genealogy.owl#Food> }"", ""ASK WHERE { <http://www.example.com/genealogy.owl#Mushroom_170> <http://www.w3.org/1999/02/22-rdf-syntax-ns#type> <http://www.example.com/genealogy.owl#Food> }"", ""ASK WHERE { <http://www.example.com/genealogy.owl#Mushroom_21> <http://www.w3.org/1999/02/22-rdf-syntax-ns#type> <http://www.example.com/genealogy.owl#Food> }"", ""ASK WHERE { <http://www.example.com/genealogy.owl#Mushroom_224> <http://www.w3.org/1999/02/22-rdf-syntax-ns#type> <http://www.example.com/genealogy.owl#Food> }""]",TRUE,counts the identical evaluated input 5 times in per-row aggregate evaluation
8bee7ba9b72c98cae793bdfcea58fbb6744bdc1029ef0dee2f032005acd104f9,NL,C,representational collapse,distinct formal questions collapse to one evaluated representation,6,4027;4029;4033;5067;5071;5087,Pizza100;Pizza250,1hop,BQA,sem-v1.1-ab13d9d838fe55e587cf5fc6b257d17c6d67a4e57e3215f1429cb22f8e2beb4a;sem-v1.1-9dad17224bc35913d1a09e821eb00738052d684911c2fd2b32a6b729da4da4eb;sem-v1.1-ca292d837ffaf22f11b3f834485ef1cf391504b04407cd4ba2754ae640f50725;sem-v1.1-7aa583f6d0c73498fcda250faef4535316965045d5d1ff50a3dda85f60649b78;sem-v1.1-e41441c3d16068d35c0862f08068551634b593574f7d4937bbf245805fd94274;sem-v1.1-7e72d51475e9e076ac1534a9d1210b37306a94e6aa91b999fc8aad8bd15822ef,"[""ASK WHERE { <http://www.example.com/genealogy.owl#Siciliana_47> <http://www.example.com/genealogy.owl#hasTopping> <http://www.example.com/genealogy.owl#AnchoviesTopping_dynamic_1> }"", ""ASK WHERE { <http://www.example.com/genealogy.owl#Siciliana_5> <http://www.example.com/genealogy.owl#hasTopping> <http://www.example.com/genealogy.owl#AnchoviesTopping_dynamic_1> }"", ""ASK WHERE { <http://www.example.com/genealogy.owl#Siciliana_54> <http://www.example.com/genealogy.owl#hasTopping> <http://www.example.com/genealogy.owl#AnchoviesTopping_dynamic_1> }"", ""ASK WHERE { <http://www.example.com/genealogy.owl#Siciliana_109> <http://www.example.com/genealogy.owl#hasTopping> <http://www.example.com/genealogy.owl#AnchoviesTopping_dynamic_1> }"", ""ASK WHERE { <http://www.example.com/genealogy.owl#Siciliana_113> <http://www.example.com/genealogy.owl#hasTopping> <http://www.example.com/genealogy.owl#AnchoviesTopping_dynamic_1> }"", ""ASK WHERE { <http://www.example.com/genealogy.owl#Siciliana_52> <http://www.example.com/genealogy.owl#hasTopping> <http://www.example.com/genealogy.owl#AnchoviesTopping_dynamic_1> }""]",TRUE,counts the identical evaluated input 6 times in per-row aggregate evaluation
8c57ce942eb1c41cfd182cd5ecbc4cdfcca73160722755ae130c71ed02801e70,NL,C,representational collapse,distinct formal questions collapse to one evaluated representation,4,4550;4562;5731;5739,Pizza100;Pizza250,2hop,BQA,sem-v1.1-807849efa94e8097b9a7665ac99a43770e2a2354815e8dafd2df329fce34a10e;sem-v1.1-e5ca01ca3649f29efd2c4af2186abc1f528515720f6aae99c3dc78aa74a21729;sem-v1.1-fbea0cc09f74622fee1c40c3acdcd4b94a4716ba2f0a6aa2cb730613e7d0fa32;sem-v1.1-6237a51e3735611baa164d3d89c009cab9866f268f119cb27cdd7cf242f710b7,"[""ASK WHERE { <http://www.example.com/genealogy.owl#Soho_35> <http://www.example.com/genealogy.owl#hasTopping> <http://www.example.com/genealogy.owl#AmericanHot_1> }"", ""ASK WHERE { <http://www.example.com/genealogy.owl#Soho_8> <http://www.example.com/genealogy.owl#hasTopping> <http://www.example.com/genealogy.owl#AmericanHot_1> }"", ""ASK WHERE { <http://www.example.com/genealogy.owl#Soho_105> <http://www.example.com/genealogy.owl#hasTopping> <http://www.example.com/genealogy.owl#AmericanHot_131> }"", ""ASK WHERE { <http://www.example.com/genealogy.owl#Soho_236> <http://www.example.com/genealogy.owl#hasTopping> <http://www.example.com/genealogy.owl#AmericanHot_131> }""]",FALSE,counts the identical evaluated input 4 times in per-row aggregate evaluation
8caecc09864c5ec0931bea646f6aa127d4ac949349d5ec1a8ac093c2d23e5fa7,NL,C,representational collapse,distinct formal questions collapse to one evaluated representation,2,5033;5043,Pizza250,1hop,BQA,sem-v1.1-bb26b8ee1d1f771c0d92b8824c936e1be997f1df894c6aca0299f95e181e2399;sem-v1.1-c4ea17c7ae4dc07971464438f2c009474c7f36c62939eee146a46d05a2d582cc,"[""ASK WHERE { <http://www.example.com/genealogy.owl#PrinceCarlo_187> <http://www.example.com/genealogy.owl#hasTopping> <http://www.example.com/genealogy.owl#LeekTopping_dynamic_1> }"", ""ASK WHERE { <http://www.example.com/genealogy.owl#PrinceCarlo_93> <http://www.example.com/genealogy.owl#hasTopping> <http://www.example.com/genealogy.owl#LeekTopping_dynamic_1> }""]",TRUE,counts the identical evaluated input 2 times in per-row aggregate evaluation
8cf1a7225861b4fd6a93b1bc168a4346c503a2865a30f92d6b8fabb39d2316d8,NL,C,representational collapse,distinct formal questions collapse to one evaluated representation,3,4486;4498;5653,Pizza100;Pizza250,2hop,BQA,sem-v1.1-248b07bc36b6256446b5c013e809fc9a5f227ee4f6142513c790102421ec8edb;sem-v1.1-6d5cdd126ef984f15cb80dde6804fdf90f3eb33f2628402e06d99af7ae9cb43a;sem-v1.1-f30c86290c30582ac881f405fe25a69c917f9a848c6dba4092f73e62949c78a4,"[""ASK WHERE { <http://www.example.com/genealogy.owl#PrinceCarlo_32> <http://www.example.com/genealogy.owl#hasIngredient> <http://www.example.com/genealogy.owl#AmericanHot_1> }"", ""ASK WHERE { <http://www.example.com/genealogy.owl#PrinceCarlo_74> <http://www.example.com/genealogy.owl#hasIngredient> <http://www.example.com/genealogy.owl#AmericanHot_1> }"", ""ASK WHERE { <http://www.example.com/genealogy.owl#PrinceCarlo_100> <http://www.example.com/genealogy.owl#hasIngredient> <http://www.example.com/genealogy.owl#AmericanHot_131> }""]",FALSE,counts the identical evaluated input 3 times in per-row aggregate evaluation
8d5e489a4604b5a5db651f84cd7c1e13f60939f4b4a38928d83b563a438d5f17,NL,C,representational collapse,distinct formal questions collapse to one evaluated representation,3,4535;5720;5724,Pizza100;Pizza250,2hop,BQA,sem-v1.1-5b11acd3f6e68b1877892773c344fbe495b9497bcfe23621bbf51fffb4e034ca;sem-v1.1-e8ffc2014863e537789399ec2fdd03f5bd703864a453f26f3da0bc540f7dfd4f;sem-v1.1-9169b8409de1152a203453b8d6da5c60cfcb35af2f9edd258a743bb9e360f4a0,"[""ASK WHERE { <http://www.example.com/genealogy.owl#SloppyGiuseppe_1> <http://www.example.com/genealogy.owl#hasTopping> <http://www.example.com/genealogy.owl#GreenPepperTopping_dynamic_1> }"", ""ASK WHERE { <http://www.example.com/genealogy.owl#SloppyGiuseppe_228> <http://www.example.com/genealogy.owl#hasTopping> <http://www.example.com/genealogy.owl#GreenPepperTopping_dynamic_1> }"", ""ASK WHERE { <http://www.example.com/genealogy.owl#SloppyGiuseppe_53> <http://www.example.com/genealogy.owl#hasTopping> <http://www.example.com/genealogy.owl#GreenPepperTopping_dynamic_1> }""]",TRUE,counts the identical evaluated input 3 times in per-row aggregate evaluation
8d5f0f1ea8ba9ec1d1c03540d3c6d16b440fc0166c0b7205a389bb4a2487fd2e,NL,C,representational collapse,distinct formal questions collapse to one evaluated representation,4,4528;5693;5697;5707,Pizza100;Pizza250,2hop,BQA,sem-v1.1-782153e238fb977515e20237013cbe432678914d11ab31b6bc9c8dfa9d51c187;sem-v1.1-3b803a2f041d77a2eecd4e2d1b05d9d7b0c94f864a686b0a3927c1eeb9156a70;sem-v1.1-c1ae1a6f806c0451a3fe327a0bbb0dd7ad2de1d00fbbb40564bceff2d45831fd;sem-v1.1-c89df1c0e4d37359019560fd5de92930b38d4446e4febb3bd4c2a2084b0d84f2,"[""ASK WHERE { <http://www.example.com/genealogy.owl#Siciliana_47> <http://www.w3.org/1999/02/22-rdf-syntax-ns#type> <http://www.example.com/genealogy.owl#American> }"", ""ASK WHERE { <http://www.example.com/genealogy.owl#Siciliana_154> <http://www.w3.org/1999/02/22-rdf-syntax-ns#type> <http://www.example.com/genealogy.owl#American> }"", ""ASK WHERE { <http://www.example.com/genealogy.owl#Siciliana_167> <http://www.w3.org/1999/02/22-rdf-syntax-ns#type> <http://www.example.com/genealogy.owl#American> }"", ""ASK WHERE { <http://www.example.com/genealogy.owl#Siciliana_52> <http://www.w3.org/1999/02/22-rdf-syntax-ns#type> <http://www.example.com/genealogy.owl#American> }""]",FALSE,counts the identical evaluated input 4 times in per-row aggregate evaluation
8d9146787e023dcc82e76a01965c45fd14529c3517a2daa1b71768225bdf5c68,NL,C,representational collapse,distinct formal questions collapse to one evaluated representation,4,4963;4971;4975;4977,Pizza250,1hop,BQA,sem-v1.1-649ea3fae8959db64bf7ad3d78144627bdfbcd5ec20563adfa990cc2ecef3c89;sem-v1.1-9c3772c5ca3f7aa9bacc93196c7444a762b84bea974f4ad52ad12ad20f894b12;sem-v1.1-a4aec27c7b99ff2035798bdde767d2b1f2f4d6d2be6cc692dc0070c499aec953;sem-v1.1-1b928ce7149806999e88586c67e8320b9c2ae0ac360c6a2bfa10e92ee209262b,"[""ASK WHERE { <http://www.example.com/genealogy.owl#Mushroom_103> <http://www.w3.org/1999/02/22-rdf-syntax-ns#type> <http://www.example.com/genealogy.owl#American> }"", ""ASK WHERE { <http://www.example.com/genealogy.owl#Mushroom_21> <http://www.w3.org/1999/02/22-rdf-syntax-ns#type> <http://www.example.com/genealogy.owl#American> }"", ""ASK WHERE { <http://www.example.com/genealogy.owl#Mushroom_5> <http://www.w3.org/1999/02/22-rdf-syntax-ns#type> <http://www.example.com/genealogy.owl#American> }"", ""ASK WHERE { <http://www.example.com/genealogy.owl#Mushroom_80> <http://www.w3.org/1999/02/22-rdf-syntax-ns#type> <http://www.example.com/genealogy.owl#American> }""]",FALSE,counts the identical evaluated input 4 times in per-row aggregate evaluation
8e43a9e2a9c9e5eb7161a5a4550d187f1365892a483cc190765d96da3db2ae5a,NL,C,representational collapse,distinct formal questions collapse to one evaluated representation,3,4459;5596;5600,Pizza100;Pizza250,2hop,BQA,sem-v1.1-eba98351e1307b57c519e36a5b0590e1a7020673d42ee715263b99ca213655da;sem-v1.1-8b1d0ff10482f52c278f8bfbe4bd7b6f17485af3249db2804253ed423a30ce71;sem-v1.1-899067b519b8e23717582e40e1432e92c789bb79968ce4eb5d99d47623d96adc,"[""ASK WHERE { <http://www.example.com/genealogy.owl#Napoletana_2> <http://www.example.com/genealogy.owl#hasIngredient> <http://www.example.com/genealogy.owl#AnchoviesTopping_dynamic_1> }"", ""ASK WHERE { <http://www.example.com/genealogy.owl#Napoletana_151> <http://www.example.com/genealogy.owl#hasIngredient> <http://www.example.com/genealogy.owl#AnchoviesTopping_dynamic_1> }"", ""ASK WHERE { <http://www.example.com/genealogy.owl#Napoletana_189> <http://www.example.com/genealogy.owl#hasIngredient> <http://www.example.com/genealogy.owl#AnchoviesTopping_dynamic_1> }""]",TRUE,counts the identical evaluated input 3 times in per-row aggregate evaluation
8ea7d290784c8b4b9ab8434699e912a548bf479f910add9da8f68fcf725f139f,NL,C,representational collapse,distinct formal questions collapse to one evaluated representation,2,4206;4210,Pizza100,1hop,OEQA,sem-v1.1-a9c56e85fb818f698d7e1e7824f6a6fb5149e4d3c2e5c93cfe295a338b57fd89;sem-v1.1-92bd10c4dd94698bdfe21ce61ff29f5cb9cd25de423fb654f2b40f0e5ec80a8e,"[""SELECT ?x WHERE { <http://www.example.com/genealogy.owl#PrinceCarlo_66> <http://www.example.com/genealogy.owl#hasTopping> ?x }"", ""SELECT ?x WHERE { <http://www.example.com/genealogy.owl#PrinceCarlo_90> <http://www.example.com/genealogy.owl#hasTopping> ?x }""]",LeekTopping_dynamic_1; MozzarellaTopping_dynamic_1; ParmesanTopping_dynamic_1; RosemaryTopping_dynamic_1; TomatoTopping_dynamic_1,counts the identical evaluated input 2 times in per-row aggregate evaluation
8ed848805fef931d8ee474fef4b5c86a5324df19fb9f83b7b8de0791cff0a425,NL,C,representational collapse,distinct formal questions collapse to one evaluated representation,4,4676;5885;5886;5887,Pizza100;Pizza250,2hop,OEQA,sem-v1.1-c1dc76e6df836c0db5ec74a3987c52f68819ae2162dc375578b653a9d4d83836;sem-v1.1-830235ea0011b43db29672bcc1476601a8adb317c9d1278eb85dd6d96cfd25ec;sem-v1.1-b415694a22a9cc8bbead975571ec7f1df9b4f7df20195fba17e8727ea3584f0e;sem-v1.1-81dd43c8d76a8e500b1c911986b828df81af0bb3584278f21d2c1ba4da3eaebd,"[""SELECT ?x WHERE { <http://www.example.com/genealogy.owl#Mushroom_7> <http://www.example.com/genealogy.owl#hasTopping> ?x }"", ""SELECT ?x WHERE { <http://www.example.com/genealogy.owl#Mushroom_200> <http://www.example.com/genealogy.owl#hasTopping> ?x }"", ""SELECT ?x WHERE { <http://www.example.com/genealogy.owl#Mushroom_21> <http://www.example.com/genealogy.owl#hasTopping> ?x }"", ""SELECT ?x WHERE { <http://www.example.com/genealogy.owl#Mushroom_224> <http://www.example.com/genealogy.owl#hasTopping> ?x }""]",MozzarellaTopping_dynamic_1; MushroomTopping_dynamic_1; TomatoTopping_dynamic_1,counts the identical evaluated input 4 times in per-row aggregate evaluation
8f3200de3bffdc07d4992339fd765d90146688850fa68fa68a56a53836762b19,NL,C,representational collapse,distinct formal questions collapse to one evaluated representation,4,3939;3941;4951;4955,Pizza100;Pizza250,1hop,BQA,sem-v1.1-eaca0aafc542b2882e14a3e64f8b60a2f6dbeab52ed17dce0862603654e5edf5;sem-v1.1-56bb6b23a9b4fdd5930be0540eb8629b156bfe00b6242b8be010708e779517b8;sem-v1.1-52388056b187b671226fc194a7c8cb4db3f7c332a9542fed3231f83aedb3f589;sem-v1.1-2a1b6d83aa67752678ad0ecbf44880e9bccbf418d0545a602186bc503ab6d3ad,"[""ASK WHERE { <http://www.example.com/genealogy.owl#Margherita_53> <http://www.w3.org/1999/02/22-rdf-syntax-ns#type> <http://www.example.com/genealogy.owl#American> }"", ""ASK WHERE { <http://www.example.com/genealogy.owl#Margherita_58> <http://www.w3.org/1999/02/22-rdf-syntax-ns#type> <http://www.example.com/genealogy.owl#American> }"", ""ASK WHERE { <http://www.example.com/genealogy.owl#Margherita_73> <http://www.w3.org/1999/02/22-rdf-syntax-ns#type> <http://www.example.com/genealogy.owl#American> }"", ""ASK WHERE { <http://www.example.com/genealogy.owl#Margherita_97> <http://www.w3.org/1999/02/22-rdf-syntax-ns#type> <http://www.example.com/genealogy.owl#American> }""]",FALSE,counts the identical evaluated input 4 times in per-row aggregate evaluation
8f458d078e21983901bf0f80fb103580fa0809bbd5502c2db5bbfc8e929961c6,NL,C,representational collapse,distinct formal questions collapse to one evaluated representation,5,4389;4391;5512;5516;5526,Pizza100;Pizza250,2hop,BQA,sem-v1.1-bbc6a3a7e59194fe696751c7c4f97924849a4fc63fc8309a3bfc2847de8f8dc6;sem-v1.1-17b56fdeeefa4ef7bb25d286a55e9499371e57585b553527aeb6070c080854a8;sem-v1.1-69741e8238188f58c5744f4890677bcad902f8f58e77efcca20433b7c4d70aef;sem-v1.1-9c38d1ad1fb5956679e683639f56683808bcbeb7a8b1b560b76361ef188be69f;sem-v1.1-87a5c68a519d9389adc3fa8346c4bdb5be58a97ce319407f068b05dadc16915d,"[""ASK WHERE { <http://www.example.com/genealogy.owl#FruttiDiMare_36> <http://www.w3.org/1999/02/22-rdf-syntax-ns#type> <http://www.example.com/genealogy.owl#Food> }"", ""ASK WHERE { <http://www.example.com/genealogy.owl#FruttiDiMare_74> <http://www.w3.org/1999/02/22-rdf-syntax-ns#type> <http://www.example.com/genealogy.owl#Food> }"", ""ASK WHERE { <http://www.example.com/genealogy.owl#FruttiDiMare_114> <http://www.w3.org/1999/02/22-rdf-syntax-ns#type> <http://www.example.com/genealogy.owl#Food> }"", ""ASK WHERE { <http://www.example.com/genealogy.owl#FruttiDiMare_163> <http://www.w3.org/1999/02/22-rdf-syntax-ns#type> <http://www.example.com/genealogy.owl#Food> }"", ""ASK WHERE { <http://www.example.com/genealogy.owl#FruttiDiMare_32> <http://www.w3.org/1999/02/22-rdf-syntax-ns#type> <http://www.example.com/genealogy.owl#Food> }""]",TRUE,counts the identical evaluated input 5 times in per-row aggregate evaluation
8f8a5ce8d7c7b47ca95ad8e07691fc9c076e7c009aed0d952db34f4d1c76a7bc,NL,C,representational collapse,distinct formal questions collapse to one evaluated representation,2,5034;5044,Pizza250,1hop,BQA,sem-v1.1-6e71bc4b5aaf63c33adbd6dee815672d9cd2f841072896107d4bc568d2929781;sem-v1.1-4d828ef80ed4aa47ea7d58e5d8bc65ee17a9cde6d9de9a00657f5af9dd66afb2,"[""ASK WHERE { <http://www.example.com/genealogy.owl#PrinceCarlo_187> <http://www.example.com/genealogy.owl#hasTopping> <http://www.example.com/genealogy.owl#PrinceCarlo_187> }"", ""ASK WHERE { <http://www.example.com/genealogy.owl#PrinceCarlo_93> <http://www.example.com/genealogy.owl#hasTopping> <http://www.example.com/genealogy.owl#PrinceCarlo_93> }""]",FALSE,counts the identical evaluated input 2 times in per-row aggregate evaluation
8fa1a486e7e819c7cab20da7021addad03110c592d500b017cb77b0125311e55,NL,C,representational collapse,distinct formal questions collapse to one evaluated representation,5,3930;3938;3944;4946;4948,Pizza100;Pizza250,1hop,BQA,sem-v1.1-5e0f311be2b654f88cf074854857962ed4846ad43a775c2557971eae76855376;sem-v1.1-60f1e47920681c9300ca029a7847ad6eedd6c54e2d5e81a3ac6057bf7ce7c597;sem-v1.1-8bd6182620687c2e9b4dcb0770c7b3efce8ee6f8a35f678c90fd7583743fae58;sem-v1.1-91eb9bd5916fbb6079cbfd46707092740b91890e089b358918b4b06fe11d896b;sem-v1.1-f5e1ade179b6fe906c1d93c2a309f3ce29b7a63174d7ea7df48cbdc648e4f408,"[""ASK WHERE { <http://www.example.com/genealogy.owl#Margherita_20> <http://www.example.com/genealogy.owl#hasIngredient> <http://www.example.com/genealogy.owl#MozzarellaTopping_dynamic_1> }"", ""ASK WHERE { <http://www.example.com/genealogy.owl#Margherita_53> <http://www.example.com/genealogy.owl#hasIngredient> <http://www.example.com/genealogy.owl#MozzarellaTopping_dynamic_1> }"", ""ASK WHERE { <http://www.example.com/genealogy.owl#Margherita_59> <http://www.example.com/genealogy.owl#hasIngredient> <http://www.example.com/genealogy.owl#MozzarellaTopping_dynamic_1> }"", ""ASK WHERE { <http://www.example.com/genealogy.owl#Margherita_29> <http://www.example.com/genealogy.owl#hasIngredient> <http://www.example.com/genealogy.owl#MozzarellaTopping_dynamic_1> }"", ""ASK WHERE { <http://www.example.com/genealogy.owl#Margherita_31> <http://www.example.com/genealogy.owl#hasIngredient> <http://www.example.com/genealogy.owl#MozzarellaTopping_dynamic_1> }""]",TRUE,counts the identical evaluated input 5 times in per-row aggregate evaluation
904c36197faa7d9a90e688049da6fd1d80a8a92342807dabeedf5312c847f0d6,NL,C,representational collapse,distinct formal questions collapse to one evaluated representation,2,3963;3967,Pizza100,1hop,BQA,sem-v1.1-399cb024156108e5e4d247d1a85bfc9aea547cd6ce8cfe185d17eb7bf3ca8edf;sem-v1.1-a08c1d4bc213a1f21e7f7cf841ea7c4f0cbb269f610e370fddb98affb80f5aa0,"[""ASK WHERE { <http://www.example.com/genealogy.owl#Napoletana_51> <http://www.example.com/genealogy.owl#hasTopping> <http://www.example.com/genealogy.owl#AnchoviesTopping_dynamic_1> }"", ""ASK WHERE { <http://www.example.com/genealogy.owl#Napoletana_53> <http://www.example.com/genealogy.owl#hasTopping> <http://www.example.com/genealogy.owl#AnchoviesTopping_dynamic_1> }""]",TRUE,counts the identical evaluated input 2 times in per-row aggregate evaluation
905ff29f110c563823080a2331fedafc23ce58acd31e2055fac627c4a16a4f8f,NL,C,representational collapse,distinct formal questions collapse to one evaluated representation,3,4484;4496;5655,Pizza100;Pizza250,2hop,BQA,sem-v1.1-70c3c34d30da8e7cf72c72bf01f3b678afcb04950effff8b05c51da861ccf444;sem-v1.1-45b5ad44a6f97a78cf1b8436893c8e80e07c560cae96e00cc5f18e96b6e60372;sem-v1.1-9aff58200c7c030ced1674f3eae58cdcd69fac63669ad3ac354ae8720f7837f5,"[""ASK WHERE { <http://www.example.com/genealogy.owl#PrinceCarlo_24> <http://www.example.com/genealogy.owl#hasTopping> <http://www.example.com/genealogy.owl#AmericanHot_1> }"", ""ASK WHERE { <http://www.example.com/genealogy.owl#PrinceCarlo_66> <http://www.example.com/genealogy.owl#hasTopping> <http://www.example.com/genealogy.owl#AmericanHot_1> }"", ""ASK WHERE { <http://www.example.com/genealogy.owl#PrinceCarlo_122> <http://www.example.com/genealogy.owl#hasTopping> <http://www.example.com/genealogy.owl#AmericanHot_131> }""]",FALSE,counts the identical evaluated input 3 times in per-row aggregate evaluation
909b7f98e75fc82c70d3d3e6d17e87cc164fbc48a1a59968016a65d22813113d,NL,C,representational collapse,distinct formal questions collapse to one evaluated representation,4,4393;5514;5522;5524,Pizza100;Pizza250,2hop,BQA,sem-v1.1-ad3d4867d3eece9f9498a0fa819200caec7c33efacb23fc796f98cecd4e2b621;sem-v1.1-89ffed7d5443d25e248492587abf39bfde930f90c9b8199fa245db387689a2ea;sem-v1.1-a11d3ade09f8ba8c3c6bd38f67621aba3126b0eb7d6973335efe0c25bf045ecc;sem-v1.1-737c976f72cb782e02069a79e26bdd3adc11b7a28a961ebfc68fd9f788342e75,"[""ASK WHERE { <http://www.example.com/genealogy.owl#FruttiDiMare_93> <http://www.example.com/genealogy.owl#hasIngredient> <http://www.example.com/genealogy.owl#GarlicTopping_dynamic_1> }"", ""ASK WHERE { <http://www.example.com/genealogy.owl#FruttiDiMare_163> <http://www.example.com/genealogy.owl#hasIngredient> <http://www.example.com/genealogy.owl#GarlicTopping_dynamic_1> }"", ""ASK WHERE { <http://www.example.com/genealogy.owl#FruttiDiMare_26> <http://www.example.com/genealogy.owl#hasIngredient> <http://www.example.com/genealogy.owl#GarlicTopping_dynamic_1> }"", ""ASK WHERE { <http://www.example.com/genealogy.owl#FruttiDiMare_32> <http://www.example.com/genealogy.owl#hasIngredient> <http://www.example.com/genealogy.owl#GarlicTopping_dynamic_1> }""]",TRUE,counts the identical evaluated input 4 times in per-row aggregate evaluation
90fafbbc739b0b487bfb88dfc9204cc2b07bd21f5d3d5b1dc27f8ef9e79989d7,NL,C,representational collapse,distinct formal questions collapse to one evaluated representation,4,4035;4041;5097;5107,Pizza100;Pizza250,1hop,BQA,sem-v1.1-c319d99cfbdd921829f569ab721e980eb1ed7f1148b34312b129c7b2659f8514;sem-v1.1-d12fc0c308e1110c9a1c7973cda787037116aa2d049626eecb1448821851170d;sem-v1.1-8a18a02ec16e558cb7eb912446d3f07c98858201af1c905b4e3a619667b8b9f0;sem-v1.1-bbd63b655ad02aa12d4cf4a1513d09cb01f55725fc82e4b98a2f526e9214ff04,"[""ASK WHERE { <http://www.example.com/genealogy.owl#SloppyGiuseppe_1> <http://www.example.com/genealogy.owl#hasIngredient> <http://www.example.com/genealogy.owl#GreenPepperTopping_dynamic_1> }"", ""ASK WHERE { <http://www.example.com/genealogy.owl#SloppyGiuseppe_98> <http://www.example.com/genealogy.owl#hasIngredient> <http://www.example.com/genealogy.owl#GreenPepperTopping_dynamic_1> }"", ""ASK WHERE { <http://www.example.com/genealogy.owl#SloppyGiuseppe_20> <http://www.example.com/genealogy.owl#hasIngredient> <http://www.example.com/genealogy.owl#GreenPepperTopping_dynamic_1> }"", ""ASK WHERE { <http://www.example.com/genealogy.owl#SloppyGiuseppe_98> <http://www.example.com/genealogy.owl#hasIngredient> <http://www.example.com/genealogy.owl#GreenPepperTopping_dynamic_1> }""]",TRUE,counts the identical evaluated input 4 times in per-row aggregate evaluation
9242fcd55a759339f78ccedff9edeba9750bb12e72a32e90b66de3c5c5cb60bc,NL,C,representational collapse,distinct formal questions collapse to one evaluated representation,4,4467;5610;5616;5618,Pizza100;Pizza250,2hop,BQA,sem-v1.1-f055266fb5926a26a6e707bc4bc14bece383496eea1107f20751a7f8f3b70064;sem-v1.1-491df23d3c6dcd89a1d1690e8d4d4eff1a476cf4ebf5df8c97ec1f22cb8cbfc4;sem-v1.1-9a487f1df44bdea63ecd0aaf93049c24df64b6579a3ce8b595d84fcff454c9a3;sem-v1.1-a1d0263d9abc8cab3e5e4c02ea327e85f2414c737780a5c4571be6072b510171,"[""ASK WHERE { <http://www.example.com/genealogy.owl#Parmense_11> <http://www.example.com/genealogy.owl#hasIngredient> <http://www.example.com/genealogy.owl#AsparagusTopping_dynamic_1> }"", ""ASK WHERE { <http://www.example.com/genealogy.owl#Parmense_121> <http://www.example.com/genealogy.owl#hasIngredient> <http://www.example.com/genealogy.owl#AsparagusTopping_dynamic_1> }"", ""ASK WHERE { <http://www.example.com/genealogy.owl#Parmense_23> <http://www.example.com/genealogy.owl#hasIngredient> <http://www.example.com/genealogy.owl#AsparagusTopping_dynamic_1> }"", ""ASK WHERE { <http://www.example.com/genealogy.owl#Parmense_55> <http://www.example.com/genealogy.owl#hasIngredient> <http://www.example.com/genealogy.owl#AsparagusTopping_dynamic_1> }""]",TRUE,counts the identical evaluated input 4 times in per-row aggregate evaluation
92c04e5b06f7662f6687fd81ea586a4ebecddda92fbac673e88ba6c9c39ca827,NL,C,representational collapse,distinct formal questions collapse to one evaluated representation,7,3790;3800;3804;3808;4796;4800;4808,Pizza100;Pizza250,1hop,BQA,sem-v1.1-4f22dffd056749c6eeca0f120d290ca0d3963b64e7e6ac3d39584edd8a215935;sem-v1.1-2b7523aac2f0045310528cc6f5710c9b0b58538a93ac78ce79468c6b293dcf4c;sem-v1.1-5aff0a36af4517e8e755f632110b0bce6618cc5701d94488772f5ec91e1aa36a;sem-v1.1-c8dd36d626b4cfcd9f6dd5ee8fa1566cdc23e84dc9933b0f74a779e53055164b;sem-v1.1-219ad49abc121b56d11f5f014d942e471693032f77cfb6da84cb997226fe0327;sem-v1.1-2dcc26c1b2412bd6c12679104a54f228323a601b18dfed6adc4108fa484a1ecf;sem-v1.1-e9664c1366fed6de9ef3aaa1574250f7e4a1cbab89ed0784e3ff6f895ab7327c,"[""ASK WHERE { <http://www.example.com/genealogy.owl#American_19> <http://www.example.com/genealogy.owl#hasTopping> <http://www.example.com/genealogy.owl#MozzarellaTopping_dynamic_1> }"", ""ASK WHERE { <http://www.example.com/genealogy.owl#American_43> <http://www.example.com/genealogy.owl#hasTopping> <http://www.example.com/genealogy.owl#MozzarellaTopping_dynamic_1> }"", ""ASK WHERE { <http://www.example.com/genealogy.owl#American_49> <http://www.example.com/genealogy.owl#hasTopping> <http://www.example.com/genealogy.owl#MozzarellaTopping_dynamic_1> }"", ""ASK WHERE { <http://www.example.com/genealogy.owl#American_63> <http://www.example.com/genealogy.owl#hasTopping> <http://www.example.com/genealogy.owl#MozzarellaTopping_dynamic_1> }"", ""ASK WHERE { <http://www.example.com/genealogy.owl#American_143> <http://www.example.com/genealogy.owl#hasTopping> <http://www.example.com/genealogy.owl#MozzarellaTopping_dynamic_1> }"", ""ASK WHERE { <http://www.example.com/genealogy.owl#American_162> <http://www.example.com/genealogy.owl#hasTopping> <http://www.example.com/genealogy.owl#MozzarellaTopping_dynamic_1> }"", ""ASK WHERE { <http://www.example.com/genealogy.owl#American_245> <http://www.example.com/genealogy.owl#hasTopping> <http://www.example.com/genealogy.owl#MozzarellaTopping_dynamic_1> }""]",TRUE,counts the identical evaluated input 7 times in per-row aggregate evaluation
93ce5546eaf78ea15935c441ff4427a1354f90788a29e4df9b1c512870a9075a,NL,C,representational collapse,distinct formal questions collapse to one evaluated representation,3,4482;5637;5645,Pizza100;Pizza250,2hop,BQA,sem-v1.1-4a71bf3f8a87aa6d24131fdda5d0a92abcbdb3ca741532a6143224bd5c3571f6;sem-v1.1-de22ed3c330af53a73d13f774412c070b8f1feff3954edf7ba4453297419da6c;sem-v1.1-86a9f292f1adef83270fc6a544bb092acdc69fdd71d3303e4058ed7096122b26,"[""ASK WHERE { <http://www.example.com/genealogy.owl#PolloAdAstra_9> <http://www.example.com/genealogy.owl#hasTopping> <http://www.example.com/genealogy.owl#AmericanHot_1> }"", ""ASK WHERE { <http://www.example.com/genealogy.owl#PolloAdAstra_205> <http://www.example.com/genealogy.owl#hasTopping> <http://www.example.com/genealogy.owl#AmericanHot_131> }"", ""ASK WHERE { <http://www.example.com/genealogy.owl#PolloAdAstra_33> <http://www.example.com/genealogy.owl#hasTopping> <http://www.example.com/genealogy.owl#AmericanHot_131> }""]",FALSE,counts the identical evaluated input 3 times in per-row aggregate evaluation
93f5ec562ccab6f15a4f5042f8e4dd39afc96a4f94e38dfcec91ed0e3564e5a1,NL,C,representational collapse,distinct formal questions collapse to one evaluated representation,6,3859;3861;3863;4865;4869;4877,Pizza100;Pizza250,1hop,BQA,sem-v1.1-99dd9725e7e67f27387248b4a1db0d2ddff29eb21eb59b8249966fd41de85268;sem-v1.1-2565ea0aaf583a693daf4a94979b59fc9fc6978a69c089722a51a73fb047ff1e;sem-v1.1-8c3e2a841800be80a623b5d39791d1b9bf45d808f9c2b03dbab6dadb4c7f7e2a;sem-v1.1-ab1549e505cb228d279976c97e7f69d943b0c82aee267b79e77333d41963932a;sem-v1.1-f03491c2e86e4dfb3b541ba2fe0fff23c5bcd6bf2fc195a4eaedf3aeb0eb9695;sem-v1.1-81b99f55c715641b5b9ce5af7787849718df6f23dcbe6a8dbaec9d4fbc21d2f9,"[""ASK WHERE { <http://www.example.com/genealogy.owl#Fiorentina_41> <http://www.example.com/genealogy.owl#hasTopping> <http://www.example.com/genealogy.owl#Fiorentina_41> }"", ""ASK WHERE { <http://www.example.com/genealogy.owl#Fiorentina_52> <http://www.example.com/genealogy.owl#hasTopping> <http://www.example.com/genealogy.owl#Fiorentina_52> }"", ""ASK WHERE { <http://www.example.com/genealogy.owl#Fiorentina_95> <http://www.example.com/genealogy.owl#hasTopping> <http://www.example.com/genealogy.owl#Fiorentina_95> }"", ""ASK WHERE { <http://www.example.com/genealogy.owl#Fiorentina_145> <http://www.example.com/genealogy.owl#hasTopping> <http://www.example.com/genealogy.owl#Fiorentina_145> }"", ""ASK WHERE { <http://www.example.com/genealogy.owl#Fiorentina_149> <http://www.example.com/genealogy.owl#hasTopping> <http://www.example.com/genealogy.owl#Fiorentina_149> }"", ""ASK WHERE { <http://www.example.com/genealogy.owl#Fiorentina_234> <http://www.example.com/genealogy.owl#hasTopping> <http://www.example.com/genealogy.owl#Fiorentina_234> }""]",FALSE,counts the identical evaluated input 6 times in per-row aggregate evaluation
95d5c03f8feed27c7c18d46f9a67f742b2ea7571dba34b9cabf9a267e7d8efa0,NL,C,representational collapse,distinct formal questions collapse to one evaluated representation,4,4065;5135;5139;5149,Pizza100;Pizza250,1hop,BQA,sem-v1.1-282b606a23f53f12e11385874183593df528ce15a731a3cc6cf900a10f4e630d;sem-v1.1-43dd0329cc5bc8edb981db7c7a0aa6cb2f7a0c4c945dfa6d3c765c51b269d5cb;sem-v1.1-240beb1d7d93bfc47c466d94757683d409be0054d9d760f40b57db16290fbd98;sem-v1.1-b2a4f93e13752f3d26ba6656f2fb91264409435c270182a37e3a03580fd13b18,"[""ASK WHERE { <http://www.example.com/genealogy.owl#Veneziana_8> <http://www.example.com/genealogy.owl#hasTopping> <http://www.example.com/genealogy.owl#CaperTopping_dynamic_1> }"", ""ASK WHERE { <http://www.example.com/genealogy.owl#Veneziana_141> <http://www.example.com/genealogy.owl#hasTopping> <http://www.example.com/genealogy.owl#CaperTopping_dynamic_1> }"", ""ASK WHERE { <http://www.example.com/genealogy.owl#Veneziana_218> <http://www.example.com/genealogy.owl#hasTopping> <http://www.example.com/genealogy.owl#CaperTopping_dynamic_1> }"", ""ASK WHERE { <http://www.example.com/genealogy.owl#Veneziana_61> <http://www.example.com/genealogy.owl#hasTopping> <http://www.example.com/genealogy.owl#CaperTopping_dynamic_1> }""]",TRUE,counts the identical evaluated input 4 times in per-row aggregate evaluation
9707563a61540907effcc5e833dbeb40b70bf628d20e9832b6a42af773734eeb,NL,C,representational collapse,distinct formal questions collapse to one evaluated representation,4,4247;4248;5360;5363,Pizza100;Pizza250,1hop,OEQA,sem-v1.1-579d1bdc0d3c464484429cd669419bd74216d0a0150e75e41730cd26414ecf45;sem-v1.1-0d4e987e3ca7fafc7f0c302ce00b48b2b674c07713c910ead785f1ce5953b0c7;sem-v1.1-3dbb0c5434e785d03c3fef9d0d60d7fa3b35f17abe14e77028198ae94f586458;sem-v1.1-ff8580edda6aa5f75d06655d32d1f0505bb868528a23db17b4f1289ab783848e,"[""SELECT ?x WHERE { <http://www.example.com/genealogy.owl#Veneziana_45> <http://www.example.com/genealogy.owl#hasIngredient> ?x }"", ""SELECT ?x WHERE { <http://www.example.com/genealogy.owl#Veneziana_87> <http://www.example.com/genealogy.owl#hasIngredient> ?x }"", ""SELECT ?x WHERE { <http://www.example.com/genealogy.owl#Veneziana_45> <http://www.example.com/genealogy.owl#hasIngredient> ?x }"", ""SELECT ?x WHERE { <http://www.example.com/genealogy.owl#Veneziana_65> <http://www.example.com/genealogy.owl#hasIngredient> ?x }""]",CaperTopping_dynamic_1; MozzarellaTopping_dynamic_1; OliveTopping_dynamic_1; OnionTopping_dynamic_1; PineKernels_dynamic_1; SultanaTopping_dynamic_1; TomatoTopping_dynamic_1,counts the identical evaluated input 4 times in per-row aggregate evaluation
979c68f1d32a5b3b33fa92bfa85c9ea08fb3bbf1d83a20ea7c5eef80bd3718d4,NL,C,representational collapse,distinct formal questions collapse to one evaluated representation,3,4840;4848;4854,Pizza250,1hop,BQA,sem-v1.1-6a867cfe1765e777d4231e234ca18405c71890b9bdbe05e12f853beade978b6e;sem-v1.1-21914c44ba1f32d5d17ca1725abbd9f94a85091113a989a634faec7512722b0a;sem-v1.1-85ee83d1fae0f88319b90432204c8251397d2d8bee39e1847f86c04f764b8315,"[""ASK WHERE { <http://www.example.com/genealogy.owl#Capricciosa_117> <http://www.example.com/genealogy.owl#hasTopping> <http://www.example.com/genealogy.owl#Capricciosa_117> }"", ""ASK WHERE { <http://www.example.com/genealogy.owl#Capricciosa_202> <http://www.example.com/genealogy.owl#hasTopping> <http://www.example.com/genealogy.owl#Capricciosa_202> }"", ""ASK WHERE { <http://www.example.com/genealogy.owl#Capricciosa_72> <http://www.example.com/genealogy.owl#hasTopping> <http://www.example.com/genealogy.owl#Capricciosa_72> }""]",FALSE,counts the identical evaluated input 3 times in per-row aggregate evaluation
97e70df3db3323615391df15d89493c30dbdde8526bf49b3df8bab551115b70c,NL,C,representational collapse,distinct formal questions collapse to one evaluated representation,4,4491;4495;4501;5658,Pizza100;Pizza250,2hop,BQA,sem-v1.1-ecf9f2df0d5f775ab0cbbd5dbd6d02d5e566a372d5a0ac3e1cecb305b214092b;sem-v1.1-cf10ec7e5c0aef7e3f18e420342adad97eb7ad06b715fbc97304041f913ae37a;sem-v1.1-0e8d81e2e861c97e1e09720f1390691487b3ba7a4c352f1f288eb9e072b8355e;sem-v1.1-9b174ee0dfa7c7a7141d2fe1e1ad0a44bc3c749e008b6ae72ffd63c968ccf989,"[""ASK WHERE { <http://www.example.com/genealogy.owl#PrinceCarlo_38> <http://www.w3.org/1999/02/22-rdf-syntax-ns#type> <http://www.example.com/genealogy.owl#Food> }"", ""ASK WHERE { <http://www.example.com/genealogy.owl#PrinceCarlo_44> <http://www.w3.org/1999/02/22-rdf-syntax-ns#type> <http://www.example.com/genealogy.owl#Food> }"", ""ASK WHERE { <http://www.example.com/genealogy.owl#PrinceCarlo_74> <http://www.w3.org/1999/02/22-rdf-syntax-ns#type> <http://www.example.com/genealogy.owl#Food> }"", ""ASK WHERE { <http://www.example.com/genealogy.owl#PrinceCarlo_122> <http://www.w3.org/1999/02/22-rdf-syntax-ns#type> <http://www.example.com/genealogy.owl#Food> }""]",TRUE,counts the identical evaluated input 4 times in per-row aggregate evaluation
98dd989d0a60b88061ad79dbbbdb5bd16a87b22b070d60c096165f83468826c5,NL,C,representational collapse,distinct formal questions collapse to one evaluated representation,4,3975;4997;5001;5007,Pizza100;Pizza250,1hop,BQA,sem-v1.1-d7231d1571f8e1ff3bf95d85f33da3ff894b48659e54f15dd24be9396250909f;sem-v1.1-97a2c5e5b34939276584e6c501b3250d1e1d3c6a83580bbb6e304f4b46c2c2ce;sem-v1.1-ecb70d8cbdb1aa7e89bfb2ebc000152cfcc5332faa7a81b21b2f937244f5d999;sem-v1.1-ace1bc4d0dfe66a5fa3f580712995f0cdea5f3225fcd2e975d6fdea65c1631b2,"[""ASK WHERE { <http://www.example.com/genealogy.owl#Parmense_71> <http://www.example.com/genealogy.owl#hasIngredient> <http://www.example.com/genealogy.owl#AsparagusTopping_dynamic_1> }"", ""ASK WHERE { <http://www.example.com/genealogy.owl#Parmense_23> <http://www.example.com/genealogy.owl#hasIngredient> <http://www.example.com/genealogy.owl#AsparagusTopping_dynamic_1> }"", ""ASK WHERE { <http://www.example.com/genealogy.owl#Parmense_55> <http://www.example.com/genealogy.owl#hasIngredient> <http://www.example.com/genealogy.owl#AsparagusTopping_dynamic_1> }"", ""ASK WHERE { <http://www.example.com/genealogy.owl#Parmense_96> <http://www.example.com/genealogy.owl#hasIngredient> <http://www.example.com/genealogy.owl#AsparagusTopping_dynamic_1> }""]",TRUE,counts the identical evaluated input 4 times in per-row aggregate evaluation
9bdb9d66a4220ae503bdf66c76368290860909aa964ede0c50ca9ee42580c3b5,AR,B,exact duplicated semantic question,exact duplicated semantic question across hop-specific benchmark instances,2,7030;8586,OWL2Bench,1hop;2hop,OEQA,sem-v1.1-210e6ae51ad27c60ef322066470d629fbd227e7e6ca2c2af4ba539f9a8aa18f4;sem-v1.1-3d84435ecb7ee8a552cdd33134c75890ed0c2348c53180391902285d708c0070,"[""SELECT ?x WHERE { <http://www.example.com/genealogy.owl#Man_39> <http://www.w3.org/1999/02/22-rdf-syntax-ns#type> ?x }"", ""SELECT ?x WHERE { <http://www.example.com/genealogy.owl#Man_39> <http://www.w3.org/1999/02/22-rdf-syntax-ns#type> ?x }""]",Person,counts the identical evaluated input 2 times in per-row aggregate evaluation
9be6e36c8e07b6f65f4fc14145d6cdaed86d30a69d58e35d6ce226bcfe0dbff6,NL,C,representational collapse,distinct formal questions collapse to one evaluated representation,7,3978;3982;5016;5018;5020;5022;5024,Pizza100;Pizza250,1hop,BQA,sem-v1.1-a651fc3259ea399a685ee8aff66e1772ec7948ed985d9b065f1a90f93f209780;sem-v1.1-24d470dba2c55b549ce14e0a9f2779e078333609ac70e7de28dae1ab1f04254b;sem-v1.1-a15b5cdac7da5eefea8523cfabf0c3c675f8a6eb55544acf60cfb1ba778e3c49;sem-v1.1-22feaf0fb119e127547b83bc2fbec3e4f2d1efc362b54bd8fbbb21815f6b10c9;sem-v1.1-21880f230b0724a3f6092c1a936379f0eaef2f686762dae93bba7b8beeeaeb35;sem-v1.1-8d5e844199ace4b8cf11723806421263a9f30184117b7f8a761e2163c35392d1;sem-v1.1-c061a5375c2b86dba48de6b0c31e451b6eec6794be1a6d1e432703df004c2dc8,"[""ASK WHERE { <http://www.example.com/genealogy.owl#PolloAdAstra_23> <http://www.w3.org/1999/02/22-rdf-syntax-ns#type> <http://www.example.com/genealogy.owl#Food> }"", ""ASK WHERE { <http://www.example.com/genealogy.owl#PolloAdAstra_30> <http://www.w3.org/1999/02/22-rdf-syntax-ns#type> <http://www.example.com/genealogy.owl#Food> }"", ""ASK WHERE { <http://www.example.com/genealogy.owl#PolloAdAstra_115> <http://www.w3.org/1999/02/22-rdf-syntax-ns#type> <http://www.example.com/genealogy.owl#Food> }"", ""ASK WHERE { <http://www.example.com/genealogy.owl#PolloAdAstra_18> <http://www.w3.org/1999/02/22-rdf-syntax-ns#type> <http://www.example.com/genealogy.owl#Food> }"", ""ASK WHERE { <http://www.example.com/genealogy.owl#PolloAdAstra_205> <http://www.w3.org/1999/02/22-rdf-syntax-ns#type> <http://www.example.com/genealogy.owl#Food> }"", ""ASK WHERE { <http://www.example.com/genealogy.owl#PolloAdAstra_70> <http://www.w3.org/1999/02/22-rdf-syntax-ns#type> <http://www.example.com/genealogy.owl#Food> }"", ""ASK WHERE { <http://www.example.com/genealogy.owl#PolloAdAstra_74> <http://www.w3.org/1999/02/22-rdf-syntax-ns#type> <http://www.example.com/genealogy.owl#Food> }""]",TRUE,counts the identical evaluated input 7 times in per-row aggregate evaluation
9d1adf659af16a4d6111bd528c78697e18a81b735ce886efb818215354dedf7f,NL,C,representational collapse,distinct formal questions collapse to one evaluated representation,4,4458;5595;5599;5603,Pizza100;Pizza250,2hop,BQA,sem-v1.1-3decd5247bc7b3329ad53b2e57549426ff885541ca1bb95f63e39812c907a40e;sem-v1.1-2c35e2fc14e6fc306ee471ab90fe7027c12bb4844f692d8cb6f2c0559f3831e8;sem-v1.1-e71a3530e508a5647380e355210c99b356de07306c0eee194c5b390c43a0f441;sem-v1.1-f65fa9aca3b5f2dbedeb432e81bcfcc4473b345eee6a7da531be6425deef03ac,"[""ASK WHERE { <http://www.example.com/genealogy.owl#Napoletana_2> <http://www.example.com/genealogy.owl#hasIngredient> <http://www.example.com/genealogy.owl#AmericanHot_1> }"", ""ASK WHERE { <http://www.example.com/genealogy.owl#Napoletana_151> <http://www.example.com/genealogy.owl#hasIngredient> <http://www.example.com/genealogy.owl#AmericanHot_131> }"", ""ASK WHERE { <http://www.example.com/genealogy.owl#Napoletana_189> <http://www.example.com/genealogy.owl#hasIngredient> <http://www.example.com/genealogy.owl#AmericanHot_131> }"", ""ASK WHERE { <http://www.example.com/genealogy.owl#Napoletana_248> <http://www.example.com/genealogy.owl#hasIngredient> <http://www.example.com/genealogy.owl#AmericanHot_131> }""]",FALSE,counts the identical evaluated input 4 times in per-row aggregate evaluation
9d3228b94601571099f96b010dc268d4f386e93bafbedca2d07b88162c39f55f,NL,D,other,incidental cross-dataset duplicate with the same formal query and gold semantics; no evidence it was intentionally duplicated,2,4579;5768,Pizza100;Pizza250,2hop,BQA,sem-v1.1-81aeaf31262f2f3e9d9636c81ebcf2ea701337cab75db8b13f400d5843bde3b0;sem-v1.1-c4c5df8ec74fc20403faac926e324b876e1c1ef1a4ed025fd97ba1c5db90241d,"[""ASK WHERE { <http://www.example.com/genealogy.owl#ParmesanTopping_dynamic_1> <http://www.w3.org/1999/02/22-rdf-syntax-ns#type> <http://www.example.com/genealogy.owl#CheeseTopping> }"", ""ASK WHERE { <http://www.example.com/genealogy.owl#ParmesanTopping_dynamic_1> <http://www.w3.org/1999/02/22-rdf-syntax-ns#type> <http://www.example.com/genealogy.owl#CheeseTopping> }""]",TRUE,counts the identical evaluated input 2 times in per-row aggregate evaluation
9d6bf688e3db9fc0b996b3ff3ff24a3a7304655389578c5a46a96c11cae92b7e,NL,C,representational collapse,distinct formal questions collapse to one evaluated representation,2,2262;2266,FamilyOWL,2hop,BQA,sem-v1.1-63a963aec82659bbc6eaf54a2aea254e291997057beb0baf279e609ff3267fb5;sem-v1.1-f62a66614fe16f5433e8983e42ddd232270ad1e33544affef8b81ebb19d1b226,"[""ASK WHERE { <http://www.example.com/genealogy.owl#henry_edmund_bright_1862> <http://www.w3.org/1999/02/22-rdf-syntax-ns#type> <http://www.example.com/genealogy.owl#Ancestor> }"", ""ASK WHERE { <http://www.example.com/genealogy.owl#henry_edmund_bright_1887> <http://www.w3.org/1999/02/22-rdf-syntax-ns#type> <http://www.example.com/genealogy.owl#Ancestor> }""]",FALSE,counts the identical evaluated input 2 times in per-row aggregate evaluation
9e90e7691e623013269b2f925edd2e8d02f6b3fda7ea679f8e4703a7188e921a,NL,C,representational collapse,distinct formal questions collapse to one evaluated representation,2,3558;3559,FamilyOWL,2hop,OEQA,sem-v1.1-10a977c5865863bf5496591503c4383d0289893b04191cc1c477db5e483a537d;sem-v1.1-ab64333c5048cfc1e8272a76186a02098277ba38a144495d65a2b67b3b1b68d0,"[""SELECT ?x WHERE { <http://www.example.com/genealogy.owl#mary_ann_green_1841> <http://www.example.com/genealogy.owl#hasFather> ?x }"", ""SELECT ?x WHERE { <http://www.example.com/genealogy.owl#mary_ann_green_1846> <http://www.example.com/genealogy.owl#hasFather> ?x }""]",william_green_1813,counts the identical evaluated input 2 times in per-row aggregate evaluation
9ea5f71e66b0f9946fad2346afade79a194c0e0ef1b673d7d6052aec6f94baca,NL,C,representational collapse,distinct formal questions collapse to one evaluated representation,5,6114;7583;7591;7597;7601,OWL2Bench,1hop;2hop,BQA,sem-v1.1-fcd1daea138ba20bd40c83f55cb9cd1ae0c8942270bf618d476ba88e76ba6901;sem-v1.1-f99e0b10248b36b6df04a30de3c00f2b6a823cd62293222548bc46585b94c9d3;sem-v1.1-3618e6fc9fee1db0fae95b859c686bd7992a1189394291e0a634c439557d5a7d;sem-v1.1-b1c2ecbad94aad0e90f095a769977795d3ba77266d47776345a41831cecd4322;sem-v1.1-38cb7e7d26589e7fc13291c73fd4287f9dbce51db7931415cb996728d7659cbc,"[""ASK WHERE { <http://www.example.com/genealogy.owl#Man_6> <http://www.w3.org/1999/02/22-rdf-syntax-ns#type> <http://www.example.com/genealogy.owl#Person> }"", ""ASK WHERE { <http://www.example.com/genealogy.owl#Man_1> <http://www.w3.org/1999/02/22-rdf-syntax-ns#type> <http://www.example.com/genealogy.owl#Person> }"", ""ASK WHERE { <http://www.example.com/genealogy.owl#Man_39> <http://www.w3.org/1999/02/22-rdf-syntax-ns#type> <http://www.example.com/genealogy.owl#Person> }"", ""ASK WHERE { <http://www.example.com/genealogy.owl#Man_6> <http://www.w3.org/1999/02/22-rdf-syntax-ns#type> <http://www.example.com/genealogy.owl#Person> }"", ""ASK WHERE { <http://www.example.com/genealogy.owl#Man_9> <http://www.w3.org/1999/02/22-rdf-syntax-ns#type> <http://www.example.com/genealogy.owl#Person> }""]",TRUE,counts the identical evaluated input 5 times in per-row aggregate evaluation
9f569f80d29ef9c0f09dd714a3f0617aa86ca45534447d1fb4828724b045fb81,NL,D,other,incidental cross-dataset duplicate with the same formal query and gold semantics; no evidence it was intentionally duplicated,2,4583;5776,Pizza100;Pizza250,2hop,BQA,sem-v1.1-b6966b87950b15279a7151913987050aaee12ae975c7166b7d079a86313f53ee;sem-v1.1-25764fd2175d308636882d9bb0998d65fb2fc867167f81ef86fbf8a4ac4fab19,"[""ASK WHERE { <http://www.example.com/genealogy.owl#RosemaryTopping_dynamic_1> <http://www.w3.org/1999/02/22-rdf-syntax-ns#type> <http://www.example.com/genealogy.owl#Food> }"", ""ASK WHERE { <http://www.example.com/genealogy.owl#RosemaryTopping_dynamic_1> <http://www.w3.org/1999/02/22-rdf-syntax-ns#type> <http://www.example.com/genealogy.owl#Food> }""]",TRUE,counts the identical evaluated input 2 times in per-row aggregate evaluation
a011a9361875f67ff8846ece4ee2b62dcfd3d9ca4ada1829ae9a139915ca820d,NL,C,representational collapse,distinct formal questions collapse to one evaluated representation,2,4238;4239,Pizza100,1hop,OEQA,sem-v1.1-7d935d8120016a370d1d1c3d0f2c09fc9d59e0241ae3d707e52cb4c0c2a7f058;sem-v1.1-52caf650bbd3532d0da1bd83d72b433b044d4f525b05e6109ebc4503568ba9dd,"[""SELECT ?x WHERE { <http://www.example.com/genealogy.owl#SloppyGiuseppe_23> <http://www.example.com/genealogy.owl#hasTopping> ?x }"", ""SELECT ?x WHERE { <http://www.example.com/genealogy.owl#SloppyGiuseppe_98> <http://www.example.com/genealogy.owl#hasTopping> ?x }""]",GreenPepperTopping_dynamic_1; HotSpicedBeefTopping_dynamic_1; MozzarellaTopping_dynamic_1; OnionTopping_dynamic_1; TomatoTopping_dynamic_1,counts the identical evaluated input 2 times in per-row aggregate evaluation
a19a03895444297d5b47f18caebf2ec095905c12b65bded04f2695b1479035d0,NL,C,representational collapse,distinct formal questions collapse to one evaluated representation,6,3893;4907;4911;4913;4915;4917,Pizza100;Pizza250,1hop,BQA,sem-v1.1-afa43210abe29317be48e1e3d9c3e8561d059aee33fe28a85918e4264b99ccfc;sem-v1.1-5c98c91928c64e30ddda6cdc1c41b52214dadd1a53ed103ffa6b43eebb644b10;sem-v1.1-762bfcca1af57410c87adce8dcdc904d9b2b3f543571bd9860b70d9974fa48d3;sem-v1.1-a44e196c0b385d67acfdb08313e3d54cac6a9794294328a1edb745d672149a0e;sem-v1.1-b9dc99982a4fd4f27998ac56b6736cd15dd9e6f93b878603f6010dd148e4f146;sem-v1.1-946ff07ed90c6b26cf32edc6e418ba38280330575e9f2485e7caceca081a5300,"[""ASK WHERE { <http://www.example.com/genealogy.owl#FruttiDiMare_96> <http://www.example.com/genealogy.owl#hasTopping> <http://www.example.com/genealogy.owl#FruttiDiMare_96> }"", ""ASK WHERE { <http://www.example.com/genealogy.owl#FruttiDiMare_128> <http://www.example.com/genealogy.owl#hasTopping> <http://www.example.com/genealogy.owl#FruttiDiMare_128> }"", ""ASK WHERE { <http://www.example.com/genealogy.owl#FruttiDiMare_163> <http://www.example.com/genealogy.owl#hasTopping> <http://www.example.com/genealogy.owl#FruttiDiMare_163> }"", ""ASK WHERE { <http://www.example.com/genealogy.owl#FruttiDiMare_214> <http://www.example.com/genealogy.owl#hasTopping> <http://www.example.com/genealogy.owl#FruttiDiMare_214> }"", ""ASK WHERE { <http://www.example.com/genealogy.owl#FruttiDiMare_37> <http://www.example.com/genealogy.owl#hasTopping> <http://www.example.com/genealogy.owl#FruttiDiMare_37> }"", ""ASK WHERE { <http://www.example.com/genealogy.owl#FruttiDiMare_38> <http://www.example.com/genealogy.owl#hasTopping> <http://www.example.com/genealogy.owl#FruttiDiMare_38> }""]",FALSE,counts the identical evaluated input 6 times in per-row aggregate evaluation
a1d2e5f6471c0376d141f19c45b2bf471717a3514e9dd5e3e3f73324dd8c4208,NL,C,representational collapse,distinct formal questions collapse to one evaluated representation,4,4538;4546;5715;5721,Pizza100;Pizza250,2hop,BQA,sem-v1.1-06130bdbde8b4d567a15ce50e2964c2b84ef17b10273bbb6ee0d66a515857b38;sem-v1.1-44e657252289cc0efda4b1748435f5c398c800bf8a7bb7027796322de2ecdd6e;sem-v1.1-52f835ee93e9be92c6b3803df02d150485caf8ed50ea9a6cb37201fc78aad414;sem-v1.1-8e4c7e2544723fdb8e75929c5b2b1dbf44193e61dda3958e606882d9e9322b30,"[""ASK WHERE { <http://www.example.com/genealogy.owl#SloppyGiuseppe_11> <http://www.example.com/genealogy.owl#hasIngredient> <http://www.example.com/genealogy.owl#AmericanHot_1> }"", ""ASK WHERE { <http://www.example.com/genealogy.owl#SloppyGiuseppe_99> <http://www.example.com/genealogy.owl#hasIngredient> <http://www.example.com/genealogy.owl#AmericanHot_1> }"", ""ASK WHERE { <http://www.example.com/genealogy.owl#SloppyGiuseppe_20> <http://www.example.com/genealogy.owl#hasIngredient> <http://www.example.com/genealogy.owl#AmericanHot_131> }"", ""ASK WHERE { <http://www.example.com/genealogy.owl#SloppyGiuseppe_24> <http://www.example.com/genealogy.owl#hasIngredient> <http://www.example.com/genealogy.owl#AmericanHot_131> }""]",FALSE,counts the identical evaluated input 4 times in per-row aggregate evaluation
a313c538a24590aac5949ab8a068a8ebd4ac0ec531284e09c166c0f3e90c2530,NL,C,representational collapse,distinct formal questions collapse to one evaluated representation,3,4499;5654;5660,Pizza100;Pizza250,2hop,BQA,sem-v1.1-e303b55a844856c02a73bce9be4bb6fed801df40641d0d4ee8ec928676661a01;sem-v1.1-0e68fe30aa7ed10d6f5d1242d3d77490a8a21c1a96c047736790a0c3f7f8a1a1;sem-v1.1-ab55c70e181da177f377b2f0d467a5c41e78fafa2af492910bf1a2359ee29ab1,"[""ASK WHERE { <http://www.example.com/genealogy.owl#PrinceCarlo_74> <http://www.example.com/genealogy.owl#hasIngredient> <http://www.example.com/genealogy.owl#LeekTopping_dynamic_1> }"", ""ASK WHERE { <http://www.example.com/genealogy.owl#PrinceCarlo_100> <http://www.example.com/genealogy.owl#hasIngredient> <http://www.example.com/genealogy.owl#LeekTopping_dynamic_1> }"", ""ASK WHERE { <http://www.example.com/genealogy.owl#PrinceCarlo_93> <http://www.example.com/genealogy.owl#hasIngredient> <http://www.example.com/genealogy.owl#LeekTopping_dynamic_1> }""]",TRUE,counts the identical evaluated input 3 times in per-row aggregate evaluation
a314fa8a858d6584ac5ae8817d370368ed44f8ad44c41ccc350eb582178a7298,NL,C,representational collapse,distinct formal questions collapse to one evaluated representation,5,4466;5609;5611;5615;5623,Pizza100;Pizza250,2hop,BQA,sem-v1.1-b9a0a7522af445a382b4b9c4b2450317cde78fc42b94c9564fd2ea44da14faf1;sem-v1.1-724fc68f86d16acfb8f1428eb3531ce68e337abaa6af1bf14855340fe4f7d4a0;sem-v1.1-c00bd1ae0c37cec4d167266888b152db29d67d943f308c2898d076b6ab192768;sem-v1.1-fac5543964afe559eb85111611e8a75d5cd2650fb4c57162eaa43de932fbb17f;sem-v1.1-bca402baa2b742e4fa48a1b1973c20a9bd37395164563d77d1b2ae302d4c4f53,"[""ASK WHERE { <http://www.example.com/genealogy.owl#Parmense_11> <http://www.example.com/genealogy.owl#hasIngredient> <http://www.example.com/genealogy.owl#AmericanHot_1> }"", ""ASK WHERE { <http://www.example.com/genealogy.owl#Parmense_121> <http://www.example.com/genealogy.owl#hasIngredient> <http://www.example.com/genealogy.owl#AmericanHot_131> }"", ""ASK WHERE { <http://www.example.com/genealogy.owl#Parmense_129> <http://www.example.com/genealogy.owl#hasIngredient> <http://www.example.com/genealogy.owl#AmericanHot_131> }"", ""ASK WHERE { <http://www.example.com/genealogy.owl#Parmense_23> <http://www.example.com/genealogy.owl#hasIngredient> <http://www.example.com/genealogy.owl#AmericanHot_131> }"", ""ASK WHERE { <http://www.example.com/genealogy.owl#Parmense_76> <http://www.example.com/genealogy.owl#hasIngredient> <http://www.example.com/genealogy.owl#AmericanHot_131> }""]",FALSE,counts the identical evaluated input 5 times in per-row aggregate evaluation
a3526ad801493c28986b5767f4918201c418da1fc841621effa8460dbf53a799,NL,C,representational collapse,distinct formal questions collapse to one evaluated representation,4,4418;4422;5541;5545,Pizza100;Pizza250,2hop,BQA,sem-v1.1-ace757377728d5a0800b69853a5b22f8523cdc578d412165a0174843fbd54c64;sem-v1.1-1388719f8c26b3c524aa4ec071c3e39668ce953fb819346372386bc996fa2272;sem-v1.1-f536d77fff6f44cc8ad52aadf557681fee65fc5b966b60a616a81dea931e8742;sem-v1.1-2f735e20f516cd95403104a2af17eb85a6c8f2d78005795d3cefdf09186156b6,"[""ASK WHERE { <http://www.example.com/genealogy.owl#LaReine_75> <http://www.w3.org/1999/02/22-rdf-syntax-ns#type> <http://www.example.com/genealogy.owl#American> }"", ""ASK WHERE { <http://www.example.com/genealogy.owl#LaReine_86> <http://www.w3.org/1999/02/22-rdf-syntax-ns#type> <http://www.example.com/genealogy.owl#American> }"", ""ASK WHERE { <http://www.example.com/genealogy.owl#LaReine_123> <http://www.w3.org/1999/02/22-rdf-syntax-ns#type> <http://www.example.com/genealogy.owl#American> }"", ""ASK WHERE { <http://www.example.com/genealogy.owl#LaReine_231> <http://www.w3.org/1999/02/22-rdf-syntax-ns#type> <http://www.example.com/genealogy.owl#American> }""]",FALSE,counts the identical evaluated input 4 times in per-row aggregate evaluation
a4e05b1893966aec5bf885bc127d2c2bdeb7f42af0caaab2fe8c2f619277bb11,NL,C,representational collapse,distinct formal questions collapse to one evaluated representation,2,3038;3040,FamilyOWL,2hop,BQA,sem-v1.1-0089ab0d8469d4e0abdba2ee08ebd00fc0cc2647e0088da2304572ec2797c151;sem-v1.1-e42d49c5de497e429fc183242802e76a0bcf7df3bb7d7a0e76c426b71b445b58,"[""ASK WHERE { <http://www.example.com/genealogy.owl#vera_gertrude_rever_1904> <http://www.example.com/genealogy.owl#hasFather> <http://www.example.com/genealogy.owl#ada_rachel_heath_1868> }"", ""ASK WHERE { <http://www.example.com/genealogy.owl#vera_gertrude_rever_1904> <http://www.example.com/genealogy.owl#hasMother> <http://www.example.com/genealogy.owl#ada_rachel_heath_1868> }""]",FALSE,counts the identical evaluated input 2 times in per-row aggregate evaluation
a53053007beaaa1d041bb79431d1d3d79e1b90718010eaed986c67c7c59d5bb0,NL,C,representational collapse,distinct formal questions collapse to one evaluated representation,5,3785;4779;4781;4789;4791,Pizza100;Pizza250,1hop,BQA,sem-v1.1-fbcc078df94cb72068d2f9aafbfaf74c1dd937447ea1c18a28c77382e8ac20ca;sem-v1.1-3ce9c7d44e84565b0eb20034f7992c665a10b52160885988bf81400a08151ab5;sem-v1.1-0a0ab00e9f76e498cca8230b920040fe221e24d17d5e9c9ed3b7dbc57ae646dc;sem-v1.1-b94ebf2c3ea821fa30e7aeed6d5df990e6bd7c741d0f101c543e89fa1a3113cb;sem-v1.1-422cee90aeda2e8378ba26761a1a4b14c5000a9b7dc2252a4a7cda387b0ed319,"[""ASK WHERE { <http://www.example.com/genealogy.owl#AmericanHot_72> <http://www.example.com/genealogy.owl#hasTopping> <http://www.example.com/genealogy.owl#AmericanHot_72> }"", ""ASK WHERE { <http://www.example.com/genealogy.owl#AmericanHot_19> <http://www.example.com/genealogy.owl#hasTopping> <http://www.example.com/genealogy.owl#AmericanHot_19> }"", ""ASK WHERE { <http://www.example.com/genealogy.owl#AmericanHot_237> <http://www.example.com/genealogy.owl#hasTopping> <http://www.example.com/genealogy.owl#AmericanHot_237> }"", ""ASK WHERE { <http://www.example.com/genealogy.owl#AmericanHot_63> <http://www.example.com/genealogy.owl#hasTopping> <http://www.example.com/genealogy.owl#AmericanHot_63> }"", ""ASK WHERE { <http://www.example.com/genealogy.owl#AmericanHot_64> <http://www.example.com/genealogy.owl#hasTopping> <http://www.example.com/genealogy.owl#AmericanHot_64> }""]",FALSE,counts the identical evaluated input 5 times in per-row aggregate evaluation
a582b97b834ab931ee6e3b1d808630de2b5269363725bc8af080e7daf29fb1df,NL,C,representational collapse,distinct formal questions collapse to one evaluated representation,4,4502;4510;4514;5667,Pizza100;Pizza250,2hop,BQA,sem-v1.1-c2ba191ed8d98040cccc127e67fe42d19a7d05050b7c61d821ef35de8cf600a7;sem-v1.1-1d52966a107f16cfc768d3d0c49a27471b5d343198ba271474b6cfbbc6117242;sem-v1.1-b55abea72024ab834860b588ef73b27110816c18b80f40602379c5ae0d7bffe5;sem-v1.1-0bfe02f4bfc6d0fac197103c1bbc3358892f810770cfa3ea711a8e7b01278231,"[""ASK WHERE { <http://www.example.com/genealogy.owl#QuattroFormaggi_37> <http://www.example.com/genealogy.owl#hasTopping> <http://www.example.com/genealogy.owl#AmericanHot_1> }"", ""ASK WHERE { <http://www.example.com/genealogy.owl#QuattroFormaggi_79> <http://www.example.com/genealogy.owl#hasTopping> <http://www.example.com/genealogy.owl#AmericanHot_1> }"", ""ASK WHERE { <http://www.example.com/genealogy.owl#QuattroFormaggi_95> <http://www.example.com/genealogy.owl#hasTopping> <http://www.example.com/genealogy.owl#AmericanHot_1> }"", ""ASK WHERE { <http://www.example.com/genealogy.owl#QuattroFormaggi_219> <http://www.example.com/genealogy.owl#hasTopping> <http://www.example.com/genealogy.owl#AmericanHot_131> }""]",FALSE,counts the identical evaluated input 4 times in per-row aggregate evaluation
a5fb6998c76f95e51c6ad814a80b95c1fd0159cd07818ce40391bb15126fefc8,NL,C,representational collapse,distinct formal questions collapse to one evaluated representation,4,4388;4390;5515;5525,Pizza100;Pizza250,2hop,BQA,sem-v1.1-cf689a5d6d3367c660d8101fed4dc2039fe3f3d695a9459bf22a6a5a79241378;sem-v1.1-a4bd78dc136f15d9acc8bd4304c7b4cb80bc043d30af42f82be772e01077c9cf;sem-v1.1-0a118d0dff09a95ac40e553cddd19db6446bed5a68507250fe31add86956dfeb;sem-v1.1-6ed4479112866a633a755b22f9d6f02c316dc2bb5e221111ca883f83b4c3be5a,"[""ASK WHERE { <http://www.example.com/genealogy.owl#FruttiDiMare_36> <http://www.w3.org/1999/02/22-rdf-syntax-ns#type> <http://www.example.com/genealogy.owl#American> }"", ""ASK WHERE { <http://www.example.com/genealogy.owl#FruttiDiMare_74> <http://www.w3.org/1999/02/22-rdf-syntax-ns#type> <http://www.example.com/genealogy.owl#American> }"", ""ASK WHERE { <http://www.example.com/genealogy.owl#FruttiDiMare_163> <http://www.w3.org/1999/02/22-rdf-syntax-ns#type> <http://www.example.com/genealogy.owl#American> }"", ""ASK WHERE { <http://www.example.com/genealogy.owl#FruttiDiMare_32> <http://www.w3.org/1999/02/22-rdf-syntax-ns#type> <http://www.example.com/genealogy.owl#American> }""]",FALSE,counts the identical evaluated input 4 times in per-row aggregate evaluation
a66073516a5630c2fa05c57b7f834449d3328a17f0c9df816fc65a8509ee781f,NL,C,representational collapse,distinct formal questions collapse to one evaluated representation,3,4617;5816;5820,Pizza100;Pizza250,2hop,OEQA,sem-v1.1-45e4788afe86d9add17fa3db182e09b9bdc14f9787201110a1515aa1d8b88d2e;sem-v1.1-d9e26ba176916e49ae8a7282726346a8335540dc6cb686eee8207763cbbac0eb;sem-v1.1-ae7d4757064d9ed675e57b032be37104028cdf6d11f565bd0e09e2ef1d02bb80,"[""SELECT ?x WHERE { <http://www.example.com/genealogy.owl#Cajun_86> <http://www.w3.org/1999/02/22-rdf-syntax-ns#type> ?x }"", ""SELECT ?x WHERE { <http://www.example.com/genealogy.owl#Cajun_17> <http://www.w3.org/1999/02/22-rdf-syntax-ns#type> ?x }"", ""SELECT ?x WHERE { <http://www.example.com/genealogy.owl#Cajun_242> <http://www.w3.org/1999/02/22-rdf-syntax-ns#type> ?x }""]",DomainConcept; Food; Pizza,counts the identical evaluated input 3 times in per-row aggregate evaluation
a6a20e677b9b522c5c6b654221cb45af6899a0e7f894e5b84b1b8c7dc328ee6a,NL,C,representational collapse,distinct formal questions collapse to one evaluated representation,3,4653;5863;5866,Pizza100;Pizza250,2hop,OEQA,sem-v1.1-7ecadc7f658ec9ca5782791850999c373809e6e99c870d3b8b7f982b2a34dff0;sem-v1.1-8671709a36ad92eea8cd1c0d291f094cc48b4c6f24b4a3955ebb743b08cd9ea4;sem-v1.1-f2a602382171bb6e520fbed239c94afd40a5c97f6ef778e03519d433e9fbc255,"[""SELECT ?x WHERE { <http://www.example.com/genealogy.owl#Giardiniera_79> <http://www.example.com/genealogy.owl#hasTopping> ?x }"", ""SELECT ?x WHERE { <http://www.example.com/genealogy.owl#Giardiniera_175> <http://www.example.com/genealogy.owl#hasTopping> ?x }"", ""SELECT ?x WHERE { <http://www.example.com/genealogy.owl#Giardiniera_206> <http://www.example.com/genealogy.owl#hasTopping> ?x }""]",LeekTopping_dynamic_1; MozzarellaTopping_dynamic_1; MushroomTopping_dynamic_1; OliveTopping_dynamic_1; PeperonataTopping_dynamic_1; PetitPoisTopping_dynamic_1; SlicedTomatoTopping_dynamic_1; TomatoTopping_dynamic_1,counts the identical evaluated input 3 times in per-row aggregate evaluation
a8db8762ffbfd2ef51b22da0ce969d6d7b1ee36820cf0e03d16943e6707773c4,NL,C,representational collapse,distinct formal questions collapse to one evaluated representation,5,4469;4475;5622;5626;5630,Pizza100;Pizza250,2hop,BQA,sem-v1.1-9081412798e8ad3b09ecb8a3fe2921535e380b1770a901d580af0420b880ba45;sem-v1.1-58e5a8acb71406196604a1fcd2a70c2452dfa57d8eeed0dc920327ebc716dcb1;sem-v1.1-34a657582f4d37aaaa700dbbda337067d11cbb1099073651266f6b81201f6747;sem-v1.1-774159aa482557a1be7edaca5e8e7578cd857620cdad36aba4ed2ad9dd8c7ddb;sem-v1.1-2ad8a186d7ac3bd9311f85284085841f83820f9cb943077c72bc62fa1d2b8b96,"[""ASK WHERE { <http://www.example.com/genealogy.owl#Parmense_11> <http://www.w3.org/1999/02/22-rdf-syntax-ns#type> <http://www.example.com/genealogy.owl#Food> }"", ""ASK WHERE { <http://www.example.com/genealogy.owl#Parmense_71> <http://www.w3.org/1999/02/22-rdf-syntax-ns#type> <http://www.example.com/genealogy.owl#Food> }"", ""ASK WHERE { <http://www.example.com/genealogy.owl#Parmense_55> <http://www.w3.org/1999/02/22-rdf-syntax-ns#type> <http://www.example.com/genealogy.owl#Food> }"", ""ASK WHERE { <http://www.example.com/genealogy.owl#Parmense_76> <http://www.w3.org/1999/02/22-rdf-syntax-ns#type> <http://www.example.com/genealogy.owl#Food> }"", ""ASK WHERE { <http://www.example.com/genealogy.owl#Parmense_96> <http://www.w3.org/1999/02/22-rdf-syntax-ns#type> <http://www.example.com/genealogy.owl#Food> }""]",TRUE,counts the identical evaluated input 5 times in per-row aggregate evaluation
a96649aeff18cff4519f71cbfbac80a0ccf7f652b6151e70882c20f4ecdb1636,NL,C,representational collapse,distinct formal questions collapse to one evaluated representation,4,4289;5400;5404;5406,Pizza100;Pizza250,2hop,BQA,sem-v1.1-4c5bb226fed7cb0532e402000d4277b99f2fa20ecfe323bca926d0a4d49f2292;sem-v1.1-cdb0c2ef201e9ff4ef306965484b773d620368d191e7ede921453f6ef447b88a;sem-v1.1-e45e7bac653f680c17a7a4220fcd5eea23c28482f6db59f53c9376b191612af2;sem-v1.1-433f23ce35d7cddea0810f33ace7b104ca5362c9c9e7210e4906ba2ef7b8d1bd,"[""ASK WHERE { <http://www.example.com/genealogy.owl#AmericanHot_72> <http://www.example.com/genealogy.owl#hasTopping> <http://www.example.com/genealogy.owl#HotGreenPepperTopping_dynamic_1> }"", ""ASK WHERE { <http://www.example.com/genealogy.owl#AmericanHot_239> <http://www.example.com/genealogy.owl#hasTopping> <http://www.example.com/genealogy.owl#HotGreenPepperTopping_dynamic_1> }"", ""ASK WHERE { <http://www.example.com/genealogy.owl#AmericanHot_50> <http://www.example.com/genealogy.owl#hasTopping> <http://www.example.com/genealogy.owl#HotGreenPepperTopping_dynamic_1> }"", ""ASK WHERE { <http://www.example.com/genealogy.owl#AmericanHot_64> <http://www.example.com/genealogy.owl#hasTopping> <http://www.example.com/genealogy.owl#HotGreenPepperTopping_dynamic_1> }""]",TRUE,counts the identical evaluated input 4 times in per-row aggregate evaluation
a981727f258eb5901bff94d1db31407266ff9d5a7947237d948727c1fb136d7d,NL,C,representational collapse,distinct formal questions collapse to one evaluated representation,5,4464;4472;5613;5619;5627,Pizza100;Pizza250,2hop,BQA,sem-v1.1-d47ef4947969826b503b5e4f3029619332233df35a2c8f90449bd38bcf453b56;sem-v1.1-82061c603ea4ef109ffa3f122fafdfc89f05f4280335db5846d6d0b16f5bd57f;sem-v1.1-e4e7c1642bb8e46b44c16ed39ddee951d5c77d8e897f30bc98a4e553f5db036e;sem-v1.1-07bb54524b65592cf11af3ed9846548e98d69a90084a2ca7f1e81e74ad94be5a;sem-v1.1-c397f40fca23c3746169482879a95ba13869df6c659a6cccc406d68e03521610,"[""ASK WHERE { <http://www.example.com/genealogy.owl#Parmense_0> <http://www.example.com/genealogy.owl#hasTopping> <http://www.example.com/genealogy.owl#AmericanHot_1> }"", ""ASK WHERE { <http://www.example.com/genealogy.owl#Parmense_71> <http://www.example.com/genealogy.owl#hasTopping> <http://www.example.com/genealogy.owl#AmericanHot_1> }"", ""ASK WHERE { <http://www.example.com/genealogy.owl#Parmense_129> <http://www.example.com/genealogy.owl#hasTopping> <http://www.example.com/genealogy.owl#AmericanHot_131> }"", ""ASK WHERE { <http://www.example.com/genealogy.owl#Parmense_55> <http://www.example.com/genealogy.owl#hasTopping> <http://www.example.com/genealogy.owl#AmericanHot_131> }"", ""ASK WHERE { <http://www.example.com/genealogy.owl#Parmense_96> <http://www.example.com/genealogy.owl#hasTopping> <http://www.example.com/genealogy.owl#AmericanHot_131> }""]",FALSE,counts the identical evaluated input 5 times in per-row aggregate evaluation
aa3308cb07544d206547d2d5540f33cfe5884dfaf95d6c4def06f12e510b077b,NL,C,representational collapse,distinct formal questions collapse to one evaluated representation,4,4485;4489;4497;5656,Pizza100;Pizza250,2hop,BQA,sem-v1.1-5606522b4fa5fc2acbefa403684b08af8b13ce749a904fb2a74afdd964f632c2;sem-v1.1-ec818c249c62ca0f58b5a115d320227424834ca36f3dae83ff40014f5ccde918;sem-v1.1-66940b3d7703f0ff2e90bb02d6fb5c947a49c497287625a30f15917e7e25f32d;sem-v1.1-8808bc32e0b3ab2e78acafd582b7b708945cabb83bc9141831e5a12b1d0f73fa,"[""ASK WHERE { <http://www.example.com/genealogy.owl#PrinceCarlo_24> <http://www.example.com/genealogy.owl#hasTopping> <http://www.example.com/genealogy.owl#LeekTopping_dynamic_1> }"", ""ASK WHERE { <http://www.example.com/genealogy.owl#PrinceCarlo_37> <http://www.example.com/genealogy.owl#hasTopping> <http://www.example.com/genealogy.owl#LeekTopping_dynamic_1> }"", ""ASK WHERE { <http://www.example.com/genealogy.owl#PrinceCarlo_66> <http://www.example.com/genealogy.owl#hasTopping> <http://www.example.com/genealogy.owl#LeekTopping_dynamic_1> }"", ""ASK WHERE { <http://www.example.com/genealogy.owl#PrinceCarlo_122> <http://www.example.com/genealogy.owl#hasTopping> <http://www.example.com/genealogy.owl#LeekTopping_dynamic_1> }""]",TRUE,counts the identical evaluated input 4 times in per-row aggregate evaluation
aab5cf93854235aaa8ff84a220aecab64e9a92ee5b81114118232b61f1cfe0ab,NL,C,representational collapse,distinct formal questions collapse to one evaluated representation,3,4156;5258;5260,Pizza100;Pizza250,1hop,OEQA,sem-v1.1-3b81e79aeb755f29761378fe5972375d5d8e8fe83d2e9b8733cddf41b94c95ea;sem-v1.1-bce41f10b30946b726dd1918f599aa3d586e7d0538c40dbfa31c00c8abef4656;sem-v1.1-c4bc2c5995fdb5d87b7ba49442453d3e614b37f4e8e37b621983f8a1bdd392fa,"[""SELECT ?x WHERE { <http://www.example.com/genealogy.owl#Giardiniera_79> <http://www.w3.org/1999/02/22-rdf-syntax-ns#type> ?x }"", ""SELECT ?x WHERE { <http://www.example.com/genealogy.owl#Giardiniera_175> <http://www.w3.org/1999/02/22-rdf-syntax-ns#type> ?x }"", ""SELECT ?x WHERE { <http://www.example.com/genealogy.owl#Giardiniera_176> <http://www.w3.org/1999/02/22-rdf-syntax-ns#type> ?x }""]",DomainConcept; Food; Pizza,counts the identical evaluated input 3 times in per-row aggregate evaluation
ab4488f0da16be3890aae1c4529d6f89cbe0c6a5b6ab6704ce275a37f8c62830,NL,C,representational collapse,distinct formal questions collapse to one evaluated representation,2,5639;5643,Pizza250,2hop,BQA,sem-v1.1-7e5c27d75615964d3deaf6ddfa16a2c702e8aa4cf2f776fe7bf8cec229c08dfa;sem-v1.1-a69ae839ed02fd7d43a6cc7b4a8f059e256da0c7e51193310520c3a9ebb2f082,"[""ASK WHERE { <http://www.example.com/genealogy.owl#PolloAdAstra_205> <http://www.w3.org/1999/02/22-rdf-syntax-ns#type> <http://www.example.com/genealogy.owl#American> }"", ""ASK WHERE { <http://www.example.com/genealogy.owl#PolloAdAstra_22> <http://www.w3.org/1999/02/22-rdf-syntax-ns#type> <http://www.example.com/genealogy.owl#American> }""]",FALSE,counts the identical evaluated input 2 times in per-row aggregate evaluation
ac8ee0139b9b2a43eb6dea403097c55c3509349209ff1960c59cea66f9591d28,NL,C,representational collapse,distinct formal questions collapse to one evaluated representation,4,3976;4996;4998;5002,Pizza100;Pizza250,1hop,BQA,sem-v1.1-e182a0bb1c2351fc26b0425d83b30c34a4cb293ee6cfde86e653ca41e36f1bee;sem-v1.1-92b28a184954e3a3802f32d48f12db0243f8b9cf954861181e489f7766c48561;sem-v1.1-41c2426c7d4070e35a7dd39fb73388ca94f3bd4120bcdd6a9fb6026698dea118;sem-v1.1-40febab738d145dcb7942760cd2f7fbd13967893d0b2af154f3a8c85d38c157b,"[""ASK WHERE { <http://www.example.com/genealogy.owl#Parmense_71> <http://www.example.com/genealogy.owl#hasIngredient> <http://www.example.com/genealogy.owl#Parmense_71> }"", ""ASK WHERE { <http://www.example.com/genealogy.owl#Parmense_165> <http://www.example.com/genealogy.owl#hasIngredient> <http://www.example.com/genealogy.owl#Parmense_165> }"", ""ASK WHERE { <http://www.example.com/genealogy.owl#Parmense_23> <http://www.example.com/genealogy.owl#hasIngredient> <http://www.example.com/genealogy.owl#Parmense_23> }"", ""ASK WHERE { <http://www.example.com/genealogy.owl#Parmense_55> <http://www.example.com/genealogy.owl#hasIngredient> <http://www.example.com/genealogy.owl#Parmense_55> }""]",FALSE,counts the identical evaluated input 4 times in per-row aggregate evaluation
acda9f0c95d00c18f8330aa6fcdd7bfafe46537e0cba9721f10e8fde83bcd6e9,NL,C,representational collapse,distinct formal questions collapse to one evaluated representation,5,4601;4603;4610;5806;5808,Pizza100;Pizza250,2hop,OEQA,sem-v1.1-037bd79935fa878bd36eb01b0de8860f9da7e1819631af2defeb6ae4baa9a936;sem-v1.1-f5161c1feea1e66bb291c85dd2f2126dc2a9a89bd0df7104c1e450e86aea4c17;sem-v1.1-ef5c89f5f0b79cec4994dd70bff15056c472284ad738bc3bf4d84091f14ee54a;sem-v1.1-1c06a3a6a034a6a5e4632ceafde5ebb4ac2de87ebf36ed92e59639c304d5bb11;sem-v1.1-a65ce3168291766efeea3ce083116e14a5b825aa0d58e9df2e2a2947f3f132e6,"[""SELECT ?x WHERE { <http://www.example.com/genealogy.owl#American_34> <http://www.w3.org/1999/02/22-rdf-syntax-ns#type> ?x }"", ""SELECT ?x WHERE { <http://www.example.com/genealogy.owl#American_46> <http://www.w3.org/1999/02/22-rdf-syntax-ns#type> ?x }"", ""SELECT ?x WHERE { <http://www.example.com/genealogy.owl#American_57> <http://www.w3.org/1999/02/22-rdf-syntax-ns#type> ?x }"", ""SELECT ?x WHERE { <http://www.example.com/genealogy.owl#American_2> <http://www.w3.org/1999/02/22-rdf-syntax-ns#type> ?x }"", ""SELECT ?x WHERE { <http://www.example.com/genealogy.owl#American_27> <http://www.w3.org/1999/02/22-rdf-syntax-ns#type> ?x }""]",DomainConcept; Food; Pizza,counts the identical evaluated input 5 times in per-row aggregate evaluation
ae6ead3cdd3623eb578671d1a38d348d46b6af0b4f7ea00b39ea5ebd8be79b62,NL,C,representational collapse,distinct formal questions collapse to one evaluated representation,3,5356;5362;5364,Pizza250,1hop,OEQA,sem-v1.1-b6cefefc99294ceaaf6479e3c3c7345e022de8a24d3cc908ddf0308c919f24b5;sem-v1.1-15301284da8277ec7bfceea87e5564501b114823f04d05f8baf2f18555c4114e;sem-v1.1-b8a6e4ed119d8330bdbf899e95ca940f8f5414bfed79ab401c4195dce27e800f,"[""SELECT ?x WHERE { <http://www.example.com/genealogy.owl#Veneziana_153> <http://www.example.com/genealogy.owl#hasTopping> ?x }"", ""SELECT ?x WHERE { <http://www.example.com/genealogy.owl#Veneziana_61> <http://www.example.com/genealogy.owl#hasTopping> ?x }"", ""SELECT ?x WHERE { <http://www.example.com/genealogy.owl#Veneziana_65> <http://www.example.com/genealogy.owl#hasTopping> ?x }""]",CaperTopping_dynamic_1; MozzarellaTopping_dynamic_1; OliveTopping_dynamic_1; OnionTopping_dynamic_1; PineKernels_dynamic_1; SultanaTopping_dynamic_1; TomatoTopping_dynamic_1,counts the identical evaluated input 3 times in per-row aggregate evaluation
aee0145fe4ecae086963c25a03aa8a4ac5d0d47edf6f682dd54b5dab9366ec44,NL,D,other,incidental cross-dataset duplicate with the same formal query and gold semantics; no evidence it was intentionally duplicated,2,3763;4753,Pizza100;Pizza250,1hop,BQA,sem-v1.1-eeeffb8c752ec9e9ae6cfb8d777c2761875a987451b7f13c2a3b379d2b658f4b;sem-v1.1-24dda82f7fb2db1147acf6519c2d539de07e53fb5a7030cf49778707c469cf89,"[""ASK WHERE { <http://www.example.com/genealogy.owl#ArtichokeTopping_dynamic_1> <http://www.example.com/genealogy.owl#isToppingOf> <http://www.example.com/genealogy.owl#ArtichokeTopping_dynamic_1> }"", ""ASK WHERE { <http://www.example.com/genealogy.owl#ArtichokeTopping_dynamic_1> <http://www.example.com/genealogy.owl#isToppingOf> <http://www.example.com/genealogy.owl#ArtichokeTopping_dynamic_1> }""]",FALSE,counts the identical evaluated input 2 times in per-row aggregate evaluation
af14a5cfa4be77c56d7c4321172decd2614831032558e8253557271af82493a8,NL,C,representational collapse,distinct formal questions collapse to one evaluated representation,4,3786;4772;4790;4792,Pizza100;Pizza250,1hop,BQA,sem-v1.1-be435d03d29149d05ec90bfbcb53e3b0a1891346c882022e309f6e8ccd12b9fc;sem-v1.1-99ae700e97a2da14f854e347823874a904f76de2361e90aac8ebdd5b97114dc3;sem-v1.1-8f51d24b90ae869c76e09fa67ddebde174a10c5ea298bd2967da75a221001edc;sem-v1.1-bb9d620420d04b6011df34709aaac99d92c0c2ac099c9b7036cb466d55567938,"[""ASK WHERE { <http://www.example.com/genealogy.owl#AmericanHot_72> <http://www.example.com/genealogy.owl#hasTopping> <http://www.example.com/genealogy.owl#HotGreenPepperTopping_dynamic_1> }"", ""ASK WHERE { <http://www.example.com/genealogy.owl#AmericanHot_131> <http://www.example.com/genealogy.owl#hasTopping> <http://www.example.com/genealogy.owl#HotGreenPepperTopping_dynamic_1> }"", ""ASK WHERE { <http://www.example.com/genealogy.owl#AmericanHot_63> <http://www.example.com/genealogy.owl#hasTopping> <http://www.example.com/genealogy.owl#HotGreenPepperTopping_dynamic_1> }"", ""ASK WHERE { <http://www.example.com/genealogy.owl#AmericanHot_64> <http://www.example.com/genealogy.owl#hasTopping> <http://www.example.com/genealogy.owl#HotGreenPepperTopping_dynamic_1> }""]",TRUE,counts the identical evaluated input 4 times in per-row aggregate evaluation
af4d274391982c7cb461df716d27beb53e1657ee8cbe9230fee46a61af8ba004,NL,C,representational collapse,distinct formal questions collapse to one evaluated representation,4,4356;4358;5473;5479,Pizza100;Pizza250,2hop,BQA,sem-v1.1-ecaae32199c01071061de17916fa34ce922202015aa0158720568d29e2f08209;sem-v1.1-42d1fd8c9ad611a807d33f91987bcffdc519999810748e69435552451e29f1dd;sem-v1.1-3b8fa3c4eeb20b436af5c26d524a841dab03139e9c4a2aab95b8c5d2a59ff43a;sem-v1.1-966ced70ce2ee427bfa397dafb4b1966c5271981f80117c93d0c358853e8832c,"[""ASK WHERE { <http://www.example.com/genealogy.owl#Fiorentina_52> <http://www.example.com/genealogy.owl#hasIngredient> <http://www.example.com/genealogy.owl#AmericanHot_1> }"", ""ASK WHERE { <http://www.example.com/genealogy.owl#Fiorentina_6> <http://www.example.com/genealogy.owl#hasIngredient> <http://www.example.com/genealogy.owl#AmericanHot_1> }"", ""ASK WHERE { <http://www.example.com/genealogy.owl#Fiorentina_130> <http://www.example.com/genealogy.owl#hasIngredient> <http://www.example.com/genealogy.owl#AmericanHot_131> }"", ""ASK WHERE { <http://www.example.com/genealogy.owl#Fiorentina_145> <http://www.example.com/genealogy.owl#hasIngredient> <http://www.example.com/genealogy.owl#AmericanHot_131> }""]",FALSE,counts the identical evaluated input 4 times in per-row aggregate evaluation
afec0f73ba8ca1c41ae50a1bb63e9ed5b8cc02c333fbd5df1f7385655aa7c155,NL,C,representational collapse,distinct formal questions collapse to one evaluated representation,4,4139;5222;5223;5228,Pizza100;Pizza250,1hop,OEQA,sem-v1.1-b4dee44d44ebcb6757d957b427de1865980303a27f5cadd205626a4bab8088bf;sem-v1.1-2ae8dc76e72b57090ba9e4d9c38dbcfc139be7194363eead13ff4a69d31447a5;sem-v1.1-b69853cfdd06b428ce29e668add3851f4ea660930eb0d0553d6e0054699bc9eb;sem-v1.1-90d9cff84ab91620e52ede72a7d74faca27f86a3805acd2d053b07d4803ebd22,"[""SELECT ?x WHERE { <http://www.example.com/genealogy.owl#Fiorentina_44> <http://www.example.com/genealogy.owl#hasTopping> ?x }"", ""SELECT ?x WHERE { <http://www.example.com/genealogy.owl#Fiorentina_156> <http://www.example.com/genealogy.owl#hasTopping> ?x }"", ""SELECT ?x WHERE { <http://www.example.com/genealogy.owl#Fiorentina_222> <http://www.example.com/genealogy.owl#hasTopping> ?x }"", ""SELECT ?x WHERE { <http://www.example.com/genealogy.owl#Fiorentina_84> <http://www.example.com/genealogy.owl#hasTopping> ?x }""]",GarlicTopping_dynamic_1; MozzarellaTopping_dynamic_1; OliveTopping_dynamic_1; ParmesanTopping_dynamic_1; SpinachTopping_dynamic_1; TomatoTopping_dynamic_1,counts the identical evaluated input 4 times in per-row aggregate evaluation
b11d1286fe0894ee27bdf2864c3ddf92f76d5445128ff1cbd8b1d58b73de38aa,NL,C,representational collapse,distinct formal questions collapse to one evaluated representation,5,3950;4958;4962;4966;4974,Pizza100;Pizza250,1hop,BQA,sem-v1.1-6c248c68b783d7b0239348e2d1248e57b2a66fe6001f20f065eccb5749408529;sem-v1.1-8d20843c87214196f682e22c0d51968208b9dbcbd56068d0ee2116a75fa283e8;sem-v1.1-d333c63a8c4482ffd3c55abd8a76ed9a4b8adb5a986b850bc3ce61d35ef37223;sem-v1.1-7c6a5e882f5ddf1eb82fc9dad83893367f85cfbd590d4a13397ebb6b8f6d48a6;sem-v1.1-4f5b86941af3e6786f5f3c4d74be8ea5d4f4c184046bce79350d17cbea8083d2,"[""ASK WHERE { <http://www.example.com/genealogy.owl#Mushroom_12> <http://www.example.com/genealogy.owl#hasIngredient> <http://www.example.com/genealogy.owl#Mushroom_12> }"", ""ASK WHERE { <http://www.example.com/genealogy.owl#Mushroom_1> <http://www.example.com/genealogy.owl#hasIngredient> <http://www.example.com/genealogy.owl#Mushroom_1> }"", ""ASK WHERE { <http://www.example.com/genealogy.owl#Mushroom_103> <http://www.example.com/genealogy.owl#hasIngredient> <http://www.example.com/genealogy.owl#Mushroom_103> }"", ""ASK WHERE { <http://www.example.com/genealogy.owl#Mushroom_170> <http://www.example.com/genealogy.owl#hasIngredient> <http://www.example.com/genealogy.owl#Mushroom_170> }"", ""ASK WHERE { <http://www.example.com/genealogy.owl#Mushroom_5> <http://www.example.com/genealogy.owl#hasIngredient> <http://www.example.com/genealogy.owl#Mushroom_5> }""]",FALSE,counts the identical evaluated input 5 times in per-row aggregate evaluation
b1650e30f7afe9d056c9ff47536abfa24853cc2fd06585eff4ea7483f0484b36,NL,C,representational collapse,distinct formal questions collapse to one evaluated representation,4,4567;4571;5756;5766,Pizza100;Pizza250,2hop,BQA,sem-v1.1-507f34aa4618febfb012d1fe97c11d1c2b19b4e20db4a706397bf5478ef684ba;sem-v1.1-07de69b817b96e182135ed9635ecec41f091316c67d439592c707c91426e6d57;sem-v1.1-5d4ce6bf1e5829f4ce97f5790edf05e058b6395e949cf368e8918dcff041a545;sem-v1.1-eeb5578a73e9fd5695ccd25a77f613bd630161a2cf3fa22af776ef382b5601f4,"[""ASK WHERE { <http://www.example.com/genealogy.owl#Veneziana_3> <http://www.w3.org/1999/02/22-rdf-syntax-ns#type> <http://www.example.com/genealogy.owl#Food> }"", ""ASK WHERE { <http://www.example.com/genealogy.owl#Veneziana_59> <http://www.w3.org/1999/02/22-rdf-syntax-ns#type> <http://www.example.com/genealogy.owl#Food> }"", ""ASK WHERE { <http://www.example.com/genealogy.owl#Veneziana_213> <http://www.w3.org/1999/02/22-rdf-syntax-ns#type> <http://www.example.com/genealogy.owl#Food> }"", ""ASK WHERE { <http://www.example.com/genealogy.owl#Veneziana_60> <http://www.w3.org/1999/02/22-rdf-syntax-ns#type> <http://www.example.com/genealogy.owl#Food> }""]",TRUE,counts the identical evaluated input 4 times in per-row aggregate evaluation
b20442728fa24fb8be041621571395dcd53888c740e05c6a9784142db2b50437,NL,C,representational collapse,distinct formal questions collapse to one evaluated representation,2,1781;1784,FamilyOWL,1hop,OEQA,sem-v1.1-1d48b6e18b2a1d0243c2839138e0ff728c3100795aab08f1858b862bf11616d7;sem-v1.1-1cf36c1c8fddc25609a467d4f45bc6d132d0a286417c87cd20d5af9be8a1ef86,"[""SELECT ?x WHERE { <http://www.example.com/genealogy.owl#sarah_jane_whitfield_1818> <http://www.w3.org/1999/02/22-rdf-syntax-ns#type> ?x }"", ""SELECT ?x WHERE { <http://www.example.com/genealogy.owl#sarah_jane_whitfield_1829> <http://www.w3.org/1999/02/22-rdf-syntax-ns#type> ?x }""]",Person; Woman,counts the identical evaluated input 2 times in per-row aggregate evaluation
b226654d231aa3c3284be0952c4e0ee77f8aa3aa2517d00558fec645a9722bef,NL,C,representational collapse,distinct formal questions collapse to one evaluated representation,6,4537;4543;4549;5714;5726;5728,Pizza100;Pizza250,2hop,BQA,sem-v1.1-83ebd61dcce95b7c7b63f6224a9843d90f0f441906c21a5efcac36595ba18df3;sem-v1.1-1d457da67c66fc44bf250c2ac94c9e90c63cb9920b6ad4bb95e45610083bfa7d;sem-v1.1-8e46acbdc73942a03c32c867d5b6b86ea892ad599072a07c1a11fa5be3304ae0;sem-v1.1-4c2c0d58fa2202878b2506d1920c347a61e3eb6e69b293c17bb25877e7f02484;sem-v1.1-ee0544a29a1b03e7e3eae04c3f609b2f3a9a9e98383686cd0ed973857b2ad6c8;sem-v1.1-d2a0fdc3748e13b69d810ba21efcabe6994b793901e3c88db8b59c28bf03d7aa,"[""ASK WHERE { <http://www.example.com/genealogy.owl#SloppyGiuseppe_1> <http://www.w3.org/1999/02/22-rdf-syntax-ns#type> <http://www.example.com/genealogy.owl#Food> }"", ""ASK WHERE { <http://www.example.com/genealogy.owl#SloppyGiuseppe_23> <http://www.w3.org/1999/02/22-rdf-syntax-ns#type> <http://www.example.com/genealogy.owl#Food> }"", ""ASK WHERE { <http://www.example.com/genealogy.owl#SloppyGiuseppe_99> <http://www.w3.org/1999/02/22-rdf-syntax-ns#type> <http://www.example.com/genealogy.owl#Food> }"", ""ASK WHERE { <http://www.example.com/genealogy.owl#SloppyGiuseppe_148> <http://www.w3.org/1999/02/22-rdf-syntax-ns#type> <http://www.example.com/genealogy.owl#Food> }"", ""ASK WHERE { <http://www.example.com/genealogy.owl#SloppyGiuseppe_53> <http://www.w3.org/1999/02/22-rdf-syntax-ns#type> <http://www.example.com/genealogy.owl#Food> }"", ""ASK WHERE { <http://www.example.com/genealogy.owl#SloppyGiuseppe_58> <http://www.w3.org/1999/02/22-rdf-syntax-ns#type> <http://www.example.com/genealogy.owl#Food> }""]",TRUE,counts the identical evaluated input 6 times in per-row aggregate evaluation
b2748f1c720d4c11c90480e7c68389c662e877b0faf99b002158c84b28a76be6,NL,C,representational collapse,distinct formal questions collapse to one evaluated representation,4,4145;5236;5241;5243,Pizza100;Pizza250,1hop,OEQA,sem-v1.1-a5fd2d689efcb61e6d8e3a8724ffc6f3d438e918eda65aecf525067469075893;sem-v1.1-45ef68cdc77c9c644a83eff2d401c6535db620dc651d5afd88b7a55a5ffbd91d;sem-v1.1-eb3555f4aba934687532e7acf6add534781ba3ac36a0a8073c09a3be3302e9d7;sem-v1.1-8c144f4dabe7f324726ba5c2c0f1dc94187d39c093855f64c4cce9f650f7c5d8,"[""SELECT ?x WHERE { <http://www.example.com/genealogy.owl#FourSeasons_67> <http://www.example.com/genealogy.owl#hasIngredient> ?x }"", ""SELECT ?x WHERE { <http://www.example.com/genealogy.owl#FourSeasons_233> <http://www.example.com/genealogy.owl#hasIngredient> ?x }"", ""SELECT ?x WHERE { <http://www.example.com/genealogy.owl#FourSeasons_89> <http://www.example.com/genealogy.owl#hasIngredient> ?x }"", ""SELECT ?x WHERE { <http://www.example.com/genealogy.owl#FourSeasons_9> <http://www.example.com/genealogy.owl#hasIngredient> ?x }""]",AnchoviesTopping_dynamic_1; CaperTopping_dynamic_1; MozzarellaTopping_dynamic_1; MushroomTopping_dynamic_1; OliveTopping_dynamic_1; PeperoniSausageTopping_dynamic_1; TomatoTopping_dynamic_1,counts the identical evaluated input 4 times in per-row aggregate evaluation
b315c1b6669a0678de4d64789015016499fa74f50ff4b20bc1feef9643b19b6d,NL,C,representational collapse,distinct formal questions collapse to one evaluated representation,3,4066;5140;5150,Pizza100;Pizza250,1hop,BQA,sem-v1.1-83c082da04ad9074fae5abddeae1a3c8d0c5a3509e09ddfb72fa5316823d56c9;sem-v1.1-7c3078e6140aae0d62015bcc6391495c50125c73a367bb9b117c3adc2d10cecf;sem-v1.1-fc6dad98fed0579d1e1d28eb95d94cf9f843af8a07bda150532bbd6ce6b2df9a,"[""ASK WHERE { <http://www.example.com/genealogy.owl#Veneziana_8> <http://www.example.com/genealogy.owl#hasTopping> <http://www.example.com/genealogy.owl#Veneziana_8> }"", ""ASK WHERE { <http://www.example.com/genealogy.owl#Veneziana_218> <http://www.example.com/genealogy.owl#hasTopping> <http://www.example.com/genealogy.owl#Veneziana_218> }"", ""ASK WHERE { <http://www.example.com/genealogy.owl#Veneziana_61> <http://www.example.com/genealogy.owl#hasTopping> <http://www.example.com/genealogy.owl#Veneziana_61> }""]",FALSE,counts the identical evaluated input 3 times in per-row aggregate evaluation
b557faf86fdd295248f1cfffe59919e5b8031c6ffea214784fb7c6dc4e874639,AR,B,exact duplicated semantic question,exact duplicated semantic question across hop-specific benchmark instances,2,6113;7596,OWL2Bench,1hop;2hop,BQA,sem-v1.1-4e53c3124432c59d4e93881cc0efbb2359f2e6c3920b2c987a22ed42d61e0a1e;sem-v1.1-1afce477af044813a96fe93db830c09926dc077baf641481915cf6087f44355b,"[""ASK WHERE { <http://www.example.com/genealogy.owl#Man_6> <http://www.w3.org/1999/02/22-rdf-syntax-ns#type> <http://www.example.com/genealogy.owl#AeronauticalEngineering> }"", ""ASK WHERE { <http://www.example.com/genealogy.owl#Man_6> <http://www.w3.org/1999/02/22-rdf-syntax-ns#type> <http://www.example.com/genealogy.owl#AeronauticalEngineering> }""]",FALSE,counts the identical evaluated input 2 times in per-row aggregate evaluation
b5bf726c2083cc649878e28bb73bc308d33aa8448d7b1aa835507374495f76ab,NL,C,representational collapse,distinct formal questions collapse to one evaluated representation,5,3789;3803;3807;4795;4799,Pizza100;Pizza250,1hop,BQA,sem-v1.1-4e9fe5b3d242b7d38e17d245f77326d4e593fabd62b139f361df7eb119686f5e;sem-v1.1-0a861d318572f700961dc85628876b0f93b19a63c539fcad3a24eef9fd2a5c63;sem-v1.1-cdf0d0782833100561b95f22a4f4d1c93e40ec8a52c3d0ce896f55d1faa52ddf;sem-v1.1-2e9f9c0c457041ffca8d1522bda615616e4f3d7d6100652521cc84b184f9fba6;sem-v1.1-d501775cbdc314e7ee2ff3ad0501964f60f0883339420e65d0e02073e30f4f43,"[""ASK WHERE { <http://www.example.com/genealogy.owl#American_19> <http://www.example.com/genealogy.owl#hasTopping> <http://www.example.com/genealogy.owl#American_19> }"", ""ASK WHERE { <http://www.example.com/genealogy.owl#American_49> <http://www.example.com/genealogy.owl#hasTopping> <http://www.example.com/genealogy.owl#American_49> }"", ""ASK WHERE { <http://www.example.com/genealogy.owl#American_63> <http://www.example.com/genealogy.owl#hasTopping> <http://www.example.com/genealogy.owl#American_63> }"", ""ASK WHERE { <http://www.example.com/genealogy.owl#American_143> <http://www.example.com/genealogy.owl#hasTopping> <http://www.example.com/genealogy.owl#American_143> }"", ""ASK WHERE { <http://www.example.com/genealogy.owl#American_162> <http://www.example.com/genealogy.owl#hasTopping> <http://www.example.com/genealogy.owl#American_162> }""]",FALSE,counts the identical evaluated input 5 times in per-row aggregate evaluation
b5e624a8f0d9e24b5088f96c758ab145a668377f86626d03d05ee37cd1c3847e,NL,C,representational collapse,distinct formal questions collapse to one evaluated representation,5,4446;4452;5575;5579;5583,Pizza100;Pizza250,2hop,BQA,sem-v1.1-102c059ae595b5ee4fa2a7c23a0f20ca54aecf3f8562f4e5361cb45bf1e4e875;sem-v1.1-af3fd26e2e8a0a80fa1ffe76f7fbd647f5b95f315b2df082fdd7bb172b4b1a86;sem-v1.1-93f65f9d83534ead2545a8215c86ffaa1587157c1bf8b629cb8177310e3cc4ae;sem-v1.1-65bb9a4a3f7fd5c8cb623396909fc2852697577ca16d1321d5203a61db7785db;sem-v1.1-fbeeb07cfe5f27a4ee511d479c189ea0df995c66dbf5d9dd11134471c8cc6fff,"[""ASK WHERE { <http://www.example.com/genealogy.owl#Mushroom_3> <http://www.w3.org/1999/02/22-rdf-syntax-ns#type> <http://www.example.com/genealogy.owl#American> }"", ""ASK WHERE { <http://www.example.com/genealogy.owl#Mushroom_52> <http://www.w3.org/1999/02/22-rdf-syntax-ns#type> <http://www.example.com/genealogy.owl#American> }"", ""ASK WHERE { <http://www.example.com/genealogy.owl#Mushroom_170> <http://www.w3.org/1999/02/22-rdf-syntax-ns#type> <http://www.example.com/genealogy.owl#American> }"", ""ASK WHERE { <http://www.example.com/genealogy.owl#Mushroom_21> <http://www.w3.org/1999/02/22-rdf-syntax-ns#type> <http://www.example.com/genealogy.owl#American> }"", ""ASK WHERE { <http://www.example.com/genealogy.owl#Mushroom_224> <http://www.w3.org/1999/02/22-rdf-syntax-ns#type> <http://www.example.com/genealogy.owl#American> }""]",FALSE,counts the identical evaluated input 5 times in per-row aggregate evaluation
b644a13938798c78d89803c14b07175937e9def50b4093b16ca682cd934ece26,NL,C,representational collapse,distinct formal questions collapse to one evaluated representation,3,4125;4127;5214,Pizza100;Pizza250,1hop,OEQA,sem-v1.1-d86840192cbe5f030f7b359d5d1d65f651c76ea2b0c6dea707e13e95cc6090b8;sem-v1.1-51a097037b2969221242b271e16a2277f02ea8c5bcff1e17cff52c613a61295f;sem-v1.1-597c1f9080a45b91104d1db86f7403b6c05f1fc3a8324d4fc0aac9f191b9c90d,"[""SELECT ?x WHERE { <http://www.example.com/genealogy.owl#Capricciosa_0> <http://www.example.com/genealogy.owl#hasIngredient> ?x }"", ""SELECT ?x WHERE { <http://www.example.com/genealogy.owl#Capricciosa_32> <http://www.example.com/genealogy.owl#hasIngredient> ?x }"", ""SELECT ?x WHERE { <http://www.example.com/genealogy.owl#Capricciosa_159> <http://www.example.com/genealogy.owl#hasIngredient> ?x }""]",AnchoviesTopping_dynamic_1; CaperTopping_dynamic_1; HamTopping_dynamic_1; MozzarellaTopping_dynamic_1; OliveTopping_dynamic_1; PeperonataTopping_dynamic_1; TomatoTopping_dynamic_1,counts the identical evaluated input 3 times in per-row aggregate evaluation
b694d8bfeba2ce413636eb5b43bc2d3d075974c98c1e55984b17596beba12689,NL,C,representational collapse,distinct formal questions collapse to one evaluated representation,4,4677;5888;5890;5892,Pizza100;Pizza250,2hop,OEQA,sem-v1.1-75734f7e1dc8ddd254a1a175eb95c24bd6e13d4318c49aee7bd4068a00001540;sem-v1.1-fa5125a07981e765e689c4990490d9d8e860d4865a374b6451b360cbb2d6d8a1;sem-v1.1-896cb4fb40c6d7f7efacdf59afdfb2d188206ec29283ce09826caad89aa01cd1;sem-v1.1-ca2d843d14460fe5e919211fd0d944e00c21756e4ff05bc518c4a472e1b4d02a,"[""SELECT ?x WHERE { <http://www.example.com/genealogy.owl#Mushroom_7> <http://www.w3.org/1999/02/22-rdf-syntax-ns#type> ?x }"", ""SELECT ?x WHERE { <http://www.example.com/genealogy.owl#Mushroom_224> <http://www.w3.org/1999/02/22-rdf-syntax-ns#type> ?x }"", ""SELECT ?x WHERE { <http://www.example.com/genealogy.owl#Mushroom_5> <http://www.w3.org/1999/02/22-rdf-syntax-ns#type> ?x }"", ""SELECT ?x WHERE { <http://www.example.com/genealogy.owl#Mushroom_80> <http://www.w3.org/1999/02/22-rdf-syntax-ns#type> ?x }""]",DomainConcept; Food; Pizza,counts the identical evaluated input 4 times in per-row aggregate evaluation
b6975c185a45372585b7fe6cd89e40cf21697c15ee062b1349ab77db258c5a9b,NL,C,representational collapse,distinct formal questions collapse to one evaluated representation,4,4336;4346;4348;5465,Pizza100;Pizza250,2hop,BQA,sem-v1.1-4eb9e228ddfd397b95cf7b0bc4faf2f848ae4e983d206e114c4d398dfe23411f;sem-v1.1-95d11e5d3472895d19bc776f060fcf80b3d7c180bae2641bd747f656bff02a6f;sem-v1.1-9dedbfd9b22e46d0ecc4a53cf986bb27e45b90aa4fce9aa690c6d16c417015a5;sem-v1.1-060acf118443324e4f75ca43502b54eeb2564251f09956590d0fc838d7750d97,"[""ASK WHERE { <http://www.example.com/genealogy.owl#Caprina_42> <http://www.example.com/genealogy.owl#hasTopping> <http://www.example.com/genealogy.owl#AmericanHot_1> }"", ""ASK WHERE { <http://www.example.com/genealogy.owl#Caprina_81> <http://www.example.com/genealogy.owl#hasTopping> <http://www.example.com/genealogy.owl#AmericanHot_1> }"", ""ASK WHERE { <http://www.example.com/genealogy.owl#Caprina_82> <http://www.example.com/genealogy.owl#hasTopping> <http://www.example.com/genealogy.owl#AmericanHot_1> }"", ""ASK WHERE { <http://www.example.com/genealogy.owl#Caprina_10> <http://www.example.com/genealogy.owl#hasTopping> <http://www.example.com/genealogy.owl#AmericanHot_131> }""]",FALSE,counts the identical evaluated input 4 times in per-row aggregate evaluation
b6db03fccfe7c68be3a52af65eebc815f66ffe6038a87d5c766a9cb20f799ca3,NL,C,representational collapse,distinct formal questions collapse to one evaluated representation,5,3940;3942;3946;4952;4956,Pizza100;Pizza250,1hop,BQA,sem-v1.1-2cdf9b9db44233f8bef40812894eeb544f0f558714939f8411eae2455f70abff;sem-v1.1-30c6a13b240e37f6f9ff128b27e6cd2793c15e6aafe96461b3bf7abea99d1917;sem-v1.1-3ed1cfe6c3393fbb3e152aed044998a828e0b33564856b3f7dfd95d81b2eb27f;sem-v1.1-15d268986ca3375fd8ee7cebb5a1d74237437a1770996f082e90991c89a9d329;sem-v1.1-f27bf3628af3ed90b3289508b59f57dc6430d0e30064ec14005885da11d34e48,"[""ASK WHERE { <http://www.example.com/genealogy.owl#Margherita_53> <http://www.w3.org/1999/02/22-rdf-syntax-ns#type> <http://www.example.com/genealogy.owl#Food> }"", ""ASK WHERE { <http://www.example.com/genealogy.owl#Margherita_58> <http://www.w3.org/1999/02/22-rdf-syntax-ns#type> <http://www.example.com/genealogy.owl#Food> }"", ""ASK WHERE { <http://www.example.com/genealogy.owl#Margherita_62> <http://www.w3.org/1999/02/22-rdf-syntax-ns#type> <http://www.example.com/genealogy.owl#Food> }"", ""ASK WHERE { <http://www.example.com/genealogy.owl#Margherita_73> <http://www.w3.org/1999/02/22-rdf-syntax-ns#type> <http://www.example.com/genealogy.owl#Food> }"", ""ASK WHERE { <http://www.example.com/genealogy.owl#Margherita_97> <http://www.w3.org/1999/02/22-rdf-syntax-ns#type> <http://www.example.com/genealogy.owl#Food> }""]",TRUE,counts the identical evaluated input 5 times in per-row aggregate evaluation
b799dd205e70711afeadda4b043583780d34321bb6f019c573a5e924e0f6f244,NL,C,representational collapse,distinct formal questions collapse to one evaluated representation,2,2398;2404,FamilyOWL,2hop,BQA,sem-v1.1-813b09ee63783670447d05da9a28eaf7bb60dc8a333d60eebe1ac023866f0e77;sem-v1.1-83de869040a0011e48a7dd1c4a2d1600de3d67181aaa9bcd9b7f0799399af8f9,"[""ASK WHERE { <http://www.example.com/genealogy.owl#james_whitfield_1792> <http://www.example.com/genealogy.owl#isFatherOf> <http://www.example.com/genealogy.owl#ada_rachel_heath_1868> }"", ""ASK WHERE { <http://www.example.com/genealogy.owl#james_whitfield_1821> <http://www.example.com/genealogy.owl#isFatherOf> <http://www.example.com/genealogy.owl#ada_rachel_heath_1868> }""]",FALSE,counts the identical evaluated input 2 times in per-row aggregate evaluation
b7ab3f6078701a5071a9fa1dfb38f61cd354fa5c760f02fd4912d84ba2de82e9,NL,C,representational collapse,distinct formal questions collapse to one evaluated representation,4,4572;4574;4576;5763,Pizza100;Pizza250,2hop,BQA,sem-v1.1-b1e2eca067c76b52abfbc800bbe8645ee60911b4b82cbd254c3a6777f9276a31;sem-v1.1-35c296bf12c9dae7c618aa526476453360b6ab12f4feef42b3ff6ad2be82b6b2;sem-v1.1-33a99d64c12a34849685ce65c6cb307253ab89cdfc8f08348e094621b532fdae;sem-v1.1-613b38abcfd077b80ad140bb368fd69b460da36dffcf7fe7e1d573d193fcf1aa,"[""ASK WHERE { <http://www.example.com/genealogy.owl#Veneziana_8> <http://www.example.com/genealogy.owl#hasIngredient> <http://www.example.com/genealogy.owl#AmericanHot_1> }"", ""ASK WHERE { <http://www.example.com/genealogy.owl#Veneziana_91> <http://www.example.com/genealogy.owl#hasIngredient> <http://www.example.com/genealogy.owl#AmericanHot_1> }"", ""ASK WHERE { <http://www.example.com/genealogy.owl#Veneziana_97> <http://www.example.com/genealogy.owl#hasIngredient> <http://www.example.com/genealogy.owl#AmericanHot_1> }"", ""ASK WHERE { <http://www.example.com/genealogy.owl#Veneziana_60> <http://www.example.com/genealogy.owl#hasIngredient> <http://www.example.com/genealogy.owl#AmericanHot_131> }""]",FALSE,counts the identical evaluated input 4 times in per-row aggregate evaluation
b9ebc3175847930cc73af9923b14b0fda93211d04f4cedeb0ccbedf7cd58df10,NL,C,representational collapse,distinct formal questions collapse to one evaluated representation,6,4555;4559;4565;5736;5742;5748,Pizza100;Pizza250,2hop,BQA,sem-v1.1-7b2cb586efeab252e646248bd4cd5fb6132481d86ebf0e7956c2e0cb794d905f;sem-v1.1-f748f307a0b4279b436e0c2b906eb2729ffe03e226dac99ec70e0ff99f3d1634;sem-v1.1-da953c4e8af24186153d354065b8f0ee1e6bc19a593ede75a4ea7aede8987682;sem-v1.1-48f43fd028a79fd0922af24ddea3ae6774116abc53dab4a74e4cf828fbbac7b7;sem-v1.1-aebf9894bc460e938b5558d4b71a11fc1a3e3b44b44a5d96e382c32ff6ef8d4a;sem-v1.1-604b3cf8c1aeea5d1d3c17cfa7fa916a73e537289428c440baa07c26155fa14a,"[""ASK WHERE { <http://www.example.com/genealogy.owl#Soho_50> <http://www.w3.org/1999/02/22-rdf-syntax-ns#type> <http://www.example.com/genealogy.owl#Food> }"", ""ASK WHERE { <http://www.example.com/genealogy.owl#Soho_70> <http://www.w3.org/1999/02/22-rdf-syntax-ns#type> <http://www.example.com/genealogy.owl#Food> }"", ""ASK WHERE { <http://www.example.com/genealogy.owl#Soho_8> <http://www.w3.org/1999/02/22-rdf-syntax-ns#type> <http://www.example.com/genealogy.owl#Food> }"", ""ASK WHERE { <http://www.example.com/genealogy.owl#Soho_134> <http://www.w3.org/1999/02/22-rdf-syntax-ns#type> <http://www.example.com/genealogy.owl#Food> }"", ""ASK WHERE { <http://www.example.com/genealogy.owl#Soho_236> <http://www.w3.org/1999/02/22-rdf-syntax-ns#type> <http://www.example.com/genealogy.owl#Food> }"", ""ASK WHERE { <http://www.example.com/genealogy.owl#Soho_25> <http://www.w3.org/1999/02/22-rdf-syntax-ns#type> <http://www.example.com/genealogy.owl#Food> }""]",TRUE,counts the identical evaluated input 6 times in per-row aggregate evaluation
baa3265fdf32e742562034caad57b1c40579a5cefa0f521e1ef040cc5198ae39,NL,C,representational collapse,distinct formal questions collapse to one evaluated representation,3,4176;5277;5279,Pizza100;Pizza250,1hop,OEQA,sem-v1.1-7ee529f30992b59013f1b80a1ad2183a663beb65aa293fd4d0a51a1a0893c435;sem-v1.1-49d53a18796b3cf3650719188648edc292b587613d497c2065704404c708e4be;sem-v1.1-dd9d7ff25503a0c72ef135b45557b2c371c59586a47319d4c79e13071fbc88cc,"[""SELECT ?x WHERE { <http://www.example.com/genealogy.owl#Mushroom_51> <http://www.example.com/genealogy.owl#hasIngredient> ?x }"", ""SELECT ?x WHERE { <http://www.example.com/genealogy.owl#Mushroom_124> <http://www.example.com/genealogy.owl#hasIngredient> ?x }"", ""SELECT ?x WHERE { <http://www.example.com/genealogy.owl#Mushroom_35> <http://www.example.com/genealogy.owl#hasIngredient> ?x }""]",MozzarellaTopping_dynamic_1; MushroomTopping_dynamic_1; TomatoTopping_dynamic_1,counts the identical evaluated input 3 times in per-row aggregate evaluation
bb6d4ab0d437b52d9c51924c63e149c522402353b79386c8bd068f5854b9907c,NL,C,representational collapse,distinct formal questions collapse to one evaluated representation,5,4061;4069;5137;5141;5145,Pizza100;Pizza250,1hop,BQA,sem-v1.1-28878db3ea37152d2ea202c643a143f547224fda4508d1135aac1f08cb01c133;sem-v1.1-2c08e84f943f150011a06edcbd7f44495692f2ffce6092d8e2492f88f923b103;sem-v1.1-d30e95afcc2b341aef085ca49b045cf02881371531c9179e618c1696bf8019e0;sem-v1.1-17dcdcaf9afee67e0e0f8bb98acb72c5250d2123772ca8e54658623564c52c0c;sem-v1.1-14141567d77720597f102feb9a9263a83d4992d9d7875708f960fc68b7554b88,"[""ASK WHERE { <http://www.example.com/genealogy.owl#Veneziana_45> <http://www.w3.org/1999/02/22-rdf-syntax-ns#type> <http://www.example.com/genealogy.owl#American> }"", ""ASK WHERE { <http://www.example.com/genealogy.owl#Veneziana_87> <http://www.w3.org/1999/02/22-rdf-syntax-ns#type> <http://www.example.com/genealogy.owl#American> }"", ""ASK WHERE { <http://www.example.com/genealogy.owl#Veneziana_153> <http://www.w3.org/1999/02/22-rdf-syntax-ns#type> <http://www.example.com/genealogy.owl#American> }"", ""ASK WHERE { <http://www.example.com/genealogy.owl#Veneziana_225> <http://www.w3.org/1999/02/22-rdf-syntax-ns#type> <http://www.example.com/genealogy.owl#American> }"", ""ASK WHERE { <http://www.example.com/genealogy.owl#Veneziana_238> <http://www.w3.org/1999/02/22-rdf-syntax-ns#type> <http://www.example.com/genealogy.owl#American> }""]",FALSE,counts the identical evaluated input 5 times in per-row aggregate evaluation
bbbd75c6a89d2be9c373c5b0a2512d5d510422870c17e99c90393e2fa4458e7f,NL,C,representational collapse,distinct formal questions collapse to one evaluated representation,5,4121;5202;5208;5210;5212,Pizza100;Pizza250,1hop,OEQA,sem-v1.1-b5b56eade57af56aec792547ba196895f52289d9d6311c268c3fc4ea1b6eb721;sem-v1.1-6a40c6891c44570cd361124c2d3fb7c67dee626daf7bba43a25b9d5bb540fc2f;sem-v1.1-588a11f6dcb334d67503896b79f0e5226ad7f5c95e511d17af7a0358779f076d;sem-v1.1-9b01b2cb495152342c25b6e333562c1a54099279fa74ff0dd60edc945ddbaf6b;sem-v1.1-5df86f081f76d47cfe9eac02690ff1b4bfb83b38a23a9dc2b415831632f9cf8e,"[""SELECT ?x WHERE { <http://www.example.com/genealogy.owl#Cajun_33> <http://www.example.com/genealogy.owl#hasTopping> ?x }"", ""SELECT ?x WHERE { <http://www.example.com/genealogy.owl#Cajun_110> <http://www.example.com/genealogy.owl#hasTopping> ?x }"", ""SELECT ?x WHERE { <http://www.example.com/genealogy.owl#Cajun_197> <http://www.example.com/genealogy.owl#hasTopping> ?x }"", ""SELECT ?x WHERE { <http://www.example.com/genealogy.owl#Cajun_198> <http://www.example.com/genealogy.owl#hasTopping> ?x }"", ""SELECT ?x WHERE { <http://www.example.com/genealogy.owl#Cajun_92> <http://www.example.com/genealogy.owl#hasTopping> ?x }""]",MozzarellaTopping_dynamic_1; OnionTopping_dynamic_1; PeperonataTopping_dynamic_1; PrawnsTopping_dynamic_1; TobascoPepperSauce_dynamic_1; TomatoTopping_dynamic_1,counts the identical evaluated input 5 times in per-row aggregate evaluation
bc015fe3a592fe588374339433754f443721ad289d6a995a5c7e7e42f01ddb0f,NL,C,representational collapse,distinct formal questions collapse to one evaluated representation,2,3836;4842,Pizza100;Pizza250,1hop,BQA,sem-v1.1-6d6daf31ca932eba7a459fc6e1ce5ab2a6efcd952b6ded7453e79d2086cb89b6;sem-v1.1-bd4944021ede23474f8041358a7766ebf0f2f245dcb88f0f0286059dfd2f2f79,"[""ASK WHERE { <http://www.example.com/genealogy.owl#Capricciosa_27> <http://www.w3.org/1999/02/22-rdf-syntax-ns#type> <http://www.example.com/genealogy.owl#Food> }"", ""ASK WHERE { <http://www.example.com/genealogy.owl#Capricciosa_119> <http://www.w3.org/1999/02/22-rdf-syntax-ns#type> <http://www.example.com/genealogy.owl#Food> }""]",TRUE,counts the identical evaluated input 2 times in per-row aggregate evaluation
bd6bde84673b70750ad166d2e799af76a4af1be19d35600569bd7fdc8ab3b000,NL,C,representational collapse,distinct formal questions collapse to one evaluated representation,6,4007;4013;4017;5045;5047;5051,Pizza100;Pizza250,1hop,BQA,sem-v1.1-e219623e0ca015f0992b6ae2b538a397038bf8fe0cd61a76d30bedb94786fbf7;sem-v1.1-f2a8b951e89b3194d474514f789b6513879fbe1f387ea442ce7d7b86e7998247;sem-v1.1-1157bfc158a4807b6f79cb96acc29ac827a3167079ff89d49ae8c09855ff6747;sem-v1.1-63493c35c3eb16cc9485aea10bd8b7909fb1466cdb0c4922654943b6393046f9;sem-v1.1-efc0d5978444fd3faf02b0dfc8b87842ca44c33837c6cd5014cca75683772647;sem-v1.1-cd7833dc0deb83467f2c457ac5a9aea95d20b95058dcd36b841298d538e41d61,"[""ASK WHERE { <http://www.example.com/genealogy.owl#QuattroFormaggi_61> <http://www.example.com/genealogy.owl#hasIngredient> <http://www.example.com/genealogy.owl#FourCheesesTopping_dynamic_1> }"", ""ASK WHERE { <http://www.example.com/genealogy.owl#QuattroFormaggi_69> <http://www.example.com/genealogy.owl#hasIngredient> <http://www.example.com/genealogy.owl#FourCheesesTopping_dynamic_1> }"", ""ASK WHERE { <http://www.example.com/genealogy.owl#QuattroFormaggi_79> <http://www.example.com/genealogy.owl#hasIngredient> <http://www.example.com/genealogy.owl#FourCheesesTopping_dynamic_1> }"", ""ASK WHERE { <http://www.example.com/genealogy.owl#QuattroFormaggi_111> <http://www.example.com/genealogy.owl#hasIngredient> <http://www.example.com/genealogy.owl#FourCheesesTopping_dynamic_1> }"", ""ASK WHERE { <http://www.example.com/genealogy.owl#QuattroFormaggi_137> <http://www.example.com/genealogy.owl#hasIngredient> <http://www.example.com/genealogy.owl#FourCheesesTopping_dynamic_1> }"", ""ASK WHERE { <http://www.example.com/genealogy.owl#QuattroFormaggi_66> <http://www.example.com/genealogy.owl#hasIngredient> <http://www.example.com/genealogy.owl#FourCheesesTopping_dynamic_1> }""]",TRUE,counts the identical evaluated input 6 times in per-row aggregate evaluation
bd7235e32a1e2b63799624270334f9d1fc9b5520fd2d372c9e9f461ee95f6bcb,NL,C,representational collapse,distinct formal questions collapse to one evaluated representation,4,4566;4570;5755;5765,Pizza100;Pizza250,2hop,BQA,sem-v1.1-3e9729d14be9a842d6233873745d74d9c78fb2aa69d7f2f0e90b1be7d0df6236;sem-v1.1-2795a3d42b0601001f8db2098d6c3c8574943cd57f31f5aa4459586e6bcce9b2;sem-v1.1-7460dac56d353ab0c7892be4f51f3bbb34e1e0d4903894c928bf477d04d22813;sem-v1.1-04e2f9d27f4f93c3e104b296063533c8c24a3063357905d5d5197d77a3bac017,"[""ASK WHERE { <http://www.example.com/genealogy.owl#Veneziana_3> <http://www.w3.org/1999/02/22-rdf-syntax-ns#type> <http://www.example.com/genealogy.owl#American> }"", ""ASK WHERE { <http://www.example.com/genealogy.owl#Veneziana_59> <http://www.w3.org/1999/02/22-rdf-syntax-ns#type> <http://www.example.com/genealogy.owl#American> }"", ""ASK WHERE { <http://www.example.com/genealogy.owl#Veneziana_213> <http://www.w3.org/1999/02/22-rdf-syntax-ns#type> <http://www.example.com/genealogy.owl#American> }"", ""ASK WHERE { <http://www.example.com/genealogy.owl#Veneziana_60> <http://www.w3.org/1999/02/22-rdf-syntax-ns#type> <http://www.example.com/genealogy.owl#American> }""]",FALSE,counts the identical evaluated input 4 times in per-row aggregate evaluation
bd7aca5872ebd4332694702daaef52f0ce5f352db3c7bfdc0ee8905c8a51cf8f,NL,C,representational collapse,distinct formal questions collapse to one evaluated representation,2,5183;5184,Pizza250,1hop,OEQA,sem-v1.1-51199005673c35541f9d77f624290f7e5df8e286349b76281079cd4b6beb0fe5;sem-v1.1-804612dcf35839df9f3f12eb94a53550ea2cf5a963424a1f0871f41034b369cb,"[""SELECT ?x WHERE { <http://www.example.com/genealogy.owl#AmericanHot_237> <http://www.example.com/genealogy.owl#hasIngredient> ?x }"", ""SELECT ?x WHERE { <http://www.example.com/genealogy.owl#AmericanHot_239> <http://www.example.com/genealogy.owl#hasIngredient> ?x }""]",HotGreenPepperTopping_dynamic_1; JalapenoPepperTopping_dynamic_1; MozzarellaTopping_dynamic_1; PeperoniSausageTopping_dynamic_1; TomatoTopping_dynamic_1,counts the identical evaluated input 2 times in per-row aggregate evaluation
bdbd56781c413660850a14fea8306b8edce166063c7a6c09b0496872201fe3ce,NL,C,representational collapse,distinct formal questions collapse to one evaluated representation,3,4376;4378;5509,Pizza100;Pizza250,2hop,BQA,sem-v1.1-b8bd53d9ed1190cad04277fa78fc2b1f651863004fd9144935b722feb4d7cf77;sem-v1.1-a749a0d36308145eaaa46c35dc9de01607ce0176bfa6d67b93aa1055639979f6;sem-v1.1-146a52663994a3e1962033d99ca3d51ccd10e673cde1ce10178ea9d4bd4147b2,"[""ASK WHERE { <http://www.example.com/genealogy.owl#FourSeasons_71> <http://www.w3.org/1999/02/22-rdf-syntax-ns#type> <http://www.example.com/genealogy.owl#American> }"", ""ASK WHERE { <http://www.example.com/genealogy.owl#FourSeasons_88> <http://www.w3.org/1999/02/22-rdf-syntax-ns#type> <http://www.example.com/genealogy.owl#American> }"", ""ASK WHERE { <http://www.example.com/genealogy.owl#FourSeasons_9> <http://www.w3.org/1999/02/22-rdf-syntax-ns#type> <http://www.example.com/genealogy.owl#American> }""]",FALSE,counts the identical evaluated input 3 times in per-row aggregate evaluation
bddb9137448e009154f936057d24cecd105a87854526a81151e3b37e98b5b0f2,NL,C,representational collapse,distinct formal questions collapse to one evaluated representation,3,5976;5978;5980,Pizza250,2hop,OEQA,sem-v1.1-73737d794917c1ecde99036b3adc033efcd4074ce08c0ecfc655f386455784ab;sem-v1.1-d4d899385657510a34176342b92f913e4c57bd947e18a010fe6b00a524b6e4f6;sem-v1.1-8c6d9ca585b76075a0e723a1292774d51af99c1b4cec1d6b66549ab9bb3dc192,"[""SELECT ?x WHERE { <http://www.example.com/genealogy.owl#Veneziana_213> <http://www.w3.org/1999/02/22-rdf-syntax-ns#type> ?x }"", ""SELECT ?x WHERE { <http://www.example.com/genealogy.owl#Veneziana_225> <http://www.w3.org/1999/02/22-rdf-syntax-ns#type> ?x }"", ""SELECT ?x WHERE { <http://www.example.com/genealogy.owl#Veneziana_45> <http://www.w3.org/1999/02/22-rdf-syntax-ns#type> ?x }""]",DomainConcept; Food; Pizza,counts the identical evaluated input 3 times in per-row aggregate evaluation
beaa771e2603454773580fdcafdacf5f7e0fcd388e1a9e53f8674f092edc6b99,NL,C,representational collapse,distinct formal questions collapse to one evaluated representation,5,4553;4557;5734;5738;5744,Pizza100;Pizza250,2hop,BQA,sem-v1.1-1e08bb012fa3b68366b0a4fcf73a48df829004b183775a655847d86c14894a26;sem-v1.1-cd6735810ec94b510bf6c666779936ed15275724379b4c545bcf419a42088153;sem-v1.1-d59ee85f09838bc4d9e6f0116ec20bb529a504cffcd004141bc3b97c85e4f1ef;sem-v1.1-245b51999176e37644a3f1cf892238fca9e3915dbe5b4b261f7ac5fde5604638;sem-v1.1-806cbc6f1998cdf554dd35a84b0246579403fb531d36e6c0774c70e16145d7b4,"[""ASK WHERE { <http://www.example.com/genealogy.owl#Soho_50> <http://www.example.com/genealogy.owl#hasIngredient> <http://www.example.com/genealogy.owl#GarlicTopping_dynamic_1> }"", ""ASK WHERE { <http://www.example.com/genealogy.owl#Soho_70> <http://www.example.com/genealogy.owl#hasIngredient> <http://www.example.com/genealogy.owl#GarlicTopping_dynamic_1> }"", ""ASK WHERE { <http://www.example.com/genealogy.owl#Soho_134> <http://www.example.com/genealogy.owl#hasIngredient> <http://www.example.com/genealogy.owl#GarlicTopping_dynamic_1> }"", ""ASK WHERE { <http://www.example.com/genealogy.owl#Soho_236> <http://www.example.com/genealogy.owl#hasIngredient> <http://www.example.com/genealogy.owl#GarlicTopping_dynamic_1> }"", ""ASK WHERE { <http://www.example.com/genealogy.owl#Soho_25> <http://www.example.com/genealogy.owl#hasIngredient> <http://www.example.com/genealogy.owl#GarlicTopping_dynamic_1> }""]",TRUE,counts the identical evaluated input 5 times in per-row aggregate evaluation
bf76520f07f3814f4476932fbb25468b09c5e6dca75758d708eba2e92e341217,NL,C,representational collapse,distinct formal questions collapse to one evaluated representation,2,4128;5213,Pizza100;Pizza250,1hop,OEQA,sem-v1.1-8c6a35d63fec6d70aa07b6adf526c95a841f7cfea4240b236799ea2330195f24;sem-v1.1-df3512eafef9accad5d29ba4c533965b53aa9de4f6aaf0d8609efd5745fe2c18,"[""SELECT ?x WHERE { <http://www.example.com/genealogy.owl#Capricciosa_32> <http://www.example.com/genealogy.owl#hasTopping> ?x }"", ""SELECT ?x WHERE { <http://www.example.com/genealogy.owl#Capricciosa_101> <http://www.example.com/genealogy.owl#hasTopping> ?x }""]",AnchoviesTopping_dynamic_1; CaperTopping_dynamic_1; HamTopping_dynamic_1; MozzarellaTopping_dynamic_1; OliveTopping_dynamic_1; PeperonataTopping_dynamic_1; TomatoTopping_dynamic_1,counts the identical evaluated input 2 times in per-row aggregate evaluation
c09c18bba1d1960c46b6b55e0bbe7b74e7747560c62a3b8eadef63ac959c0dd5,NL,C,representational collapse,distinct formal questions collapse to one evaluated representation,2,6435;6451,OWL2Bench,1hop,BQA,sem-v1.1-2001c36d551c7ec5899ce97059e3aaba395b31f6a3e8ddf75a4978e7ec72335d;sem-v1.1-581287861ddd735f79303d9f2449b27db592e865e4bea165830949a7c05bab6d,"[""ASK WHERE { <http://www.example.com/genealogy.owl#Student_37> <http://www.example.com/genealogy.owl#takesCourse> <http://www.example.com/genealogy.owl#Student_37> }"", ""ASK WHERE { <http://www.example.com/genealogy.owl#Student_9> <http://www.example.com/genealogy.owl#takesCourse> <http://www.example.com/genealogy.owl#Student_9> }""]",FALSE,counts the identical evaluated input 2 times in per-row aggregate evaluation
c0b74b9f870cc78da260fc1ec24eee249b88e334980f21b807601fd329b316c5,NL,C,representational collapse,distinct formal questions collapse to one evaluated representation,6,4425;4429;4433;4443;5554;5558,Pizza100;Pizza250,2hop,BQA,sem-v1.1-f2bd5f45f7c26a0dcf1d5d20093b8e8c3a43387e6e9367245a07bf8d7996a7a3;sem-v1.1-314ba51c508d1c1ad15183e64c0a623bd5a0c186a9685509f2956890b7c63390;sem-v1.1-aaec59d9970f285b6f9425b745ba34b359fd661af2a76e00ebcd2ee75b00f7b7;sem-v1.1-1fa7c17434c7c097fbb37f60ad95d21003adc7deae1653bbb543ad1ca8e0a8b8;sem-v1.1-be886b3653cdbada97bb92a79a47afa376655fcb9846f1929a6a88f08e58a21a;sem-v1.1-18c90d11b53ef91b4e50d2afdf1dd502ab012ee468a5167f01d73abcc89d2850,"[""ASK WHERE { <http://www.example.com/genealogy.owl#Margherita_20> <http://www.example.com/genealogy.owl#hasIngredient> <http://www.example.com/genealogy.owl#MozzarellaTopping_dynamic_1> }"", ""ASK WHERE { <http://www.example.com/genealogy.owl#Margherita_34> <http://www.example.com/genealogy.owl#hasIngredient> <http://www.example.com/genealogy.owl#MozzarellaTopping_dynamic_1> }"", ""ASK WHERE { <http://www.example.com/genealogy.owl#Margherita_40> <http://www.example.com/genealogy.owl#hasIngredient> <http://www.example.com/genealogy.owl#MozzarellaTopping_dynamic_1> }"", ""ASK WHERE { <http://www.example.com/genealogy.owl#Margherita_62> <http://www.example.com/genealogy.owl#hasIngredient> <http://www.example.com/genealogy.owl#MozzarellaTopping_dynamic_1> }"", ""ASK WHERE { <http://www.example.com/genealogy.owl#Margherita_12> <http://www.example.com/genealogy.owl#hasIngredient> <http://www.example.com/genealogy.owl#MozzarellaTopping_dynamic_1> }"", ""ASK WHERE { <http://www.example.com/genealogy.owl#Margherita_150> <http://www.example.com/genealogy.owl#hasIngredient> <http://www.example.com/genealogy.owl#MozzarellaTopping_dynamic_1> }""]",TRUE,counts the identical evaluated input 6 times in per-row aggregate evaluation
c1495e8de1d44adbafc40ada28d426e45b7db41147df4f205c5b3fa16157b434,NL,C,representational collapse,distinct formal questions collapse to one evaluated representation,7,4186;4189;5296;5298;5301;5304;5305,Pizza100;Pizza250,1hop,OEQA,sem-v1.1-0c23d456172414b8b8bceb0da83922b0ed8bbc7f8f16862bf4c75dd68cea3de0;sem-v1.1-8f5c840cead320b60e83bed46134d265bb56e55a465da180509edda3d3fcb78a;sem-v1.1-c8a98bd79a402f9ef270d42e47c91fb711f76ad5c39ff04993f87f91adba99ae;sem-v1.1-75aa2508425728b8011d7e8d4bb3b3d08d5c44928aeb7ff96edfbe5a87135c27;sem-v1.1-14493ec02a40bd3aa2aa2a43d5094d42df233c1c0ce5b7b648a9741235ec3363;sem-v1.1-85da9db5baf475365748ea03ffb596e5cc42e57e7d367e185263138806dbfa67;sem-v1.1-905ae907aa8dcce92edf51a4ca9bb4b412efad6a2f12e0bea1f5e95c8b72daf1,"[""SELECT ?x WHERE { <http://www.example.com/genealogy.owl#Parmense_0> <http://www.w3.org/1999/02/22-rdf-syntax-ns#type> ?x }"", ""SELECT ?x WHERE { <http://www.example.com/genealogy.owl#Parmense_18> <http://www.w3.org/1999/02/22-rdf-syntax-ns#type> ?x }"", ""SELECT ?x WHERE { <http://www.example.com/genealogy.owl#Parmense_23> <http://www.w3.org/1999/02/22-rdf-syntax-ns#type> ?x }"", ""SELECT ?x WHERE { <http://www.example.com/genealogy.owl#Parmense_30> <http://www.w3.org/1999/02/22-rdf-syntax-ns#type> ?x }"", ""SELECT ?x WHERE { <http://www.example.com/genealogy.owl#Parmense_55> <http://www.w3.org/1999/02/22-rdf-syntax-ns#type> ?x }"", ""SELECT ?x WHERE { <http://www.example.com/genealogy.owl#Parmense_78> <http://www.w3.org/1999/02/22-rdf-syntax-ns#type> ?x }"", ""SELECT ?x WHERE { <http://www.example.com/genealogy.owl#Parmense_96> <http://www.w3.org/1999/02/22-rdf-syntax-ns#type> ?x }""]",DomainConcept; Food; Pizza,counts the identical evaluated input 7 times in per-row aggregate evaluation
c160250fff9aea77010fdb62d19a5e260afabf26ad32c65eb763586d1248ce3f,NL,C,representational collapse,distinct formal questions collapse to one evaluated representation,5,3844;3846;3852;4860;4864,Pizza100;Pizza250,1hop,BQA,sem-v1.1-ff1917a2d240fba91c526ff2d66562ba001a223720739ff28c1ae7727cbd75ef;sem-v1.1-e3fc0e46262687e540b3124af45548e6af4011859ab804d205f5161b4d5a1f68;sem-v1.1-1964bbcb0f27ce7b2e20d3850327ebefdddf86ff90579066216b91afec13d483;sem-v1.1-23806d967ce9ad09c615958a209fd5b2b5fd5dde742a93ae4f3ac7002cd56a76;sem-v1.1-8690174dae236088c30439e80ce87c51c5e4ad1b73e3dd7cb171213c4fc509c8,"[""ASK WHERE { <http://www.example.com/genealogy.owl#Caprina_42> <http://www.w3.org/1999/02/22-rdf-syntax-ns#type> <http://www.example.com/genealogy.owl#Food> }"", ""ASK WHERE { <http://www.example.com/genealogy.owl#Caprina_55> <http://www.w3.org/1999/02/22-rdf-syntax-ns#type> <http://www.example.com/genealogy.owl#Food> }"", ""ASK WHERE { <http://www.example.com/genealogy.owl#Caprina_81> <http://www.w3.org/1999/02/22-rdf-syntax-ns#type> <http://www.example.com/genealogy.owl#Food> }"", ""ASK WHERE { <http://www.example.com/genealogy.owl#Caprina_133> <http://www.w3.org/1999/02/22-rdf-syntax-ns#type> <http://www.example.com/genealogy.owl#Food> }"", ""ASK WHERE { <http://www.example.com/genealogy.owl#Caprina_36> <http://www.w3.org/1999/02/22-rdf-syntax-ns#type> <http://www.example.com/genealogy.owl#Food> }""]",TRUE,counts the identical evaluated input 5 times in per-row aggregate evaluation
c227b612a0518e2b4bf09b03e7c223f4d1b5634bf0ceeb351b02ecda1b831084,NL,C,representational collapse,distinct formal questions collapse to one evaluated representation,4,3842;3850;3854;4858,Pizza100;Pizza250,1hop,BQA,sem-v1.1-b6ede3a0d667152e14d7ac53081b64c5832868eb7835f47b0d0322f5ddf81f04;sem-v1.1-6b932dc668e9c16c96476e02def3626c7f6bcd0c94a06516d5372ac180323cea;sem-v1.1-800d2842c4514225f80622dda882b8b7e331b1b2b294cc1bf55e49ed95a7805a;sem-v1.1-67294d5060e2450d3b1dfdc0f959b6fcef9ea74c31be0b428b7ee14ee6eaf033,"[""ASK WHERE { <http://www.example.com/genealogy.owl#Caprina_42> <http://www.example.com/genealogy.owl#hasTopping> <http://www.example.com/genealogy.owl#GoatsCheeseTopping_dynamic_1> }"", ""ASK WHERE { <http://www.example.com/genealogy.owl#Caprina_81> <http://www.example.com/genealogy.owl#hasTopping> <http://www.example.com/genealogy.owl#GoatsCheeseTopping_dynamic_1> }"", ""ASK WHERE { <http://www.example.com/genealogy.owl#Caprina_82> <http://www.example.com/genealogy.owl#hasTopping> <http://www.example.com/genealogy.owl#GoatsCheeseTopping_dynamic_1> }"", ""ASK WHERE { <http://www.example.com/genealogy.owl#Caprina_133> <http://www.example.com/genealogy.owl#hasTopping> <http://www.example.com/genealogy.owl#GoatsCheeseTopping_dynamic_1> }""]",TRUE,counts the identical evaluated input 4 times in per-row aggregate evaluation
c25e1139cc279c7d996705e5e3dfa6e6c6c95d3c0888a173e3c98744131f2c0d,NL,C,representational collapse,distinct formal questions collapse to one evaluated representation,4,4024;4026;5062;5066,Pizza100;Pizza250,1hop,BQA,sem-v1.1-d99b9c289ee53edc1787d6254c9ad11f133ad6ff357fb6c796679ae128c470cb;sem-v1.1-fb0a7035e09ba4f1e0f06bfce9c74ed2df2de633afb8c60defe64ba6bfe6e41b;sem-v1.1-5f83db6fb6ef5d19bca98200040d5f2d42ca497e8caad9709506e50c933d2389;sem-v1.1-e9ae63df9d6332ba51ca428f6aa1f3091e702960fdb0335062141e46df72a438,"[""ASK WHERE { <http://www.example.com/genealogy.owl#Rosa_68> <http://www.w3.org/1999/02/22-rdf-syntax-ns#type> <http://www.example.com/genealogy.owl#Food> }"", ""ASK WHERE { <http://www.example.com/genealogy.owl#Rosa_90> <http://www.w3.org/1999/02/22-rdf-syntax-ns#type> <http://www.example.com/genealogy.owl#Food> }"", ""ASK WHERE { <http://www.example.com/genealogy.owl#Rosa_166> <http://www.w3.org/1999/02/22-rdf-syntax-ns#type> <http://www.example.com/genealogy.owl#Food> }"", ""ASK WHERE { <http://www.example.com/genealogy.owl#Rosa_82> <http://www.w3.org/1999/02/22-rdf-syntax-ns#type> <http://www.example.com/genealogy.owl#Food> }""]",TRUE,counts the identical evaluated input 4 times in per-row aggregate evaluation
c26190020fe5b2c6560d7f0d92f7337930f39bfcade4c708e7d87d2dd2db4297,NL,C,representational collapse,distinct formal questions collapse to one evaluated representation,5,4708;4712;5934;5937;5938,Pizza100;Pizza250,2hop,OEQA,sem-v1.1-513c3351fa490fa037570d075c5751e0feddc2d8a4102bb83938e8526eec013f;sem-v1.1-532fceb810efb472bc9f47df1ca03b7e44b07f7d76bffbc1523e9069c1742f1a;sem-v1.1-31ea5f1f9c680f420cf0b7cc9424cf30ebbbc3aea4805152234ea7c3bd72d658;sem-v1.1-4ff42115c3e810d2fb5f6f3a646c6fe9e80a9293b15fa48863a1b70440ed3696;sem-v1.1-a4a609a674066abade89a8f0a91f590f237609b398fb0020240ff650f7fc7556,"[""SELECT ?x WHERE { <http://www.example.com/genealogy.owl#QuattroFormaggi_42> <http://www.example.com/genealogy.owl#hasIngredient> ?x }"", ""SELECT ?x WHERE { <http://www.example.com/genealogy.owl#QuattroFormaggi_89> <http://www.example.com/genealogy.owl#hasIngredient> ?x }"", ""SELECT ?x WHERE { <http://www.example.com/genealogy.owl#QuattroFormaggi_111> <http://www.example.com/genealogy.owl#hasIngredient> ?x }"", ""SELECT ?x WHERE { <http://www.example.com/genealogy.owl#QuattroFormaggi_168> <http://www.example.com/genealogy.owl#hasIngredient> ?x }"", ""SELECT ?x WHERE { <http://www.example.com/genealogy.owl#QuattroFormaggi_223> <http://www.example.com/genealogy.owl#hasIngredient> ?x }""]",FourCheesesTopping_dynamic_1; TomatoTopping_dynamic_1,counts the identical evaluated input 5 times in per-row aggregate evaluation
c402494e6968b7ebb09fd0f416439c3cb24b03d32eaef2ffd353e603ca69d694,NL,C,representational collapse,distinct formal questions collapse to one evaluated representation,5,4196;4197;5306;5311;5312,Pizza100;Pizza250,1hop,OEQA,sem-v1.1-49777635b7920babf105d120d15b50cee728ecf22e0a51948aa20302d4bc451d;sem-v1.1-2c6aaa900d4643a01fba0e553a89081cbfcc596751e5d3ea75f2dece156792b1;sem-v1.1-52c01a9cd6afe70c9e2b3fe07281d1ba7efb3ed88af53ee0276e371af62aba11;sem-v1.1-3765f77588b1ac76b70e64f8ed3ce023e5ffb476f3615e69eeffcd12a5666b8a;sem-v1.1-ff43f552996ae62a7c74392451c340cb777b013165818d7cbcb34b5f30aebaf7,"[""SELECT ?x WHERE { <http://www.example.com/genealogy.owl#PolloAdAstra_70> <http://www.w3.org/1999/02/22-rdf-syntax-ns#type> ?x }"", ""SELECT ?x WHERE { <http://www.example.com/genealogy.owl#PolloAdAstra_81> <http://www.w3.org/1999/02/22-rdf-syntax-ns#type> ?x }"", ""SELECT ?x WHERE { <http://www.example.com/genealogy.owl#PolloAdAstra_11> <http://www.w3.org/1999/02/22-rdf-syntax-ns#type> ?x }"", ""SELECT ?x WHERE { <http://www.example.com/genealogy.owl#PolloAdAstra_70> <http://www.w3.org/1999/02/22-rdf-syntax-ns#type> ?x }"", ""SELECT ?x WHERE { <http://www.example.com/genealogy.owl#PolloAdAstra_95> <http://www.w3.org/1999/02/22-rdf-syntax-ns#type> ?x }""]",DomainConcept; Food; Pizza,counts the identical evaluated input 5 times in per-row aggregate evaluation
c4b313d766f31f9e97c906302a820ebe4755c4eb052ce1a653692afe344ccc4a,NL,C,representational collapse,distinct formal questions collapse to one evaluated representation,4,4249;5357;5358;5361,Pizza100;Pizza250,1hop,OEQA,sem-v1.1-1731fd22b900652f34e539987ab7f25c6cf1291412e511d46440ce6714c1ef34;sem-v1.1-8bc4e1ab673d24b3b56446fe3e133ff1a32df240f4c59363696167dbc5e8c02d;sem-v1.1-f3d24284f2fdd51abe4d8a680506fe9d811aabf781b9b1c74d6a54c03de4434a;sem-v1.1-be1ecc803480afb87f027812b7837defaf9b23be6901229819a8969cd9b8f03d,"[""SELECT ?x WHERE { <http://www.example.com/genealogy.owl#Veneziana_87> <http://www.w3.org/1999/02/22-rdf-syntax-ns#type> ?x }"", ""SELECT ?x WHERE { <http://www.example.com/genealogy.owl#Veneziana_153> <http://www.w3.org/1999/02/22-rdf-syntax-ns#type> ?x }"", ""SELECT ?x WHERE { <http://www.example.com/genealogy.owl#Veneziana_213> <http://www.w3.org/1999/02/22-rdf-syntax-ns#type> ?x }"", ""SELECT ?x WHERE { <http://www.example.com/genealogy.owl#Veneziana_45> <http://www.w3.org/1999/02/22-rdf-syntax-ns#type> ?x }""]",DomainConcept; Food; Pizza,counts the identical evaluated input 4 times in per-row aggregate evaluation
c4bc1af9a5d01e092206e2dc5fc2e4767d4b6ae39efb30a441ad03f7bb639e21,NL,C,representational collapse,distinct formal questions collapse to one evaluated representation,4,4696;5913;5917;5919,Pizza100;Pizza250,2hop,OEQA,sem-v1.1-df65830368ec60ef0fc62bba1c760fb7c70dab81ac7bb334748315aa4ab59e89;sem-v1.1-8deb479fecaee47cc07b3c0477662bbf6aad604a55b67c5b374c2a41cf6ab7de;sem-v1.1-4fd6cdd2e8f33448e8a294a5672043ad3b57a42f181976b01290137fe4fcffd9;sem-v1.1-c7205379cc39e5d97962f8bb1030bb1a187f3d46f53bb909a32d5844a1f3be28,"[""SELECT ?x WHERE { <http://www.example.com/genealogy.owl#PolloAdAstra_9> <http://www.example.com/genealogy.owl#hasTopping> ?x }"", ""SELECT ?x WHERE { <http://www.example.com/genealogy.owl#PolloAdAstra_18> <http://www.example.com/genealogy.owl#hasTopping> ?x }"", ""SELECT ?x WHERE { <http://www.example.com/genealogy.owl#PolloAdAstra_22> <http://www.example.com/genealogy.owl#hasTopping> ?x }"", ""SELECT ?x WHERE { <http://www.example.com/genealogy.owl#PolloAdAstra_33> <http://www.example.com/genealogy.owl#hasTopping> ?x }""]",CajunSpiceTopping_dynamic_1; ChickenTopping_dynamic_1; GarlicTopping_dynamic_1; MozzarellaTopping_dynamic_1; RedOnionTopping_dynamic_1; SweetPepperTopping_dynamic_1; TomatoTopping_dynamic_1,counts the identical evaluated input 4 times in per-row aggregate evaluation
c4bc682499cdf6bc6e87c92a39dd35362a558a6080dd3e0c60a2b55bf70ddfa8,NL,C,representational collapse,distinct formal questions collapse to one evaluated representation,2,2317;2321,FamilyOWL,2hop,BQA,sem-v1.1-30061b44a41a4d2cba73f04518d4a59c97304005d0ed2e164cea578358e56c0e;sem-v1.1-cb95d9dd74ffb6fc0df88577dacad7743c798402ac188e350d06c57651381adc,"[""ASK WHERE { <http://www.example.com/genealogy.owl#james_archer_1840> <http://www.w3.org/1999/02/22-rdf-syntax-ns#type> <http://www.example.com/genealogy.owl#Man> }"", ""ASK WHERE { <http://www.example.com/genealogy.owl#james_archer_1887> <http://www.w3.org/1999/02/22-rdf-syntax-ns#type> <http://www.example.com/genealogy.owl#Man> }""]",TRUE,counts the identical evaluated input 2 times in per-row aggregate evaluation
c4cf6477361d6f1eed78dd5af43dbfc9653aa0a7b58b758eff84e5c3de29f757,NL,C,representational collapse,distinct formal questions collapse to one evaluated representation,3,3901;4923;4927,Pizza100;Pizza250,1hop,BQA,sem-v1.1-ebc47e28c56aeed0565c31e4b13a8fc62e0188e077f3e97efc9dc98823a6815d;sem-v1.1-3b5458881afb07e513f2799e219346995179366a9278006adf0829c4a162c809;sem-v1.1-bd890602566d1c534802e81226b5ca782f344b2e0bfc1bd4cf2293fc5208ba9c,"[""ASK WHERE { <http://www.example.com/genealogy.owl#Giardiniera_79> <http://www.example.com/genealogy.owl#hasIngredient> <http://www.example.com/genealogy.owl#Giardiniera_79> }"", ""ASK WHERE { <http://www.example.com/genealogy.owl#Giardiniera_176> <http://www.example.com/genealogy.owl#hasIngredient> <http://www.example.com/genealogy.owl#Giardiniera_176> }"", ""ASK WHERE { <http://www.example.com/genealogy.owl#Giardiniera_226> <http://www.example.com/genealogy.owl#hasIngredient> <http://www.example.com/genealogy.owl#Giardiniera_226> }""]",FALSE,counts the identical evaluated input 3 times in per-row aggregate evaluation
c7251cfbc55ac784ecfb675912b841c44731dae77a49a80e496a3ba19ff1f017,NL,C,representational collapse,distinct formal questions collapse to one evaluated representation,2,5634;5636,Pizza250,2hop,BQA,sem-v1.1-aebbcf04b33e90a9a4dd4c8fa76650a064eadff3a6f9caec256860c71e09cd9b;sem-v1.1-f7d898149a8209aefff389f9ed7a77a7e2b6aa24f19f7ffd09000aca72223ef1,"[""ASK WHERE { <http://www.example.com/genealogy.owl#PolloAdAstra_115> <http://www.example.com/genealogy.owl#hasIngredient> <http://www.example.com/genealogy.owl#CajunSpiceTopping_dynamic_1> }"", ""ASK WHERE { <http://www.example.com/genealogy.owl#PolloAdAstra_205> <http://www.example.com/genealogy.owl#hasIngredient> <http://www.example.com/genealogy.owl#CajunSpiceTopping_dynamic_1> }""]",TRUE,counts the identical evaluated input 2 times in per-row aggregate evaluation
c737bc6925173f96b3f1e0b1c36437ea7aae914d7d9931d6b31aa3518e44a371,NL,C,representational collapse,distinct formal questions collapse to one evaluated representation,4,4338;4340;4344;5471,Pizza100;Pizza250,2hop,BQA,sem-v1.1-aacb1e0bd03e4c1518fb610af50b0c55c5700774e8a686de96dffcebfec56eb2;sem-v1.1-5afbf2a3c4344fe30b434374891fc27e4b3f6d2a9501e98169039c2257c559de;sem-v1.1-58468cda641d77c9700b687910e6b558a350f3965ea42da152c8b45bf0d36fe5;sem-v1.1-f975825527cc7b5223c9db4250b732766cabab096eee7e31b7becd360dafcf0f,"[""ASK WHERE { <http://www.example.com/genealogy.owl#Caprina_42> <http://www.w3.org/1999/02/22-rdf-syntax-ns#type> <http://www.example.com/genealogy.owl#American> }"", ""ASK WHERE { <http://www.example.com/genealogy.owl#Caprina_55> <http://www.w3.org/1999/02/22-rdf-syntax-ns#type> <http://www.example.com/genealogy.owl#American> }"", ""ASK WHERE { <http://www.example.com/genealogy.owl#Caprina_72> <http://www.w3.org/1999/02/22-rdf-syntax-ns#type> <http://www.example.com/genealogy.owl#American> }"", ""ASK WHERE { <http://www.example.com/genealogy.owl#Caprina_227> <http://www.w3.org/1999/02/22-rdf-syntax-ns#type> <http://www.example.com/genealogy.owl#American> }""]",FALSE,counts the identical evaluated input 4 times in per-row aggregate evaluation
c7ded7e79859146928f4d49f4474ceb9a654c31808da7d012700144542e2b05a,NL,C,representational collapse,distinct formal questions collapse to one evaluated representation,8,3788;3794;3810;3812;3814;4804;4806;4810,Pizza100;Pizza250,1hop,BQA,sem-v1.1-6a733a330b61638e473f2367e4deb0187377a41d29b29023513778b121e1fdf2;sem-v1.1-c5ad0daa43f73cc88a594470ee538c825a9f361cf678625f557afdfef9aebd06;sem-v1.1-bd892feccf9527b06808aa2b7287a75a21ca9a6fe6a458466f01a8a4b26e7569;sem-v1.1-47661cf40d642109b2d01a2bb3e296d2a7790ce239d164f8db2612bb43d18a7f;sem-v1.1-523116a779b9da828f6d7288a14416632de51827afcaea24cb652478e11e6ba5;sem-v1.1-83fe0c9ff6bf5ea702030ac9c2b76df3ac1db4a51b0012d4795590d85109bec8;sem-v1.1-7d9b8a766b36793a1347a4a43b874ac9ac455fb3ba7d217787ba6765d600b550;sem-v1.1-18afa942cfa4c599ddb18bf107197e5241d84f74817db4058bf6d651aef20aa4,"[""ASK WHERE { <http://www.example.com/genealogy.owl#American_19> <http://www.example.com/genealogy.owl#hasIngredient> <http://www.example.com/genealogy.owl#MozzarellaTopping_dynamic_1> }"", ""ASK WHERE { <http://www.example.com/genealogy.owl#American_28> <http://www.example.com/genealogy.owl#hasIngredient> <http://www.example.com/genealogy.owl#MozzarellaTopping_dynamic_1> }"", ""ASK WHERE { <http://www.example.com/genealogy.owl#American_83> <http://www.example.com/genealogy.owl#hasIngredient> <http://www.example.com/genealogy.owl#MozzarellaTopping_dynamic_1> }"", ""ASK WHERE { <http://www.example.com/genealogy.owl#American_85> <http://www.example.com/genealogy.owl#hasIngredient> <http://www.example.com/genealogy.owl#MozzarellaTopping_dynamic_1> }"", ""ASK WHERE { <http://www.example.com/genealogy.owl#American_88> <http://www.example.com/genealogy.owl#hasIngredient> <http://www.example.com/genealogy.owl#MozzarellaTopping_dynamic_1> }"", ""ASK WHERE { <http://www.example.com/genealogy.owl#American_215> <http://www.example.com/genealogy.owl#hasIngredient> <http://www.example.com/genealogy.owl#MozzarellaTopping_dynamic_1> }"", ""ASK WHERE { <http://www.example.com/genealogy.owl#American_245> <http://www.example.com/genealogy.owl#hasIngredient> <http://www.example.com/genealogy.owl#MozzarellaTopping_dynamic_1> }"", ""ASK WHERE { <http://www.example.com/genealogy.owl#American_27> <http://www.example.com/genealogy.owl#hasIngredient> <http://www.example.com/genealogy.owl#MozzarellaTopping_dynamic_1> }""]",TRUE,counts the identical evaluated input 8 times in per-row aggregate evaluation
c815cf41251ebe4eb8aa55b243ac0585711147f35b91824c8552f873d20ef28e,NL,C,representational collapse,distinct formal questions collapse to one evaluated representation,6,4285;4291;5392;5396;5408;5410,Pizza100;Pizza250,2hop,BQA,sem-v1.1-389128e40a13bfb2bf204c1248a15b91e261415398c88190c778b629aa30acb0;sem-v1.1-15f05fff007946e1401c6e3cc146774c21a399da24e7667e4c04b323744aaeef;sem-v1.1-1dff1b291a793addb821d3ba7a66b5d0a0918948eec351ada8d691633fb4077a;sem-v1.1-d85097d00381f526fcb749c7486de6aab7be4e417e32c924d8413d749700a287;sem-v1.1-4c666bdff2da1e4c421900304b36a86de96a4292572f2193e20b675ccbe8d885;sem-v1.1-9842e7bbaf1c59b602724e2c2a8c0237b0a5a7b875174d7c835c105232fd1e39,"[""ASK WHERE { <http://www.example.com/genealogy.owl#AmericanHot_57> <http://www.w3.org/1999/02/22-rdf-syntax-ns#type> <http://www.example.com/genealogy.owl#Food> }"", ""ASK WHERE { <http://www.example.com/genealogy.owl#AmericanHot_72> <http://www.w3.org/1999/02/22-rdf-syntax-ns#type> <http://www.example.com/genealogy.owl#Food> }"", ""ASK WHERE { <http://www.example.com/genealogy.owl#AmericanHot_177> <http://www.w3.org/1999/02/22-rdf-syntax-ns#type> <http://www.example.com/genealogy.owl#Food> }"", ""ASK WHERE { <http://www.example.com/genealogy.owl#AmericanHot_199> <http://www.w3.org/1999/02/22-rdf-syntax-ns#type> <http://www.example.com/genealogy.owl#Food> }"", ""ASK WHERE { <http://www.example.com/genealogy.owl#AmericanHot_64> <http://www.w3.org/1999/02/22-rdf-syntax-ns#type> <http://www.example.com/genealogy.owl#Food> }"", ""ASK WHERE { <http://www.example.com/genealogy.owl#AmericanHot_79> <http://www.w3.org/1999/02/22-rdf-syntax-ns#type> <http://www.example.com/genealogy.owl#Food> }""]",TRUE,counts the identical evaluated input 6 times in per-row aggregate evaluation
c890d2e876b3d07a9a173b0474939dddbf7c18ac36488621d7cd2963b0ca3b4a,NL,C,representational collapse,distinct formal questions collapse to one evaluated representation,7,3821;4815;4817;4821;4823;4833;4835,Pizza100;Pizza250,1hop,BQA,sem-v1.1-8bf6cd0d7ceed30d89d695d24da671dce8d81b6e91009c967b0d4a867d2f9c15;sem-v1.1-5b8797de9b6d76a5f5e3e13aa2ce96c6bd193e48b48ef0da2649d465d3c35709;sem-v1.1-618add5c4b2e7c482863d7d1b723393463cf1cd0b43e0b98678fe999ad717e44;sem-v1.1-6e7e4c0ac0ef93ca1e3126d61f39eb43bee5f46184820e56adff1064d7f4fac2;sem-v1.1-80df3bb31aa45b0b4eabf518a16660f2c60470c72c6551b08a6b6ea0586d3a77;sem-v1.1-6ba512129fea40086eb34db9b4b84cbfd327628eaa250912c6e030168895736b;sem-v1.1-ed49f7db296a3d61a69ff640e4aa0e5710eb7f066f2746e49ae3063b185be91e,"[""ASK WHERE { <http://www.example.com/genealogy.owl#Cajun_20> <http://www.example.com/genealogy.owl#hasIngredient> <http://www.example.com/genealogy.owl#Cajun_20> }"", ""ASK WHERE { <http://www.example.com/genealogy.owl#Cajun_108> <http://www.example.com/genealogy.owl#hasIngredient> <http://www.example.com/genealogy.owl#Cajun_108> }"", ""ASK WHERE { <http://www.example.com/genealogy.owl#Cajun_110> <http://www.example.com/genealogy.owl#hasIngredient> <http://www.example.com/genealogy.owl#Cajun_110> }"", ""ASK WHERE { <http://www.example.com/genealogy.owl#Cajun_138> <http://www.example.com/genealogy.owl#hasIngredient> <http://www.example.com/genealogy.owl#Cajun_138> }"", ""ASK WHERE { <http://www.example.com/genealogy.owl#Cajun_17> <http://www.example.com/genealogy.owl#hasIngredient> <http://www.example.com/genealogy.owl#Cajun_17> }"", ""ASK WHERE { <http://www.example.com/genealogy.owl#Cajun_198> <http://www.example.com/genealogy.owl#hasIngredient> <http://www.example.com/genealogy.owl#Cajun_198> }"", ""ASK WHERE { <http://www.example.com/genealogy.owl#Cajun_229> <http://www.example.com/genealogy.owl#hasIngredient> <http://www.example.com/genealogy.owl#Cajun_229> }""]",FALSE,counts the identical evaluated input 7 times in per-row aggregate evaluation
ca6ce9be75043c401b91553edc795a946378ae2984ea863f76e25456b7aa9599,NL,C,representational collapse,distinct formal questions collapse to one evaluated representation,4,4123;5201;5207;5211,Pizza100;Pizza250,1hop,OEQA,sem-v1.1-1a5d127200a833de8273d0728ebd428d88fbede915f310d4dfacb6d3a31d6f7b;sem-v1.1-444ac96a44345cc74b60b0cfc969939ef7f8dcced11bf33df8ea23ec75b955f7;sem-v1.1-a3852a4fa1f404d08acaec2edd59850bfa648b95185b27c1a649f85b79508aeb;sem-v1.1-71487eb9cc3f8cf11227a9285fc99e0c0a9f88443c1c656deff11dc4c579b6ee,"[""SELECT ?x WHERE { <http://www.example.com/genealogy.owl#Cajun_49> <http://www.example.com/genealogy.owl#hasIngredient> ?x }"", ""SELECT ?x WHERE { <http://www.example.com/genealogy.owl#Cajun_110> <http://www.example.com/genealogy.owl#hasIngredient> ?x }"", ""SELECT ?x WHERE { <http://www.example.com/genealogy.owl#Cajun_181> <http://www.example.com/genealogy.owl#hasIngredient> ?x }"", ""SELECT ?x WHERE { <http://www.example.com/genealogy.owl#Cajun_92> <http://www.example.com/genealogy.owl#hasIngredient> ?x }""]",MozzarellaTopping_dynamic_1; OnionTopping_dynamic_1; PeperonataTopping_dynamic_1; PrawnsTopping_dynamic_1; TobascoPepperSauce_dynamic_1; TomatoTopping_dynamic_1,counts the identical evaluated input 4 times in per-row aggregate evaluation
cb35a79a7023da3cf8a43d11c91ccf1772d53852e47e1c816b052506c9845b73,NL,C,representational collapse,distinct formal questions collapse to one evaluated representation,5,3992;3998;4002;5036;5040,Pizza100;Pizza250,1hop,BQA,sem-v1.1-c03135bc61ae7b8be0acde57bfbe2e1fe9bfc5bcbaaca7e7a6a8f21289b19ec4;sem-v1.1-58c52b7c06617661c355f7662a7760fad937d8862dcca2a9bea391b2e9aecbf4;sem-v1.1-e38048b1a221c5a440e095673cb0d84ea6b0f23541be120f2125002753f585f8;sem-v1.1-310cb0c557054b80834e622e76a9c9ec7cda322fe05db48ad31ab4f2504100c3;sem-v1.1-365ea6c37fa8884898c2bc12cf3c04b7d7d5c474d66e62bcda3dfb595a7ec15b,"[""ASK WHERE { <http://www.example.com/genealogy.owl#PrinceCarlo_44> <http://www.w3.org/1999/02/22-rdf-syntax-ns#type> <http://www.example.com/genealogy.owl#Food> }"", ""ASK WHERE { <http://www.example.com/genealogy.owl#PrinceCarlo_74> <http://www.w3.org/1999/02/22-rdf-syntax-ns#type> <http://www.example.com/genealogy.owl#Food> }"", ""ASK WHERE { <http://www.example.com/genealogy.owl#PrinceCarlo_90> <http://www.w3.org/1999/02/22-rdf-syntax-ns#type> <http://www.example.com/genealogy.owl#Food> }"", ""ASK WHERE { <http://www.example.com/genealogy.owl#PrinceCarlo_39> <http://www.w3.org/1999/02/22-rdf-syntax-ns#type> <http://www.example.com/genealogy.owl#Food> }"", ""ASK WHERE { <http://www.example.com/genealogy.owl#PrinceCarlo_8> <http://www.w3.org/1999/02/22-rdf-syntax-ns#type> <http://www.example.com/genealogy.owl#Food> }""]",TRUE,counts the identical evaluated input 5 times in per-row aggregate evaluation
cb79c617724f511b7b530b7a7d0cd75b78da853484d5d153aa7e519fec8f7ef6,NL,C,representational collapse,distinct formal questions collapse to one evaluated representation,2,4596;5796,Pizza100;Pizza250,2hop,OEQA,sem-v1.1-55ad8b2657c9fbe05f2b37154949b81d5b976d230a6574baeab56ebedcdd7248;sem-v1.1-3952e8ee89f303dc5a1bac249fd9b6c85733b5cd0bb4b2c1377bef013ac5fc64,"[""SELECT ?x WHERE { <http://www.example.com/genealogy.owl#AmericanHot_72> <http://www.w3.org/1999/02/22-rdf-syntax-ns#type> ?x }"", ""SELECT ?x WHERE { <http://www.example.com/genealogy.owl#AmericanHot_179> <http://www.w3.org/1999/02/22-rdf-syntax-ns#type> ?x }""]",DomainConcept; Food; Pizza,counts the identical evaluated input 2 times in per-row aggregate evaluation
cb905409cbd6b007c80e23ad8a07831befb44a0fc6836e66bc2c9f8547ed38ea,NL,C,representational collapse,distinct formal questions collapse to one evaluated representation,2,4126;5216,Pizza100;Pizza250,1hop,OEQA,sem-v1.1-68f07683c3ffbeaa29d820301c064736b00f03b54f724d4d2694913f9204b696;sem-v1.1-62c54d38e10f00d1207c4f25ae7be955f0da7510d00dbc71f338e2085038078a,"[""SELECT ?x WHERE { <http://www.example.com/genealogy.owl#Capricciosa_0> <http://www.w3.org/1999/02/22-rdf-syntax-ns#type> ?x }"", ""SELECT ?x WHERE { <http://www.example.com/genealogy.owl#Capricciosa_47> <http://www.w3.org/1999/02/22-rdf-syntax-ns#type> ?x }""]",DomainConcept; Food; Pizza,counts the identical evaluated input 2 times in per-row aggregate evaluation
ccba5cf3aa9476c2e23a7e0ab3fa4eb4d47724f0f47a5fbcd516fd187d0beafc,NL,C,representational collapse,distinct formal questions collapse to one evaluated representation,5,3881;3885;3891;4903;4909,Pizza100;Pizza250,1hop,BQA,sem-v1.1-ffd6f7212058df6fc605dddfee9ad208f3facca435d96a0990b4971b718d0d09;sem-v1.1-d35bb5d0b318d02307c248641046014ce09764cefbd6c34fbce95fb941611e14;sem-v1.1-973f27c8a428d43413c2b00830549e225ac1618d1905d7cdf3b2edb8be686fdf;sem-v1.1-6425de456ccbf4d19a0625072f5ccc6c898a74e72746d057c31cdcde0b37f2d5;sem-v1.1-ae36bca24589fc59af2f2afb29672c9a5b98e349fd1d16b894c8f11046aa748a,"[""ASK WHERE { <http://www.example.com/genealogy.owl#FruttiDiMare_13> <http://www.example.com/genealogy.owl#hasIngredient> <http://www.example.com/genealogy.owl#FruttiDiMare_13> }"", ""ASK WHERE { <http://www.example.com/genealogy.owl#FruttiDiMare_36> <http://www.example.com/genealogy.owl#hasIngredient> <http://www.example.com/genealogy.owl#FruttiDiMare_36> }"", ""ASK WHERE { <http://www.example.com/genealogy.owl#FruttiDiMare_93> <http://www.example.com/genealogy.owl#hasIngredient> <http://www.example.com/genealogy.owl#FruttiDiMare_93> }"", ""ASK WHERE { <http://www.example.com/genealogy.owl#FruttiDiMare_114> <http://www.example.com/genealogy.owl#hasIngredient> <http://www.example.com/genealogy.owl#FruttiDiMare_114> }"", ""ASK WHERE { <http://www.example.com/genealogy.owl#FruttiDiMare_163> <http://www.example.com/genealogy.owl#hasIngredient> <http://www.example.com/genealogy.owl#FruttiDiMare_163> }""]",FALSE,counts the identical evaluated input 5 times in per-row aggregate evaluation
cd510ff997fb382a3d62239728d7c0161b548cfed742af19c76e2e0a12ca15f9,NL,C,representational collapse,distinct formal questions collapse to one evaluated representation,3,5477;5487;5493,Pizza250,2hop,BQA,sem-v1.1-b98996941922a925611ac4e98a8970eef30637f34c7a089fb5574dd4d60e0741;sem-v1.1-d30b76228f0262fa418ab8262382c60fdc8b7d2b87309cb417f359236ac0886e;sem-v1.1-af06d999586822e0e270591b42572ef1d40a16bb31f5fd462f765f1e2c05cbd1,"[""ASK WHERE { <http://www.example.com/genealogy.owl#Fiorentina_130> <http://www.w3.org/1999/02/22-rdf-syntax-ns#type> <http://www.example.com/genealogy.owl#American> }"", ""ASK WHERE { <http://www.example.com/genealogy.owl#Fiorentina_222> <http://www.w3.org/1999/02/22-rdf-syntax-ns#type> <http://www.example.com/genealogy.owl#American> }"", ""ASK WHERE { <http://www.example.com/genealogy.owl#Fiorentina_84> <http://www.w3.org/1999/02/22-rdf-syntax-ns#type> <http://www.example.com/genealogy.owl#American> }""]",FALSE,counts the identical evaluated input 3 times in per-row aggregate evaluation
d0631afb3d8475bc975a746075f2911aea0feef6cf22d83aa9759b0a85ce0fac,NL,C,representational collapse,distinct formal questions collapse to one evaluated representation,2,4400;5535,Pizza100;Pizza250,2hop,BQA,sem-v1.1-ebac034c0f1a713397c15cf6fe9464624d52a886a8921fec25d4b74539855206;sem-v1.1-cf54ab3c8751fe168b5d1587e93c4cf893c7945697059b539c6723d99aa51d0e,"[""ASK WHERE { <http://www.example.com/genealogy.owl#Giardiniera_56> <http://www.w3.org/1999/02/22-rdf-syntax-ns#type> <http://www.example.com/genealogy.owl#American> }"", ""ASK WHERE { <http://www.example.com/genealogy.owl#Giardiniera_206> <http://www.w3.org/1999/02/22-rdf-syntax-ns#type> <http://www.example.com/genealogy.owl#American> }""]",FALSE,counts the identical evaluated input 2 times in per-row aggregate evaluation
d0dd80e14c6cca8c901f2b31e26676c6c1e897b26317a68d92828b6898781786,FS,D,other,incidental cross-dataset duplicate with the same formal query and gold semantics; no evidence it was intentionally duplicated,2,4196;5311,Pizza100;Pizza250,1hop,OEQA,sem-v1.1-49777635b7920babf105d120d15b50cee728ecf22e0a51948aa20302d4bc451d;sem-v1.1-3765f77588b1ac76b70e64f8ed3ce023e5ffb476f3615e69eeffcd12a5666b8a,"[""SELECT ?x WHERE { <http://www.example.com/genealogy.owl#PolloAdAstra_70> <http://www.w3.org/1999/02/22-rdf-syntax-ns#type> ?x }"", ""SELECT ?x WHERE { <http://www.example.com/genealogy.owl#PolloAdAstra_70> <http://www.w3.org/1999/02/22-rdf-syntax-ns#type> ?x }""]",DomainConcept; Food; Pizza,counts the identical evaluated input 2 times in per-row aggregate evaluation
d14c0773bb65fa3d8baada5b20c79a99aac720655d9d74f37850346710674ac3,NL,C,representational collapse,distinct formal questions collapse to one evaluated representation,7,4662;4664;4668;4670;4672;5876;5880,Pizza100;Pizza250,2hop,OEQA,sem-v1.1-b9a3d7e213244b89f9385aff5d8f7ecedc7ae65cfe7c93442382dc2097aa585f;sem-v1.1-290c58b6d7fb59cd692b2709fb8f0d2195b1d113f1ab32505b33322a24447d37;sem-v1.1-5b63f75da0d2f77db28608de1c3b847089e6be31a31a149e50d7edbeb15b2231;sem-v1.1-4b82fc09c4981bfaaeb4102729543685eb6c8677d67043e76b60f21ab724021d;sem-v1.1-3b7914517a2a5d248f4b88fef162f345f00e26488cad449dbb158d8714ea4ced;sem-v1.1-c4baf605b33a277deabfd8f72a10c11bb70f9d3c9d329c3785ce0b7783ef1f52;sem-v1.1-679944507c7cbc64915e8120800ed31458813cef702b8270d275be206c29ed3c,"[""SELECT ?x WHERE { <http://www.example.com/genealogy.owl#Margherita_20> <http://www.example.com/genealogy.owl#hasIngredient> ?x }"", ""SELECT ?x WHERE { <http://www.example.com/genealogy.owl#Margherita_34> <http://www.example.com/genealogy.owl#hasIngredient> ?x }"", ""SELECT ?x WHERE { <http://www.example.com/genealogy.owl#Margherita_40> <http://www.example.com/genealogy.owl#hasIngredient> ?x }"", ""SELECT ?x WHERE { <http://www.example.com/genealogy.owl#Margherita_48> <http://www.example.com/genealogy.owl#hasIngredient> ?x }"", ""SELECT ?x WHERE { <http://www.example.com/genealogy.owl#Margherita_60> <http://www.example.com/genealogy.owl#hasIngredient> ?x }"", ""SELECT ?x WHERE { <http://www.example.com/genealogy.owl#Margherita_150> <http://www.example.com/genealogy.owl#hasIngredient> ?x }"", ""SELECT ?x WHERE { <http://www.example.com/genealogy.owl#Margherita_73> <http://www.example.com/genealogy.owl#hasIngredient> ?x }""]",MozzarellaTopping_dynamic_1; TomatoTopping_dynamic_1,counts the identical evaluated input 7 times in per-row aggregate evaluation
d15ab6464357970b2a96015e9a92938e6887e097ea71cb1cc7fd2c7f7d5e80c0,NL,C,representational collapse,distinct formal questions collapse to one evaluated representation,3,4568;5751;5753,Pizza100;Pizza250,2hop,BQA,sem-v1.1-4dcae95d05e8026dfb951fbf85af711ab804c2f33a5d2ee38ecb20b032071532;sem-v1.1-88f1b8f8b5408043210d380cd1301a4e7d3965bb2129b9ff7b57b019c3e1dffa;sem-v1.1-c7d373be5fa02387c5eac62f1df753c08ba8a83f19f0f78cf459453e1449c76e,"[""ASK WHERE { <http://www.example.com/genealogy.owl#Veneziana_59> <http://www.example.com/genealogy.owl#hasTopping> <http://www.example.com/genealogy.owl#AmericanHot_1> }"", ""ASK WHERE { <http://www.example.com/genealogy.owl#Veneziana_141> <http://www.example.com/genealogy.owl#hasTopping> <http://www.example.com/genealogy.owl#AmericanHot_131> }"", ""ASK WHERE { <http://www.example.com/genealogy.owl#Veneziana_153> <http://www.example.com/genealogy.owl#hasTopping> <http://www.example.com/genealogy.owl#AmericanHot_131> }""]",FALSE,counts the identical evaluated input 3 times in per-row aggregate evaluation
d1a5b6a357885d35fdaabedd2e77501957fd89f463d7d5d8cb181c407b8c3cc3,NL,C,representational collapse,distinct formal questions collapse to one evaluated representation,5,4037;4043;5091;5095;5105,Pizza100;Pizza250,1hop,BQA,sem-v1.1-8d7d7b84f9851152f741e55e9e210bfc113010b1ec6a4a53c1cb547bdc58e9b4;sem-v1.1-506bf03281d0cc0d0d45c8d0685b67df8e4678f107bd4278596e7d75212a443c;sem-v1.1-50050e00a24b8a2efbb6972c32752e5d7af3dc844338e95328f4d8586bcf2f5f;sem-v1.1-ff670a0a474f20630e0a873afb6d9db8d0c637cb68f4c823d8d3e7ef0060f15e;sem-v1.1-b874ab043b4c003c7e5a3e0bbabe53f5af5da760d33e450c9c784329ca187231,"[""ASK WHERE { <http://www.example.com/genealogy.owl#SloppyGiuseppe_23> <http://www.example.com/genealogy.owl#hasTopping> <http://www.example.com/genealogy.owl#GreenPepperTopping_dynamic_1> }"", ""ASK WHERE { <http://www.example.com/genealogy.owl#SloppyGiuseppe_98> <http://www.example.com/genealogy.owl#hasTopping> <http://www.example.com/genealogy.owl#GreenPepperTopping_dynamic_1> }"", ""ASK WHERE { <http://www.example.com/genealogy.owl#SloppyGiuseppe_132> <http://www.example.com/genealogy.owl#hasTopping> <http://www.example.com/genealogy.owl#GreenPepperTopping_dynamic_1> }"", ""ASK WHERE { <http://www.example.com/genealogy.owl#SloppyGiuseppe_148> <http://www.example.com/genealogy.owl#hasTopping> <http://www.example.com/genealogy.owl#GreenPepperTopping_dynamic_1> }"", ""ASK WHERE { <http://www.example.com/genealogy.owl#SloppyGiuseppe_58> <http://www.example.com/genealogy.owl#hasTopping> <http://www.example.com/genealogy.owl#GreenPepperTopping_dynamic_1> }""]",TRUE,counts the identical evaluated input 5 times in per-row aggregate evaluation
d1d181748202c1101793a0fb02b21d6f597d6ee94ddde5568dc16c9476f3d3cf,NL,C,representational collapse,distinct formal questions collapse to one evaluated representation,2,913;917,FamilyOWL,1hop,BQA,sem-v1.1-e529a920515e67ed2f7412e571628dd2dccb973f50db6906cbc08b2fbac09f7a;sem-v1.1-7bdde72f9c706a7f83e3fcd7d274f94f5088c69290170b66a3e415cb8365efc5,"[""ASK WHERE { <http://www.example.com/genealogy.owl#mary_tacey_1808> <http://www.example.com/genealogy.owl#hasFather> <http://www.example.com/genealogy.owl#ada_rachel_heath_1868> }"", ""ASK WHERE { <http://www.example.com/genealogy.owl#mary_tacey_1809> <http://www.example.com/genealogy.owl#hasMother> <http://www.example.com/genealogy.owl#ada_rachel_heath_1868> }""]",FALSE,counts the identical evaluated input 2 times in per-row aggregate evaluation
d2594d768a3549a90f3151424826d972cb38bd578ff2b7cf29a30e93a27be65f,NL,C,representational collapse,distinct formal questions collapse to one evaluated representation,6,4228;4229;4231;5328;5329;5330,Pizza100;Pizza250,1hop,OEQA,sem-v1.1-3138830166c71fe00bcc155abdeb2c0550f4ca64ea0fe1c844b3ad8f5bcef841;sem-v1.1-318514541b03dd18a05556f887f70a57cc6eaf2b8960c2470116dd06e6003cfb;sem-v1.1-2acbd584f1fa67a071436c6f5242e2c7857dc3b6bb84af8730d3089b4e194fbb;sem-v1.1-2e4a103f61e409cf60f2644ec97976325dd9f0e46486287f09fc312a0a1ff75f;sem-v1.1-a442539995e9ebbd36068f8eb4bb8bc6a1b66432ebd0ca2cb409d6e6914974d4;sem-v1.1-2caf2f79323cfda98c6c33d17c23432885db5b2f90928f4134be10d674c0cc2a,"[""SELECT ?x WHERE { <http://www.example.com/genealogy.owl#Siciliana_40> <http://www.example.com/genealogy.owl#hasTopping> ?x }"", ""SELECT ?x WHERE { <http://www.example.com/genealogy.owl#Siciliana_45> <http://www.example.com/genealogy.owl#hasTopping> ?x }"", ""SELECT ?x WHERE { <http://www.example.com/genealogy.owl#Siciliana_47> <http://www.example.com/genealogy.owl#hasTopping> ?x }"", ""SELECT ?x WHERE { <http://www.example.com/genealogy.owl#Siciliana_0> <http://www.example.com/genealogy.owl#hasTopping> ?x }"", ""SELECT ?x WHERE { <http://www.example.com/genealogy.owl#Siciliana_109> <http://www.example.com/genealogy.owl#hasTopping> ?x }"", ""SELECT ?x WHERE { <http://www.example.com/genealogy.owl#Siciliana_113> <http://www.example.com/genealogy.owl#hasTopping> ?x }""]",AnchoviesTopping_dynamic_1; ArtichokeTopping_dynamic_1; GarlicTopping_dynamic_1; HamTopping_dynamic_1; MozzarellaTopping_dynamic_1; OliveTopping_dynamic_1; TomatoTopping_dynamic_1,counts the identical evaluated input 6 times in per-row aggregate evaluation
d329c3343a9eb04424d7a024babae7a17ee1b13be1c4629c0eed7d58019c89cc,NL,C,representational collapse,distinct formal questions collapse to one evaluated representation,5,3991;3997;4001;5035;5039,Pizza100;Pizza250,1hop,BQA,sem-v1.1-42c73965a288a00a231e185926de18debd6a49617d65601fa563a8fa203f444f;sem-v1.1-edb0dead2b997d8353fc45e6f1dad470a5464f02aca0b8412747e420c2bdc777;sem-v1.1-84bdbdc88e0a2f18e2c2d9236befd1a829e0a0566a520796d4bde7d9d84a646d;sem-v1.1-d1cd50cac9ba398bc20f640837bdbf781cad0de41d47eb73992d6f80535bf7ee;sem-v1.1-0721dfe42d765124f455d6ee3415c810ad1ab92f8744328ffd52a3f05c9e558b,"[""ASK WHERE { <http://www.example.com/genealogy.owl#PrinceCarlo_44> <http://www.w3.org/1999/02/22-rdf-syntax-ns#type> <http://www.example.com/genealogy.owl#American> }"", ""ASK WHERE { <http://www.example.com/genealogy.owl#PrinceCarlo_74> <http://www.w3.org/1999/02/22-rdf-syntax-ns#type> <http://www.example.com/genealogy.owl#American> }"", ""ASK WHERE { <http://www.example.com/genealogy.owl#PrinceCarlo_90> <http://www.w3.org/1999/02/22-rdf-syntax-ns#type> <http://www.example.com/genealogy.owl#American> }"", ""ASK WHERE { <http://www.example.com/genealogy.owl#PrinceCarlo_39> <http://www.w3.org/1999/02/22-rdf-syntax-ns#type> <http://www.example.com/genealogy.owl#American> }"", ""ASK WHERE { <http://www.example.com/genealogy.owl#PrinceCarlo_8> <http://www.w3.org/1999/02/22-rdf-syntax-ns#type> <http://www.example.com/genealogy.owl#American> }""]",FALSE,counts the identical evaluated input 5 times in per-row aggregate evaluation
d37ea8fb12cfc381789e3493873141fd3820bb3142fcb1a6406338f9d212aa07,NL,C,representational collapse,distinct formal questions collapse to one evaluated representation,4,4719;4723;5949;5953,Pizza100;Pizza250,2hop,OEQA,sem-v1.1-a3c7762798efc77209af6ac92ef64edef51a4013fd9c4077bbbf56b7d47629c6;sem-v1.1-bdb40611794dfaad7a7d977af8af542e4a4b1f0b0d3dc07a9be128a3a0260957;sem-v1.1-cf19f65ac99813f6676c07b560583339dea951a7e738c0af37a4d43e35d13fc9;sem-v1.1-c1839d3ac6a72288cdab3595f78a457f73f3a94bc9b0b8113f24d2b8d2d884db,"[""SELECT ?x WHERE { <http://www.example.com/genealogy.owl#Siciliana_13> <http://www.example.com/genealogy.owl#hasTopping> ?x }"", ""SELECT ?x WHERE { <http://www.example.com/genealogy.owl#Siciliana_5> <http://www.example.com/genealogy.owl#hasTopping> ?x }"", ""SELECT ?x WHERE { <http://www.example.com/genealogy.owl#Siciliana_164> <http://www.example.com/genealogy.owl#hasTopping> ?x }"", ""SELECT ?x WHERE { <http://www.example.com/genealogy.owl#Siciliana_220> <http://www.example.com/genealogy.owl#hasTopping> ?x }""]",AnchoviesTopping_dynamic_1; ArtichokeTopping_dynamic_1; GarlicTopping_dynamic_1; HamTopping_dynamic_1; MozzarellaTopping_dynamic_1; OliveTopping_dynamic_1; TomatoTopping_dynamic_1,counts the identical evaluated input 4 times in per-row aggregate evaluation
d3bf1876d799cd678ebb30fea18f4d6cd33d9c40076424237367515a31f5871a,NL,C,representational collapse,distinct formal questions collapse to one evaluated representation,3,4175;4179;5278,Pizza100;Pizza250,1hop,OEQA,sem-v1.1-d7a88ea32d2ec14dc621beb75071b2f7729cb5828cabf19bf7f8c23ff494f68d;sem-v1.1-4f2872f44b5e8ca6e9401a241535b9c634efc601bcba5595a2f104df3faddbee;sem-v1.1-339642b8116e328ea3fcb9144dc35aef317172970b6a672a90d2c513dc74e0a0,"[""SELECT ?x WHERE { <http://www.example.com/genealogy.owl#Mushroom_41> <http://www.w3.org/1999/02/22-rdf-syntax-ns#type> ?x }"", ""SELECT ?x WHERE { <http://www.example.com/genealogy.owl#Mushroom_93> <http://www.w3.org/1999/02/22-rdf-syntax-ns#type> ?x }"", ""SELECT ?x WHERE { <http://www.example.com/genealogy.owl#Mushroom_170> <http://www.w3.org/1999/02/22-rdf-syntax-ns#type> ?x }""]",DomainConcept; Food; Pizza,counts the identical evaluated input 3 times in per-row aggregate evaluation
d4bb157340146b764825f07d8c686b23efa1c074e2fc194b4fda9b9283ddb83a,NL,C,representational collapse,distinct formal questions collapse to one evaluated representation,5,4335;4343;4351;5464;5468,Pizza100;Pizza250,2hop,BQA,sem-v1.1-d7fde7aab129245fe3bf964dad997ee9e14ebe40b81c508619d387c6110dd6ae;sem-v1.1-6d6c7854295361e9598ec96d532d94435fa21179fbf62dcec82fd39e856100f8;sem-v1.1-ba1c6273ffff7cca914466bbbdae8fde307adf7a5c2ff070bbaed79b75510169;sem-v1.1-a5d5132f82702073fd69a6469e0371bb0a2217be421d413cd9f8e10108952981;sem-v1.1-b791490a71589c86da1e4a02f54a12be21dd68a94bbae8dd770d5d5427a044e2,"[""ASK WHERE { <http://www.example.com/genealogy.owl#Caprina_26> <http://www.example.com/genealogy.owl#hasIngredient> <http://www.example.com/genealogy.owl#GoatsCheeseTopping_dynamic_1> }"", ""ASK WHERE { <http://www.example.com/genealogy.owl#Caprina_72> <http://www.example.com/genealogy.owl#hasIngredient> <http://www.example.com/genealogy.owl#GoatsCheeseTopping_dynamic_1> }"", ""ASK WHERE { <http://www.example.com/genealogy.owl#Caprina_98> <http://www.example.com/genealogy.owl#hasIngredient> <http://www.example.com/genealogy.owl#GoatsCheeseTopping_dynamic_1> }"", ""ASK WHERE { <http://www.example.com/genealogy.owl#Caprina_10> <http://www.example.com/genealogy.owl#hasIngredient> <http://www.example.com/genealogy.owl#GoatsCheeseTopping_dynamic_1> }"", ""ASK WHERE { <http://www.example.com/genealogy.owl#Caprina_133> <http://www.example.com/genealogy.owl#hasIngredient> <http://www.example.com/genealogy.owl#GoatsCheeseTopping_dynamic_1> }""]",TRUE,counts the identical evaluated input 5 times in per-row aggregate evaluation
d4bcf2fbbc692f05546a7e6b29424286ecb44139d77451dc808d2391582e9000,NL,C,representational collapse,distinct formal questions collapse to one evaluated representation,3,5080;5084;5090,Pizza250,1hop,BQA,sem-v1.1-5960a8b41d2de1e4542ddd52e3a2a6bbe27192d04082de0c13cb0ad7eb5e5c9e;sem-v1.1-543209b42dbaf3dc14d709e8722fc3066abeb63c82e66cbb69a7469a2c0751e0;sem-v1.1-69397520638c1be63253f2a94e15c42a857a2c6de26353cfd7013867ca9bc555,"[""ASK WHERE { <http://www.example.com/genealogy.owl#Siciliana_42> <http://www.w3.org/1999/02/22-rdf-syntax-ns#type> <http://www.example.com/genealogy.owl#Food> }"", ""ASK WHERE { <http://www.example.com/genealogy.owl#Siciliana_44> <http://www.w3.org/1999/02/22-rdf-syntax-ns#type> <http://www.example.com/genealogy.owl#Food> }"", ""ASK WHERE { <http://www.example.com/genealogy.owl#Siciliana_52> <http://www.w3.org/1999/02/22-rdf-syntax-ns#type> <http://www.example.com/genealogy.owl#Food> }""]",TRUE,counts the identical evaluated input 3 times in per-row aggregate evaluation
d53d43fc056f8c56a7ffbb591a030d8dd6ceb14e976e2f956ff4cca0631509f8,NL,C,representational collapse,distinct formal questions collapse to one evaluated representation,2,3909;4937,Pizza100;Pizza250,1hop,BQA,sem-v1.1-e87beffd1a14c9d78d915971ed827dfcfd7ee317d38225fd81bbea6b979274c0;sem-v1.1-fb162b9598146e6687813aa15cc61564cb02c9e3a14034084d2f48e12a924933,"[""ASK WHERE { <http://www.example.com/genealogy.owl#LaReine_18> <http://www.example.com/genealogy.owl#hasTopping> <http://www.example.com/genealogy.owl#HamTopping_dynamic_1> }"", ""ASK WHERE { <http://www.example.com/genealogy.owl#LaReine_230> <http://www.example.com/genealogy.owl#hasTopping> <http://www.example.com/genealogy.owl#HamTopping_dynamic_1> }""]",TRUE,counts the identical evaluated input 2 times in per-row aggregate evaluation
d64283aa50cce729a546a546c56afcf48cd614cd6a83b13458dd7b00dcebe1b3,NL,C,representational collapse,distinct formal questions collapse to one evaluated representation,4,3839;3855;4855;4861,Pizza100;Pizza250,1hop,BQA,sem-v1.1-f863a8add3d9bdff9c2af11347199662ada9f3c68f4fb0a9388b6a5f4458b036;sem-v1.1-732ca060466e4e63a67e4cfd2e0218d589cc9506afbf50ad0abf3c8714c79bb2;sem-v1.1-dee13b21058f0884d06dfb4dba624c695f7b105de7e8f57454020b42304e5360;sem-v1.1-8627a6c5b2c2ecd4e08b4793066dd89a65f27da0fa31320bf260914e66160e13,"[""ASK WHERE { <http://www.example.com/genealogy.owl#Caprina_26> <http://www.example.com/genealogy.owl#hasIngredient> <http://www.example.com/genealogy.owl#Caprina_26> }"", ""ASK WHERE { <http://www.example.com/genealogy.owl#Caprina_98> <http://www.example.com/genealogy.owl#hasIngredient> <http://www.example.com/genealogy.owl#Caprina_98> }"", ""ASK WHERE { <http://www.example.com/genealogy.owl#Caprina_10> <http://www.example.com/genealogy.owl#hasIngredient> <http://www.example.com/genealogy.owl#Caprina_10> }"", ""ASK WHERE { <http://www.example.com/genealogy.owl#Caprina_36> <http://www.example.com/genealogy.owl#hasIngredient> <http://www.example.com/genealogy.owl#Caprina_36> }""]",FALSE,counts the identical evaluated input 4 times in per-row aggregate evaluation
d7105461aa53dab03942405783f20a35cbb6513ed6b13c0d68b927edcbdd72c1,NL,C,representational collapse,distinct formal questions collapse to one evaluated representation,4,4187;4190;5299;5303,Pizza100;Pizza250,1hop,OEQA,sem-v1.1-892b87462c140cac33f3814d824b720936bf355302d9d626c56954a1b79c03ce;sem-v1.1-d5a0d374762804e14e0821b4aa5fcdcd24648df0e3d93ef1d31a4c25b6595907;sem-v1.1-f6271487c458f5705ceb9f511b0453513df5d9268827386e00a7d832b8da0c20;sem-v1.1-0389002972f99350eee101a4ea764936a2f8b361ff956eea2e3cfa50ec5943d4,"[""SELECT ?x WHERE { <http://www.example.com/genealogy.owl#Parmense_11> <http://www.example.com/genealogy.owl#hasIngredient> ?x }"", ""SELECT ?x WHERE { <http://www.example.com/genealogy.owl#Parmense_64> <http://www.example.com/genealogy.owl#hasIngredient> ?x }"", ""SELECT ?x WHERE { <http://www.example.com/genealogy.owl#Parmense_43> <http://www.example.com/genealogy.owl#hasIngredient> ?x }"", ""SELECT ?x WHERE { <http://www.example.com/genealogy.owl#Parmense_78> <http://www.example.com/genealogy.owl#hasIngredient> ?x }""]",AsparagusTopping_dynamic_1; HamTopping_dynamic_1; MozzarellaTopping_dynamic_1; ParmesanTopping_dynamic_1; TomatoTopping_dynamic_1,counts the identical evaluated input 4 times in per-row aggregate evaluation
d80ba7cd2f767cc916f8a89df9be637dd7d7a8d4289ecf03660c9172ae8d231b,NL,C,representational collapse,distinct formal questions collapse to one evaluated representation,2,4626;5830,Pizza100;Pizza250,2hop,OEQA,sem-v1.1-7cfe4cc1ce830d0f2e960140158d3bd0562a5634f8c676b76656d2c69c17fd8e;sem-v1.1-fd02fab1036fb64b57be6a49a2da56fa63d2924fc63ec52915dc6cfc070cc90b,"[""SELECT ?x WHERE { <http://www.example.com/genealogy.owl#Caprina_55> <http://www.w3.org/1999/02/22-rdf-syntax-ns#type> ?x }"", ""SELECT ?x WHERE { <http://www.example.com/genealogy.owl#Caprina_10> <http://www.w3.org/1999/02/22-rdf-syntax-ns#type> ?x }""]",DomainConcept; Food; Pizza,counts the identical evaluated input 2 times in per-row aggregate evaluation
d845c0597f99bcaa9d303ec05265c292878b14281643ee63a3e157d3e20aa72d,NL,C,representational collapse,distinct formal questions collapse to one evaluated representation,5,6113;6117;7590;7596;7600,OWL2Bench,1hop;2hop,BQA,sem-v1.1-4e53c3124432c59d4e93881cc0efbb2359f2e6c3920b2c987a22ed42d61e0a1e;sem-v1.1-6c357ba80332fa992da2993caad2f367df633174ee967665a1b7b9c32e5ec279;sem-v1.1-f82db8875531e6ddcded86e3d0140d35e66f4e88d1957bf31d17323c21199cbc;sem-v1.1-1afce477af044813a96fe93db830c09926dc077baf641481915cf6087f44355b;sem-v1.1-620f2c2edc2931e5cdce7795ec40ae4f8c8e714b7a367d3c370a838efe3cd455,"[""ASK WHERE { <http://www.example.com/genealogy.owl#Man_6> <http://www.w3.org/1999/02/22-rdf-syntax-ns#type> <http://www.example.com/genealogy.owl#AeronauticalEngineering> }"", ""ASK WHERE { <http://www.example.com/genealogy.owl#Man_9> <http://www.w3.org/1999/02/22-rdf-syntax-ns#type> <http://www.example.com/genealogy.owl#AeronauticalEngineering> }"", ""ASK WHERE { <http://www.example.com/genealogy.owl#Man_39> <http://www.w3.org/1999/02/22-rdf-syntax-ns#type> <http://www.example.com/genealogy.owl#AeronauticalEngineering> }"", ""ASK WHERE { <http://www.example.com/genealogy.owl#Man_6> <http://www.w3.org/1999/02/22-rdf-syntax-ns#type> <http://www.example.com/genealogy.owl#AeronauticalEngineering> }"", ""ASK WHERE { <http://www.example.com/genealogy.owl#Man_9> <http://www.w3.org/1999/02/22-rdf-syntax-ns#type> <http://www.example.com/genealogy.owl#AeronauticalEngineering> }""]",FALSE,counts the identical evaluated input 5 times in per-row aggregate evaluation
d9aa1725f18a967fba42ad4960ab69eab08075889b8cc9823d7790e6ab99c08c,NL,C,representational collapse,distinct formal questions collapse to one evaluated representation,4,4183;4184;5286;5288,Pizza100;Pizza250,1hop,OEQA,sem-v1.1-1aaa9609b644197df4f6ff1db02836875be2faac2a162d7759ec212051793275;sem-v1.1-b5b71cbeabb342c00439040ce4087abced8f0301de54c989d4587d6905b6866f;sem-v1.1-87fefec829668c43094abdd9aa97c8b15a1d86a3ada27fabd113ef4e64c2ef62;sem-v1.1-866172d55724851462239d7a405abe37816090e02b6c551415a9c3b7d298a7ed,"[""SELECT ?x WHERE { <http://www.example.com/genealogy.owl#Napoletana_30> <http://www.example.com/genealogy.owl#hasTopping> ?x }"", ""SELECT ?x WHERE { <http://www.example.com/genealogy.owl#Napoletana_51> <http://www.example.com/genealogy.owl#hasTopping> ?x }"", ""SELECT ?x WHERE { <http://www.example.com/genealogy.owl#Napoletana_189> <http://www.example.com/genealogy.owl#hasTopping> ?x }"", ""SELECT ?x WHERE { <http://www.example.com/genealogy.owl#Napoletana_195> <http://www.example.com/genealogy.owl#hasTopping> ?x }""]",AnchoviesTopping_dynamic_1; CaperTopping_dynamic_1; MozzarellaTopping_dynamic_1; OliveTopping_dynamic_1; TomatoTopping_dynamic_1,counts the identical evaluated input 4 times in per-row aggregate evaluation
da62e8fd9fe04fc120c41105c2391002ce81696ce8085ec9ef0b5df983a826a2,NL,C,representational collapse,distinct formal questions collapse to one evaluated representation,2,4223;5325,Pizza100;Pizza250,1hop,OEQA,sem-v1.1-c088aca0011ee5e956537a5e76ccdb5d7b06ca4d2eb7916d510f8463690a0605;sem-v1.1-6b11ce00f9b44f90dfebd2e44ded38bf843996ac434786632f43ce0845282d90,"[""SELECT ?x WHERE { <http://www.example.com/genealogy.owl#Rosa_90> <http://www.example.com/genealogy.owl#hasTopping> ?x }"", ""SELECT ?x WHERE { <http://www.example.com/genealogy.owl#Rosa_161> <http://www.example.com/genealogy.owl#hasTopping> ?x }""]",GorgonzolaTopping_dynamic_1; MozzarellaTopping_dynamic_1; TomatoTopping_dynamic_1,counts the identical evaluated input 2 times in per-row aggregate evaluation
da818e83ba0158c480fd07f29356e5dad0b9cf99f739ef34a3ef3b3c52767cd6,NL,C,representational collapse,distinct formal questions collapse to one evaluated representation,4,4215;4219;5323;5324,Pizza100;Pizza250,1hop,OEQA,sem-v1.1-37c00e6db419614d791e928174f6305828def7bb6d018e1a85528d61de5fde04;sem-v1.1-02103ed685e5f7a272e760f73635f17133d5a9bfe58601459f246e1eb311fdac;sem-v1.1-a83e1f35300983893df3413768849dbb02cdd9b61a2ad58373c66ad12c401bcc;sem-v1.1-ce9104b9dc32d3f8e234f93ec79b82adab21d8478b209bce7f48a103dadf0227,"[""SELECT ?x WHERE { <http://www.example.com/genealogy.owl#QuattroFormaggi_61> <http://www.w3.org/1999/02/22-rdf-syntax-ns#type> ?x }"", ""SELECT ?x WHERE { <http://www.example.com/genealogy.owl#QuattroFormaggi_94> <http://www.w3.org/1999/02/22-rdf-syntax-ns#type> ?x }"", ""SELECT ?x WHERE { <http://www.example.com/genealogy.owl#QuattroFormaggi_51> <http://www.w3.org/1999/02/22-rdf-syntax-ns#type> ?x }"", ""SELECT ?x WHERE { <http://www.example.com/genealogy.owl#QuattroFormaggi_66> <http://www.w3.org/1999/02/22-rdf-syntax-ns#type> ?x }""]",DomainConcept; Food; Pizza,counts the identical evaluated input 4 times in per-row aggregate evaluation
da824d7f9f2228845547806264e83b195105a413dfdc71118ca653151d5c3fdb,NL,C,representational collapse,distinct formal questions collapse to one evaluated representation,3,4728;4729;5960,Pizza100;Pizza250,2hop,OEQA,sem-v1.1-e83e2cded79db33185097dda8949f9b2c37039a0e3a3f0feee3777c8a225ec41;sem-v1.1-a430eea3c89c1bd0c579d652009fd92b6d803ecdf2f4bc196ac35bfb3f31a6c3;sem-v1.1-52aeea057947a87624218bc1c2fb0ed42341497e342c070830c2f5f254d75390,"[""SELECT ?x WHERE { <http://www.example.com/genealogy.owl#SloppyGiuseppe_11> <http://www.w3.org/1999/02/22-rdf-syntax-ns#type> ?x }"", ""SELECT ?x WHERE { <http://www.example.com/genealogy.owl#SloppyGiuseppe_15> <http://www.w3.org/1999/02/22-rdf-syntax-ns#type> ?x }"", ""SELECT ?x WHERE { <http://www.example.com/genealogy.owl#SloppyGiuseppe_98> <http://www.w3.org/1999/02/22-rdf-syntax-ns#type> ?x }""]",DomainConcept; Food; Pizza,counts the identical evaluated input 3 times in per-row aggregate evaluation
daced3d752f12c2d59b103e8862edac552341d3f430511f235b30aedb4d42aec,NL,C,representational collapse,distinct formal questions collapse to one evaluated representation,2,5319;5320,Pizza250,1hop,OEQA,sem-v1.1-641b59d094d0b973a3645c72b597639256d7882367ce87102b9b1b2f919af49d;sem-v1.1-b4bc6eaf78a20d06f645e877a30b663eedeb3ef78f123edf7002191847dded1a,"[""SELECT ?x WHERE { <http://www.example.com/genealogy.owl#QuattroFormaggi_120> <http://www.example.com/genealogy.owl#hasTopping> ?x }"", ""SELECT ?x WHERE { <http://www.example.com/genealogy.owl#QuattroFormaggi_137> <http://www.example.com/genealogy.owl#hasTopping> ?x }""]",FourCheesesTopping_dynamic_1; TomatoTopping_dynamic_1,counts the identical evaluated input 2 times in per-row aggregate evaluation
db57313adabbc489e40d870bfd76d0c3e24f5ae9fa3f40cf2a0a2eacffd71dc0,NL,C,representational collapse,distinct formal questions collapse to one evaluated representation,6,4737;5961;5962;5970;5971;5974,Pizza100;Pizza250,2hop,OEQA,sem-v1.1-a91f0804c90d1b90d6b18a4be4cb956aa5087520b3795675bff94658ecbe242d;sem-v1.1-52e866cf9dece9d82d83a46883e20569cdecb50b7f0017e79f55994f0867e610;sem-v1.1-dad29e2b0c768faaa63487fb17249ec4e88e32f2790a2f51354e1e87ad1798f7;sem-v1.1-e164538bcd07959f5398ac32306fcc7b824848566ad226e9b1ca52aa7ce041d9;sem-v1.1-37914dc01c40403cd68fd99ba6ddc448174ef1b7bf5dce155b72bf5000e6493b;sem-v1.1-190c699c3d4753884303b5040eca86cb4399b8d5460f012580f6593957ce78e1,"[""SELECT ?x WHERE { <http://www.example.com/genealogy.owl#Soho_82> <http://www.w3.org/1999/02/22-rdf-syntax-ns#type> ?x }"", ""SELECT ?x WHERE { <http://www.example.com/genealogy.owl#Soho_104> <http://www.w3.org/1999/02/22-rdf-syntax-ns#type> ?x }"", ""SELECT ?x WHERE { <http://www.example.com/genealogy.owl#Soho_134> <http://www.w3.org/1999/02/22-rdf-syntax-ns#type> ?x }"", ""SELECT ?x WHERE { <http://www.example.com/genealogy.owl#Soho_54> <http://www.w3.org/1999/02/22-rdf-syntax-ns#type> ?x }"", ""SELECT ?x WHERE { <http://www.example.com/genealogy.owl#Soho_67> <http://www.w3.org/1999/02/22-rdf-syntax-ns#type> ?x }"", ""SELECT ?x WHERE { <http://www.example.com/genealogy.owl#Soho_87> <http://www.w3.org/1999/02/22-rdf-syntax-ns#type> ?x }""]",DomainConcept; Food; Pizza,counts the identical evaluated input 6 times in per-row aggregate evaluation
db657ac3ca1e642cf82262b908a9a19c3fd4591ce77f7db0835a657c974fc6bc,NL,C,representational collapse,distinct formal questions collapse to one evaluated representation,4,4554;4564;5741;5747,Pizza100;Pizza250,2hop,BQA,sem-v1.1-a3150b566ca2a24301d70e792f28ed3e4f0b7639b5053a2724c36fb559c86d75;sem-v1.1-611213a9476d5baae93920df409a88bb90b8250eda6e340bed7d3e229aee00a4;sem-v1.1-5a73f5640716b638efc899764ae2bae9211ff530dbb3c02df75a281c00431ca6;sem-v1.1-58eb7036f3664293a515f07be45302a346d8630e8d429338c1368a7a6bba5c00,"[""ASK WHERE { <http://www.example.com/genealogy.owl#Soho_50> <http://www.w3.org/1999/02/22-rdf-syntax-ns#type> <http://www.example.com/genealogy.owl#American> }"", ""ASK WHERE { <http://www.example.com/genealogy.owl#Soho_8> <http://www.w3.org/1999/02/22-rdf-syntax-ns#type> <http://www.example.com/genealogy.owl#American> }"", ""ASK WHERE { <http://www.example.com/genealogy.owl#Soho_236> <http://www.w3.org/1999/02/22-rdf-syntax-ns#type> <http://www.example.com/genealogy.owl#American> }"", ""ASK WHERE { <http://www.example.com/genealogy.owl#Soho_25> <http://www.w3.org/1999/02/22-rdf-syntax-ns#type> <http://www.example.com/genealogy.owl#American> }""]",FALSE,counts the identical evaluated input 4 times in per-row aggregate evaluation
dbc0fd15b6f11f11259bc59f5c11a1a7048638d39435d102fe0e4d1246e6922f,NL,C,representational collapse,distinct formal questions collapse to one evaluated representation,5,4199;4201;4203;4209;5314,Pizza100;Pizza250,1hop,OEQA,sem-v1.1-071881b6ab916bad58b9368a474bb83da4a6ccfd6dbd18ba3c077a73eef8253b;sem-v1.1-6afaeb0403b9ca3f438a52a15e9df25dd136ac36e324e768e010fb071e6822d6;sem-v1.1-f2e4374d18b6e64c1ab7fe223cb437cbbf35d7f2c0d1356cf8499d74f51aef9d;sem-v1.1-c34f204f88ded144f39c96fcce35be0bf03093bd43245f1b7246ebe92260dbf2;sem-v1.1-fd80eb3895ed53599293a280503ae5b78f62453b269e6646e09427aae35ce27b,"[""SELECT ?x WHERE { <http://www.example.com/genealogy.owl#PrinceCarlo_32> <http://www.example.com/genealogy.owl#hasTopping> ?x }"", ""SELECT ?x WHERE { <http://www.example.com/genealogy.owl#PrinceCarlo_38> <http://www.example.com/genealogy.owl#hasTopping> ?x }"", ""SELECT ?x WHERE { <http://www.example.com/genealogy.owl#PrinceCarlo_4> <http://www.example.com/genealogy.owl#hasTopping> ?x }"", ""SELECT ?x WHERE { <http://www.example.com/genealogy.owl#PrinceCarlo_76> <http://www.example.com/genealogy.owl#hasTopping> ?x }"", ""SELECT ?x WHERE { <http://www.example.com/genealogy.owl#PrinceCarlo_172> <http://www.example.com/genealogy.owl#hasTopping> ?x }""]",LeekTopping_dynamic_1; MozzarellaTopping_dynamic_1; ParmesanTopping_dynamic_1; RosemaryTopping_dynamic_1; TomatoTopping_dynamic_1,counts the identical evaluated input 5 times in per-row aggregate evaluation
dbc924cc176fbd7f2eba3c5c74e27f1f10ae76df7155a0813ad36883906682a3,NL,C,representational collapse,distinct formal questions collapse to one evaluated representation,2,5342;5343,Pizza250,1hop,OEQA,sem-v1.1-3d435bfa1078c30c58e6179ba9595af38ac6648319eaf6108cafa80d732dd305;sem-v1.1-b6ce4fc1afba3652aa1218b0df202900c69469eb64156d4be4adca411b699f31,"[""SELECT ?x WHERE { <http://www.example.com/genealogy.owl#SloppyGiuseppe_249> <http://www.w3.org/1999/02/22-rdf-syntax-ns#type> ?x }"", ""SELECT ?x WHERE { <http://www.example.com/genealogy.owl#SloppyGiuseppe_53> <http://www.w3.org/1999/02/22-rdf-syntax-ns#type> ?x }""]",DomainConcept; Food; Pizza,counts the identical evaluated input 2 times in per-row aggregate evaluation
dd08cdddfce12a37d1ba169fc54b388458891456e95319382cc71236a9a05934,NL,C,representational collapse,distinct formal questions collapse to one evaluated representation,4,3960;4980;4982;4992,Pizza100;Pizza250,1hop,BQA,sem-v1.1-44e58a612b552bd70d1368be549cd3811881d0f0a6d978f81cbe8bea65d79d89;sem-v1.1-6d13b59b14f7d9ae5fcd96e1d72b100656ac49ac33ee0c44bfdbf3e1fddc75f3;sem-v1.1-97690d5787946b00f72e8f3220e8349a7eb2c32c826a37d4063dab161f906616;sem-v1.1-31bf3db3c43c66824aab440b5ddc6aa8f0bccee6d460d93d6c6774e0d7562ac7,"[""ASK WHERE { <http://www.example.com/genealogy.owl#Napoletana_29> <http://www.example.com/genealogy.owl#hasIngredient> <http://www.example.com/genealogy.owl#Napoletana_29> }"", ""ASK WHERE { <http://www.example.com/genealogy.owl#Napoletana_102> <http://www.example.com/genealogy.owl#hasIngredient> <http://www.example.com/genealogy.owl#Napoletana_102> }"", ""ASK WHERE { <http://www.example.com/genealogy.owl#Napoletana_126> <http://www.example.com/genealogy.owl#hasIngredient> <http://www.example.com/genealogy.owl#Napoletana_126> }"", ""ASK WHERE { <http://www.example.com/genealogy.owl#Napoletana_83> <http://www.example.com/genealogy.owl#hasIngredient> <http://www.example.com/genealogy.owl#Napoletana_83> }""]",FALSE,counts the identical evaluated input 4 times in per-row aggregate evaluation
dd2c2569a43fc5415abc495160ed76610d268789b2722ddd06f785ee5bba9f60,NL,C,representational collapse,distinct formal questions collapse to one evaluated representation,5,4539;4547;5716;5722;5730,Pizza100;Pizza250,2hop,BQA,sem-v1.1-b55554c17bc78daba1ef88987d37f3bce395a0b2f3f347401c86ebe5c6e0cce9;sem-v1.1-e114e71924fdc9eca166c9471a349446100a47c0c34a16a7106a036020590db5;sem-v1.1-89d86353b70243f1a5308f8570031a8523e6f21a7c2c571548ffb780ac3702a7;sem-v1.1-6b4c9bb8749a7dcf23d2bada9860cd265bfbe1d1eb02229e52b6d35c5cf71af5;sem-v1.1-ad795e3aadd9e6d4d30a300690d8f266d42cbcbde65b4636979a216d3b7d1320,"[""ASK WHERE { <http://www.example.com/genealogy.owl#SloppyGiuseppe_11> <http://www.example.com/genealogy.owl#hasIngredient> <http://www.example.com/genealogy.owl#GreenPepperTopping_dynamic_1> }"", ""ASK WHERE { <http://www.example.com/genealogy.owl#SloppyGiuseppe_99> <http://www.example.com/genealogy.owl#hasIngredient> <http://www.example.com/genealogy.owl#GreenPepperTopping_dynamic_1> }"", ""ASK WHERE { <http://www.example.com/genealogy.owl#SloppyGiuseppe_20> <http://www.example.com/genealogy.owl#hasIngredient> <http://www.example.com/genealogy.owl#GreenPepperTopping_dynamic_1> }"", ""ASK WHERE { <http://www.example.com/genealogy.owl#SloppyGiuseppe_24> <http://www.example.com/genealogy.owl#hasIngredient> <http://www.example.com/genealogy.owl#GreenPepperTopping_dynamic_1> }"", ""ASK WHERE { <http://www.example.com/genealogy.owl#SloppyGiuseppe_98> <http://www.example.com/genealogy.owl#hasIngredient> <http://www.example.com/genealogy.owl#GreenPepperTopping_dynamic_1> }""]",TRUE,counts the identical evaluated input 5 times in per-row aggregate evaluation
dde288156be5496efb4bcc5b4b2d9db2f34f50ce703dc038d4d7c7bb71c72a7d,NL,C,representational collapse,distinct formal questions collapse to one evaluated representation,2,5280;5281,Pizza250,1hop,OEQA,sem-v1.1-ff8e084b640ed375d657c9f375eb482f9cd6c5dc94024b18c49ef39b20e2ddad;sem-v1.1-524b30e37bf670fed0c4a721cd26fb4ca1f0f59427737d494d1b3b717d997fd1,"[""SELECT ?x WHERE { <http://www.example.com/genealogy.owl#Mushroom_40> <http://www.example.com/genealogy.owl#hasTopping> ?x }"", ""SELECT ?x WHERE { <http://www.example.com/genealogy.owl#Mushroom_5> <http://www.example.com/genealogy.owl#hasTopping> ?x }""]",MozzarellaTopping_dynamic_1; MushroomTopping_dynamic_1; TomatoTopping_dynamic_1,counts the identical evaluated input 2 times in per-row aggregate evaluation
e063fcf660ab81c5932aaf1cd011955050f5cda7d3847f3d9ee25acd17e982e5,NL,C,representational collapse,distinct formal questions collapse to one evaluated representation,5,4188;5292;5293;5297;5302,Pizza100;Pizza250,1hop,OEQA,sem-v1.1-98ebdf558694398250239d8a8f66ca63668766375f55a7f705d79ad445c0d734;sem-v1.1-66377f97e83dd443bed8130c83d5e778aa1577a93fa8e546ddd62d93d868dfcc;sem-v1.1-096164239ba1d53ff5cf51445de47e9dd17e3a012b51af73f8c0cf30a71c2dde;sem-v1.1-5eb757ceb30b2a7cca368deeb44386828895dbd195b9dc448a039034856e9204;sem-v1.1-d831ad183f403614025789d855dc9c0c1f7e3bf5d5a33b310c734cb9c52ed969,"[""SELECT ?x WHERE { <http://www.example.com/genealogy.owl#Parmense_18> <http://www.example.com/genealogy.owl#hasTopping> ?x }"", ""SELECT ?x WHERE { <http://www.example.com/genealogy.owl#Parmense_129> <http://www.example.com/genealogy.owl#hasTopping> ?x }"", ""SELECT ?x WHERE { <http://www.example.com/genealogy.owl#Parmense_165> <http://www.example.com/genealogy.owl#hasTopping> ?x }"", ""SELECT ?x WHERE { <http://www.example.com/genealogy.owl#Parmense_30> <http://www.example.com/genealogy.owl#hasTopping> ?x }"", ""SELECT ?x WHERE { <http://www.example.com/genealogy.owl#Parmense_76> <http://www.example.com/genealogy.owl#hasTopping> ?x }""]",AsparagusTopping_dynamic_1; HamTopping_dynamic_1; MozzarellaTopping_dynamic_1; ParmesanTopping_dynamic_1; TomatoTopping_dynamic_1,counts the identical evaluated input 5 times in per-row aggregate evaluation
e092e3a5acad9f669a4cb0b4c1b12c4e68c951c9c9c287cce51d84d36963dc07,NL,C,representational collapse,distinct formal questions collapse to one evaluated representation,5,3980;3984;3986;3988;5014,Pizza100;Pizza250,1hop,BQA,sem-v1.1-d9eed226ba7de10dfc3745e1464ee533f1530cbf8d69e0ce6041b6e22de77d7e;sem-v1.1-677dc85a66ea0c0296d2e9d99a6710f698a8e05af4ce8d97a9c2893a93d8d14d;sem-v1.1-28d10da8137c8a8261b3d01c95aeb671078f2014b9d4d449f9545ef981591ba0;sem-v1.1-900074742a6d56e01f4c9674cb447f85a7d4e013bf1795401520937bec866574;sem-v1.1-9ffb2b065fe4c89870ba6b2e31e23b69e12a05b3c7446d0d083ae5a3c9d585f6,"[""ASK WHERE { <http://www.example.com/genealogy.owl#PolloAdAstra_30> <http://www.example.com/genealogy.owl#hasTopping> <http://www.example.com/genealogy.owl#PolloAdAstra_30> }"", ""ASK WHERE { <http://www.example.com/genealogy.owl#PolloAdAstra_38> <http://www.example.com/genealogy.owl#hasTopping> <http://www.example.com/genealogy.owl#PolloAdAstra_38> }"", ""ASK WHERE { <http://www.example.com/genealogy.owl#PolloAdAstra_81> <http://www.example.com/genealogy.owl#hasTopping> <http://www.example.com/genealogy.owl#PolloAdAstra_81> }"", ""ASK WHERE { <http://www.example.com/genealogy.owl#PolloAdAstra_9> <http://www.example.com/genealogy.owl#hasTopping> <http://www.example.com/genealogy.owl#PolloAdAstra_9> }"", ""ASK WHERE { <http://www.example.com/genealogy.owl#PolloAdAstra_11> <http://www.example.com/genealogy.owl#hasTopping> <http://www.example.com/genealogy.owl#PolloAdAstra_11> }""]",FALSE,counts the identical evaluated input 5 times in per-row aggregate evaluation
e0b2e8ed03b4494e412d6f8658ca79ceebceff23c3c3da5ac66b9446966cf818,NL,C,representational collapse,distinct formal questions collapse to one evaluated representation,2,5458;5462,Pizza250,2hop,BQA,sem-v1.1-39a195aae551f13a580d523c33c41fc2e4a366a5dddac37c5ba9d382839d3785;sem-v1.1-31e9bdf738bc3525b54396a138aee3431f931528a659e16bba9dd4337399d6e9,"[""ASK WHERE { <http://www.example.com/genealogy.owl#Capricciosa_47> <http://www.example.com/genealogy.owl#hasTopping> <http://www.example.com/genealogy.owl#AnchoviesTopping_dynamic_1> }"", ""ASK WHERE { <http://www.example.com/genealogy.owl#Capricciosa_57> <http://www.example.com/genealogy.owl#hasTopping> <http://www.example.com/genealogy.owl#AnchoviesTopping_dynamic_1> }""]",TRUE,counts the identical evaluated input 2 times in per-row aggregate evaluation
e0d6f68c5875abbef57919e335820a224b4c829463b8ebb421cf13f071a72c4a,NL,C,representational collapse,distinct formal questions collapse to one evaluated representation,3,3905;4919;4925,Pizza100;Pizza250,1hop,BQA,sem-v1.1-53c08553936f3a2c7cfbe231be636cc6ee4c2b36d1405ebaf5903a28e595281e;sem-v1.1-0a9e09a1504ace52bf97cfce31a3ba1e72aa33dbe8b6e479b6b02a2b1e359349;sem-v1.1-029ecaeb02d4942d629a001e047d219cfcaea60c17f86d847e5924f7d0c4806d,"[""ASK WHERE { <http://www.example.com/genealogy.owl#Giardiniera_89> <http://www.example.com/genealogy.owl#hasTopping> <http://www.example.com/genealogy.owl#Giardiniera_89> }"", ""ASK WHERE { <http://www.example.com/genealogy.owl#Giardiniera_118> <http://www.example.com/genealogy.owl#hasTopping> <http://www.example.com/genealogy.owl#Giardiniera_118> }"", ""ASK WHERE { <http://www.example.com/genealogy.owl#Giardiniera_176> <http://www.example.com/genealogy.owl#hasTopping> <http://www.example.com/genealogy.owl#Giardiniera_176> }""]",FALSE,counts the identical evaluated input 3 times in per-row aggregate evaluation
e17c4875d837b70a13bf647f2b62c9b941bbc625ed93039b24c4419cb8b82529,NL,C,representational collapse,distinct formal questions collapse to one evaluated representation,3,5912;5914;5916,Pizza250,2hop,OEQA,sem-v1.1-9fa79821f92d9950841b8b0490164ee5b8c6309987a805435c8e621c5beaa33d;sem-v1.1-9d75a744c2ee39d13673d74f7c06c06ded8f8463b0429b467474376283cbd408;sem-v1.1-b619a95a74db61b26d4b4012270561d236bd0b27eea4cba44dd5012f32d67e13,"[""SELECT ?x WHERE { <http://www.example.com/genealogy.owl#PolloAdAstra_18> <http://www.example.com/genealogy.owl#hasIngredient> ?x }"", ""SELECT ?x WHERE { <http://www.example.com/genealogy.owl#PolloAdAstra_205> <http://www.example.com/genealogy.owl#hasIngredient> ?x }"", ""SELECT ?x WHERE { <http://www.example.com/genealogy.owl#PolloAdAstra_22> <http://www.example.com/genealogy.owl#hasIngredient> ?x }""]",CajunSpiceTopping_dynamic_1; ChickenTopping_dynamic_1; GarlicTopping_dynamic_1; MozzarellaTopping_dynamic_1; RedOnionTopping_dynamic_1; SweetPepperTopping_dynamic_1; TomatoTopping_dynamic_1,counts the identical evaluated input 3 times in per-row aggregate evaluation
e2a992ceb8e89cee0f994f545bd42eb76982f2027faa816af9612b2f2a1dca73,NL,C,representational collapse,distinct formal questions collapse to one evaluated representation,4,4556;5733;5737;5743,Pizza100;Pizza250,2hop,BQA,sem-v1.1-f56f860c28b563766a2ac344a4bfbd62f0e3a786f0e3ed9658d55e306a1d9735;sem-v1.1-01e5fbe9a74a262f3aaf8fe86952c2e7bbb722b771c90273d2a06fbb4830a568;sem-v1.1-4eb2f74207c7ff68f3e0806b6aa686458909698744f56685a88bc202fdfd7a9e;sem-v1.1-dd1abc0fdb8812c86db512182741bf5ca29aba8980e8b5f5216b10e275bb1d75,"[""ASK WHERE { <http://www.example.com/genealogy.owl#Soho_70> <http://www.example.com/genealogy.owl#hasIngredient> <http://www.example.com/genealogy.owl#AmericanHot_1> }"", ""ASK WHERE { <http://www.example.com/genealogy.owl#Soho_134> <http://www.example.com/genealogy.owl#hasIngredient> <http://www.example.com/genealogy.owl#AmericanHot_131> }"", ""ASK WHERE { <http://www.example.com/genealogy.owl#Soho_236> <http://www.example.com/genealogy.owl#hasIngredient> <http://www.example.com/genealogy.owl#AmericanHot_131> }"", ""ASK WHERE { <http://www.example.com/genealogy.owl#Soho_25> <http://www.example.com/genealogy.owl#hasIngredient> <http://www.example.com/genealogy.owl#AmericanHot_131> }""]",FALSE,counts the identical evaluated input 4 times in per-row aggregate evaluation
e2f118192a9832d820d6587cd60d5774c43675061f82d3572c2128fc93ac2536,NL,C,representational collapse,distinct formal questions collapse to one evaluated representation,5,4163;4164;4165;4172;5271,Pizza100;Pizza250,1hop,OEQA,sem-v1.1-2d6ae7869fa5cb84da1534f95e65b9152d58b5203900f70fd3169ea72f3ab526;sem-v1.1-a9d98267165b9c9c4bf772859f849cef9298d28d0f3ad50d4e783c16b7d01861;sem-v1.1-6bdc8ee588c6e4df62e198ca1e60e0dbfc01144cd82aec3a18b093f69479b421;sem-v1.1-d7d71c6d93d2d4bcfc9b0eff14266339343793e8318fb8c3c3d79ff2fa5bd2ae;sem-v1.1-c183d6c13cd99ae5b7144a404068142e7f70417f97dd359f5617a0f30cc7eeea,"[""SELECT ?x WHERE { <http://www.example.com/genealogy.owl#Margherita_34> <http://www.example.com/genealogy.owl#hasTopping> ?x }"", ""SELECT ?x WHERE { <http://www.example.com/genealogy.owl#Margherita_35> <http://www.example.com/genealogy.owl#hasTopping> ?x }"", ""SELECT ?x WHERE { <http://www.example.com/genealogy.owl#Margherita_36> <http://www.example.com/genealogy.owl#hasTopping> ?x }"", ""SELECT ?x WHERE { <http://www.example.com/genealogy.owl#Margherita_62> <http://www.example.com/genealogy.owl#hasTopping> ?x }"", ""SELECT ?x WHERE { <http://www.example.com/genealogy.owl#Margherita_192> <http://www.example.com/genealogy.owl#hasTopping> ?x }""]",MozzarellaTopping_dynamic_1; TomatoTopping_dynamic_1,counts the identical evaluated input 5 times in per-row aggregate evaluation
e31bd4b91761bfe4946463acbfce72b489098381d4013a96c0d4464cc9c9de4a,NL,C,representational collapse,distinct formal questions collapse to one evaluated representation,4,4292;4296;4316;5413,Pizza100;Pizza250,2hop,BQA,sem-v1.1-49c8cdbc20bd032993798f7d1c9a62645dfce785973cb27b26412f4ce33ce23a;sem-v1.1-6900035aa629479e5c5dcf53a28c530f2744f582e8bc687fe9b9a1c892b96883;sem-v1.1-bc8cf2e58e066d5335808858be885f9100df25e8bf714d5ac5fec5bdec9023b9;sem-v1.1-d5044e0da70e60521c5cb556a7023caf2cab91db3f2a0b2271259d616c9b4c68,"[""ASK WHERE { <http://www.example.com/genealogy.owl#American_19> <http://www.example.com/genealogy.owl#hasIngredient> <http://www.example.com/genealogy.owl#AmericanHot_1> }"", ""ASK WHERE { <http://www.example.com/genealogy.owl#American_28> <http://www.example.com/genealogy.owl#hasIngredient> <http://www.example.com/genealogy.owl#AmericanHot_1> }"", ""ASK WHERE { <http://www.example.com/genealogy.owl#American_9> <http://www.example.com/genealogy.owl#hasIngredient> <http://www.example.com/genealogy.owl#AmericanHot_1> }"", ""ASK WHERE { <http://www.example.com/genealogy.owl#American_158> <http://www.example.com/genealogy.owl#hasIngredient> <http://www.example.com/genealogy.owl#AmericanHot_131> }""]",FALSE,counts the identical evaluated input 4 times in per-row aggregate evaluation
e36023c726c83011fb63b290211f899d22ccb187871553df2feae6b1449ff4f3,NL,C,representational collapse,distinct formal questions collapse to one evaluated representation,6,3931;3933;3935;3947;4941;4943,Pizza100;Pizza250,1hop,BQA,sem-v1.1-4caee4be9c86e12ec07635276b9d065071faf716fdfa38201a79f0ba6ca3941f;sem-v1.1-5ea5ac54018c02b2c2165f26d43d5c95efacbb51e0418db6de42c4297da6741f;sem-v1.1-8d2b2e71526dd83f6f6b7d89fd0636322dad631541fb155d9037bc1c3c550d41;sem-v1.1-4b99f302a68825936a455d8b1315e13a93c4bd6c4b6567d42811050402fe3658;sem-v1.1-91f11c9573d81304fa2e9f8195220bbc200926705d393cca32284921c5d8bf40;sem-v1.1-c7b14bb8fecd023d77144595f121e828729a9123f71901c99cf4c6adc09359d6,"[""ASK WHERE { <http://www.example.com/genealogy.owl#Margherita_20> <http://www.example.com/genealogy.owl#hasTopping> <http://www.example.com/genealogy.owl#Margherita_20> }"", ""ASK WHERE { <http://www.example.com/genealogy.owl#Margherita_40> <http://www.example.com/genealogy.owl#hasTopping> <http://www.example.com/genealogy.owl#Margherita_40> }"", ""ASK WHERE { <http://www.example.com/genealogy.owl#Margherita_50> <http://www.example.com/genealogy.owl#hasTopping> <http://www.example.com/genealogy.owl#Margherita_50> }"", ""ASK WHERE { <http://www.example.com/genealogy.owl#Margherita_68> <http://www.example.com/genealogy.owl#hasTopping> <http://www.example.com/genealogy.owl#Margherita_68> }"", ""ASK WHERE { <http://www.example.com/genealogy.owl#Margherita_12> <http://www.example.com/genealogy.owl#hasTopping> <http://www.example.com/genealogy.owl#Margherita_12> }"", ""ASK WHERE { <http://www.example.com/genealogy.owl#Margherita_144> <http://www.example.com/genealogy.owl#hasTopping> <http://www.example.com/genealogy.owl#Margherita_144> }""]",FALSE,counts the identical evaluated input 6 times in per-row aggregate evaluation
e3b07be3515a4692d0ebd7c88689c973803eca2429eae94330ba8eeeccb6d42c,NL,C,representational collapse,distinct formal questions collapse to one evaluated representation,2,4778;4786,Pizza250,1hop,BQA,sem-v1.1-60a80f81c29a1ab6a1815ca067f4763c4a26e1554a6b03bb77062f4d3e03e55c;sem-v1.1-73b3c2bb1e321f9bfc46f85383438f32acbd67fb2b670b736397df53e3d5defd,"[""ASK WHERE { <http://www.example.com/genealogy.owl#AmericanHot_19> <http://www.example.com/genealogy.owl#hasIngredient> <http://www.example.com/genealogy.owl#HotGreenPepperTopping_dynamic_1> }"", ""ASK WHERE { <http://www.example.com/genealogy.owl#AmericanHot_50> <http://www.example.com/genealogy.owl#hasIngredient> <http://www.example.com/genealogy.owl#HotGreenPepperTopping_dynamic_1> }""]",TRUE,counts the identical evaluated input 2 times in per-row aggregate evaluation
e43284686b6479cfce5be4fba3eb6c2b906cce16830bc2131d6b32ed2fd882f4,NL,C,representational collapse,distinct formal questions collapse to one evaluated representation,4,4321;5434;5436;5438,Pizza100;Pizza250,2hop,BQA,sem-v1.1-f3a0a3683dd04558151598641ffae4ea38fafd43284f8aa4f40cdbce80a457c7;sem-v1.1-d5edb058106ed860abb2ccc3e475fe83124bfe9642fd129070e20a18e988ba80;sem-v1.1-65238860c6d89e9688dcf064047b04e6693cde9b322365c1dbf2716052d25625;sem-v1.1-705e221c32578b81984981b68d23342b324ae3bdc8007de8c6d1f4543a3d0e75,"[""ASK WHERE { <http://www.example.com/genealogy.owl#Cajun_33> <http://www.example.com/genealogy.owl#hasTopping> <http://www.example.com/genealogy.owl#MozzarellaTopping_dynamic_1> }"", ""ASK WHERE { <http://www.example.com/genealogy.owl#Cajun_17> <http://www.example.com/genealogy.owl#hasTopping> <http://www.example.com/genealogy.owl#MozzarellaTopping_dynamic_1> }"", ""ASK WHERE { <http://www.example.com/genealogy.owl#Cajun_181> <http://www.example.com/genealogy.owl#hasTopping> <http://www.example.com/genealogy.owl#MozzarellaTopping_dynamic_1> }"", ""ASK WHERE { <http://www.example.com/genealogy.owl#Cajun_197> <http://www.example.com/genealogy.owl#hasTopping> <http://www.example.com/genealogy.owl#MozzarellaTopping_dynamic_1> }""]",TRUE,counts the identical evaluated input 4 times in per-row aggregate evaluation
e57f414d4baf20acf424c531612fa8eeaa258f88f979b5c83981f1fe3553746e,NL,C,representational collapse,distinct formal questions collapse to one evaluated representation,4,4569;5752;5754;5758,Pizza100;Pizza250,2hop,BQA,sem-v1.1-624ed7df1e20cc549bbe96e53d0d4f45a3ffb0d333a133e41595a1e5fa2cb739;sem-v1.1-eee65684caa8311da84b1e68be709c459c704385eb84b2a679f758cf0d01ecb4;sem-v1.1-b9ff97f4551ae3b1d576d7a1031694ea8ac227c19940743b7c2d4876886608ad;sem-v1.1-a49822e4ed0189ab656067d369a5b0c7ddb7917a7944b58ecd419f69980d8502,"[""ASK WHERE { <http://www.example.com/genealogy.owl#Veneziana_59> <http://www.example.com/genealogy.owl#hasTopping> <http://www.example.com/genealogy.owl#CaperTopping_dynamic_1> }"", ""ASK WHERE { <http://www.example.com/genealogy.owl#Veneziana_141> <http://www.example.com/genealogy.owl#hasTopping> <http://www.example.com/genealogy.owl#CaperTopping_dynamic_1> }"", ""ASK WHERE { <http://www.example.com/genealogy.owl#Veneziana_153> <http://www.example.com/genealogy.owl#hasTopping> <http://www.example.com/genealogy.owl#CaperTopping_dynamic_1> }"", ""ASK WHERE { <http://www.example.com/genealogy.owl#Veneziana_225> <http://www.example.com/genealogy.owl#hasTopping> <http://www.example.com/genealogy.owl#CaperTopping_dynamic_1> }""]",TRUE,counts the identical evaluated input 4 times in per-row aggregate evaluation
e66962e874bfda8eb791638e58296e92e1d025760508e82b62064ed1a420374b,NL,C,representational collapse,distinct formal questions collapse to one evaluated representation,3,4324;5439;5441,Pizza100;Pizza250,2hop,BQA,sem-v1.1-1559b87033bf12b631d818833d5f347ae612a2b400bc4ae04f6410030171cf37;sem-v1.1-e5b942f0bda86cd7922286ad79ec4acc3b153c7055f47406207be5c219a459dd;sem-v1.1-212356cbd30ea14d74bc55a38cffc6dd3bf1d8bfe9342524f380cf92d2e9af71,"[""ASK WHERE { <http://www.example.com/genealogy.owl#Cajun_84> <http://www.w3.org/1999/02/22-rdf-syntax-ns#type> <http://www.example.com/genealogy.owl#American> }"", ""ASK WHERE { <http://www.example.com/genealogy.owl#Cajun_198> <http://www.w3.org/1999/02/22-rdf-syntax-ns#type> <http://www.example.com/genealogy.owl#American> }"", ""ASK WHERE { <http://www.example.com/genealogy.owl#Cajun_229> <http://www.w3.org/1999/02/22-rdf-syntax-ns#type> <http://www.example.com/genealogy.owl#American> }""]",FALSE,counts the identical evaluated input 3 times in per-row aggregate evaluation
e692fc4864b95eb20be7852d39b37e3bf65cb92fa73395a13287558030dd1345,NL,C,representational collapse,distinct formal questions collapse to one evaluated representation,2,2456;2460,FamilyOWL,2hop,BQA,sem-v1.1-6206f77ef53bbb5ffc9926ed27d1761caee2ce093c17daef11de6655ea02ed04;sem-v1.1-bce6ad10a17995de3358381a32be42767a52a7dc2eefbb2279698102953e0ab6,"[""ASK WHERE { <http://www.example.com/genealogy.owl#john_green_1802> <http://www.example.com/genealogy.owl#hasMother> <http://www.example.com/genealogy.owl#ada_rachel_heath_1868> }"", ""ASK WHERE { <http://www.example.com/genealogy.owl#john_green_1843> <http://www.example.com/genealogy.owl#hasMother> <http://www.example.com/genealogy.owl#ada_rachel_heath_1868> }""]",FALSE,counts the identical evaluated input 2 times in per-row aggregate evaluation
e6949b53dea98bb09ebc68772193b2abb3f623a755b6a5fdfb34b3c2a3a25126,NL,C,representational collapse,distinct formal questions collapse to one evaluated representation,3,4399;4403;5530,Pizza100;Pizza250,2hop,BQA,sem-v1.1-d165f284e76812e77a467a7363cf40a72ba494200ccb03d06ceacd91daed8cf0;sem-v1.1-3b7ad0e6f280c4908a3d880e8b1d819cb146bda8d562d16cc549e6a6affcf018;sem-v1.1-b6438a0cf70d167bcaeee8371aa255d7e275d6bdc06b3d3e663addde14e927e2,"[""ASK WHERE { <http://www.example.com/genealogy.owl#Giardiniera_56> <http://www.example.com/genealogy.owl#hasIngredient> <http://www.example.com/genealogy.owl#LeekTopping_dynamic_1> }"", ""ASK WHERE { <http://www.example.com/genealogy.owl#Giardiniera_79> <http://www.example.com/genealogy.owl#hasIngredient> <http://www.example.com/genealogy.owl#LeekTopping_dynamic_1> }"", ""ASK WHERE { <http://www.example.com/genealogy.owl#Giardiniera_175> <http://www.example.com/genealogy.owl#hasIngredient> <http://www.example.com/genealogy.owl#LeekTopping_dynamic_1> }""]",TRUE,counts the identical evaluated input 3 times in per-row aggregate evaluation
e882f658debb2e45409947030335068171bc1b1ac21734e5220abef6c3c4a53e,NL,C,representational collapse,distinct formal questions collapse to one evaluated representation,3,4383;4387;5520,Pizza100;Pizza250,2hop,BQA,sem-v1.1-62bdc7928080af963457075eda815244db68cb30f1d89cde622a7062fb432012;sem-v1.1-c08b89104c9bc05691e4d3dbc3e3f3f0025e92509e953d8504e48c2353a01233;sem-v1.1-bf49f23899cebd8c71d228d1a2cdd6ab68748af68c1a8ac9e6e06983dbe5212f,"[""ASK WHERE { <http://www.example.com/genealogy.owl#FruttiDiMare_13> <http://www.example.com/genealogy.owl#hasTopping> <http://www.example.com/genealogy.owl#GarlicTopping_dynamic_1> }"", ""ASK WHERE { <http://www.example.com/genealogy.owl#FruttiDiMare_36> <http://www.example.com/genealogy.owl#hasTopping> <http://www.example.com/genealogy.owl#GarlicTopping_dynamic_1> }"", ""ASK WHERE { <http://www.example.com/genealogy.owl#FruttiDiMare_214> <http://www.example.com/genealogy.owl#hasTopping> <http://www.example.com/genealogy.owl#GarlicTopping_dynamic_1> }""]",TRUE,counts the identical evaluated input 3 times in per-row aggregate evaluation
ecf3a091a1368ce8989d0c8b9b2315262dbda8fece69671e2ef2bd23602a927d,NL,C,representational collapse,distinct formal questions collapse to one evaluated representation,3,4525;4527;5688,Pizza100;Pizza250,2hop,BQA,sem-v1.1-6e1749b7adf7b3004ddfd5e746f817fbd221f0feb76ea90628f6f209b0bbc7d6;sem-v1.1-6a0375d3116458295f2cd035147f4cfeb46aed866720ff5bce0219ac7ed17c3d;sem-v1.1-64a339a6a1e1f2785822c6cf857dc5338360f45c567241027f509dc89d1e4359,"[""ASK WHERE { <http://www.example.com/genealogy.owl#Siciliana_13> <http://www.example.com/genealogy.owl#hasTopping> <http://www.example.com/genealogy.owl#AnchoviesTopping_dynamic_1> }"", ""ASK WHERE { <http://www.example.com/genealogy.owl#Siciliana_45> <http://www.example.com/genealogy.owl#hasTopping> <http://www.example.com/genealogy.owl#AnchoviesTopping_dynamic_1> }"", ""ASK WHERE { <http://www.example.com/genealogy.owl#Siciliana_109> <http://www.example.com/genealogy.owl#hasTopping> <http://www.example.com/genealogy.owl#AnchoviesTopping_dynamic_1> }""]",TRUE,counts the identical evaluated input 3 times in per-row aggregate evaluation
ed152820c925ff237d0fd13a3df322f878663100ad84bee0b45dd7ce798eec3c,NL,C,representational collapse,distinct formal questions collapse to one evaluated representation,5,3871;3877;4883;4891;4895,Pizza100;Pizza250,1hop,BQA,sem-v1.1-224191224389e8a74e7b83db46a66d995898e650fb594945cc4d0a5f13363827;sem-v1.1-a64be577f139b997407b3cd3a739f71eddd1a51ab013a3f17d0c94f6f46d9892;sem-v1.1-2c1ce53c0f8def4207499e803914eda49c30884fd802224ba1720904196577b4;sem-v1.1-1f541936bbbd3ea4a1ce202272a849d4a71d03152c043a864c2916d2e8c56db1;sem-v1.1-26aa22272f6fca664096f47cec15f7ca77470c4577686911e652847beb209c46,"[""ASK WHERE { <http://www.example.com/genealogy.owl#FourSeasons_26> <http://www.w3.org/1999/02/22-rdf-syntax-ns#type> <http://www.example.com/genealogy.owl#American> }"", ""ASK WHERE { <http://www.example.com/genealogy.owl#FourSeasons_88> <http://www.w3.org/1999/02/22-rdf-syntax-ns#type> <http://www.example.com/genealogy.owl#American> }"", ""ASK WHERE { <http://www.example.com/genealogy.owl#FourSeasons_146> <http://www.w3.org/1999/02/22-rdf-syntax-ns#type> <http://www.example.com/genealogy.owl#American> }"", ""ASK WHERE { <http://www.example.com/genealogy.owl#FourSeasons_233> <http://www.w3.org/1999/02/22-rdf-syntax-ns#type> <http://www.example.com/genealogy.owl#American> }"", ""ASK WHERE { <http://www.example.com/genealogy.owl#FourSeasons_62> <http://www.w3.org/1999/02/22-rdf-syntax-ns#type> <http://www.example.com/genealogy.owl#American> }""]",FALSE,counts the identical evaluated input 5 times in per-row aggregate evaluation
ed72df618146772963a3a11648e076a67cea76f0d2ff9f66a575d7c7b1a07a4a,NL,C,representational collapse,distinct formal questions collapse to one evaluated representation,3,4036;5098;5108,Pizza100;Pizza250,1hop,BQA,sem-v1.1-93a36fd1875df5d0d09df0e4ec55f1b4d15563c6b5da67f3b0e791baf573f2ab;sem-v1.1-17f60efb0352729b74a4cddadec9ebfa5b4784a4155e491c39017eea6f9277b1;sem-v1.1-a3eaec914138895c6091d38981342185b147ee5092abe1a54a5873f631ecc6a7,"[""ASK WHERE { <http://www.example.com/genealogy.owl#SloppyGiuseppe_1> <http://www.example.com/genealogy.owl#hasIngredient> <http://www.example.com/genealogy.owl#SloppyGiuseppe_1> }"", ""ASK WHERE { <http://www.example.com/genealogy.owl#SloppyGiuseppe_20> <http://www.example.com/genealogy.owl#hasIngredient> <http://www.example.com/genealogy.owl#SloppyGiuseppe_20> }"", ""ASK WHERE { <http://www.example.com/genealogy.owl#SloppyGiuseppe_98> <http://www.example.com/genealogy.owl#hasIngredient> <http://www.example.com/genealogy.owl#SloppyGiuseppe_98> }""]",FALSE,counts the identical evaluated input 3 times in per-row aggregate evaluation
ed7be704b0a9dd6edb84d141e08a63f385b14a9b619799cac718b956aa07e5d2,NL,C,representational collapse,distinct formal questions collapse to one evaluated representation,2,2325;2327,FamilyOWL,2hop,BQA,sem-v1.1-ce3058bab1aee6c6ee9eb30b12b49118e1e8b320a6a7cfa86a30115fc43fc058;sem-v1.1-3af181b0995f6ed338e655298378de9adb87d47ff13f2ff8ca60a79edb3d14c9,"[""ASK WHERE { <http://www.example.com/genealogy.owl#james_bright_1761> <http://www.w3.org/1999/02/22-rdf-syntax-ns#type> <http://www.example.com/genealogy.owl#Man> }"", ""ASK WHERE { <http://www.example.com/genealogy.owl#james_bright_1787> <http://www.w3.org/1999/02/22-rdf-syntax-ns#type> <http://www.example.com/genealogy.owl#Man> }""]",TRUE,counts the identical evaluated input 2 times in per-row aggregate evaluation
ed8d44d2ebbc4dd8b845c5878068b1f8317007d6039f91ee20362563ed161d83,NL,C,representational collapse,distinct formal questions collapse to one evaluated representation,2,5606;5608,Pizza250,2hop,BQA,sem-v1.1-fa6ac21b74c3891d5fbac373a04b8893fc97bb0bb6ecb0cedfac70b004d4c28e;sem-v1.1-b50a11f912bdce6d788c9a218be97fac39ad9667838f7d5d41d4f55c33f217ab,"[""ASK WHERE { <http://www.example.com/genealogy.owl#Napoletana_248> <http://www.w3.org/1999/02/22-rdf-syntax-ns#type> <http://www.example.com/genealogy.owl#Food> }"", ""ASK WHERE { <http://www.example.com/genealogy.owl#Napoletana_83> <http://www.w3.org/1999/02/22-rdf-syntax-ns#type> <http://www.example.com/genealogy.owl#Food> }""]",TRUE,counts the identical evaluated input 2 times in per-row aggregate evaluation
edab42e7cf40eb509574d2c298142b8616b4a43eb6c90762bb379071a903c2e3,NL,C,representational collapse,distinct formal questions collapse to one evaluated representation,2,3915;3921,Pizza100,1hop,BQA,sem-v1.1-fb6cead635e59f021158b02a29500edd43466e9f957a66cb521988a2c167df97;sem-v1.1-3897e056c2dd588ce4b85952d4034bf65db5adee4d3f3ed5ef39edc36bbaa912,"[""ASK WHERE { <http://www.example.com/genealogy.owl#LaReine_66> <http://www.example.com/genealogy.owl#hasIngredient> <http://www.example.com/genealogy.owl#HamTopping_dynamic_1> }"", ""ASK WHERE { <http://www.example.com/genealogy.owl#LaReine_78> <http://www.example.com/genealogy.owl#hasIngredient> <http://www.example.com/genealogy.owl#HamTopping_dynamic_1> }""]",TRUE,counts the identical evaluated input 2 times in per-row aggregate evaluation
ee2596d361689948b35aef379be62804bb732ce7db0a246a44802ddd70744812,NL,C,representational collapse,distinct formal questions collapse to one evaluated representation,2,2934;2940,FamilyOWL,2hop,BQA,sem-v1.1-e17febf6392ddfd1b7ff057fece3aec27e895c0548b7134b0a6f52e26c9edfe2;sem-v1.1-19c68119c9f77b91d39f3afc3e65b56981170bd6aa7bbd229ed15a371cb7dc19,"[""ASK WHERE { <http://www.example.com/genealogy.owl#samuel_tubb_1811> <http://www.example.com/genealogy.owl#isBrotherOf> <http://www.example.com/genealogy.owl#ada_rachel_heath_1868> }"", ""ASK WHERE { <http://www.example.com/genealogy.owl#samuel_tubb_1832> <http://www.example.com/genealogy.owl#isBrotherOf> <http://www.example.com/genealogy.owl#ada_rachel_heath_1868> }""]",FALSE,counts the identical evaluated input 2 times in per-row aggregate evaluation
ee30e91562f4966125bed8da103ea2eeb1aec2a9de4609216307805a97a9e013,NL,C,representational collapse,distinct formal questions collapse to one evaluated representation,3,3952;3956;4960,Pizza100;Pizza250,1hop,BQA,sem-v1.1-4bf2b185824e2ba60a6c9ea986c92e3ddb521754cd571494d9b6cad9212dd782;sem-v1.1-d63062d91d6db5d1d485e1398ce92fd2e859a48cb67fb7bbfdb1d204ddf10e60;sem-v1.1-fa0fb534bfeb15d6c5a5d0c73eec7694a5717ca61a2f442bfa6fba28309d0ef0,"[""ASK WHERE { <http://www.example.com/genealogy.owl#Mushroom_41> <http://www.example.com/genealogy.owl#hasTopping> <http://www.example.com/genealogy.owl#Mushroom_41> }"", ""ASK WHERE { <http://www.example.com/genealogy.owl#Mushroom_7> <http://www.example.com/genealogy.owl#hasTopping> <http://www.example.com/genealogy.owl#Mushroom_7> }"", ""ASK WHERE { <http://www.example.com/genealogy.owl#Mushroom_1> <http://www.example.com/genealogy.owl#hasTopping> <http://www.example.com/genealogy.owl#Mushroom_1> }""]",FALSE,counts the identical evaluated input 3 times in per-row aggregate evaluation
ef3f513e2342089c3e1d1d7264ff5395e4135ad5718e2f47926ae62ba4b1b10b,NL,C,representational collapse,distinct formal questions collapse to one evaluated representation,3,4284;5395;5407,Pizza100;Pizza250,2hop,BQA,sem-v1.1-e22141b72a42e99cb82c6f4c75157493d867959b747c3cbc0328877453c70ddf;sem-v1.1-6b836a07dc632fe9b7eb05eb2e5bcf27027b10cacc1adce69025c1ffbfff66d6;sem-v1.1-b685423478fa53455480e3b502f35985e3951e69aeb87217d517f82080c1a230,"[""ASK WHERE { <http://www.example.com/genealogy.owl#AmericanHot_57> <http://www.w3.org/1999/02/22-rdf-syntax-ns#type> <http://www.example.com/genealogy.owl#American> }"", ""ASK WHERE { <http://www.example.com/genealogy.owl#AmericanHot_199> <http://www.w3.org/1999/02/22-rdf-syntax-ns#type> <http://www.example.com/genealogy.owl#American> }"", ""ASK WHERE { <http://www.example.com/genealogy.owl#AmericanHot_64> <http://www.w3.org/1999/02/22-rdf-syntax-ns#type> <http://www.example.com/genealogy.owl#American> }""]",FALSE,counts the identical evaluated input 3 times in per-row aggregate evaluation
ef42cb7d25fc5810d6a6f4bfe7b5fd86a17b047309b443de9d965566da73ff80,NL,C,representational collapse,distinct formal questions collapse to one evaluated representation,8,3908;3912;3920;3924;3928;4932;4936;4940,Pizza100;Pizza250,1hop,BQA,sem-v1.1-2b97f02b984fdf8801cb9542d5992417e920aab6cf1116bfc29bcccca6f44313;sem-v1.1-52e124421fb5a6e13a7ad2889a2aeb1dcac4bb2dfbe524fa4545f3ff064ff982;sem-v1.1-5f3eb7da8af9b10fb7abcb74fbf270d3f7ac8c24798419ed3f82f6c918725265;sem-v1.1-63b30790c438cdf5293996a4253eff09e8d169726b9208e76437c4ffd678c91e;sem-v1.1-cf18b8be0f32f5c6c45b9fb2268b7bde40c74e59e91d79d83fc114514111654f;sem-v1.1-c0b2dc2a724a825eb98a20d364496ca255aef0db88b6dfae0a531be75356a6f0;sem-v1.1-9190bbd43209e57693ab8f6f15cf6997d0d6e997af5f0e45a46a830900971e6a;sem-v1.1-2622ed6e8a7a0ad715533fb44407914a6447e299cbe2c13cf0aacd7de78346a1,"[""ASK WHERE { <http://www.example.com/genealogy.owl#LaReine_16> <http://www.w3.org/1999/02/22-rdf-syntax-ns#type> <http://www.example.com/genealogy.owl#Food> }"", ""ASK WHERE { <http://www.example.com/genealogy.owl#LaReine_18> <http://www.w3.org/1999/02/22-rdf-syntax-ns#type> <http://www.example.com/genealogy.owl#Food> }"", ""ASK WHERE { <http://www.example.com/genealogy.owl#LaReine_75> <http://www.w3.org/1999/02/22-rdf-syntax-ns#type> <http://www.example.com/genealogy.owl#Food> }"", ""ASK WHERE { <http://www.example.com/genealogy.owl#LaReine_78> <http://www.w3.org/1999/02/22-rdf-syntax-ns#type> <http://www.example.com/genealogy.owl#Food> }"", ""ASK WHERE { <http://www.example.com/genealogy.owl#LaReine_86> <http://www.w3.org/1999/02/22-rdf-syntax-ns#type> <http://www.example.com/genealogy.owl#Food> }"", ""ASK WHERE { <http://www.example.com/genealogy.owl#LaReine_123> <http://www.w3.org/1999/02/22-rdf-syntax-ns#type> <http://www.example.com/genealogy.owl#Food> }"", ""ASK WHERE { <http://www.example.com/genealogy.owl#LaReine_184> <http://www.w3.org/1999/02/22-rdf-syntax-ns#type> <http://www.example.com/genealogy.owl#Food> }"", ""ASK WHERE { <http://www.example.com/genealogy.owl#LaReine_49> <http://www.w3.org/1999/02/22-rdf-syntax-ns#type> <http://www.example.com/genealogy.owl#Food> }""]",TRUE,counts the identical evaluated input 8 times in per-row aggregate evaluation
f03a8b56cf649a45b5528c0f673bd04c30c49deb6622100fa4511ddb032424a4,NL,C,representational collapse,distinct formal questions collapse to one evaluated representation,3,6959;6965;8510,OWL2Bench,1hop;2hop,BQA,sem-v1.1-1a617e0da8a08bbd0702be52d07aa645abc9c392dfe6e4ea7552936b7643e410;sem-v1.1-cac09abbcc1f5887b7b9571e7e5d9ca6446712e7f9c1773fe4fb733c4e54816f;sem-v1.1-49e8e165cc39c9186d2deec9c20ce2bf724d2e297ac379470c3f076a66ecbbd9,"[""ASK WHERE { <http://www.example.com/genealogy.owl#Woman_18> <http://www.w3.org/1999/02/22-rdf-syntax-ns#type> <http://www.example.com/genealogy.owl#AeronauticalEngineering> }"", ""ASK WHERE { <http://www.example.com/genealogy.owl#Woman_47> <http://www.w3.org/1999/02/22-rdf-syntax-ns#type> <http://www.example.com/genealogy.owl#AeronauticalEngineering> }"", ""ASK WHERE { <http://www.example.com/genealogy.owl#Woman_13> <http://www.w3.org/1999/02/22-rdf-syntax-ns#type> <http://www.example.com/genealogy.owl#AeronauticalEngineering> }""]",FALSE,counts the identical evaluated input 3 times in per-row aggregate evaluation
f0828dca284c354ab5fa23bd2089aaaf3675303b92730ee8596ffc759a89ca24,NL,C,representational collapse,distinct formal questions collapse to one evaluated representation,2,3900;3902,Pizza100,1hop,BQA,sem-v1.1-89aa29041a268bc25cd60297b29c749914a6dddb3eb113e715c46b84664bba30;sem-v1.1-775f62dbb145eb0d30b5f5a880c8900af932fb3c4bc712ad11ef4846d36cacef,"[""ASK WHERE { <http://www.example.com/genealogy.owl#Giardiniera_56> <http://www.example.com/genealogy.owl#hasIngredient> <http://www.example.com/genealogy.owl#LeekTopping_dynamic_1> }"", ""ASK WHERE { <http://www.example.com/genealogy.owl#Giardiniera_79> <http://www.example.com/genealogy.owl#hasIngredient> <http://www.example.com/genealogy.owl#LeekTopping_dynamic_1> }""]",TRUE,counts the identical evaluated input 2 times in per-row aggregate evaluation
f0e6066872445d88ca4379447544fc82aadcc21bce40683f2b2db16f1dfc43d2,NL,C,representational collapse,distinct formal questions collapse to one evaluated representation,3,4439;5562;5568,Pizza100;Pizza250,2hop,BQA,sem-v1.1-d15c6d2ee7fa96927a259dd0494860328cbbc35a7f0e6baaf2631420a374ea06;sem-v1.1-e1c1a85f57cdac7d4e5cf2dadea89ea1037a98a34264f455318ba3f8954f1c3a;sem-v1.1-7975a518cbd7ea36aca7c3e457fddb891af32ce0b281a320de3ec67b06d41d18,"[""ASK WHERE { <http://www.example.com/genealogy.owl#Margherita_58> <http://www.example.com/genealogy.owl#hasTopping> <http://www.example.com/genealogy.owl#MozzarellaTopping_dynamic_1> }"", ""ASK WHERE { <http://www.example.com/genealogy.owl#Margherita_29> <http://www.example.com/genealogy.owl#hasTopping> <http://www.example.com/genealogy.owl#MozzarellaTopping_dynamic_1> }"", ""ASK WHERE { <http://www.example.com/genealogy.owl#Margherita_97> <http://www.example.com/genealogy.owl#hasTopping> <http://www.example.com/genealogy.owl#MozzarellaTopping_dynamic_1> }""]",TRUE,counts the identical evaluated input 3 times in per-row aggregate evaluation
f101d41ec1af50b9656eca44f533093d4e86793f7db18b03c06888f36789b17c,NL,C,representational collapse,distinct formal questions collapse to one evaluated representation,3,4353;5484;5486,Pizza100;Pizza250,2hop,BQA,sem-v1.1-8eec05d39722fb2f43230e599245198b09e42cf532681eef4d827b34fd120cc1;sem-v1.1-3ea15cd61fe92e74709aaa789c1ee714a5ab5e53bdbafe96b6249094fbec4344;sem-v1.1-91daad1e4397fd79cece168c41b2c627f8e79423ede7f99d0642f70bb7d6ac89,"[""ASK WHERE { <http://www.example.com/genealogy.owl#Fiorentina_41> <http://www.example.com/genealogy.owl#hasTopping> <http://www.example.com/genealogy.owl#GarlicTopping_dynamic_1> }"", ""ASK WHERE { <http://www.example.com/genealogy.owl#Fiorentina_156> <http://www.example.com/genealogy.owl#hasTopping> <http://www.example.com/genealogy.owl#GarlicTopping_dynamic_1> }"", ""ASK WHERE { <http://www.example.com/genealogy.owl#Fiorentina_222> <http://www.example.com/genealogy.owl#hasTopping> <http://www.example.com/genealogy.owl#GarlicTopping_dynamic_1> }""]",TRUE,counts the identical evaluated input 3 times in per-row aggregate evaluation
f15a00a422584f3d6379fb52422afafb7f16d03a67b07aa08bcca336b615673d,NL,C,representational collapse,distinct formal questions collapse to one evaluated representation,3,4329;5450;5454,Pizza100;Pizza250,2hop,BQA,sem-v1.1-c38ec2c2aaa5ef632f66d0465717023d7c17239626ae494961c1c16c77fa0081;sem-v1.1-66b41084a1a1fe2f48f2b6def356cd6d2cd08287ed62339fec49d3933754e4b7;sem-v1.1-6d23da3d5dbf8d24e3a9f4ff1eb92426afea5418c9a18da2b8d6cab49b62e0e3,"[""ASK WHERE { <http://www.example.com/genealogy.owl#Capricciosa_0> <http://www.example.com/genealogy.owl#hasIngredient> <http://www.example.com/genealogy.owl#AnchoviesTopping_dynamic_1> }"", ""ASK WHERE { <http://www.example.com/genealogy.owl#Capricciosa_125> <http://www.example.com/genealogy.owl#hasIngredient> <http://www.example.com/genealogy.owl#AnchoviesTopping_dynamic_1> }"", ""ASK WHERE { <http://www.example.com/genealogy.owl#Capricciosa_202> <http://www.example.com/genealogy.owl#hasIngredient> <http://www.example.com/genealogy.owl#AnchoviesTopping_dynamic_1> }""]",TRUE,counts the identical evaluated input 3 times in per-row aggregate evaluation
f1e694ef0b436656616dcc44d3952a53946a92f54b6e3b9cee7f74e20d9dd82f,NL,C,representational collapse,distinct formal questions collapse to one evaluated representation,5,4646;4649;5856;5857;5862,Pizza100;Pizza250,2hop,OEQA,sem-v1.1-5e93ac7dc851708937614c27d14f9a73e5bfb100896dce977d505231ba4bba80;sem-v1.1-48adf78157d63941221047f6cd43b15f0d8c3acac362c6ba2860674c3afe922c;sem-v1.1-ff3294a88d09e13c0f928712f41b0ee62d951b1c7a20f1a6fb7d95b15e7f3c89;sem-v1.1-cbc99996f835035c4e32fdfdadf832aaa857bd49d453f1f47a14731661f66582;sem-v1.1-c612ed0b117c497323fe2f687e1d382bdd273d2e6baebe90888c0472ebd6e93b,"[""SELECT ?x WHERE { <http://www.example.com/genealogy.owl#FruttiDiMare_33> <http://www.w3.org/1999/02/22-rdf-syntax-ns#type> ?x }"", ""SELECT ?x WHERE { <http://www.example.com/genealogy.owl#FruttiDiMare_93> <http://www.w3.org/1999/02/22-rdf-syntax-ns#type> ?x }"", ""SELECT ?x WHERE { <http://www.example.com/genealogy.owl#FruttiDiMare_240> <http://www.w3.org/1999/02/22-rdf-syntax-ns#type> ?x }"", ""SELECT ?x WHERE { <http://www.example.com/genealogy.owl#FruttiDiMare_244> <http://www.w3.org/1999/02/22-rdf-syntax-ns#type> ?x }"", ""SELECT ?x WHERE { <http://www.example.com/genealogy.owl#FruttiDiMare_38> <http://www.w3.org/1999/02/22-rdf-syntax-ns#type> ?x }""]",DomainConcept; Food; Pizza,counts the identical evaluated input 5 times in per-row aggregate evaluation
f28de714e6da1957b70ae9d3cddc1620e68520722f4a12c33206ee16e46dedab,NL,C,representational collapse,distinct formal questions collapse to one evaluated representation,7,4299;4303;4309;4313;4315;5416;5418,Pizza100;Pizza250,2hop,BQA,sem-v1.1-b038d645be942aa353591f2441c88a6cc1babf8cdff8e1497fded5abbe8494dd;sem-v1.1-171855d310da84cde4a68dc8e9e2d0269b21721437dbf71aa8de23aefc584968;sem-v1.1-ad9515d38af007f91ac00e94142f3f8b751fd119582237f35729c527aac8216d;sem-v1.1-7dcd37f45504ad48744b28893f444b3eaecc3e66cc3dda2e378fad7d58d3ee38;sem-v1.1-c71c66edc8d25c57433730decd7ce40fbdfd193463a1bba8187923bf3794d73f;sem-v1.1-214df0e9015ba7ea41aa5f3b9b9f5a97737f158198be124d7adab7da76a79d5d;sem-v1.1-2bbd6fb480248938d44892906fea93fee34ed849ccff24c8ed01457b2e50fd0b,"[""ASK WHERE { <http://www.example.com/genealogy.owl#American_28> <http://www.w3.org/1999/02/22-rdf-syntax-ns#type> <http://www.example.com/genealogy.owl#Food> }"", ""ASK WHERE { <http://www.example.com/genealogy.owl#American_43> <http://www.w3.org/1999/02/22-rdf-syntax-ns#type> <http://www.example.com/genealogy.owl#Food> }"", ""ASK WHERE { <http://www.example.com/genealogy.owl#American_7> <http://www.w3.org/1999/02/22-rdf-syntax-ns#type> <http://www.example.com/genealogy.owl#Food> }"", ""ASK WHERE { <http://www.example.com/genealogy.owl#American_83> <http://www.w3.org/1999/02/22-rdf-syntax-ns#type> <http://www.example.com/genealogy.owl#Food> }"", ""ASK WHERE { <http://www.example.com/genealogy.owl#American_88> <http://www.w3.org/1999/02/22-rdf-syntax-ns#type> <http://www.example.com/genealogy.owl#Food> }"", ""ASK WHERE { <http://www.example.com/genealogy.owl#American_158> <http://www.w3.org/1999/02/22-rdf-syntax-ns#type> <http://www.example.com/genealogy.owl#Food> }"", ""ASK WHERE { <http://www.example.com/genealogy.owl#American_2> <http://www.w3.org/1999/02/22-rdf-syntax-ns#type> <http://www.example.com/genealogy.owl#Food> }""]",TRUE,counts the identical evaluated input 7 times in per-row aggregate evaluation
f2a0960e3d302f79abd54e215c128318182dd40a9caab9d00b03643b782cdd43,NL,C,representational collapse,distinct formal questions collapse to one evaluated representation,7,4242;4244;5348;5349;5352;5353;5355,Pizza100;Pizza250,1hop,OEQA,sem-v1.1-66ae9ab59ea94b232eb1f5500cf336d70810fcb4a85b6230e026d9ffd42136fe;sem-v1.1-9706850b4b969fbc0b81518e1896b1ddaf95b560618b61656b459bb5042d4d9c;sem-v1.1-62e3ee01265960eccbeb3adaeda3aadf93c48e5fc16cd6ec3c077af1860cf281;sem-v1.1-28c8912f267f7c92dfcca37d236def308c001d8ecafe4d54e01f91dc20c2fe42;sem-v1.1-2b260eb4ff731231d090a34904c62609e88fb0edbcbc62915833151ad2be3ad8;sem-v1.1-6eea4f1c6939a559fc6ac374c8ee6a12d5db6bc93170ff78beefb7ee8ac5d423;sem-v1.1-12fac8a38e5dfda03a4b558ce271204c442dd4207ea0dfbf1ff801914a52391d,"[""SELECT ?x WHERE { <http://www.example.com/genealogy.owl#Soho_35> <http://www.w3.org/1999/02/22-rdf-syntax-ns#type> ?x }"", ""SELECT ?x WHERE { <http://www.example.com/genealogy.owl#Soho_50> <http://www.w3.org/1999/02/22-rdf-syntax-ns#type> ?x }"", ""SELECT ?x WHERE { <http://www.example.com/genealogy.owl#Soho_134> <http://www.w3.org/1999/02/22-rdf-syntax-ns#type> ?x }"", ""SELECT ?x WHERE { <http://www.example.com/genealogy.owl#Soho_204> <http://www.w3.org/1999/02/22-rdf-syntax-ns#type> ?x }"", ""SELECT ?x WHERE { <http://www.example.com/genealogy.owl#Soho_54> <http://www.w3.org/1999/02/22-rdf-syntax-ns#type> ?x }"", ""SELECT ?x WHERE { <http://www.example.com/genealogy.owl#Soho_67> <http://www.w3.org/1999/02/22-rdf-syntax-ns#type> ?x }"", ""SELECT ?x WHERE { <http://www.example.com/genealogy.owl#Soho_87> <http://www.w3.org/1999/02/22-rdf-syntax-ns#type> ?x }""]",DomainConcept; Food; Pizza,counts the identical evaluated input 7 times in per-row aggregate evaluation
f35593fb3caa8c4b795ec7be57f05c9d013d645b407316dd70928cb591bdef2a,NL,C,representational collapse,distinct formal questions collapse to one evaluated representation,3,4690;5902;5908,Pizza100;Pizza250,2hop,OEQA,sem-v1.1-2e9e4d0efb98957a34567ec2baa98c55ba877a142a11d6edb22ac7da8418793f;sem-v1.1-cc133a7ceaf65d394c0a82c82269761d00604f08f48d0edb4b79afd19d66d49a;sem-v1.1-5588244aded215ff12b7e79a6848b3346ca42d74eb0dc60e0a7770ae8d41c585,"[""SELECT ?x WHERE { <http://www.example.com/genealogy.owl#Parmense_77> <http://www.example.com/genealogy.owl#hasIngredient> ?x }"", ""SELECT ?x WHERE { <http://www.example.com/genealogy.owl#Parmense_129> <http://www.example.com/genealogy.owl#hasIngredient> ?x }"", ""SELECT ?x WHERE { <http://www.example.com/genealogy.owl#Parmense_76> <http://www.example.com/genealogy.owl#hasIngredient> ?x }""]",AsparagusTopping_dynamic_1; HamTopping_dynamic_1; MozzarellaTopping_dynamic_1; ParmesanTopping_dynamic_1; TomatoTopping_dynamic_1,counts the identical evaluated input 3 times in per-row aggregate evaluation
f3989c3b3df33113a330ffd7f5f64b8c44dbdf4b8e633aaf807f59c646fd53fe,NL,C,representational collapse,distinct formal questions collapse to one evaluated representation,7,4028;4034;5068;5072;5074;5082;5088,Pizza100;Pizza250,1hop,BQA,sem-v1.1-7fb188a379dbd7c6bd8bc83bf3fc845fcb7e008821d382b7d85dabef88249ae3;sem-v1.1-488a9b8a23bf7a6990aeeead367c6325310642071e98c6362de7ac4866eaca66;sem-v1.1-9e1f6d26fa9dcdf7767f5f61a8ed62e3f9ff858a136afa032104fb2fd5a69577;sem-v1.1-e1bd28087b59299f9287a65459a69c7e845e05c82c88398586d640342aa1a4f3;sem-v1.1-533d4fbeeb819c02bbcca9eafe6a45ee84239a01f994705bd6f3f9c10a0fc146;sem-v1.1-c7dd00681c4c78639803c95100eaf299d39c3911d37fb4550e55076a46bf8024;sem-v1.1-70869fd024876aa0530e2474d60eb0964938db09c48508f55ed9ef8841c65662,"[""ASK WHERE { <http://www.example.com/genealogy.owl#Siciliana_47> <http://www.example.com/genealogy.owl#hasTopping> <http://www.example.com/genealogy.owl#Siciliana_47> }"", ""ASK WHERE { <http://www.example.com/genealogy.owl#Siciliana_54> <http://www.example.com/genealogy.owl#hasTopping> <http://www.example.com/genealogy.owl#Siciliana_54> }"", ""ASK WHERE { <http://www.example.com/genealogy.owl#Siciliana_109> <http://www.example.com/genealogy.owl#hasTopping> <http://www.example.com/genealogy.owl#Siciliana_109> }"", ""ASK WHERE { <http://www.example.com/genealogy.owl#Siciliana_113> <http://www.example.com/genealogy.owl#hasTopping> <http://www.example.com/genealogy.owl#Siciliana_113> }"", ""ASK WHERE { <http://www.example.com/genealogy.owl#Siciliana_154> <http://www.example.com/genealogy.owl#hasTopping> <http://www.example.com/genealogy.owl#Siciliana_154> }"", ""ASK WHERE { <http://www.example.com/genealogy.owl#Siciliana_44> <http://www.example.com/genealogy.owl#hasTopping> <http://www.example.com/genealogy.owl#Siciliana_44> }"", ""ASK WHERE { <http://www.example.com/genealogy.owl#Siciliana_52> <http://www.example.com/genealogy.owl#hasTopping> <http://www.example.com/genealogy.owl#Siciliana_52> }""]",FALSE,counts the identical evaluated input 7 times in per-row aggregate evaluation
f4714e6582f2143336793ba9b9e651d46bdd51369251eaa2ef334b8f62e3c5d5,NL,C,representational collapse,distinct formal questions collapse to one evaluated representation,5,4181;5282;5284;5289;5290,Pizza100;Pizza250,1hop,OEQA,sem-v1.1-631052d91885d51046d08233863fbb46f66d63061f6f31d4aca736075138a1f4;sem-v1.1-71dd9e6e4d44eebcf7f84d6a64a19b51f9515af7a25ad4cb6ce8232c70ccbd7a;sem-v1.1-8247090ccef74bb76e739be201dac3581314ab92761d87972f7d034dbc0b0c63;sem-v1.1-55a36f28a462a427d45db7aaf17e06a7bc8e7d237e75a7b5b1ebbf4a1f9fd33e;sem-v1.1-abf7ea4fe376f9017950f6cfde67c46fb6a24970c559fafcd8a4f252d0ebe027,"[""SELECT ?x WHERE { <http://www.example.com/genealogy.owl#Napoletana_27> <http://www.example.com/genealogy.owl#hasIngredient> ?x }"", ""SELECT ?x WHERE { <http://www.example.com/genealogy.owl#Napoletana_102> <http://www.example.com/genealogy.owl#hasIngredient> ?x }"", ""SELECT ?x WHERE { <http://www.example.com/genealogy.owl#Napoletana_151> <http://www.example.com/genealogy.owl#hasIngredient> ?x }"", ""SELECT ?x WHERE { <http://www.example.com/genealogy.owl#Napoletana_203> <http://www.example.com/genealogy.owl#hasIngredient> ?x }"", ""SELECT ?x WHERE { <http://www.example.com/genealogy.owl#Napoletana_248> <http://www.example.com/genealogy.owl#hasIngredient> ?x }""]",AnchoviesTopping_dynamic_1; CaperTopping_dynamic_1; MozzarellaTopping_dynamic_1; OliveTopping_dynamic_1; TomatoTopping_dynamic_1,counts the identical evaluated input 5 times in per-row aggregate evaluation
f4e71ab4a293293fbff51b7f726d19f1e0bf09900ced84393df5b3bf8eb8c370,NL,C,representational collapse,distinct formal questions collapse to one evaluated representation,2,4245;5350,Pizza100;Pizza250,1hop,OEQA,sem-v1.1-b81b7df74770b67ee52792f53454600a735060fed43fc16e2c1fa2758b998807;sem-v1.1-3a91a08fccc3df1c6d1d1fe5301c99ef1391a19614696a9422ccdc8911997502,"[""SELECT ?x WHERE { <http://www.example.com/genealogy.owl#Soho_8> <http://www.example.com/genealogy.owl#hasTopping> ?x }"", ""SELECT ?x WHERE { <http://www.example.com/genealogy.owl#Soho_236> <http://www.example.com/genealogy.owl#hasTopping> ?x }""]",GarlicTopping_dynamic_1; MozzarellaTopping_dynamic_1; OliveTopping_dynamic_1; ParmesanTopping_dynamic_1; RocketTopping_dynamic_1; TomatoTopping_dynamic_1,counts the identical evaluated input 2 times in per-row aggregate evaluation
f54a9f456867495f1e8d7e8bc55df741ee79b63a613e928cd597874cc9a247ee,FS,D,other,incidental cross-dataset duplicate with the same formal query and gold semantics; no evidence it was intentionally duplicated,2,4042;5108,Pizza100;Pizza250,1hop,BQA,sem-v1.1-c4300d35669336a1c0e05b5f2741a7fa091540d84c390431395a81db8c7a5f99;sem-v1.1-a3eaec914138895c6091d38981342185b147ee5092abe1a54a5873f631ecc6a7,"[""ASK WHERE { <http://www.example.com/genealogy.owl#SloppyGiuseppe_98> <http://www.example.com/genealogy.owl#hasIngredient> <http://www.example.com/genealogy.owl#SloppyGiuseppe_98> }"", ""ASK WHERE { <http://www.example.com/genealogy.owl#SloppyGiuseppe_98> <http://www.example.com/genealogy.owl#hasIngredient> <http://www.example.com/genealogy.owl#SloppyGiuseppe_98> }""]",FALSE,counts the identical evaluated input 2 times in per-row aggregate evaluation
f6d753cc24cd3d29dd5333843366aba33464264f54725ea666fa8024109b4f06,NL,C,representational collapse,distinct formal questions collapse to one evaluated representation,3,5640;5644;5650,Pizza250,2hop,BQA,sem-v1.1-67556ca1e12942285579c83d6adf5d0cb821b4d226dee0ce69ebc1c2c37cd9d3;sem-v1.1-c776944e6a1f6defaf49b6831903899f6faf66f511acd0bc48a0defc36f3a5de;sem-v1.1-4d933df920ed2ae72c3e1b78af1d06672a9bf723953f7b9306bbe05250bdd8aa,"[""ASK WHERE { <http://www.example.com/genealogy.owl#PolloAdAstra_205> <http://www.w3.org/1999/02/22-rdf-syntax-ns#type> <http://www.example.com/genealogy.owl#Food> }"", ""ASK WHERE { <http://www.example.com/genealogy.owl#PolloAdAstra_22> <http://www.w3.org/1999/02/22-rdf-syntax-ns#type> <http://www.example.com/genealogy.owl#Food> }"", ""ASK WHERE { <http://www.example.com/genealogy.owl#PolloAdAstra_91> <http://www.w3.org/1999/02/22-rdf-syntax-ns#type> <http://www.example.com/genealogy.owl#Food> }""]",TRUE,counts the identical evaluated input 3 times in per-row aggregate evaluation
f7165608425abd5e712103b7418891c5682b0fcdc720c12d42a2cfbc5d87dd13,NL,C,representational collapse,distinct formal questions collapse to one evaluated representation,3,3873;4881;4889,Pizza100;Pizza250,1hop,BQA,sem-v1.1-e11ba92764b3c34b290e7cefd33657874a46438235d05a58166faa0fb5d43a1c;sem-v1.1-7f1da9e9cbb3772774cc6c27a2cdcd4d525619d5fcbc23ab7ca0f064e024c348;sem-v1.1-f4ef96fde17de50b8d2c4b87b7dfa97876ad4e9bbe9e6b94772bfee1062a41da,"[""ASK WHERE { <http://www.example.com/genealogy.owl#FourSeasons_71> <http://www.example.com/genealogy.owl#hasIngredient> <http://www.example.com/genealogy.owl#AnchoviesTopping_dynamic_1> }"", ""ASK WHERE { <http://www.example.com/genealogy.owl#FourSeasons_146> <http://www.example.com/genealogy.owl#hasIngredient> <http://www.example.com/genealogy.owl#AnchoviesTopping_dynamic_1> }"", ""ASK WHERE { <http://www.example.com/genealogy.owl#FourSeasons_190> <http://www.example.com/genealogy.owl#hasIngredient> <http://www.example.com/genealogy.owl#AnchoviesTopping_dynamic_1> }""]",TRUE,counts the identical evaluated input 3 times in per-row aggregate evaluation
f7933ea20cf39b229932ace99aa1dea2ae58539d3cd8a06e6d4aca4726ccbd7f,NL,C,representational collapse,distinct formal questions collapse to one evaluated representation,5,4675;4678;5884;5889;5891,Pizza100;Pizza250,2hop,OEQA,sem-v1.1-abe497ccd9342e2ba842ab8e599e8de41085457560c1768a7b916859c974cfaa;sem-v1.1-774e605c4b6294823e71597a844e4a4c556ecd070fbe2a54e6af4d5378a95745;sem-v1.1-dbfb13f42ed513186e4910ddd01789e73dd3fbc4e9509560cc82c1590db7b7ca;sem-v1.1-098ffa13370afcef4ad1214c5b583f901ec1e40e177312109786f5ae72fe4240;sem-v1.1-1287a8e64e47a4b40fc5a61c91ec0129503d70a2488d293e59f2dfb29918e9ee,"[""SELECT ?x WHERE { <http://www.example.com/genealogy.owl#Mushroom_63> <http://www.example.com/genealogy.owl#hasIngredient> ?x }"", ""SELECT ?x WHERE { <http://www.example.com/genealogy.owl#Mushroom_93> <http://www.example.com/genealogy.owl#hasIngredient> ?x }"", ""SELECT ?x WHERE { <http://www.example.com/genealogy.owl#Mushroom_200> <http://www.example.com/genealogy.owl#hasIngredient> ?x }"", ""SELECT ?x WHERE { <http://www.example.com/genealogy.owl#Mushroom_40> <http://www.example.com/genealogy.owl#hasIngredient> ?x }"", ""SELECT ?x WHERE { <http://www.example.com/genealogy.owl#Mushroom_80> <http://www.example.com/genealogy.owl#hasIngredient> ?x }""]",MozzarellaTopping_dynamic_1; MushroomTopping_dynamic_1; TomatoTopping_dynamic_1,counts the identical evaluated input 5 times in per-row aggregate evaluation
f7f6d5b14b9edb432547fdb853a8ac4ba3052098e35b2b723e6184ced132d9a1,NL,C,representational collapse,distinct formal questions collapse to one evaluated representation,3,4286;5389;5401,Pizza100;Pizza250,2hop,BQA,sem-v1.1-30393bf8eec868327bc2a2b4d2373b7e525b031fc167c998890c3e50723742c1;sem-v1.1-c46abccfb8ea2fd3b725d7e2d868e678495e7971a46a5af6f034081f203e67b8;sem-v1.1-dc0473fd689ad7415c81c2d05e5215849434249ea66c97a8a108533bed86b5dd,"[""ASK WHERE { <http://www.example.com/genealogy.owl#AmericanHot_72> <http://www.example.com/genealogy.owl#hasIngredient> <http://www.example.com/genealogy.owl#AmericanHot_1> }"", ""ASK WHERE { <http://www.example.com/genealogy.owl#AmericanHot_177> <http://www.example.com/genealogy.owl#hasIngredient> <http://www.example.com/genealogy.owl#AmericanHot_131> }"", ""ASK WHERE { <http://www.example.com/genealogy.owl#AmericanHot_50> <http://www.example.com/genealogy.owl#hasIngredient> <http://www.example.com/genealogy.owl#AmericanHot_131> }""]",FALSE,counts the identical evaluated input 3 times in per-row aggregate evaluation
f80a70b10840996596aa0b1bff68382572d11faeab2303919d544ad441afa934,NL,C,representational collapse,distinct formal questions collapse to one evaluated representation,5,4599;4602;4607;4611;5807,Pizza100;Pizza250,2hop,OEQA,sem-v1.1-a35658071f30b549ca67dabde3828e7fd1864f612122f940d9f553bf312fc71b;sem-v1.1-8d38570dfad4a84525133a03823156bfd76d738bc9c7edaf45225e03151aac91;sem-v1.1-ae1c2dba5520d860cc2e17a94391255ff4a8544e88a6fd85e38b744aae047e09;sem-v1.1-927342dd2080a93bc8d8f1d0047edcf73346767fe21ac98f1485301624ee502d;sem-v1.1-8f4f1dbe4799cba9f6cc43d930cca30c4ab674654a6e251e17a87491c201410c,"[""SELECT ?x WHERE { <http://www.example.com/genealogy.owl#American_2> <http://www.example.com/genealogy.owl#hasTopping> ?x }"", ""SELECT ?x WHERE { <http://www.example.com/genealogy.owl#American_43> <http://www.example.com/genealogy.owl#hasTopping> ?x }"", ""SELECT ?x WHERE { <http://www.example.com/genealogy.owl#American_55> <http://www.example.com/genealogy.owl#hasTopping> ?x }"", ""SELECT ?x WHERE { <http://www.example.com/genealogy.owl#American_7> <http://www.example.com/genealogy.owl#hasTopping> ?x }"", ""SELECT ?x WHERE { <http://www.example.com/genealogy.owl#American_215> <http://www.example.com/genealogy.owl#hasTopping> ?x }""]",MozzarellaTopping_dynamic_1; PeperoniSausageTopping_dynamic_1; TomatoTopping_dynamic_1,counts the identical evaluated input 5 times in per-row aggregate evaluation
f83c0809536ab8e14ca253ca59ff6fc025533cc34c561cedf2a119003e3bcda8,NL,C,representational collapse,distinct formal questions collapse to one evaluated representation,6,4059;5111;5113;5115;5117;5133,Pizza100;Pizza250,1hop,BQA,sem-v1.1-8234acb3e04a52fcae89ba3957ce15b8e452df9c4c9c59f5b793358b12acef16;sem-v1.1-9cb883a118ab4d6f7136214fb0f2052fa9d228a6071b9621c69e37646080e8cf;sem-v1.1-73b8e120a1614f1187bdbe27788e74ab82448c3c3cce970699edcad1d1355f11;sem-v1.1-f7de25efc8eb6ce858d3a13b74e3ac56b2454d87bd6181443049998a292eefa9;sem-v1.1-fd349ccbb89c1ea7342a93f34765af0f3e711ed4507f3ec8a956734f7855a058;sem-v1.1-6dc3b8e9c77f102f1fe5e3965b30398bd5b4b3f37280863d8ac0e5dbc1e0fee2,"[""ASK WHERE { <http://www.example.com/genealogy.owl#Soho_8> <http://www.example.com/genealogy.owl#hasTopping> <http://www.example.com/genealogy.owl#GarlicTopping_dynamic_1> }"", ""ASK WHERE { <http://www.example.com/genealogy.owl#Soho_104> <http://www.example.com/genealogy.owl#hasTopping> <http://www.example.com/genealogy.owl#GarlicTopping_dynamic_1> }"", ""ASK WHERE { <http://www.example.com/genealogy.owl#Soho_105> <http://www.example.com/genealogy.owl#hasTopping> <http://www.example.com/genealogy.owl#GarlicTopping_dynamic_1> }"", ""ASK WHERE { <http://www.example.com/genealogy.owl#Soho_106> <http://www.example.com/genealogy.owl#hasTopping> <http://www.example.com/genealogy.owl#GarlicTopping_dynamic_1> }"", ""ASK WHERE { <http://www.example.com/genealogy.owl#Soho_134> <http://www.example.com/genealogy.owl#hasTopping> <http://www.example.com/genealogy.owl#GarlicTopping_dynamic_1> }"", ""ASK WHERE { <http://www.example.com/genealogy.owl#Soho_67> <http://www.example.com/genealogy.owl#hasTopping> <http://www.example.com/genealogy.owl#GarlicTopping_dynamic_1> }""]",TRUE,counts the identical evaluated input 6 times in per-row aggregate evaluation
f862277c788081da632a7027b790e14a44266e656721c76b170da9bc94e61584,NL,C,representational collapse,distinct formal questions collapse to one evaluated representation,4,4325;5430;5440;5442,Pizza100;Pizza250,2hop,BQA,sem-v1.1-4159a5a01916ebedbdf16d32b6416926fc240c308cd773db6444c1565a6043f5;sem-v1.1-8814c03eda8de53e5d90453136deb55a6a5c42ee78b6e78ff321268098c58d76;sem-v1.1-cbe81603297f5a2dce831ee8b6ff609d13ab52d285089090db1bcca3c97d081e;sem-v1.1-5a3dd8459ff4dd515dae6eac0d4f1e468cff7aa1456d727363d8e25b0afda47d,"[""ASK WHERE { <http://www.example.com/genealogy.owl#Cajun_84> <http://www.w3.org/1999/02/22-rdf-syntax-ns#type> <http://www.example.com/genealogy.owl#Food> }"", ""ASK WHERE { <http://www.example.com/genealogy.owl#Cajun_138> <http://www.w3.org/1999/02/22-rdf-syntax-ns#type> <http://www.example.com/genealogy.owl#Food> }"", ""ASK WHERE { <http://www.example.com/genealogy.owl#Cajun_198> <http://www.w3.org/1999/02/22-rdf-syntax-ns#type> <http://www.example.com/genealogy.owl#Food> }"", ""ASK WHERE { <http://www.example.com/genealogy.owl#Cajun_229> <http://www.w3.org/1999/02/22-rdf-syntax-ns#type> <http://www.example.com/genealogy.owl#Food> }""]",TRUE,counts the identical evaluated input 4 times in per-row aggregate evaluation
f9e2886d25ddee371269739834c8ca99931a3fc7107c303bdec31ef7c33ff35f,NL,C,representational collapse,distinct formal questions collapse to one evaluated representation,2,5076;5086,Pizza250,1hop,BQA,sem-v1.1-9b1559244fdaa813c51a1e7bbf412b10f420131fd173f7149bc4bf4bc8082881;sem-v1.1-eb730f5a997107f92e1568ddb474e5012ed4e5809982362cfb0245708db53157,"[""ASK WHERE { <http://www.example.com/genealogy.owl#Siciliana_157> <http://www.example.com/genealogy.owl#hasIngredient> <http://www.example.com/genealogy.owl#Siciliana_157> }"", ""ASK WHERE { <http://www.example.com/genealogy.owl#Siciliana_52> <http://www.example.com/genealogy.owl#hasIngredient> <http://www.example.com/genealogy.owl#Siciliana_52> }""]",FALSE,counts the identical evaluated input 2 times in per-row aggregate evaluation
fa12d16f5f24ab9474de9067c96199366d9cf58a66dfbca5c928cb0c5c85914e,NL,C,representational collapse,distinct formal questions collapse to one evaluated representation,6,3990;3994;4000;5032;5038;5042,Pizza100;Pizza250,1hop,BQA,sem-v1.1-3ae0015a751c994606d8075ef4caab8e42627edda950f88e0fbf75c7cb92e01f;sem-v1.1-061e55e202093a7beba777f3640b846713b1a0387627123e11d33200c4ddcf5f;sem-v1.1-a2b8bc8b3223952aa5df2fbee26b8ec8fc22756361f585a85f7699c39597dd07;sem-v1.1-5468c1ca62e3ba9b9a4b052cf40a3377bdfc6e9ab5fa5c97b8c89141411a2395;sem-v1.1-539553ebac6fb3d2ca0edbab6e412b6e92c283323e5cca1df331435b82f8fbbf;sem-v1.1-c868044a76d86ec0deec2b4ecdff464aae7d98edf7ef2948a54077062a2eeb24,"[""ASK WHERE { <http://www.example.com/genealogy.owl#PrinceCarlo_32> <http://www.example.com/genealogy.owl#hasIngredient> <http://www.example.com/genealogy.owl#PrinceCarlo_32> }"", ""ASK WHERE { <http://www.example.com/genealogy.owl#PrinceCarlo_74> <http://www.example.com/genealogy.owl#hasIngredient> <http://www.example.com/genealogy.owl#PrinceCarlo_74> }"", ""ASK WHERE { <http://www.example.com/genealogy.owl#PrinceCarlo_90> <http://www.example.com/genealogy.owl#hasIngredient> <http://www.example.com/genealogy.owl#PrinceCarlo_90> }"", ""ASK WHERE { <http://www.example.com/genealogy.owl#PrinceCarlo_155> <http://www.example.com/genealogy.owl#hasIngredient> <http://www.example.com/genealogy.owl#PrinceCarlo_155> }"", ""ASK WHERE { <http://www.example.com/genealogy.owl#PrinceCarlo_8> <http://www.example.com/genealogy.owl#hasIngredient> <http://www.example.com/genealogy.owl#PrinceCarlo_8> }"", ""ASK WHERE { <http://www.example.com/genealogy.owl#PrinceCarlo_85> <http://www.example.com/genealogy.owl#hasIngredient> <http://www.example.com/genealogy.owl#PrinceCarlo_85> }""]",FALSE,counts the identical evaluated input 6 times in per-row aggregate evaluation
fc36d2074e575bc2336c42034ed9a912d9a71dd040a418d67ead5b1d3ae27d7e,NL,C,representational collapse,distinct formal questions collapse to one evaluated representation,2,5822;5828,Pizza250,2hop,OEQA,sem-v1.1-018df84d1744d232f6c56fc9fd163ec7aaf4c2a0af6f00a3da5830719f0afab3;sem-v1.1-9c4e85cab7cc2a07ec40589cb1a0dbf3e33971c0f38e8ecf4622979884eb912f,"[""SELECT ?x WHERE { <http://www.example.com/genealogy.owl#Capricciosa_101> <http://www.example.com/genealogy.owl#hasTopping> ?x }"", ""SELECT ?x WHERE { <http://www.example.com/genealogy.owl#Capricciosa_57> <http://www.example.com/genealogy.owl#hasTopping> ?x }""]",AnchoviesTopping_dynamic_1; CaperTopping_dynamic_1; HamTopping_dynamic_1; MozzarellaTopping_dynamic_1; OliveTopping_dynamic_1; PeperonataTopping_dynamic_1; TomatoTopping_dynamic_1,counts the identical evaluated input 2 times in per-row aggregate evaluation
fc6358b450b86089785538e2aa3197c23eab962a2005ef635791110ca4c4768e,NL,C,representational collapse,distinct formal questions collapse to one evaluated representation,2,3996;4004,Pizza100,1hop,BQA,sem-v1.1-33e65439ecdb325c0cee397c11caa58c4fa2f71f97eba0b7a048cbaff68e7b33;sem-v1.1-d9c59cc6bc758615ba229cefeafb31c96e9f5752625013c0882fbd1c48c4cd8c,"[""ASK WHERE { <http://www.example.com/genealogy.owl#PrinceCarlo_74> <http://www.example.com/genealogy.owl#hasTopping> <http://www.example.com/genealogy.owl#PrinceCarlo_74> }"", ""ASK WHERE { <http://www.example.com/genealogy.owl#PrinceCarlo_97> <http://www.example.com/genealogy.owl#hasTopping> <http://www.example.com/genealogy.owl#PrinceCarlo_97> }""]",FALSE,counts the identical evaluated input 2 times in per-row aggregate evaluation
fc9a0fed3e8c12cd1352a095b2b7ef52e1c4919ea11fb2b215a57da6390a9671,FS,D,other,incidental cross-dataset duplicate with the same formal query and gold semantics; no evidence it was intentionally duplicated,2,4041;5107,Pizza100;Pizza250,1hop,BQA,sem-v1.1-d12fc0c308e1110c9a1c7973cda787037116aa2d049626eecb1448821851170d;sem-v1.1-bbd63b655ad02aa12d4cf4a1513d09cb01f55725fc82e4b98a2f526e9214ff04,"[""ASK WHERE { <http://www.example.com/genealogy.owl#SloppyGiuseppe_98> <http://www.example.com/genealogy.owl#hasIngredient> <http://www.example.com/genealogy.owl#GreenPepperTopping_dynamic_1> }"", ""ASK WHERE { <http://www.example.com/genealogy.owl#SloppyGiuseppe_98> <http://www.example.com/genealogy.owl#hasIngredient> <http://www.example.com/genealogy.owl#GreenPepperTopping_dynamic_1> }""]",TRUE,counts the identical evaluated input 2 times in per-row aggregate evaluation
fcd0471b1fb4beb1496f204e9238774e05418501f61da467c57f7e69c05ebc4d,NL,C,representational collapse,distinct formal questions collapse to one evaluated representation,5,4639;5842;5844;5847;5849,Pizza100;Pizza250,2hop,OEQA,sem-v1.1-dc5e0c1a4f2d156079c9a269c45c4cc7d9349e311499dadd6d84c8b869602a71;sem-v1.1-8fab2d98113c6d1806da013a58855e97af1f8111869099e5c25d295a1bc1fb25;sem-v1.1-b77f07893f18bbd60d06ac390cc390ae58dc8fee356bec753d4611799fc30e41;sem-v1.1-4877370addaa5f7d288bf86e476f4018ba18c873cb07ea0f8c9c08d442900f17;sem-v1.1-b46a3c315db18d7379858157748bded20456e91ed9e42e053ab5bb404a60d9a3,"[""SELECT ?x WHERE { <http://www.example.com/genealogy.owl#FourSeasons_67> <http://www.example.com/genealogy.owl#hasIngredient> ?x }"", ""SELECT ?x WHERE { <http://www.example.com/genealogy.owl#FourSeasons_174> <http://www.example.com/genealogy.owl#hasIngredient> ?x }"", ""SELECT ?x WHERE { <http://www.example.com/genealogy.owl#FourSeasons_233> <http://www.example.com/genealogy.owl#hasIngredient> ?x }"", ""SELECT ?x WHERE { <http://www.example.com/genealogy.owl#FourSeasons_62> <http://www.example.com/genealogy.owl#hasIngredient> ?x }"", ""SELECT ?x WHERE { <http://www.example.com/genealogy.owl#FourSeasons_9> <http://www.example.com/genealogy.owl#hasIngredient> ?x }""]",AnchoviesTopping_dynamic_1; CaperTopping_dynamic_1; MozzarellaTopping_dynamic_1; MushroomTopping_dynamic_1; OliveTopping_dynamic_1; PeperoniSausageTopping_dynamic_1; TomatoTopping_dynamic_1,counts the identical evaluated input 5 times in per-row aggregate evaluation
fd10773c580da8db2e71cbe180573310c6e586b39ce7cd3c2f229c94451a7a6c,NL,D,other,incidental cross-dataset duplicate with the same formal query and gold semantics; no evidence it was intentionally duplicated,2,4580;5773,Pizza100;Pizza250,2hop,BQA,sem-v1.1-aab818ff307d7bd7947830778212f0a433483505e74df6f452ce60ee8532fac8;sem-v1.1-1200876ef4bf9dd815040d33eeb026c0943987a7b4fa2816dae596d749bad033,"[""ASK WHERE { <http://www.example.com/genealogy.owl#RosemaryTopping_dynamic_1> <http://www.example.com/genealogy.owl#isToppingOf> <http://www.example.com/genealogy.owl#LeekTopping_dynamic_1> }"", ""ASK WHERE { <http://www.example.com/genealogy.owl#RosemaryTopping_dynamic_1> <http://www.example.com/genealogy.owl#isToppingOf> <http://www.example.com/genealogy.owl#LeekTopping_dynamic_1> }""]",FALSE,counts the identical evaluated input 2 times in per-row aggregate evaluation
fda97915fe56279833ae5eb8d4645c003beeb1c40565747d29d1f561f9b0349b,NL,C,representational collapse,distinct formal questions collapse to one evaluated representation,2,2094;2096,FamilyOWL,2hop,BQA,sem-v1.1-53619dca0fa6ba3a2c5c036e5c99aea6baeefac3e58dd92a19784f7c12dde4c0;sem-v1.1-9852dcb5ca9f5581a27b0894ce5dd56a91ddd0ca72f5d440b863d7c084286712,"[""ASK WHERE { <http://www.example.com/genealogy.owl#eliza_bright_1825> <http://www.example.com/genealogy.owl#hasFather> <http://www.example.com/genealogy.owl#ada_rachel_heath_1868> }"", ""ASK WHERE { <http://www.example.com/genealogy.owl#eliza_bright_1842> <http://www.example.com/genealogy.owl#hasFather> <http://www.example.com/genealogy.owl#ada_rachel_heath_1868> }""]",FALSE,counts the identical evaluated input 2 times in per-row aggregate evaluation
ffbb05cb07f09172df2649c2054bb5703695236589a098e3038189a34a9467a3,NL,C,representational collapse,distinct formal questions collapse to one evaluated representation,6,4331;5444;5448;5452;5456;5460,Pizza100;Pizza250,2hop,BQA,sem-v1.1-3be8c173c544505551b24665edbaad4d27fe580e98c41c50a5b44d4f3aed9633;sem-v1.1-ab4761c5b8c21d7cc6e0b5561d667b6627c1da3d89547095e919ef92cfdee8e5;sem-v1.1-f855041a7397cc15e442f705629272fcae5bb79534d44f5b704355b8768e4c2d;sem-v1.1-e00f375c32f8d90b546acd775c657bb55e14624ccb7d3ee8bac68b128c6f05cb;sem-v1.1-544fcd4f97f55f12324be38c135c3bcb046f4a5faa3ee5a985dac1b5d3c86bf6;sem-v1.1-e1a376c916f8da2e1f3b9a15137e4b1064e343960d006ffc998254c58f224f4a,"[""ASK WHERE { <http://www.example.com/genealogy.owl#Capricciosa_22> <http://www.w3.org/1999/02/22-rdf-syntax-ns#type> <http://www.example.com/genealogy.owl#Food> }"", ""ASK WHERE { <http://www.example.com/genealogy.owl#Capricciosa_101> <http://www.w3.org/1999/02/22-rdf-syntax-ns#type> <http://www.example.com/genealogy.owl#Food> }"", ""ASK WHERE { <http://www.example.com/genealogy.owl#Capricciosa_117> <http://www.w3.org/1999/02/22-rdf-syntax-ns#type> <http://www.example.com/genealogy.owl#Food> }"", ""ASK WHERE { <http://www.example.com/genealogy.owl#Capricciosa_16> <http://www.w3.org/1999/02/22-rdf-syntax-ns#type> <http://www.example.com/genealogy.owl#Food> }"", ""ASK WHERE { <http://www.example.com/genealogy.owl#Capricciosa_212> <http://www.w3.org/1999/02/22-rdf-syntax-ns#type> <http://www.example.com/genealogy.owl#Food> }"", ""ASK WHERE { <http://www.example.com/genealogy.owl#Capricciosa_47> <http://www.w3.org/1999/02/22-rdf-syntax-ns#type> <http://www.example.com/genealogy.owl#Food> }""]",TRUE,counts the identical evaluated input 6 times in per-row aggregate evaluation
