"Task ID","Root Entity","Size of ontology TBox","Size of ontology ABox","Task Type","Answer Type","SPARQL Query","Predicate","Answer","Min Tag Length","Max Tag Length"
"2hop-AnchoviesTopping_AnchoviesTopping_dynamic_1_AnchoviesTopping_dynamic_1-AnchoviesTopping_dynamic_1-isToppingOf-MC","AnchoviesTopping_AnchoviesTopping_dynamic_1",117,63,"Property Assertion","MC","SELECT ?x WHERE { <http://www.example.com/genealogy.owl#AnchoviesTopping_dynamic_1> <http://www.example.com/genealogy.owl#isToppingOf> ?x }","isToppingOf","Capricciosa_101; Capricciosa_117; Capricciosa_119; Capricciosa_125; Capricciosa_159; Capricciosa_16; Capricciosa_202; Capricciosa_212; Capricciosa_216; Capricciosa_46; Capricciosa_47; Capricciosa_57; Capricciosa_72; FourSeasons_127; FourSeasons_146; FourSeasons_171; FourSeasons_174; FourSeasons_182; FourSeasons_188; FourSeasons_190; FourSeasons_233; FourSeasons_235; FourSeasons_56; FourSeasons_62; FourSeasons_88; FourSeasons_89; FourSeasons_9; FourSeasons_90; Napoletana_102; Napoletana_126; Napoletana_151; Napoletana_169; Napoletana_189; Napoletana_195; Napoletana_203; Napoletana_211; Napoletana_248; Napoletana_83; Siciliana_0; Siciliana_109; Siciliana_113; Siciliana_154; Siciliana_157; Siciliana_164; Siciliana_167; Siciliana_196; Siciliana_220; Siciliana_247; Siciliana_42; Siciliana_44; Siciliana_52; Siciliana_6",2,2
"2hop-AnchoviesTopping_AnchoviesTopping_dynamic_1_AnchoviesTopping_dynamic_1-AnchoviesTopping_dynamic_1-rdf:type-FishTopping-BIN","AnchoviesTopping_AnchoviesTopping_dynamic_1",117,63,"Membership","BIN","ASK WHERE { <http://www.example.com/genealogy.owl#AnchoviesTopping_dynamic_1> <http://www.w3.org/1999/02/22-rdf-syntax-ns#type> <http://www.example.com/genealogy.owl#FishTopping> }","rdf:type","TRUE",2,2
"2hop-AnchoviesTopping_AnchoviesTopping_dynamic_1_AnchoviesTopping_dynamic_1-AnchoviesTopping_dynamic_1-rdf:type-American-NEG-BIN","AnchoviesTopping_AnchoviesTopping_dynamic_1",117,63,"Membership","BIN","ASK WHERE { <http://www.example.com/genealogy.owl#AnchoviesTopping_dynamic_1> <http://www.w3.org/1999/02/22-rdf-syntax-ns#type> <http://www.example.com/genealogy.owl#American> }","rdf:type","FALSE",2,2
"2hop-AnchoviesTopping_AnchoviesTopping_dynamic_1_AnchoviesTopping_dynamic_1-AnchoviesTopping_dynamic_1-rdf:type-MC","AnchoviesTopping_AnchoviesTopping_dynamic_1",117,63,"Membership","MC","SELECT ?x WHERE { <http://www.example.com/genealogy.owl#AnchoviesTopping_dynamic_1> <http://www.w3.org/1999/02/22-rdf-syntax-ns#type> ?x }","rdf:type","DomainConcept; FishTopping; Food; PizzaTopping",2,2
"2hop-AnchoviesTopping_AnchoviesTopping_dynamic_1_AnchoviesTopping_dynamic_1-AnchoviesTopping_dynamic_1-isToppingOf-Capricciosa_101-BIN","AnchoviesTopping_AnchoviesTopping_dynamic_1",117,63,"Property Assertion","BIN","ASK WHERE { <http://www.example.com/genealogy.owl#AnchoviesTopping_dynamic_1> <http://www.example.com/genealogy.owl#isToppingOf> <http://www.example.com/genealogy.owl#Capricciosa_101> }","isToppingOf","TRUE",2,2
"2hop-AnchoviesTopping_AnchoviesTopping_dynamic_1_AnchoviesTopping_dynamic_1-AnchoviesTopping_dynamic_1-isToppingOf-AnchoviesTopping_dynamic_1-NEG-BIN","AnchoviesTopping_AnchoviesTopping_dynamic_1",117,63,"Property Assertion","BIN","ASK WHERE { <http://www.example.com/genealogy.owl#AnchoviesTopping_dynamic_1> <http://www.example.com/genealogy.owl#isToppingOf> <http://www.example.com/genealogy.owl#AnchoviesTopping_dynamic_1> }","isToppingOf","FALSE",2,2
"2hop-ArtichokeTopping_ArtichokeTopping_dynamic_1_ArtichokeTopping_dynamic_1-ArtichokeTopping_dynamic_1-isToppingOf-MC","ArtichokeTopping_ArtichokeTopping_dynamic_1",117,21,"Property Assertion","MC","SELECT ?x WHERE { <http://www.example.com/genealogy.owl#ArtichokeTopping_dynamic_1> <http://www.example.com/genealogy.owl#isToppingOf> ?x }","isToppingOf","Siciliana_0; Siciliana_109; Siciliana_113; Siciliana_154; Siciliana_157; Siciliana_164; Siciliana_167; Siciliana_196; Siciliana_220; Siciliana_247; Siciliana_42; Siciliana_44; Siciliana_52; Siciliana_6",2,2
"2hop-ArtichokeTopping_ArtichokeTopping_dynamic_1_ArtichokeTopping_dynamic_1-ArtichokeTopping_dynamic_1-rdf:type-MC","ArtichokeTopping_ArtichokeTopping_dynamic_1",117,21,"Membership","MC","SELECT ?x WHERE { <http://www.example.com/genealogy.owl#ArtichokeTopping_dynamic_1> <http://www.w3.org/1999/02/22-rdf-syntax-ns#type> ?x }","rdf:type","DomainConcept; Food; PizzaTopping; VegetableTopping",2,2
"2hop-ArtichokeTopping_ArtichokeTopping_dynamic_1_ArtichokeTopping_dynamic_1-ArtichokeTopping_dynamic_1-rdf:type-Food-BIN","ArtichokeTopping_ArtichokeTopping_dynamic_1",117,21,"Membership","BIN","ASK WHERE { <http://www.example.com/genealogy.owl#ArtichokeTopping_dynamic_1> <http://www.w3.org/1999/02/22-rdf-syntax-ns#type> <http://www.example.com/genealogy.owl#Food> }","rdf:type","TRUE",4,4
"2hop-ArtichokeTopping_ArtichokeTopping_dynamic_1_ArtichokeTopping_dynamic_1-ArtichokeTopping_dynamic_1-rdf:type-American-NEG-BIN","ArtichokeTopping_ArtichokeTopping_dynamic_1",117,21,"Membership","BIN","ASK WHERE { <http://www.example.com/genealogy.owl#ArtichokeTopping_dynamic_1> <http://www.w3.org/1999/02/22-rdf-syntax-ns#type> <http://www.example.com/genealogy.owl#American> }","rdf:type","FALSE",4,4
"2hop-ArtichokeTopping_ArtichokeTopping_dynamic_1_ArtichokeTopping_dynamic_1-ArtichokeTopping_dynamic_1-isToppingOf-Siciliana_0-BIN","ArtichokeTopping_ArtichokeTopping_dynamic_1",117,21,"Property Assertion","BIN","ASK WHERE { <http://www.example.com/genealogy.owl#ArtichokeTopping_dynamic_1> <http://www.example.com/genealogy.owl#isToppingOf> <http://www.example.com/genealogy.owl#Siciliana_0> }","isToppingOf","TRUE",2,2
"2hop-ArtichokeTopping_ArtichokeTopping_dynamic_1_ArtichokeTopping_dynamic_1-ArtichokeTopping_dynamic_1-isToppingOf-AnchoviesTopping_dynamic_1-NEG-BIN","ArtichokeTopping_ArtichokeTopping_dynamic_1",117,21,"Property Assertion","BIN","ASK WHERE { <http://www.example.com/genealogy.owl#ArtichokeTopping_dynamic_1> <http://www.example.com/genealogy.owl#isToppingOf> <http://www.example.com/genealogy.owl#AnchoviesTopping_dynamic_1> }","isToppingOf","FALSE",2,2
"2hop-AsparagusTopping_AsparagusTopping_dynamic_1_AsparagusTopping_dynamic_1-AsparagusTopping_dynamic_1-rdf:type-MC","AsparagusTopping_AsparagusTopping_dynamic_1",117,17,"Membership","MC","SELECT ?x WHERE { <http://www.example.com/genealogy.owl#AsparagusTopping_dynamic_1> <http://www.w3.org/1999/02/22-rdf-syntax-ns#type> ?x }","rdf:type","DomainConcept; Food; PizzaTopping; VegetableTopping",2,2
"2hop-AsparagusTopping_AsparagusTopping_dynamic_1_AsparagusTopping_dynamic_1-AsparagusTopping_dynamic_1-rdf:type-Food-BIN","AsparagusTopping_AsparagusTopping_dynamic_1",117,17,"Membership","BIN","ASK WHERE { <http://www.example.com/genealogy.owl#AsparagusTopping_dynamic_1> <http://www.w3.org/1999/02/22-rdf-syntax-ns#type> <http://www.example.com/genealogy.owl#Food> }","rdf:type","TRUE",4,4
"2hop-AsparagusTopping_AsparagusTopping_dynamic_1_AsparagusTopping_dynamic_1-AsparagusTopping_dynamic_1-rdf:type-American-NEG-BIN","AsparagusTopping_AsparagusTopping_dynamic_1",117,17,"Membership","BIN","ASK WHERE { <http://www.example.com/genealogy.owl#AsparagusTopping_dynamic_1> <http://www.w3.org/1999/02/22-rdf-syntax-ns#type> <http://www.example.com/genealogy.owl#American> }","rdf:type","FALSE",4,4
"2hop-AsparagusTopping_AsparagusTopping_dynamic_1_AsparagusTopping_dynamic_1-AsparagusTopping_dynamic_1-isToppingOf-MC","AsparagusTopping_AsparagusTopping_dynamic_1",117,17,"Property Assertion","MC","SELECT ?x WHERE { <http://www.example.com/genealogy.owl#AsparagusTopping_dynamic_1> <http://www.example.com/genealogy.owl#isToppingOf> ?x }","isToppingOf","Parmense_121; Parmense_129; Parmense_165; Parmense_173; Parmense_221; Parmense_23; Parmense_30; Parmense_43; Parmense_55; Parmense_76; Parmense_78; Parmense_96",2,2
"2hop-AsparagusTopping_AsparagusTopping_dynamic_1_AsparagusTopping_dynamic_1-AsparagusTopping_dynamic_1-isToppingOf-Parmense_121-BIN","AsparagusTopping_AsparagusTopping_dynamic_1",117,17,"Property Assertion","BIN","ASK WHERE { <http://www.example.com/genealogy.owl#AsparagusTopping_dynamic_1> <http://www.example.com/genealogy.owl#isToppingOf> <http://www.example.com/genealogy.owl#Parmense_121> }","isToppingOf","TRUE",2,2
"2hop-AsparagusTopping_AsparagusTopping_dynamic_1_AsparagusTopping_dynamic_1-AsparagusTopping_dynamic_1-isToppingOf-AsparagusTopping_dynamic_1-NEG-BIN","AsparagusTopping_AsparagusTopping_dynamic_1",117,17,"Property Assertion","BIN","ASK WHERE { <http://www.example.com/genealogy.owl#AsparagusTopping_dynamic_1> <http://www.example.com/genealogy.owl#isToppingOf> <http://www.example.com/genealogy.owl#AsparagusTopping_dynamic_1> }","isToppingOf","FALSE",2,2
"2hop-CajunSpiceTopping_CajunSpiceTopping_dynamic_1_CajunSpiceTopping_dynamic_1-CajunSpiceTopping_dynamic_1-rdf:type-MC","CajunSpiceTopping_CajunSpiceTopping_dynamic_1",117,18,"Membership","MC","SELECT ?x WHERE { <http://www.example.com/genealogy.owl#CajunSpiceTopping_dynamic_1> <http://www.w3.org/1999/02/22-rdf-syntax-ns#type> ?x }","rdf:type","DomainConcept; Food; HerbSpiceTopping; PizzaTopping",2,2
"2hop-CajunSpiceTopping_CajunSpiceTopping_dynamic_1_CajunSpiceTopping_dynamic_1-CajunSpiceTopping_dynamic_1-isToppingOf-MC","CajunSpiceTopping_CajunSpiceTopping_dynamic_1",117,18,"Property Assertion","MC","SELECT ?x WHERE { <http://www.example.com/genealogy.owl#CajunSpiceTopping_dynamic_1> <http://www.example.com/genealogy.owl#isToppingOf> ?x }","isToppingOf","PolloAdAstra_11; PolloAdAstra_115; PolloAdAstra_178; PolloAdAstra_18; PolloAdAstra_205; PolloAdAstra_22; PolloAdAstra_33; PolloAdAstra_70; PolloAdAstra_74; PolloAdAstra_91; PolloAdAstra_95",2,2
"2hop-CajunSpiceTopping_CajunSpiceTopping_dynamic_1_CajunSpiceTopping_dynamic_1-CajunSpiceTopping_dynamic_1-rdf:type-Food-BIN","CajunSpiceTopping_CajunSpiceTopping_dynamic_1",117,18,"Membership","BIN","ASK WHERE { <http://www.example.com/genealogy.owl#CajunSpiceTopping_dynamic_1> <http://www.w3.org/1999/02/22-rdf-syntax-ns#type> <http://www.example.com/genealogy.owl#Food> }","rdf:type","TRUE",4,4
"2hop-CajunSpiceTopping_CajunSpiceTopping_dynamic_1_CajunSpiceTopping_dynamic_1-CajunSpiceTopping_dynamic_1-rdf:type-American-NEG-BIN","CajunSpiceTopping_CajunSpiceTopping_dynamic_1",117,18,"Membership","BIN","ASK WHERE { <http://www.example.com/genealogy.owl#CajunSpiceTopping_dynamic_1> <http://www.w3.org/1999/02/22-rdf-syntax-ns#type> <http://www.example.com/genealogy.owl#American> }","rdf:type","FALSE",4,4
"2hop-CajunSpiceTopping_CajunSpiceTopping_dynamic_1_CajunSpiceTopping_dynamic_1-CajunSpiceTopping_dynamic_1-isToppingOf-PolloAdAstra_11-BIN","CajunSpiceTopping_CajunSpiceTopping_dynamic_1",117,18,"Property Assertion","BIN","ASK WHERE { <http://www.example.com/genealogy.owl#CajunSpiceTopping_dynamic_1> <http://www.example.com/genealogy.owl#isToppingOf> <http://www.example.com/genealogy.owl#PolloAdAstra_11> }","isToppingOf","TRUE",2,2
"2hop-CajunSpiceTopping_CajunSpiceTopping_dynamic_1_CajunSpiceTopping_dynamic_1-CajunSpiceTopping_dynamic_1-isToppingOf-CajunSpiceTopping_dynamic_1-NEG-BIN","CajunSpiceTopping_CajunSpiceTopping_dynamic_1",117,18,"Property Assertion","BIN","ASK WHERE { <http://www.example.com/genealogy.owl#CajunSpiceTopping_dynamic_1> <http://www.example.com/genealogy.owl#isToppingOf> <http://www.example.com/genealogy.owl#CajunSpiceTopping_dynamic_1> }","isToppingOf","FALSE",2,2
"2hop-CaperTopping_CaperTopping_dynamic_1_CaperTopping_dynamic_1-CaperTopping_dynamic_1-isToppingOf-MC","CaperTopping_CaperTopping_dynamic_1",117,61,"Property Assertion","MC","SELECT ?x WHERE { <http://www.example.com/genealogy.owl#CaperTopping_dynamic_1> <http://www.example.com/genealogy.owl#isToppingOf> ?x }","isToppingOf","Capricciosa_101; Capricciosa_117; Capricciosa_119; Capricciosa_125; Capricciosa_159; Capricciosa_16; Capricciosa_202; Capricciosa_212; Capricciosa_216; Capricciosa_46; Capricciosa_47; Capricciosa_57; Capricciosa_72; FourSeasons_127; FourSeasons_146; FourSeasons_171; FourSeasons_174; FourSeasons_182; FourSeasons_188; FourSeasons_190; FourSeasons_233; FourSeasons_235; FourSeasons_56; FourSeasons_62; FourSeasons_88; FourSeasons_89; FourSeasons_9; FourSeasons_90; Napoletana_102; Napoletana_126; Napoletana_151; Napoletana_169; Napoletana_189; Napoletana_195; Napoletana_203; Napoletana_211; Napoletana_248; Napoletana_83; Veneziana_141; Veneziana_153; Veneziana_191; Veneziana_213; Veneziana_218; Veneziana_225; Veneziana_238; Veneziana_45; Veneziana_60; Veneziana_61; Veneziana_65",2,2
"2hop-CaperTopping_CaperTopping_dynamic_1_CaperTopping_dynamic_1-CaperTopping_dynamic_1-rdf:type-MC","CaperTopping_CaperTopping_dynamic_1",117,61,"Membership","MC","SELECT ?x WHERE { <http://www.example.com/genealogy.owl#CaperTopping_dynamic_1> <http://www.w3.org/1999/02/22-rdf-syntax-ns#type> ?x }","rdf:type","DomainConcept; Food; PizzaTopping; VegetableTopping",2,2
"2hop-CaperTopping_CaperTopping_dynamic_1_CaperTopping_dynamic_1-CaperTopping_dynamic_1-rdf:type-Food-BIN","CaperTopping_CaperTopping_dynamic_1",117,61,"Membership","BIN","ASK WHERE { <http://www.example.com/genealogy.owl#CaperTopping_dynamic_1> <http://www.w3.org/1999/02/22-rdf-syntax-ns#type> <http://www.example.com/genealogy.owl#Food> }","rdf:type","TRUE",4,4
"2hop-CaperTopping_CaperTopping_dynamic_1_CaperTopping_dynamic_1-CaperTopping_dynamic_1-rdf:type-American-NEG-BIN","CaperTopping_CaperTopping_dynamic_1",117,61,"Membership","BIN","ASK WHERE { <http://www.example.com/genealogy.owl#CaperTopping_dynamic_1> <http://www.w3.org/1999/02/22-rdf-syntax-ns#type> <http://www.example.com/genealogy.owl#American> }","rdf:type","FALSE",4,4
"2hop-CaperTopping_CaperTopping_dynamic_1_CaperTopping_dynamic_1-CaperTopping_dynamic_1-isToppingOf-Capricciosa_101-BIN","CaperTopping_CaperTopping_dynamic_1",117,61,"Property Assertion","BIN","ASK WHERE { <http://www.example.com/genealogy.owl#CaperTopping_dynamic_1> <http://www.example.com/genealogy.owl#isToppingOf> <http://www.example.com/genealogy.owl#Capricciosa_101> }","isToppingOf","TRUE",2,2
"2hop-CaperTopping_CaperTopping_dynamic_1_CaperTopping_dynamic_1-CaperTopping_dynamic_1-isToppingOf-AnchoviesTopping_dynamic_1-NEG-BIN","CaperTopping_CaperTopping_dynamic_1",117,61,"Property Assertion","BIN","ASK WHERE { <http://www.example.com/genealogy.owl#CaperTopping_dynamic_1> <http://www.example.com/genealogy.owl#isToppingOf> <http://www.example.com/genealogy.owl#AnchoviesTopping_dynamic_1> }","isToppingOf","FALSE",2,2
"2hop-ChickenTopping_ChickenTopping_dynamic_1_ChickenTopping_dynamic_1-ChickenTopping_dynamic_1-isToppingOf-MC","ChickenTopping_ChickenTopping_dynamic_1",117,18,"Property Assertion","MC","SELECT ?x WHERE { <http://www.example.com/genealogy.owl#ChickenTopping_dynamic_1> <http://www.example.com/genealogy.owl#isToppingOf> ?x }","isToppingOf","PolloAdAstra_11; PolloAdAstra_115; PolloAdAstra_178; PolloAdAstra_18; PolloAdAstra_205; PolloAdAstra_22; PolloAdAstra_33; PolloAdAstra_70; PolloAdAstra_74; PolloAdAstra_91; PolloAdAstra_95",2,2
"2hop-ChickenTopping_ChickenTopping_dynamic_1_ChickenTopping_dynamic_1-ChickenTopping_dynamic_1-rdf:type-MC","ChickenTopping_ChickenTopping_dynamic_1",117,18,"Membership","MC","SELECT ?x WHERE { <http://www.example.com/genealogy.owl#ChickenTopping_dynamic_1> <http://www.w3.org/1999/02/22-rdf-syntax-ns#type> ?x }","rdf:type","DomainConcept; Food; MeatTopping; PizzaTopping",2,3
"2hop-ChickenTopping_ChickenTopping_dynamic_1_ChickenTopping_dynamic_1-ChickenTopping_dynamic_1-rdf:type-Food-BIN","ChickenTopping_ChickenTopping_dynamic_1",117,18,"Membership","BIN","ASK WHERE { <http://www.example.com/genealogy.owl#ChickenTopping_dynamic_1> <http://www.w3.org/1999/02/22-rdf-syntax-ns#type> <http://www.example.com/genealogy.owl#Food> }","rdf:type","TRUE",4,4
"2hop-ChickenTopping_ChickenTopping_dynamic_1_ChickenTopping_dynamic_1-ChickenTopping_dynamic_1-rdf:type-American-NEG-BIN","ChickenTopping_ChickenTopping_dynamic_1",117,18,"Membership","BIN","ASK WHERE { <http://www.example.com/genealogy.owl#ChickenTopping_dynamic_1> <http://www.w3.org/1999/02/22-rdf-syntax-ns#type> <http://www.example.com/genealogy.owl#American> }","rdf:type","FALSE",4,4
"2hop-ChickenTopping_ChickenTopping_dynamic_1_ChickenTopping_dynamic_1-ChickenTopping_dynamic_1-isToppingOf-PolloAdAstra_11-BIN","ChickenTopping_ChickenTopping_dynamic_1",117,18,"Property Assertion","BIN","ASK WHERE { <http://www.example.com/genealogy.owl#ChickenTopping_dynamic_1> <http://www.example.com/genealogy.owl#isToppingOf> <http://www.example.com/genealogy.owl#PolloAdAstra_11> }","isToppingOf","TRUE",2,2
"2hop-ChickenTopping_ChickenTopping_dynamic_1_ChickenTopping_dynamic_1-ChickenTopping_dynamic_1-isToppingOf-CajunSpiceTopping_dynamic_1-NEG-BIN","ChickenTopping_ChickenTopping_dynamic_1",117,18,"Property Assertion","BIN","ASK WHERE { <http://www.example.com/genealogy.owl#ChickenTopping_dynamic_1> <http://www.example.com/genealogy.owl#isToppingOf> <http://www.example.com/genealogy.owl#CajunSpiceTopping_dynamic_1> }","isToppingOf","FALSE",2,2
"2hop-FourCheesesTopping_FourCheesesTopping_dynamic_1_FourCheesesTopping_dynamic_1-FourCheesesTopping_dynamic_1-isToppingOf-MC","FourCheesesTopping_FourCheesesTopping_dynamic_1",117,13,"Property Assertion","MC","SELECT ?x WHERE { <http://www.example.com/genealogy.owl#FourCheesesTopping_dynamic_1> <http://www.example.com/genealogy.owl#isToppingOf> ?x }","isToppingOf","QuattroFormaggi_111; QuattroFormaggi_116; QuattroFormaggi_120; QuattroFormaggi_137; QuattroFormaggi_168; QuattroFormaggi_185; QuattroFormaggi_219; QuattroFormaggi_223; QuattroFormaggi_51; QuattroFormaggi_66; QuattroFormaggi_81",2,2
"2hop-FourCheesesTopping_FourCheesesTopping_dynamic_1_FourCheesesTopping_dynamic_1-FourCheesesTopping_dynamic_1-rdf:type-MC","FourCheesesTopping_FourCheesesTopping_dynamic_1",117,13,"Membership","MC","SELECT ?x WHERE { <http://www.example.com/genealogy.owl#FourCheesesTopping_dynamic_1> <http://www.w3.org/1999/02/22-rdf-syntax-ns#type> ?x }","rdf:type","CheeseTopping; DomainConcept; Food; PizzaTopping",5,5
"2hop-FourCheesesTopping_FourCheesesTopping_dynamic_1_FourCheesesTopping_dynamic_1-FourCheesesTopping_dynamic_1-rdf:type-CheeseTopping-BIN","FourCheesesTopping_FourCheesesTopping_dynamic_1",117,13,"Membership","BIN","ASK WHERE { <http://www.example.com/genealogy.owl#FourCheesesTopping_dynamic_1> <http://www.w3.org/1999/02/22-rdf-syntax-ns#type> <http://www.example.com/genealogy.owl#CheeseTopping> }","rdf:type","TRUE",2,2
"2hop-FourCheesesTopping_FourCheesesTopping_dynamic_1_FourCheesesTopping_dynamic_1-FourCheesesTopping_dynamic_1-rdf:type-American-NEG-BIN","FourCheesesTopping_FourCheesesTopping_dynamic_1",117,13,"Membership","BIN","ASK WHERE { <http://www.example.com/genealogy.owl#FourCheesesTopping_dynamic_1> <http://www.w3.org/1999/02/22-rdf-syntax-ns#type> <http://www.example.com/genealogy.owl#American> }","rdf:type","FALSE",2,2
"2hop-FourCheesesTopping_FourCheesesTopping_dynamic_1_FourCheesesTopping_dynamic_1-FourCheesesTopping_dynamic_1-isToppingOf-QuattroFormaggi_111-BIN","FourCheesesTopping_FourCheesesTopping_dynamic_1",117,13,"Property Assertion","BIN","ASK WHERE { <http://www.example.com/genealogy.owl#FourCheesesTopping_dynamic_1> <http://www.example.com/genealogy.owl#isToppingOf> <http://www.example.com/genealogy.owl#QuattroFormaggi_111> }","isToppingOf","TRUE",2,2
"2hop-FourCheesesTopping_FourCheesesTopping_dynamic_1_FourCheesesTopping_dynamic_1-FourCheesesTopping_dynamic_1-isToppingOf-FourCheesesTopping_dynamic_1-NEG-BIN","FourCheesesTopping_FourCheesesTopping_dynamic_1",117,13,"Property Assertion","BIN","ASK WHERE { <http://www.example.com/genealogy.owl#FourCheesesTopping_dynamic_1> <http://www.example.com/genealogy.owl#isToppingOf> <http://www.example.com/genealogy.owl#FourCheesesTopping_dynamic_1> }","isToppingOf","FALSE",2,2
"2hop-GarlicTopping_GarlicTopping_dynamic_1_GarlicTopping_dynamic_1-GarlicTopping_dynamic_1-isToppingOf-MC","GarlicTopping_GarlicTopping_dynamic_1",117,82,"Property Assertion","MC","SELECT ?x WHERE { <http://www.example.com/genealogy.owl#GarlicTopping_dynamic_1> <http://www.example.com/genealogy.owl#isToppingOf> ?x }","isToppingOf","Fiorentina_130; Fiorentina_145; Fiorentina_149; Fiorentina_156; Fiorentina_222; Fiorentina_232; Fiorentina_234; Fiorentina_241; Fiorentina_84; Fiorentina_99; FruttiDiMare_114; FruttiDiMare_128; FruttiDiMare_160; FruttiDiMare_163; FruttiDiMare_207; FruttiDiMare_214; FruttiDiMare_240; FruttiDiMare_244; FruttiDiMare_26; FruttiDiMare_28; FruttiDiMare_32; FruttiDiMare_37; FruttiDiMare_38; PolloAdAstra_11; PolloAdAstra_115; PolloAdAstra_178; PolloAdAstra_18; PolloAdAstra_205; PolloAdAstra_22; PolloAdAstra_33; PolloAdAstra_70; PolloAdAstra_74; PolloAdAstra_91; PolloAdAstra_95; Siciliana_0; Siciliana_109; Siciliana_113; Siciliana_154; Siciliana_157; Siciliana_164; Siciliana_167; Siciliana_196; Siciliana_220; Siciliana_247; Siciliana_42; Siciliana_44; Siciliana_52; Siciliana_6; Soho_104; Soho_105; Soho_106; Soho_134; Soho_14; Soho_142; Soho_180; Soho_183; Soho_204; Soho_210; Soho_236; Soho_243; Soho_25; Soho_3; Soho_41; Soho_54; Soho_67; Soho_7; Soho_87",2,2
"2hop-GarlicTopping_GarlicTopping_dynamic_1_GarlicTopping_dynamic_1-GarlicTopping_dynamic_1-rdf:type-MC","GarlicTopping_GarlicTopping_dynamic_1",117,82,"Membership","MC","SELECT ?x WHERE { <http://www.example.com/genealogy.owl#GarlicTopping_dynamic_1> <http://www.w3.org/1999/02/22-rdf-syntax-ns#type> ?x }","rdf:type","DomainConcept; Food; PizzaTopping; VegetableTopping",5,5
"2hop-GarlicTopping_GarlicTopping_dynamic_1_GarlicTopping_dynamic_1-GarlicTopping_dynamic_1-isToppingOf-Fiorentina_130-BIN","GarlicTopping_GarlicTopping_dynamic_1",117,82,"Property Assertion","BIN","ASK WHERE { <http://www.example.com/genealogy.owl#GarlicTopping_dynamic_1> <http://www.example.com/genealogy.owl#isToppingOf> <http://www.example.com/genealogy.owl#Fiorentina_130> }","isToppingOf","TRUE",2,2
"2hop-GarlicTopping_GarlicTopping_dynamic_1_GarlicTopping_dynamic_1-GarlicTopping_dynamic_1-isToppingOf-AnchoviesTopping_dynamic_1-NEG-BIN","GarlicTopping_GarlicTopping_dynamic_1",117,82,"Property Assertion","BIN","ASK WHERE { <http://www.example.com/genealogy.owl#GarlicTopping_dynamic_1> <http://www.example.com/genealogy.owl#isToppingOf> <http://www.example.com/genealogy.owl#AnchoviesTopping_dynamic_1> }","isToppingOf","FALSE",2,2
"2hop-GarlicTopping_GarlicTopping_dynamic_1_GarlicTopping_dynamic_1-GarlicTopping_dynamic_1-rdf:type-Food-BIN","GarlicTopping_GarlicTopping_dynamic_1",117,82,"Membership","BIN","ASK WHERE { <http://www.example.com/genealogy.owl#GarlicTopping_dynamic_1> <http://www.w3.org/1999/02/22-rdf-syntax-ns#type> <http://www.example.com/genealogy.owl#Food> }","rdf:type","TRUE",4,4
"2hop-GarlicTopping_GarlicTopping_dynamic_1_GarlicTopping_dynamic_1-GarlicTopping_dynamic_1-rdf:type-American-NEG-BIN","GarlicTopping_GarlicTopping_dynamic_1",117,82,"Membership","BIN","ASK WHERE { <http://www.example.com/genealogy.owl#GarlicTopping_dynamic_1> <http://www.w3.org/1999/02/22-rdf-syntax-ns#type> <http://www.example.com/genealogy.owl#American> }","rdf:type","FALSE",4,4
"2hop-GoatsCheeseTopping_GoatsCheeseTopping_dynamic_1_GoatsCheeseTopping_dynamic_1-GoatsCheeseTopping_dynamic_1-rdf:type-MC","GoatsCheeseTopping_GoatsCheeseTopping_dynamic_1",117,10,"Membership","MC","SELECT ?x WHERE { <http://www.example.com/genealogy.owl#GoatsCheeseTopping_dynamic_1> <http://www.w3.org/1999/02/22-rdf-syntax-ns#type> ?x }","rdf:type","CheeseTopping; DomainConcept; Food; PizzaTopping",4,4
"2hop-GoatsCheeseTopping_GoatsCheeseTopping_dynamic_1_GoatsCheeseTopping_dynamic_1-GoatsCheeseTopping_dynamic_1-isToppingOf-MC","GoatsCheeseTopping_GoatsCheeseTopping_dynamic_1",117,10,"Property Assertion","MC","SELECT ?x WHERE { <http://www.example.com/genealogy.owl#GoatsCheeseTopping_dynamic_1> <http://www.example.com/genealogy.owl#isToppingOf> ?x }","isToppingOf","Caprina_10; Caprina_133; Caprina_194; Caprina_227; Caprina_36; Caprina_75",2,2
"2hop-GoatsCheeseTopping_GoatsCheeseTopping_dynamic_1_GoatsCheeseTopping_dynamic_1-GoatsCheeseTopping_dynamic_1-rdf:type-CheeseTopping-BIN","GoatsCheeseTopping_GoatsCheeseTopping_dynamic_1",117,10,"Membership","BIN","ASK WHERE { <http://www.example.com/genealogy.owl#GoatsCheeseTopping_dynamic_1> <http://www.w3.org/1999/02/22-rdf-syntax-ns#type> <http://www.example.com/genealogy.owl#CheeseTopping> }","rdf:type","TRUE",2,2
"2hop-GoatsCheeseTopping_GoatsCheeseTopping_dynamic_1_GoatsCheeseTopping_dynamic_1-GoatsCheeseTopping_dynamic_1-rdf:type-American-NEG-BIN","GoatsCheeseTopping_GoatsCheeseTopping_dynamic_1",117,10,"Membership","BIN","ASK WHERE { <http://www.example.com/genealogy.owl#GoatsCheeseTopping_dynamic_1> <http://www.w3.org/1999/02/22-rdf-syntax-ns#type> <http://www.example.com/genealogy.owl#American> }","rdf:type","FALSE",2,2
"2hop-GoatsCheeseTopping_GoatsCheeseTopping_dynamic_1_GoatsCheeseTopping_dynamic_1-GoatsCheeseTopping_dynamic_1-isToppingOf-Caprina_10-BIN","GoatsCheeseTopping_GoatsCheeseTopping_dynamic_1",117,10,"Property Assertion","BIN","ASK WHERE { <http://www.example.com/genealogy.owl#GoatsCheeseTopping_dynamic_1> <http://www.example.com/genealogy.owl#isToppingOf> <http://www.example.com/genealogy.owl#Caprina_10> }","isToppingOf","TRUE",2,2
"2hop-GoatsCheeseTopping_GoatsCheeseTopping_dynamic_1_GoatsCheeseTopping_dynamic_1-GoatsCheeseTopping_dynamic_1-isToppingOf-GoatsCheeseTopping_dynamic_1-NEG-BIN","GoatsCheeseTopping_GoatsCheeseTopping_dynamic_1",117,10,"Property Assertion","BIN","ASK WHERE { <http://www.example.com/genealogy.owl#GoatsCheeseTopping_dynamic_1> <http://www.example.com/genealogy.owl#isToppingOf> <http://www.example.com/genealogy.owl#GoatsCheeseTopping_dynamic_1> }","isToppingOf","FALSE",2,2
"2hop-GorgonzolaTopping_GorgonzolaTopping_dynamic_1_GorgonzolaTopping_dynamic_1-GorgonzolaTopping_dynamic_1-rdf:type-CheeseTopping-BIN","GorgonzolaTopping_GorgonzolaTopping_dynamic_1",117,9,"Membership","BIN","ASK WHERE { <http://www.example.com/genealogy.owl#GorgonzolaTopping_dynamic_1> <http://www.w3.org/1999/02/22-rdf-syntax-ns#type> <http://www.example.com/genealogy.owl#CheeseTopping> }","rdf:type","TRUE",2,2
"2hop-GorgonzolaTopping_GorgonzolaTopping_dynamic_1_GorgonzolaTopping_dynamic_1-GorgonzolaTopping_dynamic_1-rdf:type-American-NEG-BIN","GorgonzolaTopping_GorgonzolaTopping_dynamic_1",117,9,"Membership","BIN","ASK WHERE { <http://www.example.com/genealogy.owl#GorgonzolaTopping_dynamic_1> <http://www.w3.org/1999/02/22-rdf-syntax-ns#type> <http://www.example.com/genealogy.owl#American> }","rdf:type","FALSE",2,2
"2hop-GorgonzolaTopping_GorgonzolaTopping_dynamic_1_GorgonzolaTopping_dynamic_1-GorgonzolaTopping_dynamic_1-rdf:type-MC","GorgonzolaTopping_GorgonzolaTopping_dynamic_1",117,9,"Membership","MC","SELECT ?x WHERE { <http://www.example.com/genealogy.owl#GorgonzolaTopping_dynamic_1> <http://www.w3.org/1999/02/22-rdf-syntax-ns#type> ?x }","rdf:type","CheeseTopping; DomainConcept; Food; PizzaTopping",2,2
"2hop-GorgonzolaTopping_GorgonzolaTopping_dynamic_1_GorgonzolaTopping_dynamic_1-GorgonzolaTopping_dynamic_1-isToppingOf-MC","GorgonzolaTopping_GorgonzolaTopping_dynamic_1",117,9,"Property Assertion","MC","SELECT ?x WHERE { <http://www.example.com/genealogy.owl#GorgonzolaTopping_dynamic_1> <http://www.example.com/genealogy.owl#isToppingOf> ?x }","isToppingOf","Rosa_135; Rosa_161; Rosa_166; Rosa_201; Rosa_208; Rosa_82",2,2
"2hop-GorgonzolaTopping_GorgonzolaTopping_dynamic_1_GorgonzolaTopping_dynamic_1-GorgonzolaTopping_dynamic_1-isToppingOf-Rosa_135-BIN","GorgonzolaTopping_GorgonzolaTopping_dynamic_1",117,9,"Property Assertion","BIN","ASK WHERE { <http://www.example.com/genealogy.owl#GorgonzolaTopping_dynamic_1> <http://www.example.com/genealogy.owl#isToppingOf> <http://www.example.com/genealogy.owl#Rosa_135> }","isToppingOf","TRUE",2,2
"2hop-GorgonzolaTopping_GorgonzolaTopping_dynamic_1_GorgonzolaTopping_dynamic_1-GorgonzolaTopping_dynamic_1-isToppingOf-GorgonzolaTopping_dynamic_1-NEG-BIN","GorgonzolaTopping_GorgonzolaTopping_dynamic_1",117,9,"Property Assertion","BIN","ASK WHERE { <http://www.example.com/genealogy.owl#GorgonzolaTopping_dynamic_1> <http://www.example.com/genealogy.owl#isToppingOf> <http://www.example.com/genealogy.owl#GorgonzolaTopping_dynamic_1> }","isToppingOf","FALSE",2,2
"2hop-GreenPepperTopping_GreenPepperTopping_dynamic_1_GreenPepperTopping_dynamic_1-GreenPepperTopping_dynamic_1-rdf:type-Food-BIN","GreenPepperTopping_GreenPepperTopping_dynamic_1",117,16,"Membership","BIN","ASK WHERE { <http://www.example.com/genealogy.owl#GreenPepperTopping_dynamic_1> <http://www.w3.org/1999/02/22-rdf-syntax-ns#type> <http://www.example.com/genealogy.owl#Food> }","rdf:type","TRUE",5,5
"2hop-GreenPepperTopping_GreenPepperTopping_dynamic_1_GreenPepperTopping_dynamic_1-GreenPepperTopping_dynamic_1-rdf:type-American-NEG-BIN","GreenPepperTopping_GreenPepperTopping_dynamic_1",117,16,"Membership","BIN","ASK WHERE { <http://www.example.com/genealogy.owl#GreenPepperTopping_dynamic_1> <http://www.w3.org/1999/02/22-rdf-syntax-ns#type> <http://www.example.com/genealogy.owl#American> }","rdf:type","FALSE",5,5
"2hop-GreenPepperTopping_GreenPepperTopping_dynamic_1_GreenPepperTopping_dynamic_1-GreenPepperTopping_dynamic_1-rdf:type-MC","GreenPepperTopping_GreenPepperTopping_dynamic_1",117,16,"Membership","MC","SELECT ?x WHERE { <http://www.example.com/genealogy.owl#GreenPepperTopping_dynamic_1> <http://www.w3.org/1999/02/22-rdf-syntax-ns#type> ?x }","rdf:type","DomainConcept; Food; PepperTopping; PizzaTopping; VegetableTopping",5,5
"2hop-GreenPepperTopping_GreenPepperTopping_dynamic_1_GreenPepperTopping_dynamic_1-GreenPepperTopping_dynamic_1-isToppingOf-MC","GreenPepperTopping_GreenPepperTopping_dynamic_1",117,16,"Property Assertion","MC","SELECT ?x WHERE { <http://www.example.com/genealogy.owl#GreenPepperTopping_dynamic_1> <http://www.example.com/genealogy.owl#isToppingOf> ?x }","isToppingOf","SloppyGiuseppe_132; SloppyGiuseppe_147; SloppyGiuseppe_148; SloppyGiuseppe_20; SloppyGiuseppe_228; SloppyGiuseppe_24; SloppyGiuseppe_249; SloppyGiuseppe_34; SloppyGiuseppe_53; SloppyGiuseppe_58; SloppyGiuseppe_98",2,2
"2hop-GreenPepperTopping_GreenPepperTopping_dynamic_1_GreenPepperTopping_dynamic_1-GreenPepperTopping_dynamic_1-isToppingOf-SloppyGiuseppe_132-BIN","GreenPepperTopping_GreenPepperTopping_dynamic_1",117,16,"Property Assertion","BIN","ASK WHERE { <http://www.example.com/genealogy.owl#GreenPepperTopping_dynamic_1> <http://www.example.com/genealogy.owl#isToppingOf> <http://www.example.com/genealogy.owl#SloppyGiuseppe_132> }","isToppingOf","TRUE",2,2
"2hop-GreenPepperTopping_GreenPepperTopping_dynamic_1_GreenPepperTopping_dynamic_1-GreenPepperTopping_dynamic_1-isToppingOf-GreenPepperTopping_dynamic_1-NEG-BIN","GreenPepperTopping_GreenPepperTopping_dynamic_1",117,16,"Property Assertion","BIN","ASK WHERE { <http://www.example.com/genealogy.owl#GreenPepperTopping_dynamic_1> <http://www.example.com/genealogy.owl#isToppingOf> <http://www.example.com/genealogy.owl#GreenPepperTopping_dynamic_1> }","isToppingOf","FALSE",2,2
"2hop-HamTopping_HamTopping_dynamic_1_HamTopping_dynamic_1-HamTopping_dynamic_1-rdf:type-MC","HamTopping_HamTopping_dynamic_1",117,62,"Membership","MC","SELECT ?x WHERE { <http://www.example.com/genealogy.owl#HamTopping_dynamic_1> <http://www.w3.org/1999/02/22-rdf-syntax-ns#type> ?x }","rdf:type","DomainConcept; Food; MeatTopping; PizzaTopping",2,2
"2hop-HamTopping_HamTopping_dynamic_1_HamTopping_dynamic_1-HamTopping_dynamic_1-isToppingOf-MC","HamTopping_HamTopping_dynamic_1",117,62,"Property Assertion","MC","SELECT ?x WHERE { <http://www.example.com/genealogy.owl#HamTopping_dynamic_1> <http://www.example.com/genealogy.owl#isToppingOf> ?x }","isToppingOf","Capricciosa_101; Capricciosa_117; Capricciosa_119; Capricciosa_125; Capricciosa_159; Capricciosa_16; Capricciosa_202; Capricciosa_212; Capricciosa_216; Capricciosa_46; Capricciosa_47; Capricciosa_57; Capricciosa_72; LaReine_123; LaReine_15; LaReine_184; LaReine_209; LaReine_217; LaReine_230; LaReine_231; LaReine_246; LaReine_49; LaReine_59; LaReine_71; Parmense_121; Parmense_129; Parmense_165; Parmense_173; Parmense_221; Parmense_23; Parmense_30; Parmense_43; Parmense_55; Parmense_76; Parmense_78; Parmense_96; Siciliana_0; Siciliana_109; Siciliana_113; Siciliana_154; Siciliana_157; Siciliana_164; Siciliana_167; Siciliana_196; Siciliana_220; Siciliana_247; Siciliana_42; Siciliana_44; Siciliana_52; Siciliana_6",2,2
"2hop-HamTopping_HamTopping_dynamic_1_HamTopping_dynamic_1-HamTopping_dynamic_1-isToppingOf-Capricciosa_101-BIN","HamTopping_HamTopping_dynamic_1",117,62,"Property Assertion","BIN","ASK WHERE { <http://www.example.com/genealogy.owl#HamTopping_dynamic_1> <http://www.example.com/genealogy.owl#isToppingOf> <http://www.example.com/genealogy.owl#Capricciosa_101> }","isToppingOf","TRUE",2,2
"2hop-HamTopping_HamTopping_dynamic_1_HamTopping_dynamic_1-HamTopping_dynamic_1-isToppingOf-AnchoviesTopping_dynamic_1-NEG-BIN","HamTopping_HamTopping_dynamic_1",117,62,"Property Assertion","BIN","ASK WHERE { <http://www.example.com/genealogy.owl#HamTopping_dynamic_1> <http://www.example.com/genealogy.owl#isToppingOf> <http://www.example.com/genealogy.owl#AnchoviesTopping_dynamic_1> }","isToppingOf","FALSE",2,2
"2hop-HamTopping_HamTopping_dynamic_1_HamTopping_dynamic_1-HamTopping_dynamic_1-rdf:type-Food-BIN","HamTopping_HamTopping_dynamic_1",117,62,"Membership","BIN","ASK WHERE { <http://www.example.com/genealogy.owl#HamTopping_dynamic_1> <http://www.w3.org/1999/02/22-rdf-syntax-ns#type> <http://www.example.com/genealogy.owl#Food> }","rdf:type","TRUE",4,4
"2hop-HamTopping_HamTopping_dynamic_1_HamTopping_dynamic_1-HamTopping_dynamic_1-rdf:type-American-NEG-BIN","HamTopping_HamTopping_dynamic_1",117,62,"Membership","BIN","ASK WHERE { <http://www.example.com/genealogy.owl#HamTopping_dynamic_1> <http://www.w3.org/1999/02/22-rdf-syntax-ns#type> <http://www.example.com/genealogy.owl#American> }","rdf:type","FALSE",4,4
"2hop-HotGreenPepperTopping_HotGreenPepperTopping_dynamic_1_HotGreenPepperTopping_dynamic_1-HotGreenPepperTopping_dynamic_1-rdf:type-MC","HotGreenPepperTopping_HotGreenPepperTopping_dynamic_1",117,19,"Membership","MC","SELECT ?x WHERE { <http://www.example.com/genealogy.owl#HotGreenPepperTopping_dynamic_1> <http://www.w3.org/1999/02/22-rdf-syntax-ns#type> ?x }","rdf:type","DomainConcept; Food; GreenPepperTopping; PepperTopping; PizzaTopping; VegetableTopping",3,3
"2hop-HotGreenPepperTopping_HotGreenPepperTopping_dynamic_1_HotGreenPepperTopping_dynamic_1-HotGreenPepperTopping_dynamic_1-isToppingOf-MC","HotGreenPepperTopping_HotGreenPepperTopping_dynamic_1",117,19,"Property Assertion","MC","SELECT ?x WHERE { <http://www.example.com/genealogy.owl#HotGreenPepperTopping_dynamic_1> <http://www.example.com/genealogy.owl#isToppingOf> ?x }","isToppingOf","AmericanHot_131; AmericanHot_136; AmericanHot_139; AmericanHot_177; AmericanHot_179; AmericanHot_186; AmericanHot_19; AmericanHot_199; AmericanHot_237; AmericanHot_239; AmericanHot_50; AmericanHot_63; AmericanHot_64; AmericanHot_79",2,2
"2hop-HotGreenPepperTopping_HotGreenPepperTopping_dynamic_1_HotGreenPepperTopping_dynamic_1-HotGreenPepperTopping_dynamic_1-rdf:type-Food-BIN","HotGreenPepperTopping_HotGreenPepperTopping_dynamic_1",117,19,"Membership","BIN","ASK WHERE { <http://www.example.com/genealogy.owl#HotGreenPepperTopping_dynamic_1> <http://www.w3.org/1999/02/22-rdf-syntax-ns#type> <http://www.example.com/genealogy.owl#Food> }","rdf:type","TRUE",6,6
"2hop-HotGreenPepperTopping_HotGreenPepperTopping_dynamic_1_HotGreenPepperTopping_dynamic_1-HotGreenPepperTopping_dynamic_1-rdf:type-American-NEG-BIN","HotGreenPepperTopping_HotGreenPepperTopping_dynamic_1",117,19,"Membership","BIN","ASK WHERE { <http://www.example.com/genealogy.owl#HotGreenPepperTopping_dynamic_1> <http://www.w3.org/1999/02/22-rdf-syntax-ns#type> <http://www.example.com/genealogy.owl#American> }","rdf:type","FALSE",6,6
"2hop-HotGreenPepperTopping_HotGreenPepperTopping_dynamic_1_HotGreenPepperTopping_dynamic_1-HotGreenPepperTopping_dynamic_1-isToppingOf-AmericanHot_131-BIN","HotGreenPepperTopping_HotGreenPepperTopping_dynamic_1",117,19,"Property Assertion","BIN","ASK WHERE { <http://www.example.com/genealogy.owl#HotGreenPepperTopping_dynamic_1> <http://www.example.com/genealogy.owl#isToppingOf> <http://www.example.com/genealogy.owl#AmericanHot_131> }","isToppingOf","TRUE",2,2
"2hop-HotGreenPepperTopping_HotGreenPepperTopping_dynamic_1_HotGreenPepperTopping_dynamic_1-HotGreenPepperTopping_dynamic_1-isToppingOf-HotGreenPepperTopping_dynamic_1-NEG-BIN","HotGreenPepperTopping_HotGreenPepperTopping_dynamic_1",117,19,"Property Assertion","BIN","ASK WHERE { <http://www.example.com/genealogy.owl#HotGreenPepperTopping_dynamic_1> <http://www.example.com/genealogy.owl#isToppingOf> <http://www.example.com/genealogy.owl#HotGreenPepperTopping_dynamic_1> }","isToppingOf","FALSE",2,2
"2hop-HotSpicedBeefTopping_HotSpicedBeefTopping_dynamic_1_HotSpicedBeefTopping_dynamic_1-HotSpicedBeefTopping_dynamic_1-isToppingOf-MC","HotSpicedBeefTopping_HotSpicedBeefTopping_dynamic_1",117,16,"Property Assertion","MC","SELECT ?x WHERE { <http://www.example.com/genealogy.owl#HotSpicedBeefTopping_dynamic_1> <http://www.example.com/genealogy.owl#isToppingOf> ?x }","isToppingOf","SloppyGiuseppe_132; SloppyGiuseppe_147; SloppyGiuseppe_148; SloppyGiuseppe_20; SloppyGiuseppe_228; SloppyGiuseppe_24; SloppyGiuseppe_249; SloppyGiuseppe_34; SloppyGiuseppe_53; SloppyGiuseppe_58; SloppyGiuseppe_98",2,2
"2hop-HotSpicedBeefTopping_HotSpicedBeefTopping_dynamic_1_HotSpicedBeefTopping_dynamic_1-HotSpicedBeefTopping_dynamic_1-rdf:type-MC","HotSpicedBeefTopping_HotSpicedBeefTopping_dynamic_1",117,16,"Membership","MC","SELECT ?x WHERE { <http://www.example.com/genealogy.owl#HotSpicedBeefTopping_dynamic_1> <http://www.w3.org/1999/02/22-rdf-syntax-ns#type> ?x }","rdf:type","DomainConcept; Food; MeatTopping; PizzaTopping",2,3
"2hop-HotSpicedBeefTopping_HotSpicedBeefTopping_dynamic_1_HotSpicedBeefTopping_dynamic_1-HotSpicedBeefTopping_dynamic_1-isToppingOf-SloppyGiuseppe_132-BIN","HotSpicedBeefTopping_HotSpicedBeefTopping_dynamic_1",117,16,"Property Assertion","BIN","ASK WHERE { <http://www.example.com/genealogy.owl#HotSpicedBeefTopping_dynamic_1> <http://www.example.com/genealogy.owl#isToppingOf> <http://www.example.com/genealogy.owl#SloppyGiuseppe_132> }","isToppingOf","TRUE",2,2
"2hop-HotSpicedBeefTopping_HotSpicedBeefTopping_dynamic_1_HotSpicedBeefTopping_dynamic_1-HotSpicedBeefTopping_dynamic_1-isToppingOf-GreenPepperTopping_dynamic_1-NEG-BIN","HotSpicedBeefTopping_HotSpicedBeefTopping_dynamic_1",117,16,"Property Assertion","BIN","ASK WHERE { <http://www.example.com/genealogy.owl#HotSpicedBeefTopping_dynamic_1> <http://www.example.com/genealogy.owl#isToppingOf> <http://www.example.com/genealogy.owl#GreenPepperTopping_dynamic_1> }","isToppingOf","FALSE",2,2
"2hop-HotSpicedBeefTopping_HotSpicedBeefTopping_dynamic_1_HotSpicedBeefTopping_dynamic_1-HotSpicedBeefTopping_dynamic_1-rdf:type-Food-BIN","HotSpicedBeefTopping_HotSpicedBeefTopping_dynamic_1",117,16,"Membership","BIN","ASK WHERE { <http://www.example.com/genealogy.owl#HotSpicedBeefTopping_dynamic_1> <http://www.w3.org/1999/02/22-rdf-syntax-ns#type> <http://www.example.com/genealogy.owl#Food> }","rdf:type","TRUE",4,4
"2hop-HotSpicedBeefTopping_HotSpicedBeefTopping_dynamic_1_HotSpicedBeefTopping_dynamic_1-HotSpicedBeefTopping_dynamic_1-rdf:type-American-NEG-BIN","HotSpicedBeefTopping_HotSpicedBeefTopping_dynamic_1",117,16,"Membership","BIN","ASK WHERE { <http://www.example.com/genealogy.owl#HotSpicedBeefTopping_dynamic_1> <http://www.w3.org/1999/02/22-rdf-syntax-ns#type> <http://www.example.com/genealogy.owl#American> }","rdf:type","FALSE",4,4
"2hop-JalapenoPepperTopping_JalapenoPepperTopping_dynamic_1_JalapenoPepperTopping_dynamic_1-JalapenoPepperTopping_dynamic_1-isToppingOf-MC","JalapenoPepperTopping_JalapenoPepperTopping_dynamic_1",117,19,"Property Assertion","MC","SELECT ?x WHERE { <http://www.example.com/genealogy.owl#JalapenoPepperTopping_dynamic_1> <http://www.example.com/genealogy.owl#isToppingOf> ?x }","isToppingOf","AmericanHot_131; AmericanHot_136; AmericanHot_139; AmericanHot_177; AmericanHot_179; AmericanHot_186; AmericanHot_19; AmericanHot_199; AmericanHot_237; AmericanHot_239; AmericanHot_50; AmericanHot_63; AmericanHot_64; AmericanHot_79",2,2
"2hop-JalapenoPepperTopping_JalapenoPepperTopping_dynamic_1_JalapenoPepperTopping_dynamic_1-JalapenoPepperTopping_dynamic_1-rdf:type-MC","JalapenoPepperTopping_JalapenoPepperTopping_dynamic_1",117,19,"Membership","MC","SELECT ?x WHERE { <http://www.example.com/genealogy.owl#JalapenoPepperTopping_dynamic_1> <http://www.w3.org/1999/02/22-rdf-syntax-ns#type> ?x }","rdf:type","DomainConcept; Food; PepperTopping; PizzaTopping; VegetableTopping",2,4
"2hop-JalapenoPepperTopping_JalapenoPepperTopping_dynamic_1_JalapenoPepperTopping_dynamic_1-JalapenoPepperTopping_dynamic_1-rdf:type-Food-BIN","JalapenoPepperTopping_JalapenoPepperTopping_dynamic_1",117,19,"Membership","BIN","ASK WHERE { <http://www.example.com/genealogy.owl#JalapenoPepperTopping_dynamic_1> <http://www.w3.org/1999/02/22-rdf-syntax-ns#type> <http://www.example.com/genealogy.owl#Food> }","rdf:type","TRUE",5,5
"2hop-JalapenoPepperTopping_JalapenoPepperTopping_dynamic_1_JalapenoPepperTopping_dynamic_1-JalapenoPepperTopping_dynamic_1-rdf:type-American-NEG-BIN","JalapenoPepperTopping_JalapenoPepperTopping_dynamic_1",117,19,"Membership","BIN","ASK WHERE { <http://www.example.com/genealogy.owl#JalapenoPepperTopping_dynamic_1> <http://www.w3.org/1999/02/22-rdf-syntax-ns#type> <http://www.example.com/genealogy.owl#American> }","rdf:type","FALSE",5,5
"2hop-JalapenoPepperTopping_JalapenoPepperTopping_dynamic_1_JalapenoPepperTopping_dynamic_1-JalapenoPepperTopping_dynamic_1-isToppingOf-AmericanHot_131-BIN","JalapenoPepperTopping_JalapenoPepperTopping_dynamic_1",117,19,"Property Assertion","BIN","ASK WHERE { <http://www.example.com/genealogy.owl#JalapenoPepperTopping_dynamic_1> <http://www.example.com/genealogy.owl#isToppingOf> <http://www.example.com/genealogy.owl#AmericanHot_131> }","isToppingOf","TRUE",2,2
"2hop-JalapenoPepperTopping_JalapenoPepperTopping_dynamic_1_JalapenoPepperTopping_dynamic_1-JalapenoPepperTopping_dynamic_1-isToppingOf-HotGreenPepperTopping_dynamic_1-NEG-BIN","JalapenoPepperTopping_JalapenoPepperTopping_dynamic_1",117,19,"Property Assertion","BIN","ASK WHERE { <http://www.example.com/genealogy.owl#JalapenoPepperTopping_dynamic_1> <http://www.example.com/genealogy.owl#isToppingOf> <http://www.example.com/genealogy.owl#HotGreenPepperTopping_dynamic_1> }","isToppingOf","FALSE",2,2
"2hop-LeekTopping_LeekTopping_dynamic_1_LeekTopping_dynamic_1-LeekTopping_dynamic_1-isToppingOf-MC","LeekTopping_LeekTopping_dynamic_1",117,27,"Property Assertion","MC","SELECT ?x WHERE { <http://www.example.com/genealogy.owl#LeekTopping_dynamic_1> <http://www.example.com/genealogy.owl#isToppingOf> ?x }","isToppingOf","Giardiniera_118; Giardiniera_175; Giardiniera_176; Giardiniera_206; Giardiniera_226; Giardiniera_4; Giardiniera_48; PrinceCarlo_100; PrinceCarlo_122; PrinceCarlo_155; PrinceCarlo_172; PrinceCarlo_187; PrinceCarlo_39; PrinceCarlo_8; PrinceCarlo_85; PrinceCarlo_86; PrinceCarlo_93",2,2
"2hop-LeekTopping_LeekTopping_dynamic_1_LeekTopping_dynamic_1-LeekTopping_dynamic_1-isToppingOf-Giardiniera_118-BIN","LeekTopping_LeekTopping_dynamic_1",117,27,"Property Assertion","BIN","ASK WHERE { <http://www.example.com/genealogy.owl#LeekTopping_dynamic_1> <http://www.example.com/genealogy.owl#isToppingOf> <http://www.example.com/genealogy.owl#Giardiniera_118> }","isToppingOf","TRUE",2,2
"2hop-LeekTopping_LeekTopping_dynamic_1_LeekTopping_dynamic_1-LeekTopping_dynamic_1-isToppingOf-LeekTopping_dynamic_1-NEG-BIN","LeekTopping_LeekTopping_dynamic_1",117,27,"Property Assertion","BIN","ASK WHERE { <http://www.example.com/genealogy.owl#LeekTopping_dynamic_1> <http://www.example.com/genealogy.owl#isToppingOf> <http://www.example.com/genealogy.owl#LeekTopping_dynamic_1> }","isToppingOf","FALSE",2,2
"2hop-LeekTopping_LeekTopping_dynamic_1_LeekTopping_dynamic_1-LeekTopping_dynamic_1-rdf:type-MC","LeekTopping_LeekTopping_dynamic_1",117,27,"Membership","MC","SELECT ?x WHERE { <http://www.example.com/genealogy.owl#LeekTopping_dynamic_1> <http://www.w3.org/1999/02/22-rdf-syntax-ns#type> ?x }","rdf:type","DomainConcept; Food; PizzaTopping; VegetableTopping",2,2
"2hop-LeekTopping_LeekTopping_dynamic_1_LeekTopping_dynamic_1-LeekTopping_dynamic_1-rdf:type-Food-BIN","LeekTopping_LeekTopping_dynamic_1",117,27,"Membership","BIN","ASK WHERE { <http://www.example.com/genealogy.owl#LeekTopping_dynamic_1> <http://www.w3.org/1999/02/22-rdf-syntax-ns#type> <http://www.example.com/genealogy.owl#Food> }","rdf:type","TRUE",4,4
"2hop-LeekTopping_LeekTopping_dynamic_1_LeekTopping_dynamic_1-LeekTopping_dynamic_1-rdf:type-American-NEG-BIN","LeekTopping_LeekTopping_dynamic_1",117,27,"Membership","BIN","ASK WHERE { <http://www.example.com/genealogy.owl#LeekTopping_dynamic_1> <http://www.w3.org/1999/02/22-rdf-syntax-ns#type> <http://www.example.com/genealogy.owl#American> }","rdf:type","FALSE",4,4
"2hop-MixedSeafoodTopping_MixedSeafoodTopping_dynamic_1_MixedSeafoodTopping_dynamic_1-MixedSeafoodTopping_dynamic_1-rdf:type-MC","MixedSeafoodTopping_MixedSeafoodTopping_dynamic_1",117,16,"Membership","MC","SELECT ?x WHERE { <http://www.example.com/genealogy.owl#MixedSeafoodTopping_dynamic_1> <http://www.w3.org/1999/02/22-rdf-syntax-ns#type> ?x }","rdf:type","DomainConcept; FishTopping; Food; PizzaTopping",2,3
"2hop-MixedSeafoodTopping_MixedSeafoodTopping_dynamic_1_MixedSeafoodTopping_dynamic_1-MixedSeafoodTopping_dynamic_1-isToppingOf-MC","MixedSeafoodTopping_MixedSeafoodTopping_dynamic_1",117,16,"Property Assertion","MC","SELECT ?x WHERE { <http://www.example.com/genealogy.owl#MixedSeafoodTopping_dynamic_1> <http://www.example.com/genealogy.owl#isToppingOf> ?x }","isToppingOf","FruttiDiMare_114; FruttiDiMare_128; FruttiDiMare_160; FruttiDiMare_163; FruttiDiMare_207; FruttiDiMare_214; FruttiDiMare_240; FruttiDiMare_244; FruttiDiMare_26; FruttiDiMare_28; FruttiDiMare_32; FruttiDiMare_37; FruttiDiMare_38",2,2
"2hop-MixedSeafoodTopping_MixedSeafoodTopping_dynamic_1_MixedSeafoodTopping_dynamic_1-MixedSeafoodTopping_dynamic_1-isToppingOf-FruttiDiMare_114-BIN","MixedSeafoodTopping_MixedSeafoodTopping_dynamic_1",117,16,"Property Assertion","BIN","ASK WHERE { <http://www.example.com/genealogy.owl#MixedSeafoodTopping_dynamic_1> <http://www.example.com/genealogy.owl#isToppingOf> <http://www.example.com/genealogy.owl#FruttiDiMare_114> }","isToppingOf","TRUE",2,2
"2hop-MixedSeafoodTopping_MixedSeafoodTopping_dynamic_1_MixedSeafoodTopping_dynamic_1-MixedSeafoodTopping_dynamic_1-isToppingOf-GarlicTopping_dynamic_1-NEG-BIN","MixedSeafoodTopping_MixedSeafoodTopping_dynamic_1",117,16,"Property Assertion","BIN","ASK WHERE { <http://www.example.com/genealogy.owl#MixedSeafoodTopping_dynamic_1> <http://www.example.com/genealogy.owl#isToppingOf> <http://www.example.com/genealogy.owl#GarlicTopping_dynamic_1> }","isToppingOf","FALSE",2,2
"2hop-MixedSeafoodTopping_MixedSeafoodTopping_dynamic_1_MixedSeafoodTopping_dynamic_1-MixedSeafoodTopping_dynamic_1-rdf:type-FishTopping-BIN","MixedSeafoodTopping_MixedSeafoodTopping_dynamic_1",117,16,"Membership","BIN","ASK WHERE { <http://www.example.com/genealogy.owl#MixedSeafoodTopping_dynamic_1> <http://www.w3.org/1999/02/22-rdf-syntax-ns#type> <http://www.example.com/genealogy.owl#FishTopping> }","rdf:type","TRUE",2,2
"2hop-MixedSeafoodTopping_MixedSeafoodTopping_dynamic_1_MixedSeafoodTopping_dynamic_1-MixedSeafoodTopping_dynamic_1-rdf:type-American-NEG-BIN","MixedSeafoodTopping_MixedSeafoodTopping_dynamic_1",117,16,"Membership","BIN","ASK WHERE { <http://www.example.com/genealogy.owl#MixedSeafoodTopping_dynamic_1> <http://www.w3.org/1999/02/22-rdf-syntax-ns#type> <http://www.example.com/genealogy.owl#American> }","rdf:type","FALSE",2,2
"2hop-MozzarellaTopping_MozzarellaTopping_dynamic_1_MozzarellaTopping_dynamic_1-MozzarellaTopping_dynamic_1-isToppingOf-MC","MozzarellaTopping_MozzarellaTopping_dynamic_1",117,261,"Property Assertion","MC","SELECT ?x WHERE { <http://www.example.com/genealogy.owl#MozzarellaTopping_dynamic_1> <http://www.example.com/genealogy.owl#isToppingOf> ?x }","isToppingOf","AmericanHot_131; AmericanHot_136; AmericanHot_139; AmericanHot_177; AmericanHot_179; AmericanHot_186; AmericanHot_19; AmericanHot_199; AmericanHot_237; AmericanHot_239; AmericanHot_50; AmericanHot_63; AmericanHot_64; AmericanHot_79; American_107; American_13; American_143; American_158; American_162; American_2; American_215; American_245; American_27; American_68; American_69; American_94; Cajun_108; Cajun_110; Cajun_112; Cajun_138; Cajun_140; Cajun_17; Cajun_181; Cajun_193; Cajun_197; Cajun_198; Cajun_229; Cajun_242; Cajun_92; Capricciosa_101; Capricciosa_117; Capricciosa_119; Capricciosa_125; Capricciosa_159; Capricciosa_16; Capricciosa_202; Capricciosa_212; Capricciosa_216; Capricciosa_46; Capricciosa_47; Capricciosa_57; Capricciosa_72; Caprina_10; Caprina_133; Caprina_194; Caprina_227; Caprina_36; Caprina_75; Fiorentina_130; Fiorentina_145; Fiorentina_149; Fiorentina_156; Fiorentina_222; Fiorentina_232; Fiorentina_234; Fiorentina_241; Fiorentina_84; Fiorentina_99; FourSeasons_127; FourSeasons_146; FourSeasons_171; FourSeasons_174; FourSeasons_182; FourSeasons_188; FourSeasons_190; FourSeasons_233; FourSeasons_235; FourSeasons_56; FourSeasons_62; FourSeasons_88; FourSeasons_89; FourSeasons_9; FourSeasons_90; Giardiniera_118; Giardiniera_175; Giardiniera_176; Giardiniera_206; Giardiniera_226; Giardiniera_4; Giardiniera_48; LaReine_123; LaReine_15; LaReine_184; LaReine_209; LaReine_217; LaReine_230; LaReine_231; LaReine_246; LaReine_49; LaReine_59; LaReine_71; Margherita_12; Margherita_144; Margherita_150; Margherita_192; Margherita_29; Margherita_31; Margherita_73; Margherita_77; Margherita_97; Mushroom_1; Mushroom_103; Mushroom_124; Mushroom_152; Mushroom_170; Mushroom_200; Mushroom_21; Mushroom_224; Mushroom_35; Mushroom_40; Mushroom_5; Mushroom_80; Napoletana_102; Napoletana_126; Napoletana_151; Napoletana_169; Napoletana_189; Napoletana_195; Napoletana_203; Napoletana_211; Napoletana_248; Napoletana_83; Parmense_121; Parmense_129; Parmense_165; Parmense_173; Parmense_221; Parmense_23; Parmense_30; Parmense_43; Parmense_55; Parmense_76; Parmense_78; Parmense_96; PolloAdAstra_11; PolloAdAstra_115; PolloAdAstra_178; PolloAdAstra_18; PolloAdAstra_205; PolloAdAstra_22; PolloAdAstra_33; PolloAdAstra_70; PolloAdAstra_74; PolloAdAstra_91; PolloAdAstra_95; PrinceCarlo_100; PrinceCarlo_122; PrinceCarlo_155; PrinceCarlo_172; PrinceCarlo_187; PrinceCarlo_39; PrinceCarlo_8; PrinceCarlo_85; PrinceCarlo_86; PrinceCarlo_93; Rosa_135; Rosa_161; Rosa_166; Rosa_201; Rosa_208; Rosa_82; Siciliana_0; Siciliana_109; Siciliana_113; Siciliana_154; Siciliana_157; Siciliana_164; Siciliana_167; Siciliana_196; Siciliana_220; Siciliana_247; Siciliana_42; Siciliana_44; Siciliana_52; Siciliana_6; SloppyGiuseppe_132; SloppyGiuseppe_147; SloppyGiuseppe_148; SloppyGiuseppe_20; SloppyGiuseppe_228; SloppyGiuseppe_24; SloppyGiuseppe_249; SloppyGiuseppe_34; SloppyGiuseppe_53; SloppyGiuseppe_58; SloppyGiuseppe_98; Soho_104; Soho_105; Soho_106; Soho_134; Soho_14; Soho_142; Soho_180; Soho_183; Soho_204; Soho_210; Soho_236; Soho_243; Soho_25; Soho_3; Soho_41; Soho_54; Soho_67; Soho_7; Soho_87; Veneziana_141; Veneziana_153; Veneziana_191; Veneziana_213; Veneziana_218; Veneziana_225; Veneziana_238; Veneziana_45; Veneziana_60; Veneziana_61; Veneziana_65",2,2
"2hop-MozzarellaTopping_MozzarellaTopping_dynamic_1_MozzarellaTopping_dynamic_1-MozzarellaTopping_dynamic_1-rdf:type-MC","MozzarellaTopping_MozzarellaTopping_dynamic_1",117,261,"Membership","MC","SELECT ?x WHERE { <http://www.example.com/genealogy.owl#MozzarellaTopping_dynamic_1> <http://www.w3.org/1999/02/22-rdf-syntax-ns#type> ?x }","rdf:type","CheeseTopping; DomainConcept; Food; PizzaTopping",5,5
"2hop-MozzarellaTopping_MozzarellaTopping_dynamic_1_MozzarellaTopping_dynamic_1-MozzarellaTopping_dynamic_1-rdf:type-CheeseTopping-BIN","MozzarellaTopping_MozzarellaTopping_dynamic_1",117,261,"Membership","BIN","ASK WHERE { <http://www.example.com/genealogy.owl#MozzarellaTopping_dynamic_1> <http://www.w3.org/1999/02/22-rdf-syntax-ns#type> <http://www.example.com/genealogy.owl#CheeseTopping> }","rdf:type","TRUE",2,2
"2hop-MozzarellaTopping_MozzarellaTopping_dynamic_1_MozzarellaTopping_dynamic_1-MozzarellaTopping_dynamic_1-rdf:type-American-NEG-BIN","MozzarellaTopping_MozzarellaTopping_dynamic_1",117,261,"Membership","BIN","ASK WHERE { <http://www.example.com/genealogy.owl#MozzarellaTopping_dynamic_1> <http://www.w3.org/1999/02/22-rdf-syntax-ns#type> <http://www.example.com/genealogy.owl#American> }","rdf:type","FALSE",2,2
"2hop-MozzarellaTopping_MozzarellaTopping_dynamic_1_MozzarellaTopping_dynamic_1-MozzarellaTopping_dynamic_1-isToppingOf-AmericanHot_131-BIN","MozzarellaTopping_MozzarellaTopping_dynamic_1",117,261,"Property Assertion","BIN","ASK WHERE { <http://www.example.com/genealogy.owl#MozzarellaTopping_dynamic_1> <http://www.example.com/genealogy.owl#isToppingOf> <http://www.example.com/genealogy.owl#AmericanHot_131> }","isToppingOf","TRUE",2,2
"2hop-MozzarellaTopping_MozzarellaTopping_dynamic_1_MozzarellaTopping_dynamic_1-MozzarellaTopping_dynamic_1-isToppingOf-AnchoviesTopping_dynamic_1-NEG-BIN","MozzarellaTopping_MozzarellaTopping_dynamic_1",117,261,"Property Assertion","BIN","ASK WHERE { <http://www.example.com/genealogy.owl#MozzarellaTopping_dynamic_1> <http://www.example.com/genealogy.owl#isToppingOf> <http://www.example.com/genealogy.owl#AnchoviesTopping_dynamic_1> }","isToppingOf","FALSE",2,2
"2hop-MushroomTopping_MushroomTopping_dynamic_1_MushroomTopping_dynamic_1-MushroomTopping_dynamic_1-isToppingOf-MC","MushroomTopping_MushroomTopping_dynamic_1",117,57,"Property Assertion","MC","SELECT ?x WHERE { <http://www.example.com/genealogy.owl#MushroomTopping_dynamic_1> <http://www.example.com/genealogy.owl#isToppingOf> ?x }","isToppingOf","FourSeasons_127; FourSeasons_146; FourSeasons_171; FourSeasons_174; FourSeasons_182; FourSeasons_188; FourSeasons_190; FourSeasons_233; FourSeasons_235; FourSeasons_56; FourSeasons_62; FourSeasons_88; FourSeasons_89; FourSeasons_9; FourSeasons_90; Giardiniera_118; Giardiniera_175; Giardiniera_176; Giardiniera_206; Giardiniera_226; Giardiniera_4; Giardiniera_48; LaReine_123; LaReine_15; LaReine_184; LaReine_209; LaReine_217; LaReine_230; LaReine_231; LaReine_246; LaReine_49; LaReine_59; LaReine_71; Mushroom_1; Mushroom_103; Mushroom_124; Mushroom_152; Mushroom_170; Mushroom_200; Mushroom_21; Mushroom_224; Mushroom_35; Mushroom_40; Mushroom_5; Mushroom_80",2,2
"2hop-MushroomTopping_MushroomTopping_dynamic_1_MushroomTopping_dynamic_1-MushroomTopping_dynamic_1-isToppingOf-FourSeasons_127-BIN","MushroomTopping_MushroomTopping_dynamic_1",117,57,"Property Assertion","BIN","ASK WHERE { <http://www.example.com/genealogy.owl#MushroomTopping_dynamic_1> <http://www.example.com/genealogy.owl#isToppingOf> <http://www.example.com/genealogy.owl#FourSeasons_127> }","isToppingOf","TRUE",2,2
"2hop-MushroomTopping_MushroomTopping_dynamic_1_MushroomTopping_dynamic_1-MushroomTopping_dynamic_1-isToppingOf-AnchoviesTopping_dynamic_1-NEG-BIN","MushroomTopping_MushroomTopping_dynamic_1",117,57,"Property Assertion","BIN","ASK WHERE { <http://www.example.com/genealogy.owl#MushroomTopping_dynamic_1> <http://www.example.com/genealogy.owl#isToppingOf> <http://www.example.com/genealogy.owl#AnchoviesTopping_dynamic_1> }","isToppingOf","FALSE",2,2
"2hop-MushroomTopping_MushroomTopping_dynamic_1_MushroomTopping_dynamic_1-MushroomTopping_dynamic_1-rdf:type-MC","MushroomTopping_MushroomTopping_dynamic_1",117,57,"Membership","MC","SELECT ?x WHERE { <http://www.example.com/genealogy.owl#MushroomTopping_dynamic_1> <http://www.w3.org/1999/02/22-rdf-syntax-ns#type> ?x }","rdf:type","DomainConcept; Food; PizzaTopping; VegetableTopping",5,5
"2hop-MushroomTopping_MushroomTopping_dynamic_1_MushroomTopping_dynamic_1-MushroomTopping_dynamic_1-rdf:type-Food-BIN","MushroomTopping_MushroomTopping_dynamic_1",117,57,"Membership","BIN","ASK WHERE { <http://www.example.com/genealogy.owl#MushroomTopping_dynamic_1> <http://www.w3.org/1999/02/22-rdf-syntax-ns#type> <http://www.example.com/genealogy.owl#Food> }","rdf:type","TRUE",4,4
"2hop-MushroomTopping_MushroomTopping_dynamic_1_MushroomTopping_dynamic_1-MushroomTopping_dynamic_1-rdf:type-American-NEG-BIN","MushroomTopping_MushroomTopping_dynamic_1",117,57,"Membership","BIN","ASK WHERE { <http://www.example.com/genealogy.owl#MushroomTopping_dynamic_1> <http://www.w3.org/1999/02/22-rdf-syntax-ns#type> <http://www.example.com/genealogy.owl#American> }","rdf:type","FALSE",4,4
"2hop-NamedPizza_AmericanHot_131_AmericanHot_131-AmericanHot_131-hasIngredient-MC","NamedPizza_AmericanHot_131",117,255,"Property Assertion","MC","SELECT ?x WHERE { <http://www.example.com/genealogy.owl#AmericanHot_131> <http://www.example.com/genealogy.owl#hasIngredient> ?x }","hasIngredient","HotGreenPepperTopping_dynamic_1; JalapenoPepperTopping_dynamic_1; MozzarellaTopping_dynamic_1; PeperoniSausageTopping_dynamic_1; TomatoTopping_dynamic_1",2,2
"2hop-NamedPizza_AmericanHot_131_AmericanHot_131-AmericanHot_131-hasTopping-MC","NamedPizza_AmericanHot_131",117,255,"Property Assertion","MC","SELECT ?x WHERE { <http://www.example.com/genealogy.owl#AmericanHot_131> <http://www.example.com/genealogy.owl#hasTopping> ?x }","hasTopping","HotGreenPepperTopping_dynamic_1; JalapenoPepperTopping_dynamic_1; MozzarellaTopping_dynamic_1; PeperoniSausageTopping_dynamic_1; TomatoTopping_dynamic_1",1,1
"2hop-NamedPizza_AmericanHot_131_AmericanHot_131-AmericanHot_131-rdf:type-MC","NamedPizza_AmericanHot_131",117,255,"Membership","MC","SELECT ?x WHERE { <http://www.example.com/genealogy.owl#AmericanHot_131> <http://www.w3.org/1999/02/22-rdf-syntax-ns#type> ?x }","rdf:type","DomainConcept; Food; Pizza",2,2
"2hop-NamedPizza_AmericanHot_131_AmericanHot_131-AmericanHot_131-rdf:type-Food-BIN","NamedPizza_AmericanHot_131",117,255,"Membership","BIN","ASK WHERE { <http://www.example.com/genealogy.owl#AmericanHot_131> <http://www.w3.org/1999/02/22-rdf-syntax-ns#type> <http://www.example.com/genealogy.owl#Food> }","rdf:type","TRUE",3,3
"2hop-NamedPizza_AmericanHot_131_AmericanHot_131-AmericanHot_131-rdf:type-American-NEG-BIN","NamedPizza_AmericanHot_131",117,255,"Membership","BIN","ASK WHERE { <http://www.example.com/genealogy.owl#AmericanHot_131> <http://www.w3.org/1999/02/22-rdf-syntax-ns#type> <http://www.example.com/genealogy.owl#American> }","rdf:type","FALSE",3,3
"2hop-NamedPizza_AmericanHot_131_AmericanHot_131-AmericanHot_131-hasTopping-HotGreenPepperTopping_dynamic_1-BIN","NamedPizza_AmericanHot_131",117,255,"Property Assertion","BIN","ASK WHERE { <http://www.example.com/genealogy.owl#AmericanHot_131> <http://www.example.com/genealogy.owl#hasTopping> <http://www.example.com/genealogy.owl#HotGreenPepperTopping_dynamic_1> }","hasTopping","TRUE",1,1
"2hop-NamedPizza_AmericanHot_131_AmericanHot_131-AmericanHot_131-hasTopping-AmericanHot_131-NEG-BIN","NamedPizza_AmericanHot_131",117,255,"Property Assertion","BIN","ASK WHERE { <http://www.example.com/genealogy.owl#AmericanHot_131> <http://www.example.com/genealogy.owl#hasTopping> <http://www.example.com/genealogy.owl#AmericanHot_131> }","hasTopping","FALSE",1,1
"2hop-NamedPizza_AmericanHot_131_AmericanHot_131-AmericanHot_131-hasIngredient-HotGreenPepperTopping_dynamic_1-BIN","NamedPizza_AmericanHot_131",117,255,"Property Assertion","BIN","ASK WHERE { <http://www.example.com/genealogy.owl#AmericanHot_131> <http://www.example.com/genealogy.owl#hasIngredient> <http://www.example.com/genealogy.owl#HotGreenPepperTopping_dynamic_1> }","hasIngredient","TRUE",2,2
"2hop-NamedPizza_AmericanHot_131_AmericanHot_131-AmericanHot_131-hasIngredient-AmericanHot_131-NEG-BIN","NamedPizza_AmericanHot_131",117,255,"Property Assertion","BIN","ASK WHERE { <http://www.example.com/genealogy.owl#AmericanHot_131> <http://www.example.com/genealogy.owl#hasIngredient> <http://www.example.com/genealogy.owl#AmericanHot_131> }","hasIngredient","FALSE",2,2
"2hop-NamedPizza_AmericanHot_136_AmericanHot_136-AmericanHot_136-rdf:type-Food-BIN","NamedPizza_AmericanHot_136",117,255,"Membership","BIN","ASK WHERE { <http://www.example.com/genealogy.owl#AmericanHot_136> <http://www.w3.org/1999/02/22-rdf-syntax-ns#type> <http://www.example.com/genealogy.owl#Food> }","rdf:type","TRUE",3,3
"2hop-NamedPizza_AmericanHot_136_AmericanHot_136-AmericanHot_136-rdf:type-American-NEG-BIN","NamedPizza_AmericanHot_136",117,255,"Membership","BIN","ASK WHERE { <http://www.example.com/genealogy.owl#AmericanHot_136> <http://www.w3.org/1999/02/22-rdf-syntax-ns#type> <http://www.example.com/genealogy.owl#American> }","rdf:type","FALSE",3,3
"2hop-NamedPizza_AmericanHot_136_AmericanHot_136-AmericanHot_136-rdf:type-MC","NamedPizza_AmericanHot_136",117,255,"Membership","MC","SELECT ?x WHERE { <http://www.example.com/genealogy.owl#AmericanHot_136> <http://www.w3.org/1999/02/22-rdf-syntax-ns#type> ?x }","rdf:type","DomainConcept; Food; Pizza",3,3
"2hop-NamedPizza_AmericanHot_136_AmericanHot_136-AmericanHot_136-hasTopping-MC","NamedPizza_AmericanHot_136",117,255,"Property Assertion","MC","SELECT ?x WHERE { <http://www.example.com/genealogy.owl#AmericanHot_136> <http://www.example.com/genealogy.owl#hasTopping> ?x }","hasTopping","HotGreenPepperTopping_dynamic_1; JalapenoPepperTopping_dynamic_1; MozzarellaTopping_dynamic_1; PeperoniSausageTopping_dynamic_1; TomatoTopping_dynamic_1",1,1
"2hop-NamedPizza_AmericanHot_136_AmericanHot_136-AmericanHot_136-hasIngredient-MC","NamedPizza_AmericanHot_136",117,255,"Property Assertion","MC","SELECT ?x WHERE { <http://www.example.com/genealogy.owl#AmericanHot_136> <http://www.example.com/genealogy.owl#hasIngredient> ?x }","hasIngredient","HotGreenPepperTopping_dynamic_1; JalapenoPepperTopping_dynamic_1; MozzarellaTopping_dynamic_1; PeperoniSausageTopping_dynamic_1; TomatoTopping_dynamic_1",2,2
"2hop-NamedPizza_AmericanHot_136_AmericanHot_136-AmericanHot_136-hasTopping-HotGreenPepperTopping_dynamic_1-BIN","NamedPizza_AmericanHot_136",117,255,"Property Assertion","BIN","ASK WHERE { <http://www.example.com/genealogy.owl#AmericanHot_136> <http://www.example.com/genealogy.owl#hasTopping> <http://www.example.com/genealogy.owl#HotGreenPepperTopping_dynamic_1> }","hasTopping","TRUE",1,1
"2hop-NamedPizza_AmericanHot_136_AmericanHot_136-AmericanHot_136-hasTopping-AmericanHot_131-NEG-BIN","NamedPizza_AmericanHot_136",117,255,"Property Assertion","BIN","ASK WHERE { <http://www.example.com/genealogy.owl#AmericanHot_136> <http://www.example.com/genealogy.owl#hasTopping> <http://www.example.com/genealogy.owl#AmericanHot_131> }","hasTopping","FALSE",1,1
"2hop-NamedPizza_AmericanHot_136_AmericanHot_136-AmericanHot_136-hasIngredient-HotGreenPepperTopping_dynamic_1-BIN","NamedPizza_AmericanHot_136",117,255,"Property Assertion","BIN","ASK WHERE { <http://www.example.com/genealogy.owl#AmericanHot_136> <http://www.example.com/genealogy.owl#hasIngredient> <http://www.example.com/genealogy.owl#HotGreenPepperTopping_dynamic_1> }","hasIngredient","TRUE",2,2
"2hop-NamedPizza_AmericanHot_136_AmericanHot_136-AmericanHot_136-hasIngredient-AmericanHot_131-NEG-BIN","NamedPizza_AmericanHot_136",117,255,"Property Assertion","BIN","ASK WHERE { <http://www.example.com/genealogy.owl#AmericanHot_136> <http://www.example.com/genealogy.owl#hasIngredient> <http://www.example.com/genealogy.owl#AmericanHot_131> }","hasIngredient","FALSE",2,2
"2hop-NamedPizza_AmericanHot_139_AmericanHot_139-AmericanHot_139-hasIngredient-HotGreenPepperTopping_dynamic_1-BIN","NamedPizza_AmericanHot_139",117,255,"Property Assertion","BIN","ASK WHERE { <http://www.example.com/genealogy.owl#AmericanHot_139> <http://www.example.com/genealogy.owl#hasIngredient> <http://www.example.com/genealogy.owl#HotGreenPepperTopping_dynamic_1> }","hasIngredient","TRUE",2,2
"2hop-NamedPizza_AmericanHot_139_AmericanHot_139-AmericanHot_139-hasIngredient-AmericanHot_131-NEG-BIN","NamedPizza_AmericanHot_139",117,255,"Property Assertion","BIN","ASK WHERE { <http://www.example.com/genealogy.owl#AmericanHot_139> <http://www.example.com/genealogy.owl#hasIngredient> <http://www.example.com/genealogy.owl#AmericanHot_131> }","hasIngredient","FALSE",2,2
"2hop-NamedPizza_AmericanHot_139_AmericanHot_139-AmericanHot_139-hasIngredient-MC","NamedPizza_AmericanHot_139",117,255,"Property Assertion","MC","SELECT ?x WHERE { <http://www.example.com/genealogy.owl#AmericanHot_139> <http://www.example.com/genealogy.owl#hasIngredient> ?x }","hasIngredient","HotGreenPepperTopping_dynamic_1; JalapenoPepperTopping_dynamic_1; MozzarellaTopping_dynamic_1; PeperoniSausageTopping_dynamic_1; TomatoTopping_dynamic_1",2,2
"2hop-NamedPizza_AmericanHot_139_AmericanHot_139-AmericanHot_139-hasTopping-MC","NamedPizza_AmericanHot_139",117,255,"Property Assertion","MC","SELECT ?x WHERE { <http://www.example.com/genealogy.owl#AmericanHot_139> <http://www.example.com/genealogy.owl#hasTopping> ?x }","hasTopping","HotGreenPepperTopping_dynamic_1; JalapenoPepperTopping_dynamic_1; MozzarellaTopping_dynamic_1; PeperoniSausageTopping_dynamic_1; TomatoTopping_dynamic_1",1,1
"2hop-NamedPizza_AmericanHot_139_AmericanHot_139-AmericanHot_139-hasTopping-HotGreenPepperTopping_dynamic_1-BIN","NamedPizza_AmericanHot_139",117,255,"Property Assertion","BIN","ASK WHERE { <http://www.example.com/genealogy.owl#AmericanHot_139> <http://www.example.com/genealogy.owl#hasTopping> <http://www.example.com/genealogy.owl#HotGreenPepperTopping_dynamic_1> }","hasTopping","TRUE",1,1
"2hop-NamedPizza_AmericanHot_139_AmericanHot_139-AmericanHot_139-hasTopping-AmericanHot_131-NEG-BIN","NamedPizza_AmericanHot_139",117,255,"Property Assertion","BIN","ASK WHERE { <http://www.example.com/genealogy.owl#AmericanHot_139> <http://www.example.com/genealogy.owl#hasTopping> <http://www.example.com/genealogy.owl#AmericanHot_131> }","hasTopping","FALSE",1,1
"2hop-NamedPizza_AmericanHot_139_AmericanHot_139-AmericanHot_139-rdf:type-MC","NamedPizza_AmericanHot_139",117,255,"Membership","MC","SELECT ?x WHERE { <http://www.example.com/genealogy.owl#AmericanHot_139> <http://www.w3.org/1999/02/22-rdf-syntax-ns#type> ?x }","rdf:type","DomainConcept; Food; Pizza",4,4
"2hop-NamedPizza_AmericanHot_139_AmericanHot_139-AmericanHot_139-rdf:type-Food-BIN","NamedPizza_AmericanHot_139",117,255,"Membership","BIN","ASK WHERE { <http://www.example.com/genealogy.owl#AmericanHot_139> <http://www.w3.org/1999/02/22-rdf-syntax-ns#type> <http://www.example.com/genealogy.owl#Food> }","rdf:type","TRUE",3,3
"2hop-NamedPizza_AmericanHot_139_AmericanHot_139-AmericanHot_139-rdf:type-American-NEG-BIN","NamedPizza_AmericanHot_139",117,255,"Membership","BIN","ASK WHERE { <http://www.example.com/genealogy.owl#AmericanHot_139> <http://www.w3.org/1999/02/22-rdf-syntax-ns#type> <http://www.example.com/genealogy.owl#American> }","rdf:type","FALSE",3,3
"2hop-NamedPizza_AmericanHot_177_AmericanHot_177-AmericanHot_177-hasTopping-MC","NamedPizza_AmericanHot_177",117,255,"Property Assertion","MC","SELECT ?x WHERE { <http://www.example.com/genealogy.owl#AmericanHot_177> <http://www.example.com/genealogy.owl#hasTopping> ?x }","hasTopping","HotGreenPepperTopping_dynamic_1; JalapenoPepperTopping_dynamic_1; MozzarellaTopping_dynamic_1; PeperoniSausageTopping_dynamic_1; TomatoTopping_dynamic_1",1,1
"2hop-NamedPizza_AmericanHot_177_AmericanHot_177-AmericanHot_177-hasIngredient-MC","NamedPizza_AmericanHot_177",117,255,"Property Assertion","MC","SELECT ?x WHERE { <http://www.example.com/genealogy.owl#AmericanHot_177> <http://www.example.com/genealogy.owl#hasIngredient> ?x }","hasIngredient","HotGreenPepperTopping_dynamic_1; JalapenoPepperTopping_dynamic_1; MozzarellaTopping_dynamic_1; PeperoniSausageTopping_dynamic_1; TomatoTopping_dynamic_1",2,2
"2hop-NamedPizza_AmericanHot_177_AmericanHot_177-AmericanHot_177-rdf:type-MC","NamedPizza_AmericanHot_177",117,255,"Membership","MC","SELECT ?x WHERE { <http://www.example.com/genealogy.owl#AmericanHot_177> <http://www.w3.org/1999/02/22-rdf-syntax-ns#type> ?x }","rdf:type","DomainConcept; Food; Pizza",2,2
"2hop-NamedPizza_AmericanHot_177_AmericanHot_177-AmericanHot_177-hasIngredient-HotGreenPepperTopping_dynamic_1-BIN","NamedPizza_AmericanHot_177",117,255,"Property Assertion","BIN","ASK WHERE { <http://www.example.com/genealogy.owl#AmericanHot_177> <http://www.example.com/genealogy.owl#hasIngredient> <http://www.example.com/genealogy.owl#HotGreenPepperTopping_dynamic_1> }","hasIngredient","TRUE",2,2
"2hop-NamedPizza_AmericanHot_177_AmericanHot_177-AmericanHot_177-hasIngredient-AmericanHot_131-NEG-BIN","NamedPizza_AmericanHot_177",117,255,"Property Assertion","BIN","ASK WHERE { <http://www.example.com/genealogy.owl#AmericanHot_177> <http://www.example.com/genealogy.owl#hasIngredient> <http://www.example.com/genealogy.owl#AmericanHot_131> }","hasIngredient","FALSE",2,2
"2hop-NamedPizza_AmericanHot_177_AmericanHot_177-AmericanHot_177-hasTopping-HotGreenPepperTopping_dynamic_1-BIN","NamedPizza_AmericanHot_177",117,255,"Property Assertion","BIN","ASK WHERE { <http://www.example.com/genealogy.owl#AmericanHot_177> <http://www.example.com/genealogy.owl#hasTopping> <http://www.example.com/genealogy.owl#HotGreenPepperTopping_dynamic_1> }","hasTopping","TRUE",1,1
"2hop-NamedPizza_AmericanHot_177_AmericanHot_177-AmericanHot_177-hasTopping-AmericanHot_131-NEG-BIN","NamedPizza_AmericanHot_177",117,255,"Property Assertion","BIN","ASK WHERE { <http://www.example.com/genealogy.owl#AmericanHot_177> <http://www.example.com/genealogy.owl#hasTopping> <http://www.example.com/genealogy.owl#AmericanHot_131> }","hasTopping","FALSE",1,1
"2hop-NamedPizza_AmericanHot_177_AmericanHot_177-AmericanHot_177-rdf:type-Food-BIN","NamedPizza_AmericanHot_177",117,255,"Membership","BIN","ASK WHERE { <http://www.example.com/genealogy.owl#AmericanHot_177> <http://www.w3.org/1999/02/22-rdf-syntax-ns#type> <http://www.example.com/genealogy.owl#Food> }","rdf:type","TRUE",3,3
"2hop-NamedPizza_AmericanHot_177_AmericanHot_177-AmericanHot_177-rdf:type-American-NEG-BIN","NamedPizza_AmericanHot_177",117,255,"Membership","BIN","ASK WHERE { <http://www.example.com/genealogy.owl#AmericanHot_177> <http://www.w3.org/1999/02/22-rdf-syntax-ns#type> <http://www.example.com/genealogy.owl#American> }","rdf:type","FALSE",3,3
"2hop-NamedPizza_AmericanHot_179_AmericanHot_179-AmericanHot_179-rdf:type-MC","NamedPizza_AmericanHot_179",117,255,"Membership","MC","SELECT ?x WHERE { <http://www.example.com/genealogy.owl#AmericanHot_179> <http://www.w3.org/1999/02/22-rdf-syntax-ns#type> ?x }","rdf:type","DomainConcept; Food; Pizza",2,2
"2hop-NamedPizza_AmericanHot_179_AmericanHot_179-AmericanHot_179-hasTopping-MC","NamedPizza_AmericanHot_179",117,255,"Property Assertion","MC","SELECT ?x WHERE { <http://www.example.com/genealogy.owl#AmericanHot_179> <http://www.example.com/genealogy.owl#hasTopping> ?x }","hasTopping","HotGreenPepperTopping_dynamic_1; JalapenoPepperTopping_dynamic_1; MozzarellaTopping_dynamic_1; PeperoniSausageTopping_dynamic_1; TomatoTopping_dynamic_1",1,1
"2hop-NamedPizza_AmericanHot_179_AmericanHot_179-AmericanHot_179-rdf:type-Food-BIN","NamedPizza_AmericanHot_179",117,255,"Membership","BIN","ASK WHERE { <http://www.example.com/genealogy.owl#AmericanHot_179> <http://www.w3.org/1999/02/22-rdf-syntax-ns#type> <http://www.example.com/genealogy.owl#Food> }","rdf:type","TRUE",3,3
"2hop-NamedPizza_AmericanHot_179_AmericanHot_179-AmericanHot_179-rdf:type-American-NEG-BIN","NamedPizza_AmericanHot_179",117,255,"Membership","BIN","ASK WHERE { <http://www.example.com/genealogy.owl#AmericanHot_179> <http://www.w3.org/1999/02/22-rdf-syntax-ns#type> <http://www.example.com/genealogy.owl#American> }","rdf:type","FALSE",3,3
"2hop-NamedPizza_AmericanHot_179_AmericanHot_179-AmericanHot_179-hasTopping-HotGreenPepperTopping_dynamic_1-BIN","NamedPizza_AmericanHot_179",117,255,"Property Assertion","BIN","ASK WHERE { <http://www.example.com/genealogy.owl#AmericanHot_179> <http://www.example.com/genealogy.owl#hasTopping> <http://www.example.com/genealogy.owl#HotGreenPepperTopping_dynamic_1> }","hasTopping","TRUE",1,1
"2hop-NamedPizza_AmericanHot_179_AmericanHot_179-AmericanHot_179-hasTopping-AmericanHot_131-NEG-BIN","NamedPizza_AmericanHot_179",117,255,"Property Assertion","BIN","ASK WHERE { <http://www.example.com/genealogy.owl#AmericanHot_179> <http://www.example.com/genealogy.owl#hasTopping> <http://www.example.com/genealogy.owl#AmericanHot_131> }","hasTopping","FALSE",1,1
"2hop-NamedPizza_AmericanHot_179_AmericanHot_179-AmericanHot_179-hasIngredient-MC","NamedPizza_AmericanHot_179",117,255,"Property Assertion","MC","SELECT ?x WHERE { <http://www.example.com/genealogy.owl#AmericanHot_179> <http://www.example.com/genealogy.owl#hasIngredient> ?x }","hasIngredient","HotGreenPepperTopping_dynamic_1; JalapenoPepperTopping_dynamic_1; MozzarellaTopping_dynamic_1; PeperoniSausageTopping_dynamic_1; TomatoTopping_dynamic_1",2,2
"2hop-NamedPizza_AmericanHot_179_AmericanHot_179-AmericanHot_179-hasIngredient-HotGreenPepperTopping_dynamic_1-BIN","NamedPizza_AmericanHot_179",117,255,"Property Assertion","BIN","ASK WHERE { <http://www.example.com/genealogy.owl#AmericanHot_179> <http://www.example.com/genealogy.owl#hasIngredient> <http://www.example.com/genealogy.owl#HotGreenPepperTopping_dynamic_1> }","hasIngredient","TRUE",2,2
"2hop-NamedPizza_AmericanHot_179_AmericanHot_179-AmericanHot_179-hasIngredient-AmericanHot_131-NEG-BIN","NamedPizza_AmericanHot_179",117,255,"Property Assertion","BIN","ASK WHERE { <http://www.example.com/genealogy.owl#AmericanHot_179> <http://www.example.com/genealogy.owl#hasIngredient> <http://www.example.com/genealogy.owl#AmericanHot_131> }","hasIngredient","FALSE",2,2
"2hop-NamedPizza_AmericanHot_186_AmericanHot_186-AmericanHot_186-rdf:type-MC","NamedPizza_AmericanHot_186",117,255,"Membership","MC","SELECT ?x WHERE { <http://www.example.com/genealogy.owl#AmericanHot_186> <http://www.w3.org/1999/02/22-rdf-syntax-ns#type> ?x }","rdf:type","DomainConcept; Food; Pizza",4,4
"2hop-NamedPizza_AmericanHot_186_AmericanHot_186-AmericanHot_186-rdf:type-Food-BIN","NamedPizza_AmericanHot_186",117,255,"Membership","BIN","ASK WHERE { <http://www.example.com/genealogy.owl#AmericanHot_186> <http://www.w3.org/1999/02/22-rdf-syntax-ns#type> <http://www.example.com/genealogy.owl#Food> }","rdf:type","TRUE",3,3
"2hop-NamedPizza_AmericanHot_186_AmericanHot_186-AmericanHot_186-rdf:type-American-NEG-BIN","NamedPizza_AmericanHot_186",117,255,"Membership","BIN","ASK WHERE { <http://www.example.com/genealogy.owl#AmericanHot_186> <http://www.w3.org/1999/02/22-rdf-syntax-ns#type> <http://www.example.com/genealogy.owl#American> }","rdf:type","FALSE",3,3
"2hop-NamedPizza_AmericanHot_186_AmericanHot_186-AmericanHot_186-hasIngredient-MC","NamedPizza_AmericanHot_186",117,255,"Property Assertion","MC","SELECT ?x WHERE { <http://www.example.com/genealogy.owl#AmericanHot_186> <http://www.example.com/genealogy.owl#hasIngredient> ?x }","hasIngredient","HotGreenPepperTopping_dynamic_1; JalapenoPepperTopping_dynamic_1; MozzarellaTopping_dynamic_1; PeperoniSausageTopping_dynamic_1; TomatoTopping_dynamic_1",2,2
"2hop-NamedPizza_AmericanHot_186_AmericanHot_186-AmericanHot_186-hasTopping-MC","NamedPizza_AmericanHot_186",117,255,"Property Assertion","MC","SELECT ?x WHERE { <http://www.example.com/genealogy.owl#AmericanHot_186> <http://www.example.com/genealogy.owl#hasTopping> ?x }","hasTopping","HotGreenPepperTopping_dynamic_1; JalapenoPepperTopping_dynamic_1; MozzarellaTopping_dynamic_1; PeperoniSausageTopping_dynamic_1; TomatoTopping_dynamic_1",1,1
"2hop-NamedPizza_AmericanHot_186_AmericanHot_186-AmericanHot_186-hasIngredient-HotGreenPepperTopping_dynamic_1-BIN","NamedPizza_AmericanHot_186",117,255,"Property Assertion","BIN","ASK WHERE { <http://www.example.com/genealogy.owl#AmericanHot_186> <http://www.example.com/genealogy.owl#hasIngredient> <http://www.example.com/genealogy.owl#HotGreenPepperTopping_dynamic_1> }","hasIngredient","TRUE",2,2
"2hop-NamedPizza_AmericanHot_186_AmericanHot_186-AmericanHot_186-hasIngredient-AmericanHot_131-NEG-BIN","NamedPizza_AmericanHot_186",117,255,"Property Assertion","BIN","ASK WHERE { <http://www.example.com/genealogy.owl#AmericanHot_186> <http://www.example.com/genealogy.owl#hasIngredient> <http://www.example.com/genealogy.owl#AmericanHot_131> }","hasIngredient","FALSE",2,2
"2hop-NamedPizza_AmericanHot_186_AmericanHot_186-AmericanHot_186-hasTopping-HotGreenPepperTopping_dynamic_1-BIN","NamedPizza_AmericanHot_186",117,255,"Property Assertion","BIN","ASK WHERE { <http://www.example.com/genealogy.owl#AmericanHot_186> <http://www.example.com/genealogy.owl#hasTopping> <http://www.example.com/genealogy.owl#HotGreenPepperTopping_dynamic_1> }","hasTopping","TRUE",1,1
"2hop-NamedPizza_AmericanHot_186_AmericanHot_186-AmericanHot_186-hasTopping-AmericanHot_131-NEG-BIN","NamedPizza_AmericanHot_186",117,255,"Property Assertion","BIN","ASK WHERE { <http://www.example.com/genealogy.owl#AmericanHot_186> <http://www.example.com/genealogy.owl#hasTopping> <http://www.example.com/genealogy.owl#AmericanHot_131> }","hasTopping","FALSE",1,1
"2hop-NamedPizza_AmericanHot_19_AmericanHot_19-AmericanHot_19-rdf:type-MC","NamedPizza_AmericanHot_19",117,255,"Membership","MC","SELECT ?x WHERE { <http://www.example.com/genealogy.owl#AmericanHot_19> <http://www.w3.org/1999/02/22-rdf-syntax-ns#type> ?x }","rdf:type","DomainConcept; Food; Pizza",4,4
"2hop-NamedPizza_AmericanHot_19_AmericanHot_19-AmericanHot_19-hasIngredient-MC","NamedPizza_AmericanHot_19",117,255,"Property Assertion","MC","SELECT ?x WHERE { <http://www.example.com/genealogy.owl#AmericanHot_19> <http://www.example.com/genealogy.owl#hasIngredient> ?x }","hasIngredient","HotGreenPepperTopping_dynamic_1; JalapenoPepperTopping_dynamic_1; MozzarellaTopping_dynamic_1; PeperoniSausageTopping_dynamic_1; TomatoTopping_dynamic_1",2,2
"2hop-NamedPizza_AmericanHot_19_AmericanHot_19-AmericanHot_19-hasIngredient-HotGreenPepperTopping_dynamic_1-BIN","NamedPizza_AmericanHot_19",117,255,"Property Assertion","BIN","ASK WHERE { <http://www.example.com/genealogy.owl#AmericanHot_19> <http://www.example.com/genealogy.owl#hasIngredient> <http://www.example.com/genealogy.owl#HotGreenPepperTopping_dynamic_1> }","hasIngredient","TRUE",2,2
"2hop-NamedPizza_AmericanHot_19_AmericanHot_19-AmericanHot_19-hasIngredient-AmericanHot_131-NEG-BIN","NamedPizza_AmericanHot_19",117,255,"Property Assertion","BIN","ASK WHERE { <http://www.example.com/genealogy.owl#AmericanHot_19> <http://www.example.com/genealogy.owl#hasIngredient> <http://www.example.com/genealogy.owl#AmericanHot_131> }","hasIngredient","FALSE",2,2
"2hop-NamedPizza_AmericanHot_19_AmericanHot_19-AmericanHot_19-hasTopping-MC","NamedPizza_AmericanHot_19",117,255,"Property Assertion","MC","SELECT ?x WHERE { <http://www.example.com/genealogy.owl#AmericanHot_19> <http://www.example.com/genealogy.owl#hasTopping> ?x }","hasTopping","HotGreenPepperTopping_dynamic_1; JalapenoPepperTopping_dynamic_1; MozzarellaTopping_dynamic_1; PeperoniSausageTopping_dynamic_1; TomatoTopping_dynamic_1",1,1
"2hop-NamedPizza_AmericanHot_19_AmericanHot_19-AmericanHot_19-rdf:type-Food-BIN","NamedPizza_AmericanHot_19",117,255,"Membership","BIN","ASK WHERE { <http://www.example.com/genealogy.owl#AmericanHot_19> <http://www.w3.org/1999/02/22-rdf-syntax-ns#type> <http://www.example.com/genealogy.owl#Food> }","rdf:type","TRUE",3,3
"2hop-NamedPizza_AmericanHot_19_AmericanHot_19-AmericanHot_19-rdf:type-American-NEG-BIN","NamedPizza_AmericanHot_19",117,255,"Membership","BIN","ASK WHERE { <http://www.example.com/genealogy.owl#AmericanHot_19> <http://www.w3.org/1999/02/22-rdf-syntax-ns#type> <http://www.example.com/genealogy.owl#American> }","rdf:type","FALSE",3,3
"2hop-NamedPizza_AmericanHot_19_AmericanHot_19-AmericanHot_19-hasTopping-HotGreenPepperTopping_dynamic_1-BIN","NamedPizza_AmericanHot_19",117,255,"Property Assertion","BIN","ASK WHERE { <http://www.example.com/genealogy.owl#AmericanHot_19> <http://www.example.com/genealogy.owl#hasTopping> <http://www.example.com/genealogy.owl#HotGreenPepperTopping_dynamic_1> }","hasTopping","TRUE",1,1
"2hop-NamedPizza_AmericanHot_19_AmericanHot_19-AmericanHot_19-hasTopping-AmericanHot_131-NEG-BIN","NamedPizza_AmericanHot_19",117,255,"Property Assertion","BIN","ASK WHERE { <http://www.example.com/genealogy.owl#AmericanHot_19> <http://www.example.com/genealogy.owl#hasTopping> <http://www.example.com/genealogy.owl#AmericanHot_131> }","hasTopping","FALSE",1,1
"2hop-NamedPizza_AmericanHot_199_AmericanHot_199-AmericanHot_199-hasIngredient-MC","NamedPizza_AmericanHot_199",117,255,"Property Assertion","MC","SELECT ?x WHERE { <http://www.example.com/genealogy.owl#AmericanHot_199> <http://www.example.com/genealogy.owl#hasIngredient> ?x }","hasIngredient","HotGreenPepperTopping_dynamic_1; JalapenoPepperTopping_dynamic_1; MozzarellaTopping_dynamic_1; PeperoniSausageTopping_dynamic_1; TomatoTopping_dynamic_1",2,2
"2hop-NamedPizza_AmericanHot_199_AmericanHot_199-AmericanHot_199-rdf:type-Food-BIN","NamedPizza_AmericanHot_199",117,255,"Membership","BIN","ASK WHERE { <http://www.example.com/genealogy.owl#AmericanHot_199> <http://www.w3.org/1999/02/22-rdf-syntax-ns#type> <http://www.example.com/genealogy.owl#Food> }","rdf:type","TRUE",3,3
"2hop-NamedPizza_AmericanHot_199_AmericanHot_199-AmericanHot_199-rdf:type-American-NEG-BIN","NamedPizza_AmericanHot_199",117,255,"Membership","BIN","ASK WHERE { <http://www.example.com/genealogy.owl#AmericanHot_199> <http://www.w3.org/1999/02/22-rdf-syntax-ns#type> <http://www.example.com/genealogy.owl#American> }","rdf:type","FALSE",3,3
"2hop-NamedPizza_AmericanHot_199_AmericanHot_199-AmericanHot_199-rdf:type-MC","NamedPizza_AmericanHot_199",117,255,"Membership","MC","SELECT ?x WHERE { <http://www.example.com/genealogy.owl#AmericanHot_199> <http://www.w3.org/1999/02/22-rdf-syntax-ns#type> ?x }","rdf:type","DomainConcept; Food; Pizza",3,3
"2hop-NamedPizza_AmericanHot_199_AmericanHot_199-AmericanHot_199-hasTopping-HotGreenPepperTopping_dynamic_1-BIN","NamedPizza_AmericanHot_199",117,255,"Property Assertion","BIN","ASK WHERE { <http://www.example.com/genealogy.owl#AmericanHot_199> <http://www.example.com/genealogy.owl#hasTopping> <http://www.example.com/genealogy.owl#HotGreenPepperTopping_dynamic_1> }","hasTopping","TRUE",1,1
"2hop-NamedPizza_AmericanHot_199_AmericanHot_199-AmericanHot_199-hasTopping-AmericanHot_131-NEG-BIN","NamedPizza_AmericanHot_199",117,255,"Property Assertion","BIN","ASK WHERE { <http://www.example.com/genealogy.owl#AmericanHot_199> <http://www.example.com/genealogy.owl#hasTopping> <http://www.example.com/genealogy.owl#AmericanHot_131> }","hasTopping","FALSE",1,1
"2hop-NamedPizza_AmericanHot_199_AmericanHot_199-AmericanHot_199-hasTopping-MC","NamedPizza_AmericanHot_199",117,255,"Property Assertion","MC","SELECT ?x WHERE { <http://www.example.com/genealogy.owl#AmericanHot_199> <http://www.example.com/genealogy.owl#hasTopping> ?x }","hasTopping","HotGreenPepperTopping_dynamic_1; JalapenoPepperTopping_dynamic_1; MozzarellaTopping_dynamic_1; PeperoniSausageTopping_dynamic_1; TomatoTopping_dynamic_1",1,1
"2hop-NamedPizza_AmericanHot_199_AmericanHot_199-AmericanHot_199-hasIngredient-HotGreenPepperTopping_dynamic_1-BIN","NamedPizza_AmericanHot_199",117,255,"Property Assertion","BIN","ASK WHERE { <http://www.example.com/genealogy.owl#AmericanHot_199> <http://www.example.com/genealogy.owl#hasIngredient> <http://www.example.com/genealogy.owl#HotGreenPepperTopping_dynamic_1> }","hasIngredient","TRUE",2,2
"2hop-NamedPizza_AmericanHot_199_AmericanHot_199-AmericanHot_199-hasIngredient-AmericanHot_131-NEG-BIN","NamedPizza_AmericanHot_199",117,255,"Property Assertion","BIN","ASK WHERE { <http://www.example.com/genealogy.owl#AmericanHot_199> <http://www.example.com/genealogy.owl#hasIngredient> <http://www.example.com/genealogy.owl#AmericanHot_131> }","hasIngredient","FALSE",2,2
"2hop-NamedPizza_AmericanHot_237_AmericanHot_237-AmericanHot_237-rdf:type-Food-BIN","NamedPizza_AmericanHot_237",117,255,"Membership","BIN","ASK WHERE { <http://www.example.com/genealogy.owl#AmericanHot_237> <http://www.w3.org/1999/02/22-rdf-syntax-ns#type> <http://www.example.com/genealogy.owl#Food> }","rdf:type","TRUE",3,3
"2hop-NamedPizza_AmericanHot_237_AmericanHot_237-AmericanHot_237-rdf:type-American-NEG-BIN","NamedPizza_AmericanHot_237",117,255,"Membership","BIN","ASK WHERE { <http://www.example.com/genealogy.owl#AmericanHot_237> <http://www.w3.org/1999/02/22-rdf-syntax-ns#type> <http://www.example.com/genealogy.owl#American> }","rdf:type","FALSE",3,3
"2hop-NamedPizza_AmericanHot_237_AmericanHot_237-AmericanHot_237-rdf:type-MC","NamedPizza_AmericanHot_237",117,255,"Membership","MC","SELECT ?x WHERE { <http://www.example.com/genealogy.owl#AmericanHot_237> <http://www.w3.org/1999/02/22-rdf-syntax-ns#type> ?x }","rdf:type","DomainConcept; Food; Pizza",3,3
"2hop-NamedPizza_AmericanHot_237_AmericanHot_237-AmericanHot_237-hasIngredient-MC","NamedPizza_AmericanHot_237",117,255,"Property Assertion","MC","SELECT ?x WHERE { <http://www.example.com/genealogy.owl#AmericanHot_237> <http://www.example.com/genealogy.owl#hasIngredient> ?x }","hasIngredient","HotGreenPepperTopping_dynamic_1; JalapenoPepperTopping_dynamic_1; MozzarellaTopping_dynamic_1; PeperoniSausageTopping_dynamic_1; TomatoTopping_dynamic_1",2,2
"2hop-NamedPizza_AmericanHot_237_AmericanHot_237-AmericanHot_237-hasTopping-MC","NamedPizza_AmericanHot_237",117,255,"Property Assertion","MC","SELECT ?x WHERE { <http://www.example.com/genealogy.owl#AmericanHot_237> <http://www.example.com/genealogy.owl#hasTopping> ?x }","hasTopping","HotGreenPepperTopping_dynamic_1; JalapenoPepperTopping_dynamic_1; MozzarellaTopping_dynamic_1; PeperoniSausageTopping_dynamic_1; TomatoTopping_dynamic_1",1,1
"2hop-NamedPizza_AmericanHot_237_AmericanHot_237-AmericanHot_237-hasTopping-HotGreenPepperTopping_dynamic_1-BIN","NamedPizza_AmericanHot_237",117,255,"Property Assertion","BIN","ASK WHERE { <http://www.example.com/genealogy.owl#AmericanHot_237> <http://www.example.com/genealogy.owl#hasTopping> <http://www.example.com/genealogy.owl#HotGreenPepperTopping_dynamic_1> }","hasTopping","TRUE",1,1
"2hop-NamedPizza_AmericanHot_237_AmericanHot_237-AmericanHot_237-hasTopping-AmericanHot_131-NEG-BIN","NamedPizza_AmericanHot_237",117,255,"Property Assertion","BIN","ASK WHERE { <http://www.example.com/genealogy.owl#AmericanHot_237> <http://www.example.com/genealogy.owl#hasTopping> <http://www.example.com/genealogy.owl#AmericanHot_131> }","hasTopping","FALSE",1,1
"2hop-NamedPizza_AmericanHot_237_AmericanHot_237-AmericanHot_237-hasIngredient-HotGreenPepperTopping_dynamic_1-BIN","NamedPizza_AmericanHot_237",117,255,"Property Assertion","BIN","ASK WHERE { <http://www.example.com/genealogy.owl#AmericanHot_237> <http://www.example.com/genealogy.owl#hasIngredient> <http://www.example.com/genealogy.owl#HotGreenPepperTopping_dynamic_1> }","hasIngredient","TRUE",2,2
"2hop-NamedPizza_AmericanHot_237_AmericanHot_237-AmericanHot_237-hasIngredient-AmericanHot_131-NEG-BIN","NamedPizza_AmericanHot_237",117,255,"Property Assertion","BIN","ASK WHERE { <http://www.example.com/genealogy.owl#AmericanHot_237> <http://www.example.com/genealogy.owl#hasIngredient> <http://www.example.com/genealogy.owl#AmericanHot_131> }","hasIngredient","FALSE",2,2
"2hop-NamedPizza_AmericanHot_239_AmericanHot_239-AmericanHot_239-hasIngredient-MC","NamedPizza_AmericanHot_239",117,255,"Property Assertion","MC","SELECT ?x WHERE { <http://www.example.com/genealogy.owl#AmericanHot_239> <http://www.example.com/genealogy.owl#hasIngredient> ?x }","hasIngredient","HotGreenPepperTopping_dynamic_1; JalapenoPepperTopping_dynamic_1; MozzarellaTopping_dynamic_1; PeperoniSausageTopping_dynamic_1; TomatoTopping_dynamic_1",2,2
"2hop-NamedPizza_AmericanHot_239_AmericanHot_239-AmericanHot_239-rdf:type-MC","NamedPizza_AmericanHot_239",117,255,"Membership","MC","SELECT ?x WHERE { <http://www.example.com/genealogy.owl#AmericanHot_239> <http://www.w3.org/1999/02/22-rdf-syntax-ns#type> ?x }","rdf:type","DomainConcept; Food; Pizza",4,4
"2hop-NamedPizza_AmericanHot_239_AmericanHot_239-AmericanHot_239-hasTopping-MC","NamedPizza_AmericanHot_239",117,255,"Property Assertion","MC","SELECT ?x WHERE { <http://www.example.com/genealogy.owl#AmericanHot_239> <http://www.example.com/genealogy.owl#hasTopping> ?x }","hasTopping","HotGreenPepperTopping_dynamic_1; JalapenoPepperTopping_dynamic_1; MozzarellaTopping_dynamic_1; PeperoniSausageTopping_dynamic_1; TomatoTopping_dynamic_1",1,1
"2hop-NamedPizza_AmericanHot_239_AmericanHot_239-AmericanHot_239-hasTopping-HotGreenPepperTopping_dynamic_1-BIN","NamedPizza_AmericanHot_239",117,255,"Property Assertion","BIN","ASK WHERE { <http://www.example.com/genealogy.owl#AmericanHot_239> <http://www.example.com/genealogy.owl#hasTopping> <http://www.example.com/genealogy.owl#HotGreenPepperTopping_dynamic_1> }","hasTopping","TRUE",1,1
"2hop-NamedPizza_AmericanHot_239_AmericanHot_239-AmericanHot_239-hasTopping-AmericanHot_131-NEG-BIN","NamedPizza_AmericanHot_239",117,255,"Property Assertion","BIN","ASK WHERE { <http://www.example.com/genealogy.owl#AmericanHot_239> <http://www.example.com/genealogy.owl#hasTopping> <http://www.example.com/genealogy.owl#AmericanHot_131> }","hasTopping","FALSE",1,1
"2hop-NamedPizza_AmericanHot_239_AmericanHot_239-AmericanHot_239-rdf:type-Food-BIN","NamedPizza_AmericanHot_239",117,255,"Membership","BIN","ASK WHERE { <http://www.example.com/genealogy.owl#AmericanHot_239> <http://www.w3.org/1999/02/22-rdf-syntax-ns#type> <http://www.example.com/genealogy.owl#Food> }","rdf:type","TRUE",3,3
"2hop-NamedPizza_AmericanHot_239_AmericanHot_239-AmericanHot_239-rdf:type-American-NEG-BIN","NamedPizza_AmericanHot_239",117,255,"Membership","BIN","ASK WHERE { <http://www.example.com/genealogy.owl#AmericanHot_239> <http://www.w3.org/1999/02/22-rdf-syntax-ns#type> <http://www.example.com/genealogy.owl#American> }","rdf:type","FALSE",3,3
"2hop-NamedPizza_AmericanHot_239_AmericanHot_239-AmericanHot_239-hasIngredient-HotGreenPepperTopping_dynamic_1-BIN","NamedPizza_AmericanHot_239",117,255,"Property Assertion","BIN","ASK WHERE { <http://www.example.com/genealogy.owl#AmericanHot_239> <http://www.example.com/genealogy.owl#hasIngredient> <http://www.example.com/genealogy.owl#HotGreenPepperTopping_dynamic_1> }","hasIngredient","TRUE",2,2
"2hop-NamedPizza_AmericanHot_239_AmericanHot_239-AmericanHot_239-hasIngredient-AmericanHot_131-NEG-BIN","NamedPizza_AmericanHot_239",117,255,"Property Assertion","BIN","ASK WHERE { <http://www.example.com/genealogy.owl#AmericanHot_239> <http://www.example.com/genealogy.owl#hasIngredient> <http://www.example.com/genealogy.owl#AmericanHot_131> }","hasIngredient","FALSE",2,2
"2hop-NamedPizza_AmericanHot_50_AmericanHot_50-AmericanHot_50-hasIngredient-HotGreenPepperTopping_dynamic_1-BIN","NamedPizza_AmericanHot_50",117,255,"Property Assertion","BIN","ASK WHERE { <http://www.example.com/genealogy.owl#AmericanHot_50> <http://www.example.com/genealogy.owl#hasIngredient> <http://www.example.com/genealogy.owl#HotGreenPepperTopping_dynamic_1> }","hasIngredient","TRUE",2,2
"2hop-NamedPizza_AmericanHot_50_AmericanHot_50-AmericanHot_50-hasIngredient-AmericanHot_131-NEG-BIN","NamedPizza_AmericanHot_50",117,255,"Property Assertion","BIN","ASK WHERE { <http://www.example.com/genealogy.owl#AmericanHot_50> <http://www.example.com/genealogy.owl#hasIngredient> <http://www.example.com/genealogy.owl#AmericanHot_131> }","hasIngredient","FALSE",2,2
"2hop-NamedPizza_AmericanHot_50_AmericanHot_50-AmericanHot_50-hasIngredient-MC","NamedPizza_AmericanHot_50",117,255,"Property Assertion","MC","SELECT ?x WHERE { <http://www.example.com/genealogy.owl#AmericanHot_50> <http://www.example.com/genealogy.owl#hasIngredient> ?x }","hasIngredient","HotGreenPepperTopping_dynamic_1; JalapenoPepperTopping_dynamic_1; MozzarellaTopping_dynamic_1; PeperoniSausageTopping_dynamic_1; TomatoTopping_dynamic_1",2,2
"2hop-NamedPizza_AmericanHot_50_AmericanHot_50-AmericanHot_50-hasTopping-MC","NamedPizza_AmericanHot_50",117,255,"Property Assertion","MC","SELECT ?x WHERE { <http://www.example.com/genealogy.owl#AmericanHot_50> <http://www.example.com/genealogy.owl#hasTopping> ?x }","hasTopping","HotGreenPepperTopping_dynamic_1; JalapenoPepperTopping_dynamic_1; MozzarellaTopping_dynamic_1; PeperoniSausageTopping_dynamic_1; TomatoTopping_dynamic_1",1,1
"2hop-NamedPizza_AmericanHot_50_AmericanHot_50-AmericanHot_50-rdf:type-MC","NamedPizza_AmericanHot_50",117,255,"Membership","MC","SELECT ?x WHERE { <http://www.example.com/genealogy.owl#AmericanHot_50> <http://www.w3.org/1999/02/22-rdf-syntax-ns#type> ?x }","rdf:type","DomainConcept; Food; Pizza",4,4
"2hop-NamedPizza_AmericanHot_50_AmericanHot_50-AmericanHot_50-hasTopping-HotGreenPepperTopping_dynamic_1-BIN","NamedPizza_AmericanHot_50",117,255,"Property Assertion","BIN","ASK WHERE { <http://www.example.com/genealogy.owl#AmericanHot_50> <http://www.example.com/genealogy.owl#hasTopping> <http://www.example.com/genealogy.owl#HotGreenPepperTopping_dynamic_1> }","hasTopping","TRUE",1,1
"2hop-NamedPizza_AmericanHot_50_AmericanHot_50-AmericanHot_50-hasTopping-AmericanHot_131-NEG-BIN","NamedPizza_AmericanHot_50",117,255,"Property Assertion","BIN","ASK WHERE { <http://www.example.com/genealogy.owl#AmericanHot_50> <http://www.example.com/genealogy.owl#hasTopping> <http://www.example.com/genealogy.owl#AmericanHot_131> }","hasTopping","FALSE",1,1
"2hop-NamedPizza_AmericanHot_50_AmericanHot_50-AmericanHot_50-rdf:type-Food-BIN","NamedPizza_AmericanHot_50",117,255,"Membership","BIN","ASK WHERE { <http://www.example.com/genealogy.owl#AmericanHot_50> <http://www.w3.org/1999/02/22-rdf-syntax-ns#type> <http://www.example.com/genealogy.owl#Food> }","rdf:type","TRUE",3,3
"2hop-NamedPizza_AmericanHot_50_AmericanHot_50-AmericanHot_50-rdf:type-American-NEG-BIN","NamedPizza_AmericanHot_50",117,255,"Membership","BIN","ASK WHERE { <http://www.example.com/genealogy.owl#AmericanHot_50> <http://www.w3.org/1999/02/22-rdf-syntax-ns#type> <http://www.example.com/genealogy.owl#American> }","rdf:type","FALSE",3,3
"2hop-NamedPizza_AmericanHot_63_AmericanHot_63-AmericanHot_63-rdf:type-MC","NamedPizza_AmericanHot_63",117,255,"Membership","MC","SELECT ?x WHERE { <http://www.example.com/genealogy.owl#AmericanHot_63> <http://www.w3.org/1999/02/22-rdf-syntax-ns#type> ?x }","rdf:type","DomainConcept; Food; Pizza",4,4
"2hop-NamedPizza_AmericanHot_63_AmericanHot_63-AmericanHot_63-hasIngredient-MC","NamedPizza_AmericanHot_63",117,255,"Property Assertion","MC","SELECT ?x WHERE { <http://www.example.com/genealogy.owl#AmericanHot_63> <http://www.example.com/genealogy.owl#hasIngredient> ?x }","hasIngredient","HotGreenPepperTopping_dynamic_1; JalapenoPepperTopping_dynamic_1; MozzarellaTopping_dynamic_1; PeperoniSausageTopping_dynamic_1; TomatoTopping_dynamic_1",2,2
"2hop-NamedPizza_AmericanHot_63_AmericanHot_63-AmericanHot_63-hasTopping-MC","NamedPizza_AmericanHot_63",117,255,"Property Assertion","MC","SELECT ?x WHERE { <http://www.example.com/genealogy.owl#AmericanHot_63> <http://www.example.com/genealogy.owl#hasTopping> ?x }","hasTopping","HotGreenPepperTopping_dynamic_1; JalapenoPepperTopping_dynamic_1; MozzarellaTopping_dynamic_1; PeperoniSausageTopping_dynamic_1; TomatoTopping_dynamic_1",1,1
"2hop-NamedPizza_AmericanHot_63_AmericanHot_63-AmericanHot_63-rdf:type-Food-BIN","NamedPizza_AmericanHot_63",117,255,"Membership","BIN","ASK WHERE { <http://www.example.com/genealogy.owl#AmericanHot_63> <http://www.w3.org/1999/02/22-rdf-syntax-ns#type> <http://www.example.com/genealogy.owl#Food> }","rdf:type","TRUE",3,3
"2hop-NamedPizza_AmericanHot_63_AmericanHot_63-AmericanHot_63-rdf:type-American-NEG-BIN","NamedPizza_AmericanHot_63",117,255,"Membership","BIN","ASK WHERE { <http://www.example.com/genealogy.owl#AmericanHot_63> <http://www.w3.org/1999/02/22-rdf-syntax-ns#type> <http://www.example.com/genealogy.owl#American> }","rdf:type","FALSE",3,3
"2hop-NamedPizza_AmericanHot_63_AmericanHot_63-AmericanHot_63-hasIngredient-HotGreenPepperTopping_dynamic_1-BIN","NamedPizza_AmericanHot_63",117,255,"Property Assertion","BIN","ASK WHERE { <http://www.example.com/genealogy.owl#AmericanHot_63> <http://www.example.com/genealogy.owl#hasIngredient> <http://www.example.com/genealogy.owl#HotGreenPepperTopping_dynamic_1> }","hasIngredient","TRUE",2,2
"2hop-NamedPizza_AmericanHot_63_AmericanHot_63-AmericanHot_63-hasIngredient-AmericanHot_131-NEG-BIN","NamedPizza_AmericanHot_63",117,255,"Property Assertion","BIN","ASK WHERE { <http://www.example.com/genealogy.owl#AmericanHot_63> <http://www.example.com/genealogy.owl#hasIngredient> <http://www.example.com/genealogy.owl#AmericanHot_131> }","hasIngredient","FALSE",2,2
"2hop-NamedPizza_AmericanHot_63_AmericanHot_63-AmericanHot_63-hasTopping-HotGreenPepperTopping_dynamic_1-BIN","NamedPizza_AmericanHot_63",117,255,"Property Assertion","BIN","ASK WHERE { <http://www.example.com/genealogy.owl#AmericanHot_63> <http://www.example.com/genealogy.owl#hasTopping> <http://www.example.com/genealogy.owl#HotGreenPepperTopping_dynamic_1> }","hasTopping","TRUE",1,1
"2hop-NamedPizza_AmericanHot_63_AmericanHot_63-AmericanHot_63-hasTopping-AmericanHot_131-NEG-BIN","NamedPizza_AmericanHot_63",117,255,"Property Assertion","BIN","ASK WHERE { <http://www.example.com/genealogy.owl#AmericanHot_63> <http://www.example.com/genealogy.owl#hasTopping> <http://www.example.com/genealogy.owl#AmericanHot_131> }","hasTopping","FALSE",1,1
"2hop-NamedPizza_AmericanHot_64_AmericanHot_64-AmericanHot_64-hasIngredient-MC","NamedPizza_AmericanHot_64",117,255,"Property Assertion","MC","SELECT ?x WHERE { <http://www.example.com/genealogy.owl#AmericanHot_64> <http://www.example.com/genealogy.owl#hasIngredient> ?x }","hasIngredient","HotGreenPepperTopping_dynamic_1; JalapenoPepperTopping_dynamic_1; MozzarellaTopping_dynamic_1; PeperoniSausageTopping_dynamic_1; TomatoTopping_dynamic_1",2,2
"2hop-NamedPizza_AmericanHot_64_AmericanHot_64-AmericanHot_64-hasTopping-MC","NamedPizza_AmericanHot_64",117,255,"Property Assertion","MC","SELECT ?x WHERE { <http://www.example.com/genealogy.owl#AmericanHot_64> <http://www.example.com/genealogy.owl#hasTopping> ?x }","hasTopping","HotGreenPepperTopping_dynamic_1; JalapenoPepperTopping_dynamic_1; MozzarellaTopping_dynamic_1; PeperoniSausageTopping_dynamic_1; TomatoTopping_dynamic_1",1,1
"2hop-NamedPizza_AmericanHot_64_AmericanHot_64-AmericanHot_64-rdf:type-MC","NamedPizza_AmericanHot_64",117,255,"Membership","MC","SELECT ?x WHERE { <http://www.example.com/genealogy.owl#AmericanHot_64> <http://www.w3.org/1999/02/22-rdf-syntax-ns#type> ?x }","rdf:type","DomainConcept; Food; Pizza",2,2
"2hop-NamedPizza_AmericanHot_64_AmericanHot_64-AmericanHot_64-hasTopping-HotGreenPepperTopping_dynamic_1-BIN","NamedPizza_AmericanHot_64",117,255,"Property Assertion","BIN","ASK WHERE { <http://www.example.com/genealogy.owl#AmericanHot_64> <http://www.example.com/genealogy.owl#hasTopping> <http://www.example.com/genealogy.owl#HotGreenPepperTopping_dynamic_1> }","hasTopping","TRUE",1,1
"2hop-NamedPizza_AmericanHot_64_AmericanHot_64-AmericanHot_64-hasTopping-AmericanHot_131-NEG-BIN","NamedPizza_AmericanHot_64",117,255,"Property Assertion","BIN","ASK WHERE { <http://www.example.com/genealogy.owl#AmericanHot_64> <http://www.example.com/genealogy.owl#hasTopping> <http://www.example.com/genealogy.owl#AmericanHot_131> }","hasTopping","FALSE",1,1
"2hop-NamedPizza_AmericanHot_64_AmericanHot_64-AmericanHot_64-hasIngredient-HotGreenPepperTopping_dynamic_1-BIN","NamedPizza_AmericanHot_64",117,255,"Property Assertion","BIN","ASK WHERE { <http://www.example.com/genealogy.owl#AmericanHot_64> <http://www.example.com/genealogy.owl#hasIngredient> <http://www.example.com/genealogy.owl#HotGreenPepperTopping_dynamic_1> }","hasIngredient","TRUE",2,2
"2hop-NamedPizza_AmericanHot_64_AmericanHot_64-AmericanHot_64-hasIngredient-AmericanHot_131-NEG-BIN","NamedPizza_AmericanHot_64",117,255,"Property Assertion","BIN","ASK WHERE { <http://www.example.com/genealogy.owl#AmericanHot_64> <http://www.example.com/genealogy.owl#hasIngredient> <http://www.example.com/genealogy.owl#AmericanHot_131> }","hasIngredient","FALSE",2,2
"2hop-NamedPizza_AmericanHot_64_AmericanHot_64-AmericanHot_64-rdf:type-Food-BIN","NamedPizza_AmericanHot_64",117,255,"Membership","BIN","ASK WHERE { <http://www.example.com/genealogy.owl#AmericanHot_64> <http://www.w3.org/1999/02/22-rdf-syntax-ns#type> <http://www.example.com/genealogy.owl#Food> }","rdf:type","TRUE",3,3
"2hop-NamedPizza_AmericanHot_64_AmericanHot_64-AmericanHot_64-rdf:type-American-NEG-BIN","NamedPizza_AmericanHot_64",117,255,"Membership","BIN","ASK WHERE { <http://www.example.com/genealogy.owl#AmericanHot_64> <http://www.w3.org/1999/02/22-rdf-syntax-ns#type> <http://www.example.com/genealogy.owl#American> }","rdf:type","FALSE",3,3
"2hop-NamedPizza_AmericanHot_79_AmericanHot_79-AmericanHot_79-rdf:type-MC","NamedPizza_AmericanHot_79",117,255,"Membership","MC","SELECT ?x WHERE { <http://www.example.com/genealogy.owl#AmericanHot_79> <http://www.w3.org/1999/02/22-rdf-syntax-ns#type> ?x }","rdf:type","DomainConcept; Food; Pizza",4,4
"2hop-NamedPizza_AmericanHot_79_AmericanHot_79-AmericanHot_79-hasIngredient-MC","NamedPizza_AmericanHot_79",117,255,"Property Assertion","MC","SELECT ?x WHERE { <http://www.example.com/genealogy.owl#AmericanHot_79> <http://www.example.com/genealogy.owl#hasIngredient> ?x }","hasIngredient","HotGreenPepperTopping_dynamic_1; JalapenoPepperTopping_dynamic_1; MozzarellaTopping_dynamic_1; PeperoniSausageTopping_dynamic_1; TomatoTopping_dynamic_1",2,2
"2hop-NamedPizza_AmericanHot_79_AmericanHot_79-AmericanHot_79-hasTopping-MC","NamedPizza_AmericanHot_79",117,255,"Property Assertion","MC","SELECT ?x WHERE { <http://www.example.com/genealogy.owl#AmericanHot_79> <http://www.example.com/genealogy.owl#hasTopping> ?x }","hasTopping","HotGreenPepperTopping_dynamic_1; JalapenoPepperTopping_dynamic_1; MozzarellaTopping_dynamic_1; PeperoniSausageTopping_dynamic_1; TomatoTopping_dynamic_1",1,1
"2hop-NamedPizza_AmericanHot_79_AmericanHot_79-AmericanHot_79-hasIngredient-HotGreenPepperTopping_dynamic_1-BIN","NamedPizza_AmericanHot_79",117,255,"Property Assertion","BIN","ASK WHERE { <http://www.example.com/genealogy.owl#AmericanHot_79> <http://www.example.com/genealogy.owl#hasIngredient> <http://www.example.com/genealogy.owl#HotGreenPepperTopping_dynamic_1> }","hasIngredient","TRUE",2,2
"2hop-NamedPizza_AmericanHot_79_AmericanHot_79-AmericanHot_79-hasIngredient-AmericanHot_131-NEG-BIN","NamedPizza_AmericanHot_79",117,255,"Property Assertion","BIN","ASK WHERE { <http://www.example.com/genealogy.owl#AmericanHot_79> <http://www.example.com/genealogy.owl#hasIngredient> <http://www.example.com/genealogy.owl#AmericanHot_131> }","hasIngredient","FALSE",2,2
"2hop-NamedPizza_AmericanHot_79_AmericanHot_79-AmericanHot_79-hasTopping-HotGreenPepperTopping_dynamic_1-BIN","NamedPizza_AmericanHot_79",117,255,"Property Assertion","BIN","ASK WHERE { <http://www.example.com/genealogy.owl#AmericanHot_79> <http://www.example.com/genealogy.owl#hasTopping> <http://www.example.com/genealogy.owl#HotGreenPepperTopping_dynamic_1> }","hasTopping","TRUE",1,1
"2hop-NamedPizza_AmericanHot_79_AmericanHot_79-AmericanHot_79-hasTopping-AmericanHot_131-NEG-BIN","NamedPizza_AmericanHot_79",117,255,"Property Assertion","BIN","ASK WHERE { <http://www.example.com/genealogy.owl#AmericanHot_79> <http://www.example.com/genealogy.owl#hasTopping> <http://www.example.com/genealogy.owl#AmericanHot_131> }","hasTopping","FALSE",1,1
"2hop-NamedPizza_AmericanHot_79_AmericanHot_79-AmericanHot_79-rdf:type-Food-BIN","NamedPizza_AmericanHot_79",117,255,"Membership","BIN","ASK WHERE { <http://www.example.com/genealogy.owl#AmericanHot_79> <http://www.w3.org/1999/02/22-rdf-syntax-ns#type> <http://www.example.com/genealogy.owl#Food> }","rdf:type","TRUE",3,3
"2hop-NamedPizza_AmericanHot_79_AmericanHot_79-AmericanHot_79-rdf:type-American-NEG-BIN","NamedPizza_AmericanHot_79",117,255,"Membership","BIN","ASK WHERE { <http://www.example.com/genealogy.owl#AmericanHot_79> <http://www.w3.org/1999/02/22-rdf-syntax-ns#type> <http://www.example.com/genealogy.owl#American> }","rdf:type","FALSE",3,3
"2hop-NamedPizza_American_107_American_107-American_107-rdf:type-MC","NamedPizza_American_107",117,253,"Membership","MC","SELECT ?x WHERE { <http://www.example.com/genealogy.owl#American_107> <http://www.w3.org/1999/02/22-rdf-syntax-ns#type> ?x }","rdf:type","DomainConcept; Food; Pizza",2,2
"2hop-NamedPizza_American_107_American_107-American_107-rdf:type-Food-BIN","NamedPizza_American_107",117,253,"Membership","BIN","ASK WHERE { <http://www.example.com/genealogy.owl#American_107> <http://www.w3.org/1999/02/22-rdf-syntax-ns#type> <http://www.example.com/genealogy.owl#Food> }","rdf:type","TRUE",3,3
"2hop-NamedPizza_American_107_American_107-American_107-rdf:type-American-NEG-BIN","NamedPizza_American_107",117,253,"Membership","BIN","ASK WHERE { <http://www.example.com/genealogy.owl#American_107> <http://www.w3.org/1999/02/22-rdf-syntax-ns#type> <http://www.example.com/genealogy.owl#American> }","rdf:type","FALSE",3,3
"2hop-NamedPizza_American_107_American_107-American_107-hasIngredient-MozzarellaTopping_dynamic_1-BIN","NamedPizza_American_107",117,253,"Property Assertion","BIN","ASK WHERE { <http://www.example.com/genealogy.owl#American_107> <http://www.example.com/genealogy.owl#hasIngredient> <http://www.example.com/genealogy.owl#MozzarellaTopping_dynamic_1> }","hasIngredient","TRUE",2,2
"2hop-NamedPizza_American_107_American_107-American_107-hasIngredient-AmericanHot_131-NEG-BIN","NamedPizza_American_107",117,253,"Property Assertion","BIN","ASK WHERE { <http://www.example.com/genealogy.owl#American_107> <http://www.example.com/genealogy.owl#hasIngredient> <http://www.example.com/genealogy.owl#AmericanHot_131> }","hasIngredient","FALSE",2,2
"2hop-NamedPizza_American_107_American_107-American_107-hasIngredient-MC","NamedPizza_American_107",117,253,"Property Assertion","MC","SELECT ?x WHERE { <http://www.example.com/genealogy.owl#American_107> <http://www.example.com/genealogy.owl#hasIngredient> ?x }","hasIngredient","MozzarellaTopping_dynamic_1; PeperoniSausageTopping_dynamic_1; TomatoTopping_dynamic_1",2,2
"2hop-NamedPizza_American_107_American_107-American_107-hasTopping-MozzarellaTopping_dynamic_1-BIN","NamedPizza_American_107",117,253,"Property Assertion","BIN","ASK WHERE { <http://www.example.com/genealogy.owl#American_107> <http://www.example.com/genealogy.owl#hasTopping> <http://www.example.com/genealogy.owl#MozzarellaTopping_dynamic_1> }","hasTopping","TRUE",1,1
"2hop-NamedPizza_American_107_American_107-American_107-hasTopping-AmericanHot_131-NEG-BIN","NamedPizza_American_107",117,253,"Property Assertion","BIN","ASK WHERE { <http://www.example.com/genealogy.owl#American_107> <http://www.example.com/genealogy.owl#hasTopping> <http://www.example.com/genealogy.owl#AmericanHot_131> }","hasTopping","FALSE",1,1
"2hop-NamedPizza_American_107_American_107-American_107-hasTopping-MC","NamedPizza_American_107",117,253,"Property Assertion","MC","SELECT ?x WHERE { <http://www.example.com/genealogy.owl#American_107> <http://www.example.com/genealogy.owl#hasTopping> ?x }","hasTopping","MozzarellaTopping_dynamic_1; PeperoniSausageTopping_dynamic_1; TomatoTopping_dynamic_1",1,1
"2hop-NamedPizza_American_13_American_13-American_13-rdf:type-MC","NamedPizza_American_13",117,253,"Membership","MC","SELECT ?x WHERE { <http://www.example.com/genealogy.owl#American_13> <http://www.w3.org/1999/02/22-rdf-syntax-ns#type> ?x }","rdf:type","DomainConcept; Food; Pizza",4,4
"2hop-NamedPizza_American_13_American_13-American_13-rdf:type-Food-BIN","NamedPizza_American_13",117,253,"Membership","BIN","ASK WHERE { <http://www.example.com/genealogy.owl#American_13> <http://www.w3.org/1999/02/22-rdf-syntax-ns#type> <http://www.example.com/genealogy.owl#Food> }","rdf:type","TRUE",3,3
"2hop-NamedPizza_American_13_American_13-American_13-rdf:type-American-NEG-BIN","NamedPizza_American_13",117,253,"Membership","BIN","ASK WHERE { <http://www.example.com/genealogy.owl#American_13> <http://www.w3.org/1999/02/22-rdf-syntax-ns#type> <http://www.example.com/genealogy.owl#American> }","rdf:type","FALSE",3,3
"2hop-NamedPizza_American_13_American_13-American_13-hasTopping-MozzarellaTopping_dynamic_1-BIN","NamedPizza_American_13",117,253,"Property Assertion","BIN","ASK WHERE { <http://www.example.com/genealogy.owl#American_13> <http://www.example.com/genealogy.owl#hasTopping> <http://www.example.com/genealogy.owl#MozzarellaTopping_dynamic_1> }","hasTopping","TRUE",1,1
"2hop-NamedPizza_American_13_American_13-American_13-hasTopping-AmericanHot_131-NEG-BIN","NamedPizza_American_13",117,253,"Property Assertion","BIN","ASK WHERE { <http://www.example.com/genealogy.owl#American_13> <http://www.example.com/genealogy.owl#hasTopping> <http://www.example.com/genealogy.owl#AmericanHot_131> }","hasTopping","FALSE",1,1
"2hop-NamedPizza_American_13_American_13-American_13-hasTopping-MC","NamedPizza_American_13",117,253,"Property Assertion","MC","SELECT ?x WHERE { <http://www.example.com/genealogy.owl#American_13> <http://www.example.com/genealogy.owl#hasTopping> ?x }","hasTopping","MozzarellaTopping_dynamic_1; PeperoniSausageTopping_dynamic_1; TomatoTopping_dynamic_1",1,1
"2hop-NamedPizza_American_13_American_13-American_13-hasIngredient-MC","NamedPizza_American_13",117,253,"Property Assertion","MC","SELECT ?x WHERE { <http://www.example.com/genealogy.owl#American_13> <http://www.example.com/genealogy.owl#hasIngredient> ?x }","hasIngredient","MozzarellaTopping_dynamic_1; PeperoniSausageTopping_dynamic_1; TomatoTopping_dynamic_1",2,2
"2hop-NamedPizza_American_13_American_13-American_13-hasIngredient-MozzarellaTopping_dynamic_1-BIN","NamedPizza_American_13",117,253,"Property Assertion","BIN","ASK WHERE { <http://www.example.com/genealogy.owl#American_13> <http://www.example.com/genealogy.owl#hasIngredient> <http://www.example.com/genealogy.owl#MozzarellaTopping_dynamic_1> }","hasIngredient","TRUE",2,2
"2hop-NamedPizza_American_13_American_13-American_13-hasIngredient-AmericanHot_131-NEG-BIN","NamedPizza_American_13",117,253,"Property Assertion","BIN","ASK WHERE { <http://www.example.com/genealogy.owl#American_13> <http://www.example.com/genealogy.owl#hasIngredient> <http://www.example.com/genealogy.owl#AmericanHot_131> }","hasIngredient","FALSE",2,2
"2hop-NamedPizza_American_143_American_143-American_143-rdf:type-Food-BIN","NamedPizza_American_143",117,253,"Membership","BIN","ASK WHERE { <http://www.example.com/genealogy.owl#American_143> <http://www.w3.org/1999/02/22-rdf-syntax-ns#type> <http://www.example.com/genealogy.owl#Food> }","rdf:type","TRUE",3,3
"2hop-NamedPizza_American_143_American_143-American_143-rdf:type-American-NEG-BIN","NamedPizza_American_143",117,253,"Membership","BIN","ASK WHERE { <http://www.example.com/genealogy.owl#American_143> <http://www.w3.org/1999/02/22-rdf-syntax-ns#type> <http://www.example.com/genealogy.owl#American> }","rdf:type","FALSE",3,3
"2hop-NamedPizza_American_143_American_143-American_143-rdf:type-MC","NamedPizza_American_143",117,253,"Membership","MC","SELECT ?x WHERE { <http://www.example.com/genealogy.owl#American_143> <http://www.w3.org/1999/02/22-rdf-syntax-ns#type> ?x }","rdf:type","DomainConcept; Food; Pizza",3,3
"2hop-NamedPizza_American_143_American_143-American_143-hasIngredient-MozzarellaTopping_dynamic_1-BIN","NamedPizza_American_143",117,253,"Property Assertion","BIN","ASK WHERE { <http://www.example.com/genealogy.owl#American_143> <http://www.example.com/genealogy.owl#hasIngredient> <http://www.example.com/genealogy.owl#MozzarellaTopping_dynamic_1> }","hasIngredient","TRUE",2,2
"2hop-NamedPizza_American_143_American_143-American_143-hasIngredient-AmericanHot_131-NEG-BIN","NamedPizza_American_143",117,253,"Property Assertion","BIN","ASK WHERE { <http://www.example.com/genealogy.owl#American_143> <http://www.example.com/genealogy.owl#hasIngredient> <http://www.example.com/genealogy.owl#AmericanHot_131> }","hasIngredient","FALSE",2,2
"2hop-NamedPizza_American_143_American_143-American_143-hasIngredient-MC","NamedPizza_American_143",117,253,"Property Assertion","MC","SELECT ?x WHERE { <http://www.example.com/genealogy.owl#American_143> <http://www.example.com/genealogy.owl#hasIngredient> ?x }","hasIngredient","MozzarellaTopping_dynamic_1; PeperoniSausageTopping_dynamic_1; TomatoTopping_dynamic_1",2,2
"2hop-NamedPizza_American_143_American_143-American_143-hasTopping-MC","NamedPizza_American_143",117,253,"Property Assertion","MC","SELECT ?x WHERE { <http://www.example.com/genealogy.owl#American_143> <http://www.example.com/genealogy.owl#hasTopping> ?x }","hasTopping","MozzarellaTopping_dynamic_1; PeperoniSausageTopping_dynamic_1; TomatoTopping_dynamic_1",1,1
"2hop-NamedPizza_American_143_American_143-American_143-hasTopping-MozzarellaTopping_dynamic_1-BIN","NamedPizza_American_143",117,253,"Property Assertion","BIN","ASK WHERE { <http://www.example.com/genealogy.owl#American_143> <http://www.example.com/genealogy.owl#hasTopping> <http://www.example.com/genealogy.owl#MozzarellaTopping_dynamic_1> }","hasTopping","TRUE",1,1
"2hop-NamedPizza_American_143_American_143-American_143-hasTopping-AmericanHot_131-NEG-BIN","NamedPizza_American_143",117,253,"Property Assertion","BIN","ASK WHERE { <http://www.example.com/genealogy.owl#American_143> <http://www.example.com/genealogy.owl#hasTopping> <http://www.example.com/genealogy.owl#AmericanHot_131> }","hasTopping","FALSE",1,1
"2hop-NamedPizza_American_158_American_158-American_158-rdf:type-MC","NamedPizza_American_158",117,253,"Membership","MC","SELECT ?x WHERE { <http://www.example.com/genealogy.owl#American_158> <http://www.w3.org/1999/02/22-rdf-syntax-ns#type> ?x }","rdf:type","DomainConcept; Food; Pizza",2,2
"2hop-NamedPizza_American_158_American_158-American_158-hasIngredient-MozzarellaTopping_dynamic_1-BIN","NamedPizza_American_158",117,253,"Property Assertion","BIN","ASK WHERE { <http://www.example.com/genealogy.owl#American_158> <http://www.example.com/genealogy.owl#hasIngredient> <http://www.example.com/genealogy.owl#MozzarellaTopping_dynamic_1> }","hasIngredient","TRUE",2,2
"2hop-NamedPizza_American_158_American_158-American_158-hasIngredient-AmericanHot_131-NEG-BIN","NamedPizza_American_158",117,253,"Property Assertion","BIN","ASK WHERE { <http://www.example.com/genealogy.owl#American_158> <http://www.example.com/genealogy.owl#hasIngredient> <http://www.example.com/genealogy.owl#AmericanHot_131> }","hasIngredient","FALSE",2,2
"2hop-NamedPizza_American_158_American_158-American_158-hasIngredient-MC","NamedPizza_American_158",117,253,"Property Assertion","MC","SELECT ?x WHERE { <http://www.example.com/genealogy.owl#American_158> <http://www.example.com/genealogy.owl#hasIngredient> ?x }","hasIngredient","MozzarellaTopping_dynamic_1; PeperoniSausageTopping_dynamic_1; TomatoTopping_dynamic_1",2,2
"2hop-NamedPizza_American_158_American_158-American_158-hasTopping-MC","NamedPizza_American_158",117,253,"Property Assertion","MC","SELECT ?x WHERE { <http://www.example.com/genealogy.owl#American_158> <http://www.example.com/genealogy.owl#hasTopping> ?x }","hasTopping","MozzarellaTopping_dynamic_1; PeperoniSausageTopping_dynamic_1; TomatoTopping_dynamic_1",1,1
"2hop-NamedPizza_American_158_American_158-American_158-hasTopping-MozzarellaTopping_dynamic_1-BIN","NamedPizza_American_158",117,253,"Property Assertion","BIN","ASK WHERE { <http://www.example.com/genealogy.owl#American_158> <http://www.example.com/genealogy.owl#hasTopping> <http://www.example.com/genealogy.owl#MozzarellaTopping_dynamic_1> }","hasTopping","TRUE",1,1
"2hop-NamedPizza_American_158_American_158-American_158-hasTopping-AmericanHot_131-NEG-BIN","NamedPizza_American_158",117,253,"Property Assertion","BIN","ASK WHERE { <http://www.example.com/genealogy.owl#American_158> <http://www.example.com/genealogy.owl#hasTopping> <http://www.example.com/genealogy.owl#AmericanHot_131> }","hasTopping","FALSE",1,1
"2hop-NamedPizza_American_158_American_158-American_158-rdf:type-Food-BIN","NamedPizza_American_158",117,253,"Membership","BIN","ASK WHERE { <http://www.example.com/genealogy.owl#American_158> <http://www.w3.org/1999/02/22-rdf-syntax-ns#type> <http://www.example.com/genealogy.owl#Food> }","rdf:type","TRUE",3,3
"2hop-NamedPizza_American_158_American_158-American_158-rdf:type-American-NEG-BIN","NamedPizza_American_158",117,253,"Membership","BIN","ASK WHERE { <http://www.example.com/genealogy.owl#American_158> <http://www.w3.org/1999/02/22-rdf-syntax-ns#type> <http://www.example.com/genealogy.owl#American> }","rdf:type","FALSE",3,3
"2hop-NamedPizza_American_162_American_162-American_162-hasTopping-MC","NamedPizza_American_162",117,253,"Property Assertion","MC","SELECT ?x WHERE { <http://www.example.com/genealogy.owl#American_162> <http://www.example.com/genealogy.owl#hasTopping> ?x }","hasTopping","MozzarellaTopping_dynamic_1; PeperoniSausageTopping_dynamic_1; TomatoTopping_dynamic_1",1,1
"2hop-NamedPizza_American_162_American_162-American_162-hasIngredient-MozzarellaTopping_dynamic_1-BIN","NamedPizza_American_162",117,253,"Property Assertion","BIN","ASK WHERE { <http://www.example.com/genealogy.owl#American_162> <http://www.example.com/genealogy.owl#hasIngredient> <http://www.example.com/genealogy.owl#MozzarellaTopping_dynamic_1> }","hasIngredient","TRUE",2,2
"2hop-NamedPizza_American_162_American_162-American_162-hasIngredient-AmericanHot_131-NEG-BIN","NamedPizza_American_162",117,253,"Property Assertion","BIN","ASK WHERE { <http://www.example.com/genealogy.owl#American_162> <http://www.example.com/genealogy.owl#hasIngredient> <http://www.example.com/genealogy.owl#AmericanHot_131> }","hasIngredient","FALSE",2,2
"2hop-NamedPizza_American_162_American_162-American_162-hasIngredient-MC","NamedPizza_American_162",117,253,"Property Assertion","MC","SELECT ?x WHERE { <http://www.example.com/genealogy.owl#American_162> <http://www.example.com/genealogy.owl#hasIngredient> ?x }","hasIngredient","MozzarellaTopping_dynamic_1; PeperoniSausageTopping_dynamic_1; TomatoTopping_dynamic_1",2,2
"2hop-NamedPizza_American_162_American_162-American_162-rdf:type-MC","NamedPizza_American_162",117,253,"Membership","MC","SELECT ?x WHERE { <http://www.example.com/genealogy.owl#American_162> <http://www.w3.org/1999/02/22-rdf-syntax-ns#type> ?x }","rdf:type","DomainConcept; Food; Pizza",4,4
"2hop-NamedPizza_American_162_American_162-American_162-rdf:type-Food-BIN","NamedPizza_American_162",117,253,"Membership","BIN","ASK WHERE { <http://www.example.com/genealogy.owl#American_162> <http://www.w3.org/1999/02/22-rdf-syntax-ns#type> <http://www.example.com/genealogy.owl#Food> }","rdf:type","TRUE",3,3
"2hop-NamedPizza_American_162_American_162-American_162-rdf:type-American-NEG-BIN","NamedPizza_American_162",117,253,"Membership","BIN","ASK WHERE { <http://www.example.com/genealogy.owl#American_162> <http://www.w3.org/1999/02/22-rdf-syntax-ns#type> <http://www.example.com/genealogy.owl#American> }","rdf:type","FALSE",3,3
"2hop-NamedPizza_American_162_American_162-American_162-hasTopping-MozzarellaTopping_dynamic_1-BIN","NamedPizza_American_162",117,253,"Property Assertion","BIN","ASK WHERE { <http://www.example.com/genealogy.owl#American_162> <http://www.example.com/genealogy.owl#hasTopping> <http://www.example.com/genealogy.owl#MozzarellaTopping_dynamic_1> }","hasTopping","TRUE",1,1
"2hop-NamedPizza_American_162_American_162-American_162-hasTopping-AmericanHot_131-NEG-BIN","NamedPizza_American_162",117,253,"Property Assertion","BIN","ASK WHERE { <http://www.example.com/genealogy.owl#American_162> <http://www.example.com/genealogy.owl#hasTopping> <http://www.example.com/genealogy.owl#AmericanHot_131> }","hasTopping","FALSE",1,1
"2hop-NamedPizza_American_2_American_2-American_2-hasTopping-MC","NamedPizza_American_2",117,253,"Property Assertion","MC","SELECT ?x WHERE { <http://www.example.com/genealogy.owl#American_2> <http://www.example.com/genealogy.owl#hasTopping> ?x }","hasTopping","MozzarellaTopping_dynamic_1; PeperoniSausageTopping_dynamic_1; TomatoTopping_dynamic_1",1,1
"2hop-NamedPizza_American_2_American_2-American_2-rdf:type-MC","NamedPizza_American_2",117,253,"Membership","MC","SELECT ?x WHERE { <http://www.example.com/genealogy.owl#American_2> <http://www.w3.org/1999/02/22-rdf-syntax-ns#type> ?x }","rdf:type","DomainConcept; Food; Pizza",2,2
"2hop-NamedPizza_American_2_American_2-American_2-hasTopping-MozzarellaTopping_dynamic_1-BIN","NamedPizza_American_2",117,253,"Property Assertion","BIN","ASK WHERE { <http://www.example.com/genealogy.owl#American_2> <http://www.example.com/genealogy.owl#hasTopping> <http://www.example.com/genealogy.owl#MozzarellaTopping_dynamic_1> }","hasTopping","TRUE",1,1
"2hop-NamedPizza_American_2_American_2-American_2-hasTopping-AmericanHot_131-NEG-BIN","NamedPizza_American_2",117,253,"Property Assertion","BIN","ASK WHERE { <http://www.example.com/genealogy.owl#American_2> <http://www.example.com/genealogy.owl#hasTopping> <http://www.example.com/genealogy.owl#AmericanHot_131> }","hasTopping","FALSE",1,1
"2hop-NamedPizza_American_2_American_2-American_2-hasIngredient-MozzarellaTopping_dynamic_1-BIN","NamedPizza_American_2",117,253,"Property Assertion","BIN","ASK WHERE { <http://www.example.com/genealogy.owl#American_2> <http://www.example.com/genealogy.owl#hasIngredient> <http://www.example.com/genealogy.owl#MozzarellaTopping_dynamic_1> }","hasIngredient","TRUE",2,2
"2hop-NamedPizza_American_2_American_2-American_2-hasIngredient-AmericanHot_131-NEG-BIN","NamedPizza_American_2",117,253,"Property Assertion","BIN","ASK WHERE { <http://www.example.com/genealogy.owl#American_2> <http://www.example.com/genealogy.owl#hasIngredient> <http://www.example.com/genealogy.owl#AmericanHot_131> }","hasIngredient","FALSE",2,2
"2hop-NamedPizza_American_2_American_2-American_2-hasIngredient-MC","NamedPizza_American_2",117,253,"Property Assertion","MC","SELECT ?x WHERE { <http://www.example.com/genealogy.owl#American_2> <http://www.example.com/genealogy.owl#hasIngredient> ?x }","hasIngredient","MozzarellaTopping_dynamic_1; PeperoniSausageTopping_dynamic_1; TomatoTopping_dynamic_1",2,2
"2hop-NamedPizza_American_2_American_2-American_2-rdf:type-Food-BIN","NamedPizza_American_2",117,253,"Membership","BIN","ASK WHERE { <http://www.example.com/genealogy.owl#American_2> <http://www.w3.org/1999/02/22-rdf-syntax-ns#type> <http://www.example.com/genealogy.owl#Food> }","rdf:type","TRUE",3,3
"2hop-NamedPizza_American_2_American_2-American_2-rdf:type-American-NEG-BIN","NamedPizza_American_2",117,253,"Membership","BIN","ASK WHERE { <http://www.example.com/genealogy.owl#American_2> <http://www.w3.org/1999/02/22-rdf-syntax-ns#type> <http://www.example.com/genealogy.owl#American> }","rdf:type","FALSE",3,3
"2hop-NamedPizza_American_215_American_215-American_215-hasTopping-MozzarellaTopping_dynamic_1-BIN","NamedPizza_American_215",117,253,"Property Assertion","BIN","ASK WHERE { <http://www.example.com/genealogy.owl#American_215> <http://www.example.com/genealogy.owl#hasTopping> <http://www.example.com/genealogy.owl#MozzarellaTopping_dynamic_1> }","hasTopping","TRUE",1,1
"2hop-NamedPizza_American_215_American_215-American_215-hasTopping-AmericanHot_131-NEG-BIN","NamedPizza_American_215",117,253,"Property Assertion","BIN","ASK WHERE { <http://www.example.com/genealogy.owl#American_215> <http://www.example.com/genealogy.owl#hasTopping> <http://www.example.com/genealogy.owl#AmericanHot_131> }","hasTopping","FALSE",1,1
"2hop-NamedPizza_American_215_American_215-American_215-hasTopping-MC","NamedPizza_American_215",117,253,"Property Assertion","MC","SELECT ?x WHERE { <http://www.example.com/genealogy.owl#American_215> <http://www.example.com/genealogy.owl#hasTopping> ?x }","hasTopping","MozzarellaTopping_dynamic_1; PeperoniSausageTopping_dynamic_1; TomatoTopping_dynamic_1",1,1
"2hop-NamedPizza_American_215_American_215-American_215-hasIngredient-MC","NamedPizza_American_215",117,253,"Property Assertion","MC","SELECT ?x WHERE { <http://www.example.com/genealogy.owl#American_215> <http://www.example.com/genealogy.owl#hasIngredient> ?x }","hasIngredient","MozzarellaTopping_dynamic_1; PeperoniSausageTopping_dynamic_1; TomatoTopping_dynamic_1",2,2
"2hop-NamedPizza_American_215_American_215-American_215-rdf:type-MC","NamedPizza_American_215",117,253,"Membership","MC","SELECT ?x WHERE { <http://www.example.com/genealogy.owl#American_215> <http://www.w3.org/1999/02/22-rdf-syntax-ns#type> ?x }","rdf:type","DomainConcept; Food; Pizza",4,4
"2hop-NamedPizza_American_215_American_215-American_215-hasIngredient-MozzarellaTopping_dynamic_1-BIN","NamedPizza_American_215",117,253,"Property Assertion","BIN","ASK WHERE { <http://www.example.com/genealogy.owl#American_215> <http://www.example.com/genealogy.owl#hasIngredient> <http://www.example.com/genealogy.owl#MozzarellaTopping_dynamic_1> }","hasIngredient","TRUE",2,2
"2hop-NamedPizza_American_215_American_215-American_215-hasIngredient-AmericanHot_131-NEG-BIN","NamedPizza_American_215",117,253,"Property Assertion","BIN","ASK WHERE { <http://www.example.com/genealogy.owl#American_215> <http://www.example.com/genealogy.owl#hasIngredient> <http://www.example.com/genealogy.owl#AmericanHot_131> }","hasIngredient","FALSE",2,2
"2hop-NamedPizza_American_215_American_215-American_215-rdf:type-Food-BIN","NamedPizza_American_215",117,253,"Membership","BIN","ASK WHERE { <http://www.example.com/genealogy.owl#American_215> <http://www.w3.org/1999/02/22-rdf-syntax-ns#type> <http://www.example.com/genealogy.owl#Food> }","rdf:type","TRUE",3,3
"2hop-NamedPizza_American_215_American_215-American_215-rdf:type-American-NEG-BIN","NamedPizza_American_215",117,253,"Membership","BIN","ASK WHERE { <http://www.example.com/genealogy.owl#American_215> <http://www.w3.org/1999/02/22-rdf-syntax-ns#type> <http://www.example.com/genealogy.owl#American> }","rdf:type","FALSE",3,3
"2hop-NamedPizza_American_245_American_245-American_245-rdf:type-MC","NamedPizza_American_245",117,253,"Membership","MC","SELECT ?x WHERE { <http://www.example.com/genealogy.owl#American_245> <http://www.w3.org/1999/02/22-rdf-syntax-ns#type> ?x }","rdf:type","DomainConcept; Food; Pizza",2,2
"2hop-NamedPizza_American_245_American_245-American_245-hasIngredient-MozzarellaTopping_dynamic_1-BIN","NamedPizza_American_245",117,253,"Property Assertion","BIN","ASK WHERE { <http://www.example.com/genealogy.owl#American_245> <http://www.example.com/genealogy.owl#hasIngredient> <http://www.example.com/genealogy.owl#MozzarellaTopping_dynamic_1> }","hasIngredient","TRUE",2,2
"2hop-NamedPizza_American_245_American_245-American_245-hasIngredient-AmericanHot_131-NEG-BIN","NamedPizza_American_245",117,253,"Property Assertion","BIN","ASK WHERE { <http://www.example.com/genealogy.owl#American_245> <http://www.example.com/genealogy.owl#hasIngredient> <http://www.example.com/genealogy.owl#AmericanHot_131> }","hasIngredient","FALSE",2,2
"2hop-NamedPizza_American_245_American_245-American_245-hasIngredient-MC","NamedPizza_American_245",117,253,"Property Assertion","MC","SELECT ?x WHERE { <http://www.example.com/genealogy.owl#American_245> <http://www.example.com/genealogy.owl#hasIngredient> ?x }","hasIngredient","MozzarellaTopping_dynamic_1; PeperoniSausageTopping_dynamic_1; TomatoTopping_dynamic_1",2,2
"2hop-NamedPizza_American_245_American_245-American_245-rdf:type-Food-BIN","NamedPizza_American_245",117,253,"Membership","BIN","ASK WHERE { <http://www.example.com/genealogy.owl#American_245> <http://www.w3.org/1999/02/22-rdf-syntax-ns#type> <http://www.example.com/genealogy.owl#Food> }","rdf:type","TRUE",3,3
"2hop-NamedPizza_American_245_American_245-American_245-rdf:type-American-NEG-BIN","NamedPizza_American_245",117,253,"Membership","BIN","ASK WHERE { <http://www.example.com/genealogy.owl#American_245> <http://www.w3.org/1999/02/22-rdf-syntax-ns#type> <http://www.example.com/genealogy.owl#American> }","rdf:type","FALSE",3,3
"2hop-NamedPizza_American_245_American_245-American_245-hasTopping-MozzarellaTopping_dynamic_1-BIN","NamedPizza_American_245",117,253,"Property Assertion","BIN","ASK WHERE { <http://www.example.com/genealogy.owl#American_245> <http://www.example.com/genealogy.owl#hasTopping> <http://www.example.com/genealogy.owl#MozzarellaTopping_dynamic_1> }","hasTopping","TRUE",1,1
"2hop-NamedPizza_American_245_American_245-American_245-hasTopping-AmericanHot_131-NEG-BIN","NamedPizza_American_245",117,253,"Property Assertion","BIN","ASK WHERE { <http://www.example.com/genealogy.owl#American_245> <http://www.example.com/genealogy.owl#hasTopping> <http://www.example.com/genealogy.owl#AmericanHot_131> }","hasTopping","FALSE",1,1
"2hop-NamedPizza_American_245_American_245-American_245-hasTopping-MC","NamedPizza_American_245",117,253,"Property Assertion","MC","SELECT ?x WHERE { <http://www.example.com/genealogy.owl#American_245> <http://www.example.com/genealogy.owl#hasTopping> ?x }","hasTopping","MozzarellaTopping_dynamic_1; PeperoniSausageTopping_dynamic_1; TomatoTopping_dynamic_1",1,1
"2hop-NamedPizza_American_27_American_27-American_27-hasIngredient-MC","NamedPizza_American_27",117,253,"Property Assertion","MC","SELECT ?x WHERE { <http://www.example.com/genealogy.owl#American_27> <http://www.example.com/genealogy.owl#hasIngredient> ?x }","hasIngredient","MozzarellaTopping_dynamic_1; PeperoniSausageTopping_dynamic_1; TomatoTopping_dynamic_1",2,2
"2hop-NamedPizza_American_27_American_27-American_27-hasTopping-MC","NamedPizza_American_27",117,253,"Property Assertion","MC","SELECT ?x WHERE { <http://www.example.com/genealogy.owl#American_27> <http://www.example.com/genealogy.owl#hasTopping> ?x }","hasTopping","MozzarellaTopping_dynamic_1; PeperoniSausageTopping_dynamic_1; TomatoTopping_dynamic_1",1,1
"2hop-NamedPizza_American_27_American_27-American_27-hasIngredient-MozzarellaTopping_dynamic_1-BIN","NamedPizza_American_27",117,253,"Property Assertion","BIN","ASK WHERE { <http://www.example.com/genealogy.owl#American_27> <http://www.example.com/genealogy.owl#hasIngredient> <http://www.example.com/genealogy.owl#MozzarellaTopping_dynamic_1> }","hasIngredient","TRUE",2,2
"2hop-NamedPizza_American_27_American_27-American_27-hasIngredient-AmericanHot_131-NEG-BIN","NamedPizza_American_27",117,253,"Property Assertion","BIN","ASK WHERE { <http://www.example.com/genealogy.owl#American_27> <http://www.example.com/genealogy.owl#hasIngredient> <http://www.example.com/genealogy.owl#AmericanHot_131> }","hasIngredient","FALSE",2,2
"2hop-NamedPizza_American_27_American_27-American_27-rdf:type-MC","NamedPizza_American_27",117,253,"Membership","MC","SELECT ?x WHERE { <http://www.example.com/genealogy.owl#American_27> <http://www.w3.org/1999/02/22-rdf-syntax-ns#type> ?x }","rdf:type","DomainConcept; Food; Pizza",4,4
"2hop-NamedPizza_American_27_American_27-American_27-rdf:type-Food-BIN","NamedPizza_American_27",117,253,"Membership","BIN","ASK WHERE { <http://www.example.com/genealogy.owl#American_27> <http://www.w3.org/1999/02/22-rdf-syntax-ns#type> <http://www.example.com/genealogy.owl#Food> }","rdf:type","TRUE",3,3
"2hop-NamedPizza_American_27_American_27-American_27-rdf:type-American-NEG-BIN","NamedPizza_American_27",117,253,"Membership","BIN","ASK WHERE { <http://www.example.com/genealogy.owl#American_27> <http://www.w3.org/1999/02/22-rdf-syntax-ns#type> <http://www.example.com/genealogy.owl#American> }","rdf:type","FALSE",3,3
"2hop-NamedPizza_American_27_American_27-American_27-hasTopping-MozzarellaTopping_dynamic_1-BIN","NamedPizza_American_27",117,253,"Property Assertion","BIN","ASK WHERE { <http://www.example.com/genealogy.owl#American_27> <http://www.example.com/genealogy.owl#hasTopping> <http://www.example.com/genealogy.owl#MozzarellaTopping_dynamic_1> }","hasTopping","TRUE",1,1
"2hop-NamedPizza_American_27_American_27-American_27-hasTopping-AmericanHot_131-NEG-BIN","NamedPizza_American_27",117,253,"Property Assertion","BIN","ASK WHERE { <http://www.example.com/genealogy.owl#American_27> <http://www.example.com/genealogy.owl#hasTopping> <http://www.example.com/genealogy.owl#AmericanHot_131> }","hasTopping","FALSE",1,1
"2hop-NamedPizza_American_68_American_68-American_68-hasTopping-MC","NamedPizza_American_68",117,253,"Property Assertion","MC","SELECT ?x WHERE { <http://www.example.com/genealogy.owl#American_68> <http://www.example.com/genealogy.owl#hasTopping> ?x }","hasTopping","MozzarellaTopping_dynamic_1; PeperoniSausageTopping_dynamic_1; TomatoTopping_dynamic_1",1,1
"2hop-NamedPizza_American_68_American_68-American_68-hasIngredient-MC","NamedPizza_American_68",117,253,"Property Assertion","MC","SELECT ?x WHERE { <http://www.example.com/genealogy.owl#American_68> <http://www.example.com/genealogy.owl#hasIngredient> ?x }","hasIngredient","MozzarellaTopping_dynamic_1; PeperoniSausageTopping_dynamic_1; TomatoTopping_dynamic_1",2,2
"2hop-NamedPizza_American_68_American_68-American_68-hasIngredient-MozzarellaTopping_dynamic_1-BIN","NamedPizza_American_68",117,253,"Property Assertion","BIN","ASK WHERE { <http://www.example.com/genealogy.owl#American_68> <http://www.example.com/genealogy.owl#hasIngredient> <http://www.example.com/genealogy.owl#MozzarellaTopping_dynamic_1> }","hasIngredient","TRUE",2,2
"2hop-NamedPizza_American_68_American_68-American_68-hasIngredient-AmericanHot_131-NEG-BIN","NamedPizza_American_68",117,253,"Property Assertion","BIN","ASK WHERE { <http://www.example.com/genealogy.owl#American_68> <http://www.example.com/genealogy.owl#hasIngredient> <http://www.example.com/genealogy.owl#AmericanHot_131> }","hasIngredient","FALSE",2,2
"2hop-NamedPizza_American_68_American_68-American_68-hasTopping-MozzarellaTopping_dynamic_1-BIN","NamedPizza_American_68",117,253,"Property Assertion","BIN","ASK WHERE { <http://www.example.com/genealogy.owl#American_68> <http://www.example.com/genealogy.owl#hasTopping> <http://www.example.com/genealogy.owl#MozzarellaTopping_dynamic_1> }","hasTopping","TRUE",1,1
"2hop-NamedPizza_American_68_American_68-American_68-hasTopping-AmericanHot_131-NEG-BIN","NamedPizza_American_68",117,253,"Property Assertion","BIN","ASK WHERE { <http://www.example.com/genealogy.owl#American_68> <http://www.example.com/genealogy.owl#hasTopping> <http://www.example.com/genealogy.owl#AmericanHot_131> }","hasTopping","FALSE",1,1
"2hop-NamedPizza_American_68_American_68-American_68-rdf:type-MC","NamedPizza_American_68",117,253,"Membership","MC","SELECT ?x WHERE { <http://www.example.com/genealogy.owl#American_68> <http://www.w3.org/1999/02/22-rdf-syntax-ns#type> ?x }","rdf:type","DomainConcept; Food; Pizza",4,4
"2hop-NamedPizza_American_68_American_68-American_68-rdf:type-Food-BIN","NamedPizza_American_68",117,253,"Membership","BIN","ASK WHERE { <http://www.example.com/genealogy.owl#American_68> <http://www.w3.org/1999/02/22-rdf-syntax-ns#type> <http://www.example.com/genealogy.owl#Food> }","rdf:type","TRUE",3,3
"2hop-NamedPizza_American_68_American_68-American_68-rdf:type-American-NEG-BIN","NamedPizza_American_68",117,253,"Membership","BIN","ASK WHERE { <http://www.example.com/genealogy.owl#American_68> <http://www.w3.org/1999/02/22-rdf-syntax-ns#type> <http://www.example.com/genealogy.owl#American> }","rdf:type","FALSE",3,3
"2hop-NamedPizza_American_69_American_69-American_69-hasTopping-MC","NamedPizza_American_69",117,253,"Property Assertion","MC","SELECT ?x WHERE { <http://www.example.com/genealogy.owl#American_69> <http://www.example.com/genealogy.owl#hasTopping> ?x }","hasTopping","MozzarellaTopping_dynamic_1; PeperoniSausageTopping_dynamic_1; TomatoTopping_dynamic_1",1,1
"2hop-NamedPizza_American_69_American_69-American_69-hasIngredient-MozzarellaTopping_dynamic_1-BIN","NamedPizza_American_69",117,253,"Property Assertion","BIN","ASK WHERE { <http://www.example.com/genealogy.owl#American_69> <http://www.example.com/genealogy.owl#hasIngredient> <http://www.example.com/genealogy.owl#MozzarellaTopping_dynamic_1> }","hasIngredient","TRUE",2,2
"2hop-NamedPizza_American_69_American_69-American_69-hasIngredient-AmericanHot_131-NEG-BIN","NamedPizza_American_69",117,253,"Property Assertion","BIN","ASK WHERE { <http://www.example.com/genealogy.owl#American_69> <http://www.example.com/genealogy.owl#hasIngredient> <http://www.example.com/genealogy.owl#AmericanHot_131> }","hasIngredient","FALSE",2,2
"2hop-NamedPizza_American_69_American_69-American_69-hasIngredient-MC","NamedPizza_American_69",117,253,"Property Assertion","MC","SELECT ?x WHERE { <http://www.example.com/genealogy.owl#American_69> <http://www.example.com/genealogy.owl#hasIngredient> ?x }","hasIngredient","MozzarellaTopping_dynamic_1; PeperoniSausageTopping_dynamic_1; TomatoTopping_dynamic_1",2,2
"2hop-NamedPizza_American_69_American_69-American_69-rdf:type-Food-BIN","NamedPizza_American_69",117,253,"Membership","BIN","ASK WHERE { <http://www.example.com/genealogy.owl#American_69> <http://www.w3.org/1999/02/22-rdf-syntax-ns#type> <http://www.example.com/genealogy.owl#Food> }","rdf:type","TRUE",3,3
"2hop-NamedPizza_American_69_American_69-American_69-rdf:type-American-NEG-BIN","NamedPizza_American_69",117,253,"Membership","BIN","ASK WHERE { <http://www.example.com/genealogy.owl#American_69> <http://www.w3.org/1999/02/22-rdf-syntax-ns#type> <http://www.example.com/genealogy.owl#American> }","rdf:type","FALSE",3,3
"2hop-NamedPizza_American_69_American_69-American_69-rdf:type-MC","NamedPizza_American_69",117,253,"Membership","MC","SELECT ?x WHERE { <http://www.example.com/genealogy.owl#American_69> <http://www.w3.org/1999/02/22-rdf-syntax-ns#type> ?x }","rdf:type","DomainConcept; Food; Pizza",3,3
"2hop-NamedPizza_American_69_American_69-American_69-hasTopping-MozzarellaTopping_dynamic_1-BIN","NamedPizza_American_69",117,253,"Property Assertion","BIN","ASK WHERE { <http://www.example.com/genealogy.owl#American_69> <http://www.example.com/genealogy.owl#hasTopping> <http://www.example.com/genealogy.owl#MozzarellaTopping_dynamic_1> }","hasTopping","TRUE",1,1
"2hop-NamedPizza_American_69_American_69-American_69-hasTopping-AmericanHot_131-NEG-BIN","NamedPizza_American_69",117,253,"Property Assertion","BIN","ASK WHERE { <http://www.example.com/genealogy.owl#American_69> <http://www.example.com/genealogy.owl#hasTopping> <http://www.example.com/genealogy.owl#AmericanHot_131> }","hasTopping","FALSE",1,1
"2hop-NamedPizza_American_94_American_94-American_94-rdf:type-Food-BIN","NamedPizza_American_94",117,253,"Membership","BIN","ASK WHERE { <http://www.example.com/genealogy.owl#American_94> <http://www.w3.org/1999/02/22-rdf-syntax-ns#type> <http://www.example.com/genealogy.owl#Food> }","rdf:type","TRUE",3,3
"2hop-NamedPizza_American_94_American_94-American_94-rdf:type-American-NEG-BIN","NamedPizza_American_94",117,253,"Membership","BIN","ASK WHERE { <http://www.example.com/genealogy.owl#American_94> <http://www.w3.org/1999/02/22-rdf-syntax-ns#type> <http://www.example.com/genealogy.owl#American> }","rdf:type","FALSE",3,3
"2hop-NamedPizza_American_94_American_94-American_94-rdf:type-MC","NamedPizza_American_94",117,253,"Membership","MC","SELECT ?x WHERE { <http://www.example.com/genealogy.owl#American_94> <http://www.w3.org/1999/02/22-rdf-syntax-ns#type> ?x }","rdf:type","DomainConcept; Food; Pizza",3,3
"2hop-NamedPizza_American_94_American_94-American_94-hasIngredient-MozzarellaTopping_dynamic_1-BIN","NamedPizza_American_94",117,253,"Property Assertion","BIN","ASK WHERE { <http://www.example.com/genealogy.owl#American_94> <http://www.example.com/genealogy.owl#hasIngredient> <http://www.example.com/genealogy.owl#MozzarellaTopping_dynamic_1> }","hasIngredient","TRUE",2,2
"2hop-NamedPizza_American_94_American_94-American_94-hasIngredient-AmericanHot_131-NEG-BIN","NamedPizza_American_94",117,253,"Property Assertion","BIN","ASK WHERE { <http://www.example.com/genealogy.owl#American_94> <http://www.example.com/genealogy.owl#hasIngredient> <http://www.example.com/genealogy.owl#AmericanHot_131> }","hasIngredient","FALSE",2,2
"2hop-NamedPizza_American_94_American_94-American_94-hasIngredient-MC","NamedPizza_American_94",117,253,"Property Assertion","MC","SELECT ?x WHERE { <http://www.example.com/genealogy.owl#American_94> <http://www.example.com/genealogy.owl#hasIngredient> ?x }","hasIngredient","MozzarellaTopping_dynamic_1; PeperoniSausageTopping_dynamic_1; TomatoTopping_dynamic_1",2,2
"2hop-NamedPizza_American_94_American_94-American_94-hasTopping-MC","NamedPizza_American_94",117,253,"Property Assertion","MC","SELECT ?x WHERE { <http://www.example.com/genealogy.owl#American_94> <http://www.example.com/genealogy.owl#hasTopping> ?x }","hasTopping","MozzarellaTopping_dynamic_1; PeperoniSausageTopping_dynamic_1; TomatoTopping_dynamic_1",1,1
"2hop-NamedPizza_American_94_American_94-American_94-hasTopping-MozzarellaTopping_dynamic_1-BIN","NamedPizza_American_94",117,253,"Property Assertion","BIN","ASK WHERE { <http://www.example.com/genealogy.owl#American_94> <http://www.example.com/genealogy.owl#hasTopping> <http://www.example.com/genealogy.owl#MozzarellaTopping_dynamic_1> }","hasTopping","TRUE",1,1
"2hop-NamedPizza_American_94_American_94-American_94-hasTopping-AmericanHot_131-NEG-BIN","NamedPizza_American_94",117,253,"Property Assertion","BIN","ASK WHERE { <http://www.example.com/genealogy.owl#American_94> <http://www.example.com/genealogy.owl#hasTopping> <http://www.example.com/genealogy.owl#AmericanHot_131> }","hasTopping","FALSE",1,1
"2hop-NamedPizza_Cajun_108_Cajun_108-Cajun_108-rdf:type-MC","NamedPizza_Cajun_108",117,256,"Membership","MC","SELECT ?x WHERE { <http://www.example.com/genealogy.owl#Cajun_108> <http://www.w3.org/1999/02/22-rdf-syntax-ns#type> ?x }","rdf:type","DomainConcept; Food; Pizza",2,2
"2hop-NamedPizza_Cajun_108_Cajun_108-Cajun_108-hasTopping-MozzarellaTopping_dynamic_1-BIN","NamedPizza_Cajun_108",117,256,"Property Assertion","BIN","ASK WHERE { <http://www.example.com/genealogy.owl#Cajun_108> <http://www.example.com/genealogy.owl#hasTopping> <http://www.example.com/genealogy.owl#MozzarellaTopping_dynamic_1> }","hasTopping","TRUE",1,1
"2hop-NamedPizza_Cajun_108_Cajun_108-Cajun_108-hasTopping-AmericanHot_131-NEG-BIN","NamedPizza_Cajun_108",117,256,"Property Assertion","BIN","ASK WHERE { <http://www.example.com/genealogy.owl#Cajun_108> <http://www.example.com/genealogy.owl#hasTopping> <http://www.example.com/genealogy.owl#AmericanHot_131> }","hasTopping","FALSE",1,1
"2hop-NamedPizza_Cajun_108_Cajun_108-Cajun_108-hasTopping-MC","NamedPizza_Cajun_108",117,256,"Property Assertion","MC","SELECT ?x WHERE { <http://www.example.com/genealogy.owl#Cajun_108> <http://www.example.com/genealogy.owl#hasTopping> ?x }","hasTopping","MozzarellaTopping_dynamic_1; OnionTopping_dynamic_1; PeperonataTopping_dynamic_1; PrawnsTopping_dynamic_1; TobascoPepperSauce_dynamic_1; TomatoTopping_dynamic_1",1,1
"2hop-NamedPizza_Cajun_108_Cajun_108-Cajun_108-hasIngredient-MC","NamedPizza_Cajun_108",117,256,"Property Assertion","MC","SELECT ?x WHERE { <http://www.example.com/genealogy.owl#Cajun_108> <http://www.example.com/genealogy.owl#hasIngredient> ?x }","hasIngredient","MozzarellaTopping_dynamic_1; OnionTopping_dynamic_1; PeperonataTopping_dynamic_1; PrawnsTopping_dynamic_1; TobascoPepperSauce_dynamic_1; TomatoTopping_dynamic_1",2,2
"2hop-NamedPizza_Cajun_108_Cajun_108-Cajun_108-rdf:type-Food-BIN","NamedPizza_Cajun_108",117,256,"Membership","BIN","ASK WHERE { <http://www.example.com/genealogy.owl#Cajun_108> <http://www.w3.org/1999/02/22-rdf-syntax-ns#type> <http://www.example.com/genealogy.owl#Food> }","rdf:type","TRUE",3,3
"2hop-NamedPizza_Cajun_108_Cajun_108-Cajun_108-rdf:type-American-NEG-BIN","NamedPizza_Cajun_108",117,256,"Membership","BIN","ASK WHERE { <http://www.example.com/genealogy.owl#Cajun_108> <http://www.w3.org/1999/02/22-rdf-syntax-ns#type> <http://www.example.com/genealogy.owl#American> }","rdf:type","FALSE",3,3
"2hop-NamedPizza_Cajun_108_Cajun_108-Cajun_108-hasIngredient-MozzarellaTopping_dynamic_1-BIN","NamedPizza_Cajun_108",117,256,"Property Assertion","BIN","ASK WHERE { <http://www.example.com/genealogy.owl#Cajun_108> <http://www.example.com/genealogy.owl#hasIngredient> <http://www.example.com/genealogy.owl#MozzarellaTopping_dynamic_1> }","hasIngredient","TRUE",2,2
"2hop-NamedPizza_Cajun_108_Cajun_108-Cajun_108-hasIngredient-AmericanHot_131-NEG-BIN","NamedPizza_Cajun_108",117,256,"Property Assertion","BIN","ASK WHERE { <http://www.example.com/genealogy.owl#Cajun_108> <http://www.example.com/genealogy.owl#hasIngredient> <http://www.example.com/genealogy.owl#AmericanHot_131> }","hasIngredient","FALSE",2,2
"2hop-NamedPizza_Cajun_110_Cajun_110-Cajun_110-hasTopping-MC","NamedPizza_Cajun_110",117,256,"Property Assertion","MC","SELECT ?x WHERE { <http://www.example.com/genealogy.owl#Cajun_110> <http://www.example.com/genealogy.owl#hasTopping> ?x }","hasTopping","MozzarellaTopping_dynamic_1; OnionTopping_dynamic_1; PeperonataTopping_dynamic_1; PrawnsTopping_dynamic_1; TobascoPepperSauce_dynamic_1; TomatoTopping_dynamic_1",1,1
"2hop-NamedPizza_Cajun_110_Cajun_110-Cajun_110-hasIngredient-MC","NamedPizza_Cajun_110",117,256,"Property Assertion","MC","SELECT ?x WHERE { <http://www.example.com/genealogy.owl#Cajun_110> <http://www.example.com/genealogy.owl#hasIngredient> ?x }","hasIngredient","MozzarellaTopping_dynamic_1; OnionTopping_dynamic_1; PeperonataTopping_dynamic_1; PrawnsTopping_dynamic_1; TobascoPepperSauce_dynamic_1; TomatoTopping_dynamic_1",2,2
"2hop-NamedPizza_Cajun_110_Cajun_110-Cajun_110-hasTopping-MozzarellaTopping_dynamic_1-BIN","NamedPizza_Cajun_110",117,256,"Property Assertion","BIN","ASK WHERE { <http://www.example.com/genealogy.owl#Cajun_110> <http://www.example.com/genealogy.owl#hasTopping> <http://www.example.com/genealogy.owl#MozzarellaTopping_dynamic_1> }","hasTopping","TRUE",1,1
"2hop-NamedPizza_Cajun_110_Cajun_110-Cajun_110-hasTopping-AmericanHot_131-NEG-BIN","NamedPizza_Cajun_110",117,256,"Property Assertion","BIN","ASK WHERE { <http://www.example.com/genealogy.owl#Cajun_110> <http://www.example.com/genealogy.owl#hasTopping> <http://www.example.com/genealogy.owl#AmericanHot_131> }","hasTopping","FALSE",1,1
"2hop-NamedPizza_Cajun_110_Cajun_110-Cajun_110-rdf:type-MC","NamedPizza_Cajun_110",117,256,"Membership","MC","SELECT ?x WHERE { <http://www.example.com/genealogy.owl#Cajun_110> <http://www.w3.org/1999/02/22-rdf-syntax-ns#type> ?x }","rdf:type","DomainConcept; Food; Pizza",4,4
"2hop-NamedPizza_Cajun_110_Cajun_110-Cajun_110-rdf:type-Food-BIN","NamedPizza_Cajun_110",117,256,"Membership","BIN","ASK WHERE { <http://www.example.com/genealogy.owl#Cajun_110> <http://www.w3.org/1999/02/22-rdf-syntax-ns#type> <http://www.example.com/genealogy.owl#Food> }","rdf:type","TRUE",3,3
"2hop-NamedPizza_Cajun_110_Cajun_110-Cajun_110-rdf:type-American-NEG-BIN","NamedPizza_Cajun_110",117,256,"Membership","BIN","ASK WHERE { <http://www.example.com/genealogy.owl#Cajun_110> <http://www.w3.org/1999/02/22-rdf-syntax-ns#type> <http://www.example.com/genealogy.owl#American> }","rdf:type","FALSE",3,3
"2hop-NamedPizza_Cajun_110_Cajun_110-Cajun_110-hasIngredient-MozzarellaTopping_dynamic_1-BIN","NamedPizza_Cajun_110",117,256,"Property Assertion","BIN","ASK WHERE { <http://www.example.com/genealogy.owl#Cajun_110> <http://www.example.com/genealogy.owl#hasIngredient> <http://www.example.com/genealogy.owl#MozzarellaTopping_dynamic_1> }","hasIngredient","TRUE",2,2
"2hop-NamedPizza_Cajun_110_Cajun_110-Cajun_110-hasIngredient-AmericanHot_131-NEG-BIN","NamedPizza_Cajun_110",117,256,"Property Assertion","BIN","ASK WHERE { <http://www.example.com/genealogy.owl#Cajun_110> <http://www.example.com/genealogy.owl#hasIngredient> <http://www.example.com/genealogy.owl#AmericanHot_131> }","hasIngredient","FALSE",2,2
"2hop-NamedPizza_Cajun_112_Cajun_112-Cajun_112-hasIngredient-MC","NamedPizza_Cajun_112",117,256,"Property Assertion","MC","SELECT ?x WHERE { <http://www.example.com/genealogy.owl#Cajun_112> <http://www.example.com/genealogy.owl#hasIngredient> ?x }","hasIngredient","MozzarellaTopping_dynamic_1; OnionTopping_dynamic_1; PeperonataTopping_dynamic_1; PrawnsTopping_dynamic_1; TobascoPepperSauce_dynamic_1; TomatoTopping_dynamic_1",2,2
"2hop-NamedPizza_Cajun_112_Cajun_112-Cajun_112-hasTopping-MC","NamedPizza_Cajun_112",117,256,"Property Assertion","MC","SELECT ?x WHERE { <http://www.example.com/genealogy.owl#Cajun_112> <http://www.example.com/genealogy.owl#hasTopping> ?x }","hasTopping","MozzarellaTopping_dynamic_1; OnionTopping_dynamic_1; PeperonataTopping_dynamic_1; PrawnsTopping_dynamic_1; TobascoPepperSauce_dynamic_1; TomatoTopping_dynamic_1",1,1
"2hop-NamedPizza_Cajun_112_Cajun_112-Cajun_112-rdf:type-Food-BIN","NamedPizza_Cajun_112",117,256,"Membership","BIN","ASK WHERE { <http://www.example.com/genealogy.owl#Cajun_112> <http://www.w3.org/1999/02/22-rdf-syntax-ns#type> <http://www.example.com/genealogy.owl#Food> }","rdf:type","TRUE",3,3
"2hop-NamedPizza_Cajun_112_Cajun_112-Cajun_112-rdf:type-American-NEG-BIN","NamedPizza_Cajun_112",117,256,"Membership","BIN","ASK WHERE { <http://www.example.com/genealogy.owl#Cajun_112> <http://www.w3.org/1999/02/22-rdf-syntax-ns#type> <http://www.example.com/genealogy.owl#American> }","rdf:type","FALSE",3,3
"2hop-NamedPizza_Cajun_112_Cajun_112-Cajun_112-rdf:type-MC","NamedPizza_Cajun_112",117,256,"Membership","MC","SELECT ?x WHERE { <http://www.example.com/genealogy.owl#Cajun_112> <http://www.w3.org/1999/02/22-rdf-syntax-ns#type> ?x }","rdf:type","DomainConcept; Food; Pizza",3,3
"2hop-NamedPizza_Cajun_112_Cajun_112-Cajun_112-hasTopping-MozzarellaTopping_dynamic_1-BIN","NamedPizza_Cajun_112",117,256,"Property Assertion","BIN","ASK WHERE { <http://www.example.com/genealogy.owl#Cajun_112> <http://www.example.com/genealogy.owl#hasTopping> <http://www.example.com/genealogy.owl#MozzarellaTopping_dynamic_1> }","hasTopping","TRUE",1,1
"2hop-NamedPizza_Cajun_112_Cajun_112-Cajun_112-hasTopping-AmericanHot_131-NEG-BIN","NamedPizza_Cajun_112",117,256,"Property Assertion","BIN","ASK WHERE { <http://www.example.com/genealogy.owl#Cajun_112> <http://www.example.com/genealogy.owl#hasTopping> <http://www.example.com/genealogy.owl#AmericanHot_131> }","hasTopping","FALSE",1,1
"2hop-NamedPizza_Cajun_112_Cajun_112-Cajun_112-hasIngredient-MozzarellaTopping_dynamic_1-BIN","NamedPizza_Cajun_112",117,256,"Property Assertion","BIN","ASK WHERE { <http://www.example.com/genealogy.owl#Cajun_112> <http://www.example.com/genealogy.owl#hasIngredient> <http://www.example.com/genealogy.owl#MozzarellaTopping_dynamic_1> }","hasIngredient","TRUE",2,2
"2hop-NamedPizza_Cajun_112_Cajun_112-Cajun_112-hasIngredient-AmericanHot_131-NEG-BIN","NamedPizza_Cajun_112",117,256,"Property Assertion","BIN","ASK WHERE { <http://www.example.com/genealogy.owl#Cajun_112> <http://www.example.com/genealogy.owl#hasIngredient> <http://www.example.com/genealogy.owl#AmericanHot_131> }","hasIngredient","FALSE",2,2
"2hop-NamedPizza_Cajun_138_Cajun_138-Cajun_138-hasTopping-MC","NamedPizza_Cajun_138",117,256,"Property Assertion","MC","SELECT ?x WHERE { <http://www.example.com/genealogy.owl#Cajun_138> <http://www.example.com/genealogy.owl#hasTopping> ?x }","hasTopping","MozzarellaTopping_dynamic_1; OnionTopping_dynamic_1; PeperonataTopping_dynamic_1; PrawnsTopping_dynamic_1; TobascoPepperSauce_dynamic_1; TomatoTopping_dynamic_1",1,1
"2hop-NamedPizza_Cajun_138_Cajun_138-Cajun_138-rdf:type-MC","NamedPizza_Cajun_138",117,256,"Membership","MC","SELECT ?x WHERE { <http://www.example.com/genealogy.owl#Cajun_138> <http://www.w3.org/1999/02/22-rdf-syntax-ns#type> ?x }","rdf:type","DomainConcept; Food; Pizza",2,2
"2hop-NamedPizza_Cajun_138_Cajun_138-Cajun_138-hasTopping-MozzarellaTopping_dynamic_1-BIN","NamedPizza_Cajun_138",117,256,"Property Assertion","BIN","ASK WHERE { <http://www.example.com/genealogy.owl#Cajun_138> <http://www.example.com/genealogy.owl#hasTopping> <http://www.example.com/genealogy.owl#MozzarellaTopping_dynamic_1> }","hasTopping","TRUE",1,1
"2hop-NamedPizza_Cajun_138_Cajun_138-Cajun_138-hasTopping-AmericanHot_131-NEG-BIN","NamedPizza_Cajun_138",117,256,"Property Assertion","BIN","ASK WHERE { <http://www.example.com/genealogy.owl#Cajun_138> <http://www.example.com/genealogy.owl#hasTopping> <http://www.example.com/genealogy.owl#AmericanHot_131> }","hasTopping","FALSE",1,1
"2hop-NamedPizza_Cajun_138_Cajun_138-Cajun_138-hasIngredient-MozzarellaTopping_dynamic_1-BIN","NamedPizza_Cajun_138",117,256,"Property Assertion","BIN","ASK WHERE { <http://www.example.com/genealogy.owl#Cajun_138> <http://www.example.com/genealogy.owl#hasIngredient> <http://www.example.com/genealogy.owl#MozzarellaTopping_dynamic_1> }","hasIngredient","TRUE",2,2
"2hop-NamedPizza_Cajun_138_Cajun_138-Cajun_138-hasIngredient-AmericanHot_131-NEG-BIN","NamedPizza_Cajun_138",117,256,"Property Assertion","BIN","ASK WHERE { <http://www.example.com/genealogy.owl#Cajun_138> <http://www.example.com/genealogy.owl#hasIngredient> <http://www.example.com/genealogy.owl#AmericanHot_131> }","hasIngredient","FALSE",2,2
"2hop-NamedPizza_Cajun_138_Cajun_138-Cajun_138-hasIngredient-MC","NamedPizza_Cajun_138",117,256,"Property Assertion","MC","SELECT ?x WHERE { <http://www.example.com/genealogy.owl#Cajun_138> <http://www.example.com/genealogy.owl#hasIngredient> ?x }","hasIngredient","MozzarellaTopping_dynamic_1; OnionTopping_dynamic_1; PeperonataTopping_dynamic_1; PrawnsTopping_dynamic_1; TobascoPepperSauce_dynamic_1; TomatoTopping_dynamic_1",2,2
"2hop-NamedPizza_Cajun_138_Cajun_138-Cajun_138-rdf:type-Food-BIN","NamedPizza_Cajun_138",117,256,"Membership","BIN","ASK WHERE { <http://www.example.com/genealogy.owl#Cajun_138> <http://www.w3.org/1999/02/22-rdf-syntax-ns#type> <http://www.example.com/genealogy.owl#Food> }","rdf:type","TRUE",3,3
"2hop-NamedPizza_Cajun_138_Cajun_138-Cajun_138-rdf:type-American-NEG-BIN","NamedPizza_Cajun_138",117,256,"Membership","BIN","ASK WHERE { <http://www.example.com/genealogy.owl#Cajun_138> <http://www.w3.org/1999/02/22-rdf-syntax-ns#type> <http://www.example.com/genealogy.owl#American> }","rdf:type","FALSE",3,3
"2hop-NamedPizza_Cajun_140_Cajun_140-Cajun_140-rdf:type-MC","NamedPizza_Cajun_140",117,256,"Membership","MC","SELECT ?x WHERE { <http://www.example.com/genealogy.owl#Cajun_140> <http://www.w3.org/1999/02/22-rdf-syntax-ns#type> ?x }","rdf:type","DomainConcept; Food; Pizza",4,4
"2hop-NamedPizza_Cajun_140_Cajun_140-Cajun_140-hasIngredient-MC","NamedPizza_Cajun_140",117,256,"Property Assertion","MC","SELECT ?x WHERE { <http://www.example.com/genealogy.owl#Cajun_140> <http://www.example.com/genealogy.owl#hasIngredient> ?x }","hasIngredient","MozzarellaTopping_dynamic_1; OnionTopping_dynamic_1; PeperonataTopping_dynamic_1; PrawnsTopping_dynamic_1; TobascoPepperSauce_dynamic_1; TomatoTopping_dynamic_1",2,2
"2hop-NamedPizza_Cajun_140_Cajun_140-Cajun_140-hasTopping-MozzarellaTopping_dynamic_1-BIN","NamedPizza_Cajun_140",117,256,"Property Assertion","BIN","ASK WHERE { <http://www.example.com/genealogy.owl#Cajun_140> <http://www.example.com/genealogy.owl#hasTopping> <http://www.example.com/genealogy.owl#MozzarellaTopping_dynamic_1> }","hasTopping","TRUE",1,1
"2hop-NamedPizza_Cajun_140_Cajun_140-Cajun_140-hasTopping-AmericanHot_131-NEG-BIN","NamedPizza_Cajun_140",117,256,"Property Assertion","BIN","ASK WHERE { <http://www.example.com/genealogy.owl#Cajun_140> <http://www.example.com/genealogy.owl#hasTopping> <http://www.example.com/genealogy.owl#AmericanHot_131> }","hasTopping","FALSE",1,1
"2hop-NamedPizza_Cajun_140_Cajun_140-Cajun_140-hasTopping-MC","NamedPizza_Cajun_140",117,256,"Property Assertion","MC","SELECT ?x WHERE { <http://www.example.com/genealogy.owl#Cajun_140> <http://www.example.com/genealogy.owl#hasTopping> ?x }","hasTopping","MozzarellaTopping_dynamic_1; OnionTopping_dynamic_1; PeperonataTopping_dynamic_1; PrawnsTopping_dynamic_1; TobascoPepperSauce_dynamic_1; TomatoTopping_dynamic_1",1,1
"2hop-NamedPizza_Cajun_140_Cajun_140-Cajun_140-rdf:type-Food-BIN","NamedPizza_Cajun_140",117,256,"Membership","BIN","ASK WHERE { <http://www.example.com/genealogy.owl#Cajun_140> <http://www.w3.org/1999/02/22-rdf-syntax-ns#type> <http://www.example.com/genealogy.owl#Food> }","rdf:type","TRUE",3,3
"2hop-NamedPizza_Cajun_140_Cajun_140-Cajun_140-rdf:type-American-NEG-BIN","NamedPizza_Cajun_140",117,256,"Membership","BIN","ASK WHERE { <http://www.example.com/genealogy.owl#Cajun_140> <http://www.w3.org/1999/02/22-rdf-syntax-ns#type> <http://www.example.com/genealogy.owl#American> }","rdf:type","FALSE",3,3
"2hop-NamedPizza_Cajun_140_Cajun_140-Cajun_140-hasIngredient-MozzarellaTopping_dynamic_1-BIN","NamedPizza_Cajun_140",117,256,"Property Assertion","BIN","ASK WHERE { <http://www.example.com/genealogy.owl#Cajun_140> <http://www.example.com/genealogy.owl#hasIngredient> <http://www.example.com/genealogy.owl#MozzarellaTopping_dynamic_1> }","hasIngredient","TRUE",2,2
"2hop-NamedPizza_Cajun_140_Cajun_140-Cajun_140-hasIngredient-AmericanHot_131-NEG-BIN","NamedPizza_Cajun_140",117,256,"Property Assertion","BIN","ASK WHERE { <http://www.example.com/genealogy.owl#Cajun_140> <http://www.example.com/genealogy.owl#hasIngredient> <http://www.example.com/genealogy.owl#AmericanHot_131> }","hasIngredient","FALSE",2,2
"2hop-NamedPizza_Cajun_17_Cajun_17-Cajun_17-hasTopping-MC","NamedPizza_Cajun_17",117,256,"Property Assertion","MC","SELECT ?x WHERE { <http://www.example.com/genealogy.owl#Cajun_17> <http://www.example.com/genealogy.owl#hasTopping> ?x }","hasTopping","MozzarellaTopping_dynamic_1; OnionTopping_dynamic_1; PeperonataTopping_dynamic_1; PrawnsTopping_dynamic_1; TobascoPepperSauce_dynamic_1; TomatoTopping_dynamic_1",1,1
"2hop-NamedPizza_Cajun_17_Cajun_17-Cajun_17-hasIngredient-MC","NamedPizza_Cajun_17",117,256,"Property Assertion","MC","SELECT ?x WHERE { <http://www.example.com/genealogy.owl#Cajun_17> <http://www.example.com/genealogy.owl#hasIngredient> ?x }","hasIngredient","MozzarellaTopping_dynamic_1; OnionTopping_dynamic_1; PeperonataTopping_dynamic_1; PrawnsTopping_dynamic_1; TobascoPepperSauce_dynamic_1; TomatoTopping_dynamic_1",2,2
"2hop-NamedPizza_Cajun_17_Cajun_17-Cajun_17-rdf:type-MC","NamedPizza_Cajun_17",117,256,"Membership","MC","SELECT ?x WHERE { <http://www.example.com/genealogy.owl#Cajun_17> <http://www.w3.org/1999/02/22-rdf-syntax-ns#type> ?x }","rdf:type","DomainConcept; Food; Pizza",4,4
"2hop-NamedPizza_Cajun_17_Cajun_17-Cajun_17-hasIngredient-MozzarellaTopping_dynamic_1-BIN","NamedPizza_Cajun_17",117,256,"Property Assertion","BIN","ASK WHERE { <http://www.example.com/genealogy.owl#Cajun_17> <http://www.example.com/genealogy.owl#hasIngredient> <http://www.example.com/genealogy.owl#MozzarellaTopping_dynamic_1> }","hasIngredient","TRUE",2,2
"2hop-NamedPizza_Cajun_17_Cajun_17-Cajun_17-hasIngredient-AmericanHot_131-NEG-BIN","NamedPizza_Cajun_17",117,256,"Property Assertion","BIN","ASK WHERE { <http://www.example.com/genealogy.owl#Cajun_17> <http://www.example.com/genealogy.owl#hasIngredient> <http://www.example.com/genealogy.owl#AmericanHot_131> }","hasIngredient","FALSE",2,2
"2hop-NamedPizza_Cajun_17_Cajun_17-Cajun_17-hasTopping-MozzarellaTopping_dynamic_1-BIN","NamedPizza_Cajun_17",117,256,"Property Assertion","BIN","ASK WHERE { <http://www.example.com/genealogy.owl#Cajun_17> <http://www.example.com/genealogy.owl#hasTopping> <http://www.example.com/genealogy.owl#MozzarellaTopping_dynamic_1> }","hasTopping","TRUE",1,1
"2hop-NamedPizza_Cajun_17_Cajun_17-Cajun_17-hasTopping-AmericanHot_131-NEG-BIN","NamedPizza_Cajun_17",117,256,"Property Assertion","BIN","ASK WHERE { <http://www.example.com/genealogy.owl#Cajun_17> <http://www.example.com/genealogy.owl#hasTopping> <http://www.example.com/genealogy.owl#AmericanHot_131> }","hasTopping","FALSE",1,1
"2hop-NamedPizza_Cajun_17_Cajun_17-Cajun_17-rdf:type-Food-BIN","NamedPizza_Cajun_17",117,256,"Membership","BIN","ASK WHERE { <http://www.example.com/genealogy.owl#Cajun_17> <http://www.w3.org/1999/02/22-rdf-syntax-ns#type> <http://www.example.com/genealogy.owl#Food> }","rdf:type","TRUE",3,3
"2hop-NamedPizza_Cajun_17_Cajun_17-Cajun_17-rdf:type-American-NEG-BIN","NamedPizza_Cajun_17",117,256,"Membership","BIN","ASK WHERE { <http://www.example.com/genealogy.owl#Cajun_17> <http://www.w3.org/1999/02/22-rdf-syntax-ns#type> <http://www.example.com/genealogy.owl#American> }","rdf:type","FALSE",3,3
"2hop-NamedPizza_Cajun_181_Cajun_181-Cajun_181-hasIngredient-MC","NamedPizza_Cajun_181",117,256,"Property Assertion","MC","SELECT ?x WHERE { <http://www.example.com/genealogy.owl#Cajun_181> <http://www.example.com/genealogy.owl#hasIngredient> ?x }","hasIngredient","MozzarellaTopping_dynamic_1; OnionTopping_dynamic_1; PeperonataTopping_dynamic_1; PrawnsTopping_dynamic_1; TobascoPepperSauce_dynamic_1; TomatoTopping_dynamic_1",2,2
"2hop-NamedPizza_Cajun_181_Cajun_181-Cajun_181-rdf:type-MC","NamedPizza_Cajun_181",117,256,"Membership","MC","SELECT ?x WHERE { <http://www.example.com/genealogy.owl#Cajun_181> <http://www.w3.org/1999/02/22-rdf-syntax-ns#type> ?x }","rdf:type","DomainConcept; Food; Pizza",2,2
"2hop-NamedPizza_Cajun_181_Cajun_181-Cajun_181-hasTopping-MC","NamedPizza_Cajun_181",117,256,"Property Assertion","MC","SELECT ?x WHERE { <http://www.example.com/genealogy.owl#Cajun_181> <http://www.example.com/genealogy.owl#hasTopping> ?x }","hasTopping","MozzarellaTopping_dynamic_1; OnionTopping_dynamic_1; PeperonataTopping_dynamic_1; PrawnsTopping_dynamic_1; TobascoPepperSauce_dynamic_1; TomatoTopping_dynamic_1",1,1
"2hop-NamedPizza_Cajun_181_Cajun_181-Cajun_181-hasTopping-MozzarellaTopping_dynamic_1-BIN","NamedPizza_Cajun_181",117,256,"Property Assertion","BIN","ASK WHERE { <http://www.example.com/genealogy.owl#Cajun_181> <http://www.example.com/genealogy.owl#hasTopping> <http://www.example.com/genealogy.owl#MozzarellaTopping_dynamic_1> }","hasTopping","TRUE",1,1
"2hop-NamedPizza_Cajun_181_Cajun_181-Cajun_181-hasTopping-AmericanHot_131-NEG-BIN","NamedPizza_Cajun_181",117,256,"Property Assertion","BIN","ASK WHERE { <http://www.example.com/genealogy.owl#Cajun_181> <http://www.example.com/genealogy.owl#hasTopping> <http://www.example.com/genealogy.owl#AmericanHot_131> }","hasTopping","FALSE",1,1
"2hop-NamedPizza_Cajun_181_Cajun_181-Cajun_181-rdf:type-Food-BIN","NamedPizza_Cajun_181",117,256,"Membership","BIN","ASK WHERE { <http://www.example.com/genealogy.owl#Cajun_181> <http://www.w3.org/1999/02/22-rdf-syntax-ns#type> <http://www.example.com/genealogy.owl#Food> }","rdf:type","TRUE",3,3
"2hop-NamedPizza_Cajun_181_Cajun_181-Cajun_181-rdf:type-American-NEG-BIN","NamedPizza_Cajun_181",117,256,"Membership","BIN","ASK WHERE { <http://www.example.com/genealogy.owl#Cajun_181> <http://www.w3.org/1999/02/22-rdf-syntax-ns#type> <http://www.example.com/genealogy.owl#American> }","rdf:type","FALSE",3,3
"2hop-NamedPizza_Cajun_181_Cajun_181-Cajun_181-hasIngredient-MozzarellaTopping_dynamic_1-BIN","NamedPizza_Cajun_181",117,256,"Property Assertion","BIN","ASK WHERE { <http://www.example.com/genealogy.owl#Cajun_181> <http://www.example.com/genealogy.owl#hasIngredient> <http://www.example.com/genealogy.owl#MozzarellaTopping_dynamic_1> }","hasIngredient","TRUE",2,2
"2hop-NamedPizza_Cajun_181_Cajun_181-Cajun_181-hasIngredient-AmericanHot_131-NEG-BIN","NamedPizza_Cajun_181",117,256,"Property Assertion","BIN","ASK WHERE { <http://www.example.com/genealogy.owl#Cajun_181> <http://www.example.com/genealogy.owl#hasIngredient> <http://www.example.com/genealogy.owl#AmericanHot_131> }","hasIngredient","FALSE",2,2
"2hop-NamedPizza_Cajun_193_Cajun_193-Cajun_193-hasIngredient-MC","NamedPizza_Cajun_193",117,256,"Property Assertion","MC","SELECT ?x WHERE { <http://www.example.com/genealogy.owl#Cajun_193> <http://www.example.com/genealogy.owl#hasIngredient> ?x }","hasIngredient","MozzarellaTopping_dynamic_1; OnionTopping_dynamic_1; PeperonataTopping_dynamic_1; PrawnsTopping_dynamic_1; TobascoPepperSauce_dynamic_1; TomatoTopping_dynamic_1",2,2
"2hop-NamedPizza_Cajun_193_Cajun_193-Cajun_193-hasTopping-MozzarellaTopping_dynamic_1-BIN","NamedPizza_Cajun_193",117,256,"Property Assertion","BIN","ASK WHERE { <http://www.example.com/genealogy.owl#Cajun_193> <http://www.example.com/genealogy.owl#hasTopping> <http://www.example.com/genealogy.owl#MozzarellaTopping_dynamic_1> }","hasTopping","TRUE",1,1
"2hop-NamedPizza_Cajun_193_Cajun_193-Cajun_193-hasTopping-AmericanHot_131-NEG-BIN","NamedPizza_Cajun_193",117,256,"Property Assertion","BIN","ASK WHERE { <http://www.example.com/genealogy.owl#Cajun_193> <http://www.example.com/genealogy.owl#hasTopping> <http://www.example.com/genealogy.owl#AmericanHot_131> }","hasTopping","FALSE",1,1
"2hop-NamedPizza_Cajun_193_Cajun_193-Cajun_193-hasTopping-MC","NamedPizza_Cajun_193",117,256,"Property Assertion","MC","SELECT ?x WHERE { <http://www.example.com/genealogy.owl#Cajun_193> <http://www.example.com/genealogy.owl#hasTopping> ?x }","hasTopping","MozzarellaTopping_dynamic_1; OnionTopping_dynamic_1; PeperonataTopping_dynamic_1; PrawnsTopping_dynamic_1; TobascoPepperSauce_dynamic_1; TomatoTopping_dynamic_1",1,1
"2hop-NamedPizza_Cajun_193_Cajun_193-Cajun_193-hasIngredient-MozzarellaTopping_dynamic_1-BIN","NamedPizza_Cajun_193",117,256,"Property Assertion","BIN","ASK WHERE { <http://www.example.com/genealogy.owl#Cajun_193> <http://www.example.com/genealogy.owl#hasIngredient> <http://www.example.com/genealogy.owl#MozzarellaTopping_dynamic_1> }","hasIngredient","TRUE",2,2
"2hop-NamedPizza_Cajun_193_Cajun_193-Cajun_193-hasIngredient-AmericanHot_131-NEG-BIN","NamedPizza_Cajun_193",117,256,"Property Assertion","BIN","ASK WHERE { <http://www.example.com/genealogy.owl#Cajun_193> <http://www.example.com/genealogy.owl#hasIngredient> <http://www.example.com/genealogy.owl#AmericanHot_131> }","hasIngredient","FALSE",2,2
"2hop-NamedPizza_Cajun_193_Cajun_193-Cajun_193-rdf:type-Food-BIN","NamedPizza_Cajun_193",117,256,"Membership","BIN","ASK WHERE { <http://www.example.com/genealogy.owl#Cajun_193> <http://www.w3.org/1999/02/22-rdf-syntax-ns#type> <http://www.example.com/genealogy.owl#Food> }","rdf:type","TRUE",3,3
"2hop-NamedPizza_Cajun_193_Cajun_193-Cajun_193-rdf:type-American-NEG-BIN","NamedPizza_Cajun_193",117,256,"Membership","BIN","ASK WHERE { <http://www.example.com/genealogy.owl#Cajun_193> <http://www.w3.org/1999/02/22-rdf-syntax-ns#type> <http://www.example.com/genealogy.owl#American> }","rdf:type","FALSE",3,3
"2hop-NamedPizza_Cajun_193_Cajun_193-Cajun_193-rdf:type-MC","NamedPizza_Cajun_193",117,256,"Membership","MC","SELECT ?x WHERE { <http://www.example.com/genealogy.owl#Cajun_193> <http://www.w3.org/1999/02/22-rdf-syntax-ns#type> ?x }","rdf:type","DomainConcept; Food; Pizza",3,3
"2hop-NamedPizza_Cajun_197_Cajun_197-Cajun_197-hasIngredient-MozzarellaTopping_dynamic_1-BIN","NamedPizza_Cajun_197",117,256,"Property Assertion","BIN","ASK WHERE { <http://www.example.com/genealogy.owl#Cajun_197> <http://www.example.com/genealogy.owl#hasIngredient> <http://www.example.com/genealogy.owl#MozzarellaTopping_dynamic_1> }","hasIngredient","TRUE",2,2
"2hop-NamedPizza_Cajun_197_Cajun_197-Cajun_197-hasIngredient-AmericanHot_131-NEG-BIN","NamedPizza_Cajun_197",117,256,"Property Assertion","BIN","ASK WHERE { <http://www.example.com/genealogy.owl#Cajun_197> <http://www.example.com/genealogy.owl#hasIngredient> <http://www.example.com/genealogy.owl#AmericanHot_131> }","hasIngredient","FALSE",2,2
"2hop-NamedPizza_Cajun_197_Cajun_197-Cajun_197-hasIngredient-MC","NamedPizza_Cajun_197",117,256,"Property Assertion","MC","SELECT ?x WHERE { <http://www.example.com/genealogy.owl#Cajun_197> <http://www.example.com/genealogy.owl#hasIngredient> ?x }","hasIngredient","MozzarellaTopping_dynamic_1; OnionTopping_dynamic_1; PeperonataTopping_dynamic_1; PrawnsTopping_dynamic_1; TobascoPepperSauce_dynamic_1; TomatoTopping_dynamic_1",2,2
"2hop-NamedPizza_Cajun_197_Cajun_197-Cajun_197-hasTopping-MC","NamedPizza_Cajun_197",117,256,"Property Assertion","MC","SELECT ?x WHERE { <http://www.example.com/genealogy.owl#Cajun_197> <http://www.example.com/genealogy.owl#hasTopping> ?x }","hasTopping","MozzarellaTopping_dynamic_1; OnionTopping_dynamic_1; PeperonataTopping_dynamic_1; PrawnsTopping_dynamic_1; TobascoPepperSauce_dynamic_1; TomatoTopping_dynamic_1",1,1
"2hop-NamedPizza_Cajun_197_Cajun_197-Cajun_197-rdf:type-MC","NamedPizza_Cajun_197",117,256,"Membership","MC","SELECT ?x WHERE { <http://www.example.com/genealogy.owl#Cajun_197> <http://www.w3.org/1999/02/22-rdf-syntax-ns#type> ?x }","rdf:type","DomainConcept; Food; Pizza",4,4
"2hop-NamedPizza_Cajun_197_Cajun_197-Cajun_197-rdf:type-Food-BIN","NamedPizza_Cajun_197",117,256,"Membership","BIN","ASK WHERE { <http://www.example.com/genealogy.owl#Cajun_197> <http://www.w3.org/1999/02/22-rdf-syntax-ns#type> <http://www.example.com/genealogy.owl#Food> }","rdf:type","TRUE",3,3
"2hop-NamedPizza_Cajun_197_Cajun_197-Cajun_197-rdf:type-American-NEG-BIN","NamedPizza_Cajun_197",117,256,"Membership","BIN","ASK WHERE { <http://www.example.com/genealogy.owl#Cajun_197> <http://www.w3.org/1999/02/22-rdf-syntax-ns#type> <http://www.example.com/genealogy.owl#American> }","rdf:type","FALSE",3,3
"2hop-NamedPizza_Cajun_197_Cajun_197-Cajun_197-hasTopping-MozzarellaTopping_dynamic_1-BIN","NamedPizza_Cajun_197",117,256,"Property Assertion","BIN","ASK WHERE { <http://www.example.com/genealogy.owl#Cajun_197> <http://www.example.com/genealogy.owl#hasTopping> <http://www.example.com/genealogy.owl#MozzarellaTopping_dynamic_1> }","hasTopping","TRUE",1,1
"2hop-NamedPizza_Cajun_197_Cajun_197-Cajun_197-hasTopping-AmericanHot_131-NEG-BIN","NamedPizza_Cajun_197",117,256,"Property Assertion","BIN","ASK WHERE { <http://www.example.com/genealogy.owl#Cajun_197> <http://www.example.com/genealogy.owl#hasTopping> <http://www.example.com/genealogy.owl#AmericanHot_131> }","hasTopping","FALSE",1,1
"2hop-NamedPizza_Cajun_198_Cajun_198-Cajun_198-rdf:type-MC","NamedPizza_Cajun_198",117,256,"Membership","MC","SELECT ?x WHERE { <http://www.example.com/genealogy.owl#Cajun_198> <http://www.w3.org/1999/02/22-rdf-syntax-ns#type> ?x }","rdf:type","DomainConcept; Food; Pizza",4,4
"2hop-NamedPizza_Cajun_198_Cajun_198-Cajun_198-hasIngredient-MC","NamedPizza_Cajun_198",117,256,"Property Assertion","MC","SELECT ?x WHERE { <http://www.example.com/genealogy.owl#Cajun_198> <http://www.example.com/genealogy.owl#hasIngredient> ?x }","hasIngredient","MozzarellaTopping_dynamic_1; OnionTopping_dynamic_1; PeperonataTopping_dynamic_1; PrawnsTopping_dynamic_1; TobascoPepperSauce_dynamic_1; TomatoTopping_dynamic_1",2,2
"2hop-NamedPizza_Cajun_198_Cajun_198-Cajun_198-hasTopping-MC","NamedPizza_Cajun_198",117,256,"Property Assertion","MC","SELECT ?x WHERE { <http://www.example.com/genealogy.owl#Cajun_198> <http://www.example.com/genealogy.owl#hasTopping> ?x }","hasTopping","MozzarellaTopping_dynamic_1; OnionTopping_dynamic_1; PeperonataTopping_dynamic_1; PrawnsTopping_dynamic_1; TobascoPepperSauce_dynamic_1; TomatoTopping_dynamic_1",1,1
"2hop-NamedPizza_Cajun_198_Cajun_198-Cajun_198-rdf:type-Food-BIN","NamedPizza_Cajun_198",117,256,"Membership","BIN","ASK WHERE { <http://www.example.com/genealogy.owl#Cajun_198> <http://www.w3.org/1999/02/22-rdf-syntax-ns#type> <http://www.example.com/genealogy.owl#Food> }","rdf:type","TRUE",3,3
"2hop-NamedPizza_Cajun_198_Cajun_198-Cajun_198-rdf:type-American-NEG-BIN","NamedPizza_Cajun_198",117,256,"Membership","BIN","ASK WHERE { <http://www.example.com/genealogy.owl#Cajun_198> <http://www.w3.org/1999/02/22-rdf-syntax-ns#type> <http://www.example.com/genealogy.owl#American> }","rdf:type","FALSE",3,3
"2hop-NamedPizza_Cajun_198_Cajun_198-Cajun_198-hasIngredient-MozzarellaTopping_dynamic_1-BIN","NamedPizza_Cajun_198",117,256,"Property Assertion","BIN","ASK WHERE { <http://www.example.com/genealogy.owl#Cajun_198> <http://www.example.com/genealogy.owl#hasIngredient> <http://www.example.com/genealogy.owl#MozzarellaTopping_dynamic_1> }","hasIngredient","TRUE",2,2
"2hop-NamedPizza_Cajun_198_Cajun_198-Cajun_198-hasIngredient-AmericanHot_131-NEG-BIN","NamedPizza_Cajun_198",117,256,"Property Assertion","BIN","ASK WHERE { <http://www.example.com/genealogy.owl#Cajun_198> <http://www.example.com/genealogy.owl#hasIngredient> <http://www.example.com/genealogy.owl#AmericanHot_131> }","hasIngredient","FALSE",2,2
"2hop-NamedPizza_Cajun_198_Cajun_198-Cajun_198-hasTopping-MozzarellaTopping_dynamic_1-BIN","NamedPizza_Cajun_198",117,256,"Property Assertion","BIN","ASK WHERE { <http://www.example.com/genealogy.owl#Cajun_198> <http://www.example.com/genealogy.owl#hasTopping> <http://www.example.com/genealogy.owl#MozzarellaTopping_dynamic_1> }","hasTopping","TRUE",1,1
"2hop-NamedPizza_Cajun_198_Cajun_198-Cajun_198-hasTopping-AmericanHot_131-NEG-BIN","NamedPizza_Cajun_198",117,256,"Property Assertion","BIN","ASK WHERE { <http://www.example.com/genealogy.owl#Cajun_198> <http://www.example.com/genealogy.owl#hasTopping> <http://www.example.com/genealogy.owl#AmericanHot_131> }","hasTopping","FALSE",1,1
"2hop-NamedPizza_Cajun_229_Cajun_229-Cajun_229-hasIngredient-MozzarellaTopping_dynamic_1-BIN","NamedPizza_Cajun_229",117,256,"Property Assertion","BIN","ASK WHERE { <http://www.example.com/genealogy.owl#Cajun_229> <http://www.example.com/genealogy.owl#hasIngredient> <http://www.example.com/genealogy.owl#MozzarellaTopping_dynamic_1> }","hasIngredient","TRUE",2,2
"2hop-NamedPizza_Cajun_229_Cajun_229-Cajun_229-hasIngredient-AmericanHot_131-NEG-BIN","NamedPizza_Cajun_229",117,256,"Property Assertion","BIN","ASK WHERE { <http://www.example.com/genealogy.owl#Cajun_229> <http://www.example.com/genealogy.owl#hasIngredient> <http://www.example.com/genealogy.owl#AmericanHot_131> }","hasIngredient","FALSE",2,2
"2hop-NamedPizza_Cajun_229_Cajun_229-Cajun_229-hasIngredient-MC","NamedPizza_Cajun_229",117,256,"Property Assertion","MC","SELECT ?x WHERE { <http://www.example.com/genealogy.owl#Cajun_229> <http://www.example.com/genealogy.owl#hasIngredient> ?x }","hasIngredient","MozzarellaTopping_dynamic_1; OnionTopping_dynamic_1; PeperonataTopping_dynamic_1; PrawnsTopping_dynamic_1; TobascoPepperSauce_dynamic_1; TomatoTopping_dynamic_1",2,2
"2hop-NamedPizza_Cajun_229_Cajun_229-Cajun_229-hasTopping-MC","NamedPizza_Cajun_229",117,256,"Property Assertion","MC","SELECT ?x WHERE { <http://www.example.com/genealogy.owl#Cajun_229> <http://www.example.com/genealogy.owl#hasTopping> ?x }","hasTopping","MozzarellaTopping_dynamic_1; OnionTopping_dynamic_1; PeperonataTopping_dynamic_1; PrawnsTopping_dynamic_1; TobascoPepperSauce_dynamic_1; TomatoTopping_dynamic_1",1,1
"2hop-NamedPizza_Cajun_229_Cajun_229-Cajun_229-rdf:type-Food-BIN","NamedPizza_Cajun_229",117,256,"Membership","BIN","ASK WHERE { <http://www.example.com/genealogy.owl#Cajun_229> <http://www.w3.org/1999/02/22-rdf-syntax-ns#type> <http://www.example.com/genealogy.owl#Food> }","rdf:type","TRUE",3,3
"2hop-NamedPizza_Cajun_229_Cajun_229-Cajun_229-rdf:type-American-NEG-BIN","NamedPizza_Cajun_229",117,256,"Membership","BIN","ASK WHERE { <http://www.example.com/genealogy.owl#Cajun_229> <http://www.w3.org/1999/02/22-rdf-syntax-ns#type> <http://www.example.com/genealogy.owl#American> }","rdf:type","FALSE",3,3
"2hop-NamedPizza_Cajun_229_Cajun_229-Cajun_229-rdf:type-MC","NamedPizza_Cajun_229",117,256,"Membership","MC","SELECT ?x WHERE { <http://www.example.com/genealogy.owl#Cajun_229> <http://www.w3.org/1999/02/22-rdf-syntax-ns#type> ?x }","rdf:type","DomainConcept; Food; Pizza",3,3
"2hop-NamedPizza_Cajun_229_Cajun_229-Cajun_229-hasTopping-MozzarellaTopping_dynamic_1-BIN","NamedPizza_Cajun_229",117,256,"Property Assertion","BIN","ASK WHERE { <http://www.example.com/genealogy.owl#Cajun_229> <http://www.example.com/genealogy.owl#hasTopping> <http://www.example.com/genealogy.owl#MozzarellaTopping_dynamic_1> }","hasTopping","TRUE",1,1
"2hop-NamedPizza_Cajun_229_Cajun_229-Cajun_229-hasTopping-AmericanHot_131-NEG-BIN","NamedPizza_Cajun_229",117,256,"Property Assertion","BIN","ASK WHERE { <http://www.example.com/genealogy.owl#Cajun_229> <http://www.example.com/genealogy.owl#hasTopping> <http://www.example.com/genealogy.owl#AmericanHot_131> }","hasTopping","FALSE",1,1
"2hop-NamedPizza_Cajun_242_Cajun_242-Cajun_242-hasIngredient-MC","NamedPizza_Cajun_242",117,256,"Property Assertion","MC","SELECT ?x WHERE { <http://www.example.com/genealogy.owl#Cajun_242> <http://www.example.com/genealogy.owl#hasIngredient> ?x }","hasIngredient","MozzarellaTopping_dynamic_1; OnionTopping_dynamic_1; PeperonataTopping_dynamic_1; PrawnsTopping_dynamic_1; TobascoPepperSauce_dynamic_1; TomatoTopping_dynamic_1",2,2
"2hop-NamedPizza_Cajun_242_Cajun_242-Cajun_242-hasTopping-MC","NamedPizza_Cajun_242",117,256,"Property Assertion","MC","SELECT ?x WHERE { <http://www.example.com/genealogy.owl#Cajun_242> <http://www.example.com/genealogy.owl#hasTopping> ?x }","hasTopping","MozzarellaTopping_dynamic_1; OnionTopping_dynamic_1; PeperonataTopping_dynamic_1; PrawnsTopping_dynamic_1; TobascoPepperSauce_dynamic_1; TomatoTopping_dynamic_1",1,1
"2hop-NamedPizza_Cajun_242_Cajun_242-Cajun_242-rdf:type-MC","NamedPizza_Cajun_242",117,256,"Membership","MC","SELECT ?x WHERE { <http://www.example.com/genealogy.owl#Cajun_242> <http://www.w3.org/1999/02/22-rdf-syntax-ns#type> ?x }","rdf:type","DomainConcept; Food; Pizza",4,4
"2hop-NamedPizza_Cajun_242_Cajun_242-Cajun_242-rdf:type-Food-BIN","NamedPizza_Cajun_242",117,256,"Membership","BIN","ASK WHERE { <http://www.example.com/genealogy.owl#Cajun_242> <http://www.w3.org/1999/02/22-rdf-syntax-ns#type> <http://www.example.com/genealogy.owl#Food> }","rdf:type","TRUE",3,3
"2hop-NamedPizza_Cajun_242_Cajun_242-Cajun_242-rdf:type-American-NEG-BIN","NamedPizza_Cajun_242",117,256,"Membership","BIN","ASK WHERE { <http://www.example.com/genealogy.owl#Cajun_242> <http://www.w3.org/1999/02/22-rdf-syntax-ns#type> <http://www.example.com/genealogy.owl#American> }","rdf:type","FALSE",3,3
"2hop-NamedPizza_Cajun_242_Cajun_242-Cajun_242-hasTopping-MozzarellaTopping_dynamic_1-BIN","NamedPizza_Cajun_242",117,256,"Property Assertion","BIN","ASK WHERE { <http://www.example.com/genealogy.owl#Cajun_242> <http://www.example.com/genealogy.owl#hasTopping> <http://www.example.com/genealogy.owl#MozzarellaTopping_dynamic_1> }","hasTopping","TRUE",1,1
"2hop-NamedPizza_Cajun_242_Cajun_242-Cajun_242-hasTopping-AmericanHot_131-NEG-BIN","NamedPizza_Cajun_242",117,256,"Property Assertion","BIN","ASK WHERE { <http://www.example.com/genealogy.owl#Cajun_242> <http://www.example.com/genealogy.owl#hasTopping> <http://www.example.com/genealogy.owl#AmericanHot_131> }","hasTopping","FALSE",1,1
"2hop-NamedPizza_Cajun_242_Cajun_242-Cajun_242-hasIngredient-MozzarellaTopping_dynamic_1-BIN","NamedPizza_Cajun_242",117,256,"Property Assertion","BIN","ASK WHERE { <http://www.example.com/genealogy.owl#Cajun_242> <http://www.example.com/genealogy.owl#hasIngredient> <http://www.example.com/genealogy.owl#MozzarellaTopping_dynamic_1> }","hasIngredient","TRUE",2,2
"2hop-NamedPizza_Cajun_242_Cajun_242-Cajun_242-hasIngredient-AmericanHot_131-NEG-BIN","NamedPizza_Cajun_242",117,256,"Property Assertion","BIN","ASK WHERE { <http://www.example.com/genealogy.owl#Cajun_242> <http://www.example.com/genealogy.owl#hasIngredient> <http://www.example.com/genealogy.owl#AmericanHot_131> }","hasIngredient","FALSE",2,2
"2hop-NamedPizza_Cajun_92_Cajun_92-Cajun_92-hasIngredient-MozzarellaTopping_dynamic_1-BIN","NamedPizza_Cajun_92",117,256,"Property Assertion","BIN","ASK WHERE { <http://www.example.com/genealogy.owl#Cajun_92> <http://www.example.com/genealogy.owl#hasIngredient> <http://www.example.com/genealogy.owl#MozzarellaTopping_dynamic_1> }","hasIngredient","TRUE",2,2
"2hop-NamedPizza_Cajun_92_Cajun_92-Cajun_92-hasIngredient-AmericanHot_131-NEG-BIN","NamedPizza_Cajun_92",117,256,"Property Assertion","BIN","ASK WHERE { <http://www.example.com/genealogy.owl#Cajun_92> <http://www.example.com/genealogy.owl#hasIngredient> <http://www.example.com/genealogy.owl#AmericanHot_131> }","hasIngredient","FALSE",2,2
"2hop-NamedPizza_Cajun_92_Cajun_92-Cajun_92-hasIngredient-MC","NamedPizza_Cajun_92",117,256,"Property Assertion","MC","SELECT ?x WHERE { <http://www.example.com/genealogy.owl#Cajun_92> <http://www.example.com/genealogy.owl#hasIngredient> ?x }","hasIngredient","MozzarellaTopping_dynamic_1; OnionTopping_dynamic_1; PeperonataTopping_dynamic_1; PrawnsTopping_dynamic_1; TobascoPepperSauce_dynamic_1; TomatoTopping_dynamic_1",2,2
"2hop-NamedPizza_Cajun_92_Cajun_92-Cajun_92-hasTopping-MC","NamedPizza_Cajun_92",117,256,"Property Assertion","MC","SELECT ?x WHERE { <http://www.example.com/genealogy.owl#Cajun_92> <http://www.example.com/genealogy.owl#hasTopping> ?x }","hasTopping","MozzarellaTopping_dynamic_1; OnionTopping_dynamic_1; PeperonataTopping_dynamic_1; PrawnsTopping_dynamic_1; TobascoPepperSauce_dynamic_1; TomatoTopping_dynamic_1",1,1
"2hop-NamedPizza_Cajun_92_Cajun_92-Cajun_92-rdf:type-MC","NamedPizza_Cajun_92",117,256,"Membership","MC","SELECT ?x WHERE { <http://www.example.com/genealogy.owl#Cajun_92> <http://www.w3.org/1999/02/22-rdf-syntax-ns#type> ?x }","rdf:type","DomainConcept; Food; Pizza",2,2
"2hop-NamedPizza_Cajun_92_Cajun_92-Cajun_92-hasTopping-MozzarellaTopping_dynamic_1-BIN","NamedPizza_Cajun_92",117,256,"Property Assertion","BIN","ASK WHERE { <http://www.example.com/genealogy.owl#Cajun_92> <http://www.example.com/genealogy.owl#hasTopping> <http://www.example.com/genealogy.owl#MozzarellaTopping_dynamic_1> }","hasTopping","TRUE",1,1
"2hop-NamedPizza_Cajun_92_Cajun_92-Cajun_92-hasTopping-AmericanHot_131-NEG-BIN","NamedPizza_Cajun_92",117,256,"Property Assertion","BIN","ASK WHERE { <http://www.example.com/genealogy.owl#Cajun_92> <http://www.example.com/genealogy.owl#hasTopping> <http://www.example.com/genealogy.owl#AmericanHot_131> }","hasTopping","FALSE",1,1
"2hop-NamedPizza_Cajun_92_Cajun_92-Cajun_92-rdf:type-Food-BIN","NamedPizza_Cajun_92",117,256,"Membership","BIN","ASK WHERE { <http://www.example.com/genealogy.owl#Cajun_92> <http://www.w3.org/1999/02/22-rdf-syntax-ns#type> <http://www.example.com/genealogy.owl#Food> }","rdf:type","TRUE",3,3
"2hop-NamedPizza_Cajun_92_Cajun_92-Cajun_92-rdf:type-American-NEG-BIN","NamedPizza_Cajun_92",117,256,"Membership","BIN","ASK WHERE { <http://www.example.com/genealogy.owl#Cajun_92> <http://www.w3.org/1999/02/22-rdf-syntax-ns#type> <http://www.example.com/genealogy.owl#American> }","rdf:type","FALSE",3,3
"2hop-NamedPizza_Capricciosa_101_Capricciosa_101-Capricciosa_101-hasTopping-MC","NamedPizza_Capricciosa_101",117,257,"Property Assertion","MC","SELECT ?x WHERE { <http://www.example.com/genealogy.owl#Capricciosa_101> <http://www.example.com/genealogy.owl#hasTopping> ?x }","hasTopping","AnchoviesTopping_dynamic_1; CaperTopping_dynamic_1; HamTopping_dynamic_1; MozzarellaTopping_dynamic_1; OliveTopping_dynamic_1; PeperonataTopping_dynamic_1; TomatoTopping_dynamic_1",1,1
"2hop-NamedPizza_Capricciosa_101_Capricciosa_101-Capricciosa_101-rdf:type-Food-BIN","NamedPizza_Capricciosa_101",117,257,"Membership","BIN","ASK WHERE { <http://www.example.com/genealogy.owl#Capricciosa_101> <http://www.w3.org/1999/02/22-rdf-syntax-ns#type> <http://www.example.com/genealogy.owl#Food> }","rdf:type","TRUE",3,3
"2hop-NamedPizza_Capricciosa_101_Capricciosa_101-Capricciosa_101-rdf:type-American-NEG-BIN","NamedPizza_Capricciosa_101",117,257,"Membership","BIN","ASK WHERE { <http://www.example.com/genealogy.owl#Capricciosa_101> <http://www.w3.org/1999/02/22-rdf-syntax-ns#type> <http://www.example.com/genealogy.owl#American> }","rdf:type","FALSE",3,3
"2hop-NamedPizza_Capricciosa_101_Capricciosa_101-Capricciosa_101-rdf:type-MC","NamedPizza_Capricciosa_101",117,257,"Membership","MC","SELECT ?x WHERE { <http://www.example.com/genealogy.owl#Capricciosa_101> <http://www.w3.org/1999/02/22-rdf-syntax-ns#type> ?x }","rdf:type","DomainConcept; Food; Pizza",3,3
"2hop-NamedPizza_Capricciosa_101_Capricciosa_101-Capricciosa_101-hasIngredient-MC","NamedPizza_Capricciosa_101",117,257,"Property Assertion","MC","SELECT ?x WHERE { <http://www.example.com/genealogy.owl#Capricciosa_101> <http://www.example.com/genealogy.owl#hasIngredient> ?x }","hasIngredient","AnchoviesTopping_dynamic_1; CaperTopping_dynamic_1; HamTopping_dynamic_1; MozzarellaTopping_dynamic_1; OliveTopping_dynamic_1; PeperonataTopping_dynamic_1; TomatoTopping_dynamic_1",2,2
"2hop-NamedPizza_Capricciosa_101_Capricciosa_101-Capricciosa_101-hasIngredient-AnchoviesTopping_dynamic_1-BIN","NamedPizza_Capricciosa_101",117,257,"Property Assertion","BIN","ASK WHERE { <http://www.example.com/genealogy.owl#Capricciosa_101> <http://www.example.com/genealogy.owl#hasIngredient> <http://www.example.com/genealogy.owl#AnchoviesTopping_dynamic_1> }","hasIngredient","TRUE",2,2
"2hop-NamedPizza_Capricciosa_101_Capricciosa_101-Capricciosa_101-hasIngredient-AmericanHot_131-NEG-BIN","NamedPizza_Capricciosa_101",117,257,"Property Assertion","BIN","ASK WHERE { <http://www.example.com/genealogy.owl#Capricciosa_101> <http://www.example.com/genealogy.owl#hasIngredient> <http://www.example.com/genealogy.owl#AmericanHot_131> }","hasIngredient","FALSE",2,2
"2hop-NamedPizza_Capricciosa_101_Capricciosa_101-Capricciosa_101-hasTopping-AnchoviesTopping_dynamic_1-BIN","NamedPizza_Capricciosa_101",117,257,"Property Assertion","BIN","ASK WHERE { <http://www.example.com/genealogy.owl#Capricciosa_101> <http://www.example.com/genealogy.owl#hasTopping> <http://www.example.com/genealogy.owl#AnchoviesTopping_dynamic_1> }","hasTopping","TRUE",1,1
"2hop-NamedPizza_Capricciosa_101_Capricciosa_101-Capricciosa_101-hasTopping-AmericanHot_131-NEG-BIN","NamedPizza_Capricciosa_101",117,257,"Property Assertion","BIN","ASK WHERE { <http://www.example.com/genealogy.owl#Capricciosa_101> <http://www.example.com/genealogy.owl#hasTopping> <http://www.example.com/genealogy.owl#AmericanHot_131> }","hasTopping","FALSE",1,1
"2hop-NamedPizza_Capricciosa_117_Capricciosa_117-Capricciosa_117-hasIngredient-MC","NamedPizza_Capricciosa_117",117,257,"Property Assertion","MC","SELECT ?x WHERE { <http://www.example.com/genealogy.owl#Capricciosa_117> <http://www.example.com/genealogy.owl#hasIngredient> ?x }","hasIngredient","AnchoviesTopping_dynamic_1; CaperTopping_dynamic_1; HamTopping_dynamic_1; MozzarellaTopping_dynamic_1; OliveTopping_dynamic_1; PeperonataTopping_dynamic_1; TomatoTopping_dynamic_1",2,2
"2hop-NamedPizza_Capricciosa_117_Capricciosa_117-Capricciosa_117-hasTopping-MC","NamedPizza_Capricciosa_117",117,257,"Property Assertion","MC","SELECT ?x WHERE { <http://www.example.com/genealogy.owl#Capricciosa_117> <http://www.example.com/genealogy.owl#hasTopping> ?x }","hasTopping","AnchoviesTopping_dynamic_1; CaperTopping_dynamic_1; HamTopping_dynamic_1; MozzarellaTopping_dynamic_1; OliveTopping_dynamic_1; PeperonataTopping_dynamic_1; TomatoTopping_dynamic_1",1,1
"2hop-NamedPizza_Capricciosa_117_Capricciosa_117-Capricciosa_117-hasTopping-AnchoviesTopping_dynamic_1-BIN","NamedPizza_Capricciosa_117",117,257,"Property Assertion","BIN","ASK WHERE { <http://www.example.com/genealogy.owl#Capricciosa_117> <http://www.example.com/genealogy.owl#hasTopping> <http://www.example.com/genealogy.owl#AnchoviesTopping_dynamic_1> }","hasTopping","TRUE",1,1
"2hop-NamedPizza_Capricciosa_117_Capricciosa_117-Capricciosa_117-hasTopping-AmericanHot_131-NEG-BIN","NamedPizza_Capricciosa_117",117,257,"Property Assertion","BIN","ASK WHERE { <http://www.example.com/genealogy.owl#Capricciosa_117> <http://www.example.com/genealogy.owl#hasTopping> <http://www.example.com/genealogy.owl#AmericanHot_131> }","hasTopping","FALSE",1,1
"2hop-NamedPizza_Capricciosa_117_Capricciosa_117-Capricciosa_117-rdf:type-Food-BIN","NamedPizza_Capricciosa_117",117,257,"Membership","BIN","ASK WHERE { <http://www.example.com/genealogy.owl#Capricciosa_117> <http://www.w3.org/1999/02/22-rdf-syntax-ns#type> <http://www.example.com/genealogy.owl#Food> }","rdf:type","TRUE",3,3
"2hop-NamedPizza_Capricciosa_117_Capricciosa_117-Capricciosa_117-rdf:type-American-NEG-BIN","NamedPizza_Capricciosa_117",117,257,"Membership","BIN","ASK WHERE { <http://www.example.com/genealogy.owl#Capricciosa_117> <http://www.w3.org/1999/02/22-rdf-syntax-ns#type> <http://www.example.com/genealogy.owl#American> }","rdf:type","FALSE",3,3
"2hop-NamedPizza_Capricciosa_117_Capricciosa_117-Capricciosa_117-rdf:type-MC","NamedPizza_Capricciosa_117",117,257,"Membership","MC","SELECT ?x WHERE { <http://www.example.com/genealogy.owl#Capricciosa_117> <http://www.w3.org/1999/02/22-rdf-syntax-ns#type> ?x }","rdf:type","DomainConcept; Food; Pizza",3,3
"2hop-NamedPizza_Capricciosa_117_Capricciosa_117-Capricciosa_117-hasIngredient-AnchoviesTopping_dynamic_1-BIN","NamedPizza_Capricciosa_117",117,257,"Property Assertion","BIN","ASK WHERE { <http://www.example.com/genealogy.owl#Capricciosa_117> <http://www.example.com/genealogy.owl#hasIngredient> <http://www.example.com/genealogy.owl#AnchoviesTopping_dynamic_1> }","hasIngredient","TRUE",2,2
"2hop-NamedPizza_Capricciosa_117_Capricciosa_117-Capricciosa_117-hasIngredient-AmericanHot_131-NEG-BIN","NamedPizza_Capricciosa_117",117,257,"Property Assertion","BIN","ASK WHERE { <http://www.example.com/genealogy.owl#Capricciosa_117> <http://www.example.com/genealogy.owl#hasIngredient> <http://www.example.com/genealogy.owl#AmericanHot_131> }","hasIngredient","FALSE",2,2
"2hop-NamedPizza_Capricciosa_119_Capricciosa_119-Capricciosa_119-hasIngredient-MC","NamedPizza_Capricciosa_119",117,257,"Property Assertion","MC","SELECT ?x WHERE { <http://www.example.com/genealogy.owl#Capricciosa_119> <http://www.example.com/genealogy.owl#hasIngredient> ?x }","hasIngredient","AnchoviesTopping_dynamic_1; CaperTopping_dynamic_1; HamTopping_dynamic_1; MozzarellaTopping_dynamic_1; OliveTopping_dynamic_1; PeperonataTopping_dynamic_1; TomatoTopping_dynamic_1",2,2
"2hop-NamedPizza_Capricciosa_119_Capricciosa_119-Capricciosa_119-rdf:type-Food-BIN","NamedPizza_Capricciosa_119",117,257,"Membership","BIN","ASK WHERE { <http://www.example.com/genealogy.owl#Capricciosa_119> <http://www.w3.org/1999/02/22-rdf-syntax-ns#type> <http://www.example.com/genealogy.owl#Food> }","rdf:type","TRUE",3,3
"2hop-NamedPizza_Capricciosa_119_Capricciosa_119-Capricciosa_119-rdf:type-American-NEG-BIN","NamedPizza_Capricciosa_119",117,257,"Membership","BIN","ASK WHERE { <http://www.example.com/genealogy.owl#Capricciosa_119> <http://www.w3.org/1999/02/22-rdf-syntax-ns#type> <http://www.example.com/genealogy.owl#American> }","rdf:type","FALSE",3,3
"2hop-NamedPizza_Capricciosa_119_Capricciosa_119-Capricciosa_119-rdf:type-MC","NamedPizza_Capricciosa_119",117,257,"Membership","MC","SELECT ?x WHERE { <http://www.example.com/genealogy.owl#Capricciosa_119> <http://www.w3.org/1999/02/22-rdf-syntax-ns#type> ?x }","rdf:type","DomainConcept; Food; Pizza",3,3
"2hop-NamedPizza_Capricciosa_119_Capricciosa_119-Capricciosa_119-hasTopping-MC","NamedPizza_Capricciosa_119",117,257,"Property Assertion","MC","SELECT ?x WHERE { <http://www.example.com/genealogy.owl#Capricciosa_119> <http://www.example.com/genealogy.owl#hasTopping> ?x }","hasTopping","AnchoviesTopping_dynamic_1; CaperTopping_dynamic_1; HamTopping_dynamic_1; MozzarellaTopping_dynamic_1; OliveTopping_dynamic_1; PeperonataTopping_dynamic_1; TomatoTopping_dynamic_1",1,1
"2hop-NamedPizza_Capricciosa_119_Capricciosa_119-Capricciosa_119-hasIngredient-AnchoviesTopping_dynamic_1-BIN","NamedPizza_Capricciosa_119",117,257,"Property Assertion","BIN","ASK WHERE { <http://www.example.com/genealogy.owl#Capricciosa_119> <http://www.example.com/genealogy.owl#hasIngredient> <http://www.example.com/genealogy.owl#AnchoviesTopping_dynamic_1> }","hasIngredient","TRUE",2,2
"2hop-NamedPizza_Capricciosa_119_Capricciosa_119-Capricciosa_119-hasIngredient-AmericanHot_131-NEG-BIN","NamedPizza_Capricciosa_119",117,257,"Property Assertion","BIN","ASK WHERE { <http://www.example.com/genealogy.owl#Capricciosa_119> <http://www.example.com/genealogy.owl#hasIngredient> <http://www.example.com/genealogy.owl#AmericanHot_131> }","hasIngredient","FALSE",2,2
"2hop-NamedPizza_Capricciosa_119_Capricciosa_119-Capricciosa_119-hasTopping-AnchoviesTopping_dynamic_1-BIN","NamedPizza_Capricciosa_119",117,257,"Property Assertion","BIN","ASK WHERE { <http://www.example.com/genealogy.owl#Capricciosa_119> <http://www.example.com/genealogy.owl#hasTopping> <http://www.example.com/genealogy.owl#AnchoviesTopping_dynamic_1> }","hasTopping","TRUE",1,1
"2hop-NamedPizza_Capricciosa_119_Capricciosa_119-Capricciosa_119-hasTopping-AmericanHot_131-NEG-BIN","NamedPizza_Capricciosa_119",117,257,"Property Assertion","BIN","ASK WHERE { <http://www.example.com/genealogy.owl#Capricciosa_119> <http://www.example.com/genealogy.owl#hasTopping> <http://www.example.com/genealogy.owl#AmericanHot_131> }","hasTopping","FALSE",1,1
"2hop-NamedPizza_Capricciosa_125_Capricciosa_125-Capricciosa_125-hasTopping-MC","NamedPizza_Capricciosa_125",117,257,"Property Assertion","MC","SELECT ?x WHERE { <http://www.example.com/genealogy.owl#Capricciosa_125> <http://www.example.com/genealogy.owl#hasTopping> ?x }","hasTopping","AnchoviesTopping_dynamic_1; CaperTopping_dynamic_1; HamTopping_dynamic_1; MozzarellaTopping_dynamic_1; OliveTopping_dynamic_1; PeperonataTopping_dynamic_1; TomatoTopping_dynamic_1",1,1
"2hop-NamedPizza_Capricciosa_125_Capricciosa_125-Capricciosa_125-hasIngredient-MC","NamedPizza_Capricciosa_125",117,257,"Property Assertion","MC","SELECT ?x WHERE { <http://www.example.com/genealogy.owl#Capricciosa_125> <http://www.example.com/genealogy.owl#hasIngredient> ?x }","hasIngredient","AnchoviesTopping_dynamic_1; CaperTopping_dynamic_1; HamTopping_dynamic_1; MozzarellaTopping_dynamic_1; OliveTopping_dynamic_1; PeperonataTopping_dynamic_1; TomatoTopping_dynamic_1",2,2
"2hop-NamedPizza_Capricciosa_125_Capricciosa_125-Capricciosa_125-rdf:type-Food-BIN","NamedPizza_Capricciosa_125",117,257,"Membership","BIN","ASK WHERE { <http://www.example.com/genealogy.owl#Capricciosa_125> <http://www.w3.org/1999/02/22-rdf-syntax-ns#type> <http://www.example.com/genealogy.owl#Food> }","rdf:type","TRUE",3,3
"2hop-NamedPizza_Capricciosa_125_Capricciosa_125-Capricciosa_125-rdf:type-American-NEG-BIN","NamedPizza_Capricciosa_125",117,257,"Membership","BIN","ASK WHERE { <http://www.example.com/genealogy.owl#Capricciosa_125> <http://www.w3.org/1999/02/22-rdf-syntax-ns#type> <http://www.example.com/genealogy.owl#American> }","rdf:type","FALSE",3,3
"2hop-NamedPizza_Capricciosa_125_Capricciosa_125-Capricciosa_125-rdf:type-MC","NamedPizza_Capricciosa_125",117,257,"Membership","MC","SELECT ?x WHERE { <http://www.example.com/genealogy.owl#Capricciosa_125> <http://www.w3.org/1999/02/22-rdf-syntax-ns#type> ?x }","rdf:type","DomainConcept; Food; Pizza",3,3
"2hop-NamedPizza_Capricciosa_125_Capricciosa_125-Capricciosa_125-hasTopping-AnchoviesTopping_dynamic_1-BIN","NamedPizza_Capricciosa_125",117,257,"Property Assertion","BIN","ASK WHERE { <http://www.example.com/genealogy.owl#Capricciosa_125> <http://www.example.com/genealogy.owl#hasTopping> <http://www.example.com/genealogy.owl#AnchoviesTopping_dynamic_1> }","hasTopping","TRUE",1,1
"2hop-NamedPizza_Capricciosa_125_Capricciosa_125-Capricciosa_125-hasTopping-AmericanHot_131-NEG-BIN","NamedPizza_Capricciosa_125",117,257,"Property Assertion","BIN","ASK WHERE { <http://www.example.com/genealogy.owl#Capricciosa_125> <http://www.example.com/genealogy.owl#hasTopping> <http://www.example.com/genealogy.owl#AmericanHot_131> }","hasTopping","FALSE",1,1
"2hop-NamedPizza_Capricciosa_125_Capricciosa_125-Capricciosa_125-hasIngredient-AnchoviesTopping_dynamic_1-BIN","NamedPizza_Capricciosa_125",117,257,"Property Assertion","BIN","ASK WHERE { <http://www.example.com/genealogy.owl#Capricciosa_125> <http://www.example.com/genealogy.owl#hasIngredient> <http://www.example.com/genealogy.owl#AnchoviesTopping_dynamic_1> }","hasIngredient","TRUE",2,2
"2hop-NamedPizza_Capricciosa_125_Capricciosa_125-Capricciosa_125-hasIngredient-AmericanHot_131-NEG-BIN","NamedPizza_Capricciosa_125",117,257,"Property Assertion","BIN","ASK WHERE { <http://www.example.com/genealogy.owl#Capricciosa_125> <http://www.example.com/genealogy.owl#hasIngredient> <http://www.example.com/genealogy.owl#AmericanHot_131> }","hasIngredient","FALSE",2,2
"2hop-NamedPizza_Capricciosa_159_Capricciosa_159-Capricciosa_159-hasTopping-MC","NamedPizza_Capricciosa_159",117,257,"Property Assertion","MC","SELECT ?x WHERE { <http://www.example.com/genealogy.owl#Capricciosa_159> <http://www.example.com/genealogy.owl#hasTopping> ?x }","hasTopping","AnchoviesTopping_dynamic_1; CaperTopping_dynamic_1; HamTopping_dynamic_1; MozzarellaTopping_dynamic_1; OliveTopping_dynamic_1; PeperonataTopping_dynamic_1; TomatoTopping_dynamic_1",1,1
"2hop-NamedPizza_Capricciosa_159_Capricciosa_159-Capricciosa_159-hasIngredient-MC","NamedPizza_Capricciosa_159",117,257,"Property Assertion","MC","SELECT ?x WHERE { <http://www.example.com/genealogy.owl#Capricciosa_159> <http://www.example.com/genealogy.owl#hasIngredient> ?x }","hasIngredient","AnchoviesTopping_dynamic_1; CaperTopping_dynamic_1; HamTopping_dynamic_1; MozzarellaTopping_dynamic_1; OliveTopping_dynamic_1; PeperonataTopping_dynamic_1; TomatoTopping_dynamic_1",2,2
"2hop-NamedPizza_Capricciosa_159_Capricciosa_159-Capricciosa_159-rdf:type-MC","NamedPizza_Capricciosa_159",117,257,"Membership","MC","SELECT ?x WHERE { <http://www.example.com/genealogy.owl#Capricciosa_159> <http://www.w3.org/1999/02/22-rdf-syntax-ns#type> ?x }","rdf:type","DomainConcept; Food; Pizza",2,2
"2hop-NamedPizza_Capricciosa_159_Capricciosa_159-Capricciosa_159-hasTopping-AnchoviesTopping_dynamic_1-BIN","NamedPizza_Capricciosa_159",117,257,"Property Assertion","BIN","ASK WHERE { <http://www.example.com/genealogy.owl#Capricciosa_159> <http://www.example.com/genealogy.owl#hasTopping> <http://www.example.com/genealogy.owl#AnchoviesTopping_dynamic_1> }","hasTopping","TRUE",1,1
"2hop-NamedPizza_Capricciosa_159_Capricciosa_159-Capricciosa_159-hasTopping-AmericanHot_131-NEG-BIN","NamedPizza_Capricciosa_159",117,257,"Property Assertion","BIN","ASK WHERE { <http://www.example.com/genealogy.owl#Capricciosa_159> <http://www.example.com/genealogy.owl#hasTopping> <http://www.example.com/genealogy.owl#AmericanHot_131> }","hasTopping","FALSE",1,1
"2hop-NamedPizza_Capricciosa_159_Capricciosa_159-Capricciosa_159-rdf:type-Food-BIN","NamedPizza_Capricciosa_159",117,257,"Membership","BIN","ASK WHERE { <http://www.example.com/genealogy.owl#Capricciosa_159> <http://www.w3.org/1999/02/22-rdf-syntax-ns#type> <http://www.example.com/genealogy.owl#Food> }","rdf:type","TRUE",3,3
"2hop-NamedPizza_Capricciosa_159_Capricciosa_159-Capricciosa_159-rdf:type-American-NEG-BIN","NamedPizza_Capricciosa_159",117,257,"Membership","BIN","ASK WHERE { <http://www.example.com/genealogy.owl#Capricciosa_159> <http://www.w3.org/1999/02/22-rdf-syntax-ns#type> <http://www.example.com/genealogy.owl#American> }","rdf:type","FALSE",3,3
"2hop-NamedPizza_Capricciosa_159_Capricciosa_159-Capricciosa_159-hasIngredient-AnchoviesTopping_dynamic_1-BIN","NamedPizza_Capricciosa_159",117,257,"Property Assertion","BIN","ASK WHERE { <http://www.example.com/genealogy.owl#Capricciosa_159> <http://www.example.com/genealogy.owl#hasIngredient> <http://www.example.com/genealogy.owl#AnchoviesTopping_dynamic_1> }","hasIngredient","TRUE",2,2
"2hop-NamedPizza_Capricciosa_159_Capricciosa_159-Capricciosa_159-hasIngredient-AmericanHot_131-NEG-BIN","NamedPizza_Capricciosa_159",117,257,"Property Assertion","BIN","ASK WHERE { <http://www.example.com/genealogy.owl#Capricciosa_159> <http://www.example.com/genealogy.owl#hasIngredient> <http://www.example.com/genealogy.owl#AmericanHot_131> }","hasIngredient","FALSE",2,2
"2hop-NamedPizza_Capricciosa_16_Capricciosa_16-Capricciosa_16-hasTopping-AnchoviesTopping_dynamic_1-BIN","NamedPizza_Capricciosa_16",117,257,"Property Assertion","BIN","ASK WHERE { <http://www.example.com/genealogy.owl#Capricciosa_16> <http://www.example.com/genealogy.owl#hasTopping> <http://www.example.com/genealogy.owl#AnchoviesTopping_dynamic_1> }","hasTopping","TRUE",1,1
"2hop-NamedPizza_Capricciosa_16_Capricciosa_16-Capricciosa_16-hasTopping-AmericanHot_131-NEG-BIN","NamedPizza_Capricciosa_16",117,257,"Property Assertion","BIN","ASK WHERE { <http://www.example.com/genealogy.owl#Capricciosa_16> <http://www.example.com/genealogy.owl#hasTopping> <http://www.example.com/genealogy.owl#AmericanHot_131> }","hasTopping","FALSE",1,1
"2hop-NamedPizza_Capricciosa_16_Capricciosa_16-Capricciosa_16-hasTopping-MC","NamedPizza_Capricciosa_16",117,257,"Property Assertion","MC","SELECT ?x WHERE { <http://www.example.com/genealogy.owl#Capricciosa_16> <http://www.example.com/genealogy.owl#hasTopping> ?x }","hasTopping","AnchoviesTopping_dynamic_1; CaperTopping_dynamic_1; HamTopping_dynamic_1; MozzarellaTopping_dynamic_1; OliveTopping_dynamic_1; PeperonataTopping_dynamic_1; TomatoTopping_dynamic_1",1,1
"2hop-NamedPizza_Capricciosa_16_Capricciosa_16-Capricciosa_16-hasIngredient-MC","NamedPizza_Capricciosa_16",117,257,"Property Assertion","MC","SELECT ?x WHERE { <http://www.example.com/genealogy.owl#Capricciosa_16> <http://www.example.com/genealogy.owl#hasIngredient> ?x }","hasIngredient","AnchoviesTopping_dynamic_1; CaperTopping_dynamic_1; HamTopping_dynamic_1; MozzarellaTopping_dynamic_1; OliveTopping_dynamic_1; PeperonataTopping_dynamic_1; TomatoTopping_dynamic_1",2,2
"2hop-NamedPizza_Capricciosa_16_Capricciosa_16-Capricciosa_16-rdf:type-MC","NamedPizza_Capricciosa_16",117,257,"Membership","MC","SELECT ?x WHERE { <http://www.example.com/genealogy.owl#Capricciosa_16> <http://www.w3.org/1999/02/22-rdf-syntax-ns#type> ?x }","rdf:type","DomainConcept; Food; Pizza",2,2
"2hop-NamedPizza_Capricciosa_16_Capricciosa_16-Capricciosa_16-rdf:type-Food-BIN","NamedPizza_Capricciosa_16",117,257,"Membership","BIN","ASK WHERE { <http://www.example.com/genealogy.owl#Capricciosa_16> <http://www.w3.org/1999/02/22-rdf-syntax-ns#type> <http://www.example.com/genealogy.owl#Food> }","rdf:type","TRUE",3,3
"2hop-NamedPizza_Capricciosa_16_Capricciosa_16-Capricciosa_16-rdf:type-American-NEG-BIN","NamedPizza_Capricciosa_16",117,257,"Membership","BIN","ASK WHERE { <http://www.example.com/genealogy.owl#Capricciosa_16> <http://www.w3.org/1999/02/22-rdf-syntax-ns#type> <http://www.example.com/genealogy.owl#American> }","rdf:type","FALSE",3,3
"2hop-NamedPizza_Capricciosa_16_Capricciosa_16-Capricciosa_16-hasIngredient-AnchoviesTopping_dynamic_1-BIN","NamedPizza_Capricciosa_16",117,257,"Property Assertion","BIN","ASK WHERE { <http://www.example.com/genealogy.owl#Capricciosa_16> <http://www.example.com/genealogy.owl#hasIngredient> <http://www.example.com/genealogy.owl#AnchoviesTopping_dynamic_1> }","hasIngredient","TRUE",2,2
"2hop-NamedPizza_Capricciosa_16_Capricciosa_16-Capricciosa_16-hasIngredient-AmericanHot_131-NEG-BIN","NamedPizza_Capricciosa_16",117,257,"Property Assertion","BIN","ASK WHERE { <http://www.example.com/genealogy.owl#Capricciosa_16> <http://www.example.com/genealogy.owl#hasIngredient> <http://www.example.com/genealogy.owl#AmericanHot_131> }","hasIngredient","FALSE",2,2
"2hop-NamedPizza_Capricciosa_202_Capricciosa_202-Capricciosa_202-rdf:type-MC","NamedPizza_Capricciosa_202",117,257,"Membership","MC","SELECT ?x WHERE { <http://www.example.com/genealogy.owl#Capricciosa_202> <http://www.w3.org/1999/02/22-rdf-syntax-ns#type> ?x }","rdf:type","DomainConcept; Food; Pizza",2,2
"2hop-NamedPizza_Capricciosa_202_Capricciosa_202-Capricciosa_202-hasIngredient-MC","NamedPizza_Capricciosa_202",117,257,"Property Assertion","MC","SELECT ?x WHERE { <http://www.example.com/genealogy.owl#Capricciosa_202> <http://www.example.com/genealogy.owl#hasIngredient> ?x }","hasIngredient","AnchoviesTopping_dynamic_1; CaperTopping_dynamic_1; HamTopping_dynamic_1; MozzarellaTopping_dynamic_1; OliveTopping_dynamic_1; PeperonataTopping_dynamic_1; TomatoTopping_dynamic_1",2,2
"2hop-NamedPizza_Capricciosa_202_Capricciosa_202-Capricciosa_202-hasTopping-AnchoviesTopping_dynamic_1-BIN","NamedPizza_Capricciosa_202",117,257,"Property Assertion","BIN","ASK WHERE { <http://www.example.com/genealogy.owl#Capricciosa_202> <http://www.example.com/genealogy.owl#hasTopping> <http://www.example.com/genealogy.owl#AnchoviesTopping_dynamic_1> }","hasTopping","TRUE",1,1
"2hop-NamedPizza_Capricciosa_202_Capricciosa_202-Capricciosa_202-hasTopping-AmericanHot_131-NEG-BIN","NamedPizza_Capricciosa_202",117,257,"Property Assertion","BIN","ASK WHERE { <http://www.example.com/genealogy.owl#Capricciosa_202> <http://www.example.com/genealogy.owl#hasTopping> <http://www.example.com/genealogy.owl#AmericanHot_131> }","hasTopping","FALSE",1,1
"2hop-NamedPizza_Capricciosa_202_Capricciosa_202-Capricciosa_202-hasTopping-MC","NamedPizza_Capricciosa_202",117,257,"Property Assertion","MC","SELECT ?x WHERE { <http://www.example.com/genealogy.owl#Capricciosa_202> <http://www.example.com/genealogy.owl#hasTopping> ?x }","hasTopping","AnchoviesTopping_dynamic_1; CaperTopping_dynamic_1; HamTopping_dynamic_1; MozzarellaTopping_dynamic_1; OliveTopping_dynamic_1; PeperonataTopping_dynamic_1; TomatoTopping_dynamic_1",1,1
"2hop-NamedPizza_Capricciosa_202_Capricciosa_202-Capricciosa_202-hasIngredient-AnchoviesTopping_dynamic_1-BIN","NamedPizza_Capricciosa_202",117,257,"Property Assertion","BIN","ASK WHERE { <http://www.example.com/genealogy.owl#Capricciosa_202> <http://www.example.com/genealogy.owl#hasIngredient> <http://www.example.com/genealogy.owl#AnchoviesTopping_dynamic_1> }","hasIngredient","TRUE",2,2
"2hop-NamedPizza_Capricciosa_202_Capricciosa_202-Capricciosa_202-hasIngredient-AmericanHot_131-NEG-BIN","NamedPizza_Capricciosa_202",117,257,"Property Assertion","BIN","ASK WHERE { <http://www.example.com/genealogy.owl#Capricciosa_202> <http://www.example.com/genealogy.owl#hasIngredient> <http://www.example.com/genealogy.owl#AmericanHot_131> }","hasIngredient","FALSE",2,2
"2hop-NamedPizza_Capricciosa_202_Capricciosa_202-Capricciosa_202-rdf:type-Food-BIN","NamedPizza_Capricciosa_202",117,257,"Membership","BIN","ASK WHERE { <http://www.example.com/genealogy.owl#Capricciosa_202> <http://www.w3.org/1999/02/22-rdf-syntax-ns#type> <http://www.example.com/genealogy.owl#Food> }","rdf:type","TRUE",3,3
"2hop-NamedPizza_Capricciosa_202_Capricciosa_202-Capricciosa_202-rdf:type-American-NEG-BIN","NamedPizza_Capricciosa_202",117,257,"Membership","BIN","ASK WHERE { <http://www.example.com/genealogy.owl#Capricciosa_202> <http://www.w3.org/1999/02/22-rdf-syntax-ns#type> <http://www.example.com/genealogy.owl#American> }","rdf:type","FALSE",3,3
"2hop-NamedPizza_Capricciosa_212_Capricciosa_212-Capricciosa_212-hasIngredient-MC","NamedPizza_Capricciosa_212",117,257,"Property Assertion","MC","SELECT ?x WHERE { <http://www.example.com/genealogy.owl#Capricciosa_212> <http://www.example.com/genealogy.owl#hasIngredient> ?x }","hasIngredient","AnchoviesTopping_dynamic_1; CaperTopping_dynamic_1; HamTopping_dynamic_1; MozzarellaTopping_dynamic_1; OliveTopping_dynamic_1; PeperonataTopping_dynamic_1; TomatoTopping_dynamic_1",2,2
"2hop-NamedPizza_Capricciosa_212_Capricciosa_212-Capricciosa_212-hasTopping-MC","NamedPizza_Capricciosa_212",117,257,"Property Assertion","MC","SELECT ?x WHERE { <http://www.example.com/genealogy.owl#Capricciosa_212> <http://www.example.com/genealogy.owl#hasTopping> ?x }","hasTopping","AnchoviesTopping_dynamic_1; CaperTopping_dynamic_1; HamTopping_dynamic_1; MozzarellaTopping_dynamic_1; OliveTopping_dynamic_1; PeperonataTopping_dynamic_1; TomatoTopping_dynamic_1",1,1
"2hop-NamedPizza_Capricciosa_212_Capricciosa_212-Capricciosa_212-hasIngredient-AnchoviesTopping_dynamic_1-BIN","NamedPizza_Capricciosa_212",117,257,"Property Assertion","BIN","ASK WHERE { <http://www.example.com/genealogy.owl#Capricciosa_212> <http://www.example.com/genealogy.owl#hasIngredient> <http://www.example.com/genealogy.owl#AnchoviesTopping_dynamic_1> }","hasIngredient","TRUE",2,2
"2hop-NamedPizza_Capricciosa_212_Capricciosa_212-Capricciosa_212-hasIngredient-AmericanHot_131-NEG-BIN","NamedPizza_Capricciosa_212",117,257,"Property Assertion","BIN","ASK WHERE { <http://www.example.com/genealogy.owl#Capricciosa_212> <http://www.example.com/genealogy.owl#hasIngredient> <http://www.example.com/genealogy.owl#AmericanHot_131> }","hasIngredient","FALSE",2,2
"2hop-NamedPizza_Capricciosa_212_Capricciosa_212-Capricciosa_212-rdf:type-Food-BIN","NamedPizza_Capricciosa_212",117,257,"Membership","BIN","ASK WHERE { <http://www.example.com/genealogy.owl#Capricciosa_212> <http://www.w3.org/1999/02/22-rdf-syntax-ns#type> <http://www.example.com/genealogy.owl#Food> }","rdf:type","TRUE",3,3
"2hop-NamedPizza_Capricciosa_212_Capricciosa_212-Capricciosa_212-rdf:type-American-NEG-BIN","NamedPizza_Capricciosa_212",117,257,"Membership","BIN","ASK WHERE { <http://www.example.com/genealogy.owl#Capricciosa_212> <http://www.w3.org/1999/02/22-rdf-syntax-ns#type> <http://www.example.com/genealogy.owl#American> }","rdf:type","FALSE",3,3
"2hop-NamedPizza_Capricciosa_212_Capricciosa_212-Capricciosa_212-rdf:type-MC","NamedPizza_Capricciosa_212",117,257,"Membership","MC","SELECT ?x WHERE { <http://www.example.com/genealogy.owl#Capricciosa_212> <http://www.w3.org/1999/02/22-rdf-syntax-ns#type> ?x }","rdf:type","DomainConcept; Food; Pizza",3,3
"2hop-NamedPizza_Capricciosa_212_Capricciosa_212-Capricciosa_212-hasTopping-AnchoviesTopping_dynamic_1-BIN","NamedPizza_Capricciosa_212",117,257,"Property Assertion","BIN","ASK WHERE { <http://www.example.com/genealogy.owl#Capricciosa_212> <http://www.example.com/genealogy.owl#hasTopping> <http://www.example.com/genealogy.owl#AnchoviesTopping_dynamic_1> }","hasTopping","TRUE",1,1
"2hop-NamedPizza_Capricciosa_212_Capricciosa_212-Capricciosa_212-hasTopping-AmericanHot_131-NEG-BIN","NamedPizza_Capricciosa_212",117,257,"Property Assertion","BIN","ASK WHERE { <http://www.example.com/genealogy.owl#Capricciosa_212> <http://www.example.com/genealogy.owl#hasTopping> <http://www.example.com/genealogy.owl#AmericanHot_131> }","hasTopping","FALSE",1,1
"2hop-NamedPizza_Capricciosa_216_Capricciosa_216-Capricciosa_216-hasIngredient-AnchoviesTopping_dynamic_1-BIN","NamedPizza_Capricciosa_216",117,257,"Property Assertion","BIN","ASK WHERE { <http://www.example.com/genealogy.owl#Capricciosa_216> <http://www.example.com/genealogy.owl#hasIngredient> <http://www.example.com/genealogy.owl#AnchoviesTopping_dynamic_1> }","hasIngredient","TRUE",2,2
"2hop-NamedPizza_Capricciosa_216_Capricciosa_216-Capricciosa_216-hasIngredient-AmericanHot_131-NEG-BIN","NamedPizza_Capricciosa_216",117,257,"Property Assertion","BIN","ASK WHERE { <http://www.example.com/genealogy.owl#Capricciosa_216> <http://www.example.com/genealogy.owl#hasIngredient> <http://www.example.com/genealogy.owl#AmericanHot_131> }","hasIngredient","FALSE",2,2
"2hop-NamedPizza_Capricciosa_216_Capricciosa_216-Capricciosa_216-hasIngredient-MC","NamedPizza_Capricciosa_216",117,257,"Property Assertion","MC","SELECT ?x WHERE { <http://www.example.com/genealogy.owl#Capricciosa_216> <http://www.example.com/genealogy.owl#hasIngredient> ?x }","hasIngredient","AnchoviesTopping_dynamic_1; CaperTopping_dynamic_1; HamTopping_dynamic_1; MozzarellaTopping_dynamic_1; OliveTopping_dynamic_1; PeperonataTopping_dynamic_1; TomatoTopping_dynamic_1",2,2
"2hop-NamedPizza_Capricciosa_216_Capricciosa_216-Capricciosa_216-rdf:type-MC","NamedPizza_Capricciosa_216",117,257,"Membership","MC","SELECT ?x WHERE { <http://www.example.com/genealogy.owl#Capricciosa_216> <http://www.w3.org/1999/02/22-rdf-syntax-ns#type> ?x }","rdf:type","DomainConcept; Food; Pizza",4,4
"2hop-NamedPizza_Capricciosa_216_Capricciosa_216-Capricciosa_216-hasTopping-MC","NamedPizza_Capricciosa_216",117,257,"Property Assertion","MC","SELECT ?x WHERE { <http://www.example.com/genealogy.owl#Capricciosa_216> <http://www.example.com/genealogy.owl#hasTopping> ?x }","hasTopping","AnchoviesTopping_dynamic_1; CaperTopping_dynamic_1; HamTopping_dynamic_1; MozzarellaTopping_dynamic_1; OliveTopping_dynamic_1; PeperonataTopping_dynamic_1; TomatoTopping_dynamic_1",1,1
"2hop-NamedPizza_Capricciosa_216_Capricciosa_216-Capricciosa_216-hasTopping-AnchoviesTopping_dynamic_1-BIN","NamedPizza_Capricciosa_216",117,257,"Property Assertion","BIN","ASK WHERE { <http://www.example.com/genealogy.owl#Capricciosa_216> <http://www.example.com/genealogy.owl#hasTopping> <http://www.example.com/genealogy.owl#AnchoviesTopping_dynamic_1> }","hasTopping","TRUE",1,1
"2hop-NamedPizza_Capricciosa_216_Capricciosa_216-Capricciosa_216-hasTopping-AmericanHot_131-NEG-BIN","NamedPizza_Capricciosa_216",117,257,"Property Assertion","BIN","ASK WHERE { <http://www.example.com/genealogy.owl#Capricciosa_216> <http://www.example.com/genealogy.owl#hasTopping> <http://www.example.com/genealogy.owl#AmericanHot_131> }","hasTopping","FALSE",1,1
"2hop-NamedPizza_Capricciosa_216_Capricciosa_216-Capricciosa_216-rdf:type-Food-BIN","NamedPizza_Capricciosa_216",117,257,"Membership","BIN","ASK WHERE { <http://www.example.com/genealogy.owl#Capricciosa_216> <http://www.w3.org/1999/02/22-rdf-syntax-ns#type> <http://www.example.com/genealogy.owl#Food> }","rdf:type","TRUE",3,3
"2hop-NamedPizza_Capricciosa_216_Capricciosa_216-Capricciosa_216-rdf:type-American-NEG-BIN","NamedPizza_Capricciosa_216",117,257,"Membership","BIN","ASK WHERE { <http://www.example.com/genealogy.owl#Capricciosa_216> <http://www.w3.org/1999/02/22-rdf-syntax-ns#type> <http://www.example.com/genealogy.owl#American> }","rdf:type","FALSE",3,3
"2hop-NamedPizza_Capricciosa_46_Capricciosa_46-Capricciosa_46-hasTopping-MC","NamedPizza_Capricciosa_46",117,257,"Property Assertion","MC","SELECT ?x WHERE { <http://www.example.com/genealogy.owl#Capricciosa_46> <http://www.example.com/genealogy.owl#hasTopping> ?x }","hasTopping","AnchoviesTopping_dynamic_1; CaperTopping_dynamic_1; HamTopping_dynamic_1; MozzarellaTopping_dynamic_1; OliveTopping_dynamic_1; PeperonataTopping_dynamic_1; TomatoTopping_dynamic_1",1,1
"2hop-NamedPizza_Capricciosa_46_Capricciosa_46-Capricciosa_46-rdf:type-MC","NamedPizza_Capricciosa_46",117,257,"Membership","MC","SELECT ?x WHERE { <http://www.example.com/genealogy.owl#Capricciosa_46> <http://www.w3.org/1999/02/22-rdf-syntax-ns#type> ?x }","rdf:type","DomainConcept; Food; Pizza",4,4
"2hop-NamedPizza_Capricciosa_46_Capricciosa_46-Capricciosa_46-hasIngredient-MC","NamedPizza_Capricciosa_46",117,257,"Property Assertion","MC","SELECT ?x WHERE { <http://www.example.com/genealogy.owl#Capricciosa_46> <http://www.example.com/genealogy.owl#hasIngredient> ?x }","hasIngredient","AnchoviesTopping_dynamic_1; CaperTopping_dynamic_1; HamTopping_dynamic_1; MozzarellaTopping_dynamic_1; OliveTopping_dynamic_1; PeperonataTopping_dynamic_1; TomatoTopping_dynamic_1",2,2
"2hop-NamedPizza_Capricciosa_46_Capricciosa_46-Capricciosa_46-hasIngredient-AnchoviesTopping_dynamic_1-BIN","NamedPizza_Capricciosa_46",117,257,"Property Assertion","BIN","ASK WHERE { <http://www.example.com/genealogy.owl#Capricciosa_46> <http://www.example.com/genealogy.owl#hasIngredient> <http://www.example.com/genealogy.owl#AnchoviesTopping_dynamic_1> }","hasIngredient","TRUE",2,2
"2hop-NamedPizza_Capricciosa_46_Capricciosa_46-Capricciosa_46-hasIngredient-AmericanHot_131-NEG-BIN","NamedPizza_Capricciosa_46",117,257,"Property Assertion","BIN","ASK WHERE { <http://www.example.com/genealogy.owl#Capricciosa_46> <http://www.example.com/genealogy.owl#hasIngredient> <http://www.example.com/genealogy.owl#AmericanHot_131> }","hasIngredient","FALSE",2,2
"2hop-NamedPizza_Capricciosa_46_Capricciosa_46-Capricciosa_46-rdf:type-Food-BIN","NamedPizza_Capricciosa_46",117,257,"Membership","BIN","ASK WHERE { <http://www.example.com/genealogy.owl#Capricciosa_46> <http://www.w3.org/1999/02/22-rdf-syntax-ns#type> <http://www.example.com/genealogy.owl#Food> }","rdf:type","TRUE",3,3
"2hop-NamedPizza_Capricciosa_46_Capricciosa_46-Capricciosa_46-rdf:type-American-NEG-BIN","NamedPizza_Capricciosa_46",117,257,"Membership","BIN","ASK WHERE { <http://www.example.com/genealogy.owl#Capricciosa_46> <http://www.w3.org/1999/02/22-rdf-syntax-ns#type> <http://www.example.com/genealogy.owl#American> }","rdf:type","FALSE",3,3
"2hop-NamedPizza_Capricciosa_46_Capricciosa_46-Capricciosa_46-hasTopping-AnchoviesTopping_dynamic_1-BIN","NamedPizza_Capricciosa_46",117,257,"Property Assertion","BIN","ASK WHERE { <http://www.example.com/genealogy.owl#Capricciosa_46> <http://www.example.com/genealogy.owl#hasTopping> <http://www.example.com/genealogy.owl#AnchoviesTopping_dynamic_1> }","hasTopping","TRUE",1,1
"2hop-NamedPizza_Capricciosa_46_Capricciosa_46-Capricciosa_46-hasTopping-AmericanHot_131-NEG-BIN","NamedPizza_Capricciosa_46",117,257,"Property Assertion","BIN","ASK WHERE { <http://www.example.com/genealogy.owl#Capricciosa_46> <http://www.example.com/genealogy.owl#hasTopping> <http://www.example.com/genealogy.owl#AmericanHot_131> }","hasTopping","FALSE",1,1
"2hop-NamedPizza_Capricciosa_47_Capricciosa_47-Capricciosa_47-hasTopping-MC","NamedPizza_Capricciosa_47",117,257,"Property Assertion","MC","SELECT ?x WHERE { <http://www.example.com/genealogy.owl#Capricciosa_47> <http://www.example.com/genealogy.owl#hasTopping> ?x }","hasTopping","AnchoviesTopping_dynamic_1; CaperTopping_dynamic_1; HamTopping_dynamic_1; MozzarellaTopping_dynamic_1; OliveTopping_dynamic_1; PeperonataTopping_dynamic_1; TomatoTopping_dynamic_1",1,1
"2hop-NamedPizza_Capricciosa_47_Capricciosa_47-Capricciosa_47-hasIngredient-MC","NamedPizza_Capricciosa_47",117,257,"Property Assertion","MC","SELECT ?x WHERE { <http://www.example.com/genealogy.owl#Capricciosa_47> <http://www.example.com/genealogy.owl#hasIngredient> ?x }","hasIngredient","AnchoviesTopping_dynamic_1; CaperTopping_dynamic_1; HamTopping_dynamic_1; MozzarellaTopping_dynamic_1; OliveTopping_dynamic_1; PeperonataTopping_dynamic_1; TomatoTopping_dynamic_1",2,2
"2hop-NamedPizza_Capricciosa_47_Capricciosa_47-Capricciosa_47-hasIngredient-AnchoviesTopping_dynamic_1-BIN","NamedPizza_Capricciosa_47",117,257,"Property Assertion","BIN","ASK WHERE { <http://www.example.com/genealogy.owl#Capricciosa_47> <http://www.example.com/genealogy.owl#hasIngredient> <http://www.example.com/genealogy.owl#AnchoviesTopping_dynamic_1> }","hasIngredient","TRUE",2,2
"2hop-NamedPizza_Capricciosa_47_Capricciosa_47-Capricciosa_47-hasIngredient-AmericanHot_131-NEG-BIN","NamedPizza_Capricciosa_47",117,257,"Property Assertion","BIN","ASK WHERE { <http://www.example.com/genealogy.owl#Capricciosa_47> <http://www.example.com/genealogy.owl#hasIngredient> <http://www.example.com/genealogy.owl#AmericanHot_131> }","hasIngredient","FALSE",2,2
"2hop-NamedPizza_Capricciosa_47_Capricciosa_47-Capricciosa_47-rdf:type-Food-BIN","NamedPizza_Capricciosa_47",117,257,"Membership","BIN","ASK WHERE { <http://www.example.com/genealogy.owl#Capricciosa_47> <http://www.w3.org/1999/02/22-rdf-syntax-ns#type> <http://www.example.com/genealogy.owl#Food> }","rdf:type","TRUE",3,3
"2hop-NamedPizza_Capricciosa_47_Capricciosa_47-Capricciosa_47-rdf:type-American-NEG-BIN","NamedPizza_Capricciosa_47",117,257,"Membership","BIN","ASK WHERE { <http://www.example.com/genealogy.owl#Capricciosa_47> <http://www.w3.org/1999/02/22-rdf-syntax-ns#type> <http://www.example.com/genealogy.owl#American> }","rdf:type","FALSE",3,3
"2hop-NamedPizza_Capricciosa_47_Capricciosa_47-Capricciosa_47-rdf:type-MC","NamedPizza_Capricciosa_47",117,257,"Membership","MC","SELECT ?x WHERE { <http://www.example.com/genealogy.owl#Capricciosa_47> <http://www.w3.org/1999/02/22-rdf-syntax-ns#type> ?x }","rdf:type","DomainConcept; Food; Pizza",3,3
"2hop-NamedPizza_Capricciosa_47_Capricciosa_47-Capricciosa_47-hasTopping-AnchoviesTopping_dynamic_1-BIN","NamedPizza_Capricciosa_47",117,257,"Property Assertion","BIN","ASK WHERE { <http://www.example.com/genealogy.owl#Capricciosa_47> <http://www.example.com/genealogy.owl#hasTopping> <http://www.example.com/genealogy.owl#AnchoviesTopping_dynamic_1> }","hasTopping","TRUE",1,1
"2hop-NamedPizza_Capricciosa_47_Capricciosa_47-Capricciosa_47-hasTopping-AmericanHot_131-NEG-BIN","NamedPizza_Capricciosa_47",117,257,"Property Assertion","BIN","ASK WHERE { <http://www.example.com/genealogy.owl#Capricciosa_47> <http://www.example.com/genealogy.owl#hasTopping> <http://www.example.com/genealogy.owl#AmericanHot_131> }","hasTopping","FALSE",1,1
"2hop-NamedPizza_Capricciosa_57_Capricciosa_57-Capricciosa_57-hasTopping-MC","NamedPizza_Capricciosa_57",117,257,"Property Assertion","MC","SELECT ?x WHERE { <http://www.example.com/genealogy.owl#Capricciosa_57> <http://www.example.com/genealogy.owl#hasTopping> ?x }","hasTopping","AnchoviesTopping_dynamic_1; CaperTopping_dynamic_1; HamTopping_dynamic_1; MozzarellaTopping_dynamic_1; OliveTopping_dynamic_1; PeperonataTopping_dynamic_1; TomatoTopping_dynamic_1",1,1
"2hop-NamedPizza_Capricciosa_57_Capricciosa_57-Capricciosa_57-hasIngredient-AnchoviesTopping_dynamic_1-BIN","NamedPizza_Capricciosa_57",117,257,"Property Assertion","BIN","ASK WHERE { <http://www.example.com/genealogy.owl#Capricciosa_57> <http://www.example.com/genealogy.owl#hasIngredient> <http://www.example.com/genealogy.owl#AnchoviesTopping_dynamic_1> }","hasIngredient","TRUE",2,2
"2hop-NamedPizza_Capricciosa_57_Capricciosa_57-Capricciosa_57-hasIngredient-AmericanHot_131-NEG-BIN","NamedPizza_Capricciosa_57",117,257,"Property Assertion","BIN","ASK WHERE { <http://www.example.com/genealogy.owl#Capricciosa_57> <http://www.example.com/genealogy.owl#hasIngredient> <http://www.example.com/genealogy.owl#AmericanHot_131> }","hasIngredient","FALSE",2,2
"2hop-NamedPizza_Capricciosa_57_Capricciosa_57-Capricciosa_57-hasIngredient-MC","NamedPizza_Capricciosa_57",117,257,"Property Assertion","MC","SELECT ?x WHERE { <http://www.example.com/genealogy.owl#Capricciosa_57> <http://www.example.com/genealogy.owl#hasIngredient> ?x }","hasIngredient","AnchoviesTopping_dynamic_1; CaperTopping_dynamic_1; HamTopping_dynamic_1; MozzarellaTopping_dynamic_1; OliveTopping_dynamic_1; PeperonataTopping_dynamic_1; TomatoTopping_dynamic_1",2,2
"2hop-NamedPizza_Capricciosa_57_Capricciosa_57-Capricciosa_57-rdf:type-MC","NamedPizza_Capricciosa_57",117,257,"Membership","MC","SELECT ?x WHERE { <http://www.example.com/genealogy.owl#Capricciosa_57> <http://www.w3.org/1999/02/22-rdf-syntax-ns#type> ?x }","rdf:type","DomainConcept; Food; Pizza",2,2
"2hop-NamedPizza_Capricciosa_57_Capricciosa_57-Capricciosa_57-rdf:type-Food-BIN","NamedPizza_Capricciosa_57",117,257,"Membership","BIN","ASK WHERE { <http://www.example.com/genealogy.owl#Capricciosa_57> <http://www.w3.org/1999/02/22-rdf-syntax-ns#type> <http://www.example.com/genealogy.owl#Food> }","rdf:type","TRUE",3,3
"2hop-NamedPizza_Capricciosa_57_Capricciosa_57-Capricciosa_57-rdf:type-American-NEG-BIN","NamedPizza_Capricciosa_57",117,257,"Membership","BIN","ASK WHERE { <http://www.example.com/genealogy.owl#Capricciosa_57> <http://www.w3.org/1999/02/22-rdf-syntax-ns#type> <http://www.example.com/genealogy.owl#American> }","rdf:type","FALSE",3,3
"2hop-NamedPizza_Capricciosa_57_Capricciosa_57-Capricciosa_57-hasTopping-AnchoviesTopping_dynamic_1-BIN","NamedPizza_Capricciosa_57",117,257,"Property Assertion","BIN","ASK WHERE { <http://www.example.com/genealogy.owl#Capricciosa_57> <http://www.example.com/genealogy.owl#hasTopping> <http://www.example.com/genealogy.owl#AnchoviesTopping_dynamic_1> }","hasTopping","TRUE",1,1
"2hop-NamedPizza_Capricciosa_57_Capricciosa_57-Capricciosa_57-hasTopping-AmericanHot_131-NEG-BIN","NamedPizza_Capricciosa_57",117,257,"Property Assertion","BIN","ASK WHERE { <http://www.example.com/genealogy.owl#Capricciosa_57> <http://www.example.com/genealogy.owl#hasTopping> <http://www.example.com/genealogy.owl#AmericanHot_131> }","hasTopping","FALSE",1,1
"2hop-NamedPizza_Capricciosa_72_Capricciosa_72-Capricciosa_72-hasTopping-MC","NamedPizza_Capricciosa_72",117,257,"Property Assertion","MC","SELECT ?x WHERE { <http://www.example.com/genealogy.owl#Capricciosa_72> <http://www.example.com/genealogy.owl#hasTopping> ?x }","hasTopping","AnchoviesTopping_dynamic_1; CaperTopping_dynamic_1; HamTopping_dynamic_1; MozzarellaTopping_dynamic_1; OliveTopping_dynamic_1; PeperonataTopping_dynamic_1; TomatoTopping_dynamic_1",1,1
"2hop-NamedPizza_Capricciosa_72_Capricciosa_72-Capricciosa_72-hasIngredient-MC","NamedPizza_Capricciosa_72",117,257,"Property Assertion","MC","SELECT ?x WHERE { <http://www.example.com/genealogy.owl#Capricciosa_72> <http://www.example.com/genealogy.owl#hasIngredient> ?x }","hasIngredient","AnchoviesTopping_dynamic_1; CaperTopping_dynamic_1; HamTopping_dynamic_1; MozzarellaTopping_dynamic_1; OliveTopping_dynamic_1; PeperonataTopping_dynamic_1; TomatoTopping_dynamic_1",2,2
"2hop-NamedPizza_Capricciosa_72_Capricciosa_72-Capricciosa_72-rdf:type-MC","NamedPizza_Capricciosa_72",117,257,"Membership","MC","SELECT ?x WHERE { <http://www.example.com/genealogy.owl#Capricciosa_72> <http://www.w3.org/1999/02/22-rdf-syntax-ns#type> ?x }","rdf:type","DomainConcept; Food; Pizza",4,4
"2hop-NamedPizza_Capricciosa_72_Capricciosa_72-Capricciosa_72-hasTopping-AnchoviesTopping_dynamic_1-BIN","NamedPizza_Capricciosa_72",117,257,"Property Assertion","BIN","ASK WHERE { <http://www.example.com/genealogy.owl#Capricciosa_72> <http://www.example.com/genealogy.owl#hasTopping> <http://www.example.com/genealogy.owl#AnchoviesTopping_dynamic_1> }","hasTopping","TRUE",1,1
"2hop-NamedPizza_Capricciosa_72_Capricciosa_72-Capricciosa_72-hasTopping-AmericanHot_131-NEG-BIN","NamedPizza_Capricciosa_72",117,257,"Property Assertion","BIN","ASK WHERE { <http://www.example.com/genealogy.owl#Capricciosa_72> <http://www.example.com/genealogy.owl#hasTopping> <http://www.example.com/genealogy.owl#AmericanHot_131> }","hasTopping","FALSE",1,1
"2hop-NamedPizza_Capricciosa_72_Capricciosa_72-Capricciosa_72-hasIngredient-AnchoviesTopping_dynamic_1-BIN","NamedPizza_Capricciosa_72",117,257,"Property Assertion","BIN","ASK WHERE { <http://www.example.com/genealogy.owl#Capricciosa_72> <http://www.example.com/genealogy.owl#hasIngredient> <http://www.example.com/genealogy.owl#AnchoviesTopping_dynamic_1> }","hasIngredient","TRUE",2,2
"2hop-NamedPizza_Capricciosa_72_Capricciosa_72-Capricciosa_72-hasIngredient-AmericanHot_131-NEG-BIN","NamedPizza_Capricciosa_72",117,257,"Property Assertion","BIN","ASK WHERE { <http://www.example.com/genealogy.owl#Capricciosa_72> <http://www.example.com/genealogy.owl#hasIngredient> <http://www.example.com/genealogy.owl#AmericanHot_131> }","hasIngredient","FALSE",2,2
"2hop-NamedPizza_Capricciosa_72_Capricciosa_72-Capricciosa_72-rdf:type-Food-BIN","NamedPizza_Capricciosa_72",117,257,"Membership","BIN","ASK WHERE { <http://www.example.com/genealogy.owl#Capricciosa_72> <http://www.w3.org/1999/02/22-rdf-syntax-ns#type> <http://www.example.com/genealogy.owl#Food> }","rdf:type","TRUE",3,3
"2hop-NamedPizza_Capricciosa_72_Capricciosa_72-Capricciosa_72-rdf:type-American-NEG-BIN","NamedPizza_Capricciosa_72",117,257,"Membership","BIN","ASK WHERE { <http://www.example.com/genealogy.owl#Capricciosa_72> <http://www.w3.org/1999/02/22-rdf-syntax-ns#type> <http://www.example.com/genealogy.owl#American> }","rdf:type","FALSE",3,3
"2hop-NamedPizza_Caprina_10_Caprina_10-Caprina_10-hasIngredient-GoatsCheeseTopping_dynamic_1-BIN","NamedPizza_Caprina_10",117,254,"Property Assertion","BIN","ASK WHERE { <http://www.example.com/genealogy.owl#Caprina_10> <http://www.example.com/genealogy.owl#hasIngredient> <http://www.example.com/genealogy.owl#GoatsCheeseTopping_dynamic_1> }","hasIngredient","TRUE",2,2
"2hop-NamedPizza_Caprina_10_Caprina_10-Caprina_10-hasIngredient-AmericanHot_131-NEG-BIN","NamedPizza_Caprina_10",117,254,"Property Assertion","BIN","ASK WHERE { <http://www.example.com/genealogy.owl#Caprina_10> <http://www.example.com/genealogy.owl#hasIngredient> <http://www.example.com/genealogy.owl#AmericanHot_131> }","hasIngredient","FALSE",2,2
"2hop-NamedPizza_Caprina_10_Caprina_10-Caprina_10-hasIngredient-MC","NamedPizza_Caprina_10",117,254,"Property Assertion","MC","SELECT ?x WHERE { <http://www.example.com/genealogy.owl#Caprina_10> <http://www.example.com/genealogy.owl#hasIngredient> ?x }","hasIngredient","GoatsCheeseTopping_dynamic_1; MozzarellaTopping_dynamic_1; SundriedTomatoTopping_dynamic_1; TomatoTopping_dynamic_1",2,2
"2hop-NamedPizza_Caprina_10_Caprina_10-Caprina_10-rdf:type-MC","NamedPizza_Caprina_10",117,254,"Membership","MC","SELECT ?x WHERE { <http://www.example.com/genealogy.owl#Caprina_10> <http://www.w3.org/1999/02/22-rdf-syntax-ns#type> ?x }","rdf:type","DomainConcept; Food; Pizza",4,4
"2hop-NamedPizza_Caprina_10_Caprina_10-Caprina_10-hasTopping-GoatsCheeseTopping_dynamic_1-BIN","NamedPizza_Caprina_10",117,254,"Property Assertion","BIN","ASK WHERE { <http://www.example.com/genealogy.owl#Caprina_10> <http://www.example.com/genealogy.owl#hasTopping> <http://www.example.com/genealogy.owl#GoatsCheeseTopping_dynamic_1> }","hasTopping","TRUE",1,1
"2hop-NamedPizza_Caprina_10_Caprina_10-Caprina_10-hasTopping-AmericanHot_131-NEG-BIN","NamedPizza_Caprina_10",117,254,"Property Assertion","BIN","ASK WHERE { <http://www.example.com/genealogy.owl#Caprina_10> <http://www.example.com/genealogy.owl#hasTopping> <http://www.example.com/genealogy.owl#AmericanHot_131> }","hasTopping","FALSE",1,1
"2hop-NamedPizza_Caprina_10_Caprina_10-Caprina_10-hasTopping-MC","NamedPizza_Caprina_10",117,254,"Property Assertion","MC","SELECT ?x WHERE { <http://www.example.com/genealogy.owl#Caprina_10> <http://www.example.com/genealogy.owl#hasTopping> ?x }","hasTopping","GoatsCheeseTopping_dynamic_1; MozzarellaTopping_dynamic_1; SundriedTomatoTopping_dynamic_1; TomatoTopping_dynamic_1",1,1
"2hop-NamedPizza_Caprina_10_Caprina_10-Caprina_10-rdf:type-Food-BIN","NamedPizza_Caprina_10",117,254,"Membership","BIN","ASK WHERE { <http://www.example.com/genealogy.owl#Caprina_10> <http://www.w3.org/1999/02/22-rdf-syntax-ns#type> <http://www.example.com/genealogy.owl#Food> }","rdf:type","TRUE",3,3
"2hop-NamedPizza_Caprina_10_Caprina_10-Caprina_10-rdf:type-American-NEG-BIN","NamedPizza_Caprina_10",117,254,"Membership","BIN","ASK WHERE { <http://www.example.com/genealogy.owl#Caprina_10> <http://www.w3.org/1999/02/22-rdf-syntax-ns#type> <http://www.example.com/genealogy.owl#American> }","rdf:type","FALSE",3,3
"2hop-NamedPizza_Caprina_133_Caprina_133-Caprina_133-hasTopping-GoatsCheeseTopping_dynamic_1-BIN","NamedPizza_Caprina_133",117,254,"Property Assertion","BIN","ASK WHERE { <http://www.example.com/genealogy.owl#Caprina_133> <http://www.example.com/genealogy.owl#hasTopping> <http://www.example.com/genealogy.owl#GoatsCheeseTopping_dynamic_1> }","hasTopping","TRUE",1,1
"2hop-NamedPizza_Caprina_133_Caprina_133-Caprina_133-hasTopping-AmericanHot_131-NEG-BIN","NamedPizza_Caprina_133",117,254,"Property Assertion","BIN","ASK WHERE { <http://www.example.com/genealogy.owl#Caprina_133> <http://www.example.com/genealogy.owl#hasTopping> <http://www.example.com/genealogy.owl#AmericanHot_131> }","hasTopping","FALSE",1,1
"2hop-NamedPizza_Caprina_133_Caprina_133-Caprina_133-hasTopping-MC","NamedPizza_Caprina_133",117,254,"Property Assertion","MC","SELECT ?x WHERE { <http://www.example.com/genealogy.owl#Caprina_133> <http://www.example.com/genealogy.owl#hasTopping> ?x }","hasTopping","GoatsCheeseTopping_dynamic_1; MozzarellaTopping_dynamic_1; SundriedTomatoTopping_dynamic_1; TomatoTopping_dynamic_1",1,1
"2hop-NamedPizza_Caprina_133_Caprina_133-Caprina_133-hasIngredient-MC","NamedPizza_Caprina_133",117,254,"Property Assertion","MC","SELECT ?x WHERE { <http://www.example.com/genealogy.owl#Caprina_133> <http://www.example.com/genealogy.owl#hasIngredient> ?x }","hasIngredient","GoatsCheeseTopping_dynamic_1; MozzarellaTopping_dynamic_1; SundriedTomatoTopping_dynamic_1; TomatoTopping_dynamic_1",2,2
"2hop-NamedPizza_Caprina_133_Caprina_133-Caprina_133-rdf:type-MC","NamedPizza_Caprina_133",117,254,"Membership","MC","SELECT ?x WHERE { <http://www.example.com/genealogy.owl#Caprina_133> <http://www.w3.org/1999/02/22-rdf-syntax-ns#type> ?x }","rdf:type","DomainConcept; Food; Pizza",2,2
"2hop-NamedPizza_Caprina_133_Caprina_133-Caprina_133-rdf:type-Food-BIN","NamedPizza_Caprina_133",117,254,"Membership","BIN","ASK WHERE { <http://www.example.com/genealogy.owl#Caprina_133> <http://www.w3.org/1999/02/22-rdf-syntax-ns#type> <http://www.example.com/genealogy.owl#Food> }","rdf:type","TRUE",3,3
"2hop-NamedPizza_Caprina_133_Caprina_133-Caprina_133-rdf:type-American-NEG-BIN","NamedPizza_Caprina_133",117,254,"Membership","BIN","ASK WHERE { <http://www.example.com/genealogy.owl#Caprina_133> <http://www.w3.org/1999/02/22-rdf-syntax-ns#type> <http://www.example.com/genealogy.owl#American> }","rdf:type","FALSE",3,3
"2hop-NamedPizza_Caprina_133_Caprina_133-Caprina_133-hasIngredient-GoatsCheeseTopping_dynamic_1-BIN","NamedPizza_Caprina_133",117,254,"Property Assertion","BIN","ASK WHERE { <http://www.example.com/genealogy.owl#Caprina_133> <http://www.example.com/genealogy.owl#hasIngredient> <http://www.example.com/genealogy.owl#GoatsCheeseTopping_dynamic_1> }","hasIngredient","TRUE",2,2
"2hop-NamedPizza_Caprina_133_Caprina_133-Caprina_133-hasIngredient-AmericanHot_131-NEG-BIN","NamedPizza_Caprina_133",117,254,"Property Assertion","BIN","ASK WHERE { <http://www.example.com/genealogy.owl#Caprina_133> <http://www.example.com/genealogy.owl#hasIngredient> <http://www.example.com/genealogy.owl#AmericanHot_131> }","hasIngredient","FALSE",2,2
"2hop-NamedPizza_Caprina_194_Caprina_194-Caprina_194-hasTopping-MC","NamedPizza_Caprina_194",117,254,"Property Assertion","MC","SELECT ?x WHERE { <http://www.example.com/genealogy.owl#Caprina_194> <http://www.example.com/genealogy.owl#hasTopping> ?x }","hasTopping","GoatsCheeseTopping_dynamic_1; MozzarellaTopping_dynamic_1; SundriedTomatoTopping_dynamic_1; TomatoTopping_dynamic_1",1,1
"2hop-NamedPizza_Caprina_194_Caprina_194-Caprina_194-rdf:type-MC","NamedPizza_Caprina_194",117,254,"Membership","MC","SELECT ?x WHERE { <http://www.example.com/genealogy.owl#Caprina_194> <http://www.w3.org/1999/02/22-rdf-syntax-ns#type> ?x }","rdf:type","DomainConcept; Food; Pizza",2,2
"2hop-NamedPizza_Caprina_194_Caprina_194-Caprina_194-hasIngredient-MC","NamedPizza_Caprina_194",117,254,"Property Assertion","MC","SELECT ?x WHERE { <http://www.example.com/genealogy.owl#Caprina_194> <http://www.example.com/genealogy.owl#hasIngredient> ?x }","hasIngredient","GoatsCheeseTopping_dynamic_1; MozzarellaTopping_dynamic_1; SundriedTomatoTopping_dynamic_1; TomatoTopping_dynamic_1",2,2
"2hop-NamedPizza_Caprina_194_Caprina_194-Caprina_194-hasIngredient-GoatsCheeseTopping_dynamic_1-BIN","NamedPizza_Caprina_194",117,254,"Property Assertion","BIN","ASK WHERE { <http://www.example.com/genealogy.owl#Caprina_194> <http://www.example.com/genealogy.owl#hasIngredient> <http://www.example.com/genealogy.owl#GoatsCheeseTopping_dynamic_1> }","hasIngredient","TRUE",2,2
"2hop-NamedPizza_Caprina_194_Caprina_194-Caprina_194-hasIngredient-AmericanHot_131-NEG-BIN","NamedPizza_Caprina_194",117,254,"Property Assertion","BIN","ASK WHERE { <http://www.example.com/genealogy.owl#Caprina_194> <http://www.example.com/genealogy.owl#hasIngredient> <http://www.example.com/genealogy.owl#AmericanHot_131> }","hasIngredient","FALSE",2,2
"2hop-NamedPizza_Caprina_194_Caprina_194-Caprina_194-rdf:type-Food-BIN","NamedPizza_Caprina_194",117,254,"Membership","BIN","ASK WHERE { <http://www.example.com/genealogy.owl#Caprina_194> <http://www.w3.org/1999/02/22-rdf-syntax-ns#type> <http://www.example.com/genealogy.owl#Food> }","rdf:type","TRUE",3,3
"2hop-NamedPizza_Caprina_194_Caprina_194-Caprina_194-rdf:type-American-NEG-BIN","NamedPizza_Caprina_194",117,254,"Membership","BIN","ASK WHERE { <http://www.example.com/genealogy.owl#Caprina_194> <http://www.w3.org/1999/02/22-rdf-syntax-ns#type> <http://www.example.com/genealogy.owl#American> }","rdf:type","FALSE",3,3
"2hop-NamedPizza_Caprina_194_Caprina_194-Caprina_194-hasTopping-GoatsCheeseTopping_dynamic_1-BIN","NamedPizza_Caprina_194",117,254,"Property Assertion","BIN","ASK WHERE { <http://www.example.com/genealogy.owl#Caprina_194> <http://www.example.com/genealogy.owl#hasTopping> <http://www.example.com/genealogy.owl#GoatsCheeseTopping_dynamic_1> }","hasTopping","TRUE",1,1
"2hop-NamedPizza_Caprina_194_Caprina_194-Caprina_194-hasTopping-AmericanHot_131-NEG-BIN","NamedPizza_Caprina_194",117,254,"Property Assertion","BIN","ASK WHERE { <http://www.example.com/genealogy.owl#Caprina_194> <http://www.example.com/genealogy.owl#hasTopping> <http://www.example.com/genealogy.owl#AmericanHot_131> }","hasTopping","FALSE",1,1
"2hop-NamedPizza_Caprina_227_Caprina_227-Caprina_227-hasIngredient-MC","NamedPizza_Caprina_227",117,254,"Property Assertion","MC","SELECT ?x WHERE { <http://www.example.com/genealogy.owl#Caprina_227> <http://www.example.com/genealogy.owl#hasIngredient> ?x }","hasIngredient","GoatsCheeseTopping_dynamic_1; MozzarellaTopping_dynamic_1; SundriedTomatoTopping_dynamic_1; TomatoTopping_dynamic_1",2,2
"2hop-NamedPizza_Caprina_227_Caprina_227-Caprina_227-hasTopping-MC","NamedPizza_Caprina_227",117,254,"Property Assertion","MC","SELECT ?x WHERE { <http://www.example.com/genealogy.owl#Caprina_227> <http://www.example.com/genealogy.owl#hasTopping> ?x }","hasTopping","GoatsCheeseTopping_dynamic_1; MozzarellaTopping_dynamic_1; SundriedTomatoTopping_dynamic_1; TomatoTopping_dynamic_1",1,1
"2hop-NamedPizza_Caprina_227_Caprina_227-Caprina_227-rdf:type-MC","NamedPizza_Caprina_227",117,254,"Membership","MC","SELECT ?x WHERE { <http://www.example.com/genealogy.owl#Caprina_227> <http://www.w3.org/1999/02/22-rdf-syntax-ns#type> ?x }","rdf:type","DomainConcept; Food; Pizza",2,2
"2hop-NamedPizza_Caprina_227_Caprina_227-Caprina_227-hasTopping-GoatsCheeseTopping_dynamic_1-BIN","NamedPizza_Caprina_227",117,254,"Property Assertion","BIN","ASK WHERE { <http://www.example.com/genealogy.owl#Caprina_227> <http://www.example.com/genealogy.owl#hasTopping> <http://www.example.com/genealogy.owl#GoatsCheeseTopping_dynamic_1> }","hasTopping","TRUE",1,1
"2hop-NamedPizza_Caprina_227_Caprina_227-Caprina_227-hasTopping-AmericanHot_131-NEG-BIN","NamedPizza_Caprina_227",117,254,"Property Assertion","BIN","ASK WHERE { <http://www.example.com/genealogy.owl#Caprina_227> <http://www.example.com/genealogy.owl#hasTopping> <http://www.example.com/genealogy.owl#AmericanHot_131> }","hasTopping","FALSE",1,1
"2hop-NamedPizza_Caprina_227_Caprina_227-Caprina_227-rdf:type-Food-BIN","NamedPizza_Caprina_227",117,254,"Membership","BIN","ASK WHERE { <http://www.example.com/genealogy.owl#Caprina_227> <http://www.w3.org/1999/02/22-rdf-syntax-ns#type> <http://www.example.com/genealogy.owl#Food> }","rdf:type","TRUE",3,3
"2hop-NamedPizza_Caprina_227_Caprina_227-Caprina_227-rdf:type-American-NEG-BIN","NamedPizza_Caprina_227",117,254,"Membership","BIN","ASK WHERE { <http://www.example.com/genealogy.owl#Caprina_227> <http://www.w3.org/1999/02/22-rdf-syntax-ns#type> <http://www.example.com/genealogy.owl#American> }","rdf:type","FALSE",3,3
"2hop-NamedPizza_Caprina_227_Caprina_227-Caprina_227-hasIngredient-GoatsCheeseTopping_dynamic_1-BIN","NamedPizza_Caprina_227",117,254,"Property Assertion","BIN","ASK WHERE { <http://www.example.com/genealogy.owl#Caprina_227> <http://www.example.com/genealogy.owl#hasIngredient> <http://www.example.com/genealogy.owl#GoatsCheeseTopping_dynamic_1> }","hasIngredient","TRUE",2,2
"2hop-NamedPizza_Caprina_227_Caprina_227-Caprina_227-hasIngredient-AmericanHot_131-NEG-BIN","NamedPizza_Caprina_227",117,254,"Property Assertion","BIN","ASK WHERE { <http://www.example.com/genealogy.owl#Caprina_227> <http://www.example.com/genealogy.owl#hasIngredient> <http://www.example.com/genealogy.owl#AmericanHot_131> }","hasIngredient","FALSE",2,2
"2hop-NamedPizza_Caprina_36_Caprina_36-Caprina_36-hasTopping-MC","NamedPizza_Caprina_36",117,254,"Property Assertion","MC","SELECT ?x WHERE { <http://www.example.com/genealogy.owl#Caprina_36> <http://www.example.com/genealogy.owl#hasTopping> ?x }","hasTopping","GoatsCheeseTopping_dynamic_1; MozzarellaTopping_dynamic_1; SundriedTomatoTopping_dynamic_1; TomatoTopping_dynamic_1",1,1
"2hop-NamedPizza_Caprina_36_Caprina_36-Caprina_36-rdf:type-Food-BIN","NamedPizza_Caprina_36",117,254,"Membership","BIN","ASK WHERE { <http://www.example.com/genealogy.owl#Caprina_36> <http://www.w3.org/1999/02/22-rdf-syntax-ns#type> <http://www.example.com/genealogy.owl#Food> }","rdf:type","TRUE",3,3
"2hop-NamedPizza_Caprina_36_Caprina_36-Caprina_36-rdf:type-American-NEG-BIN","NamedPizza_Caprina_36",117,254,"Membership","BIN","ASK WHERE { <http://www.example.com/genealogy.owl#Caprina_36> <http://www.w3.org/1999/02/22-rdf-syntax-ns#type> <http://www.example.com/genealogy.owl#American> }","rdf:type","FALSE",3,3
"2hop-NamedPizza_Caprina_36_Caprina_36-Caprina_36-rdf:type-MC","NamedPizza_Caprina_36",117,254,"Membership","MC","SELECT ?x WHERE { <http://www.example.com/genealogy.owl#Caprina_36> <http://www.w3.org/1999/02/22-rdf-syntax-ns#type> ?x }","rdf:type","DomainConcept; Food; Pizza",3,3
"2hop-NamedPizza_Caprina_36_Caprina_36-Caprina_36-hasIngredient-GoatsCheeseTopping_dynamic_1-BIN","NamedPizza_Caprina_36",117,254,"Property Assertion","BIN","ASK WHERE { <http://www.example.com/genealogy.owl#Caprina_36> <http://www.example.com/genealogy.owl#hasIngredient> <http://www.example.com/genealogy.owl#GoatsCheeseTopping_dynamic_1> }","hasIngredient","TRUE",2,2
"2hop-NamedPizza_Caprina_36_Caprina_36-Caprina_36-hasIngredient-AmericanHot_131-NEG-BIN","NamedPizza_Caprina_36",117,254,"Property Assertion","BIN","ASK WHERE { <http://www.example.com/genealogy.owl#Caprina_36> <http://www.example.com/genealogy.owl#hasIngredient> <http://www.example.com/genealogy.owl#AmericanHot_131> }","hasIngredient","FALSE",2,2
"2hop-NamedPizza_Caprina_36_Caprina_36-Caprina_36-hasIngredient-MC","NamedPizza_Caprina_36",117,254,"Property Assertion","MC","SELECT ?x WHERE { <http://www.example.com/genealogy.owl#Caprina_36> <http://www.example.com/genealogy.owl#hasIngredient> ?x }","hasIngredient","GoatsCheeseTopping_dynamic_1; MozzarellaTopping_dynamic_1; SundriedTomatoTopping_dynamic_1; TomatoTopping_dynamic_1",2,2
"2hop-NamedPizza_Caprina_36_Caprina_36-Caprina_36-hasTopping-GoatsCheeseTopping_dynamic_1-BIN","NamedPizza_Caprina_36",117,254,"Property Assertion","BIN","ASK WHERE { <http://www.example.com/genealogy.owl#Caprina_36> <http://www.example.com/genealogy.owl#hasTopping> <http://www.example.com/genealogy.owl#GoatsCheeseTopping_dynamic_1> }","hasTopping","TRUE",1,1
"2hop-NamedPizza_Caprina_36_Caprina_36-Caprina_36-hasTopping-AmericanHot_131-NEG-BIN","NamedPizza_Caprina_36",117,254,"Property Assertion","BIN","ASK WHERE { <http://www.example.com/genealogy.owl#Caprina_36> <http://www.example.com/genealogy.owl#hasTopping> <http://www.example.com/genealogy.owl#AmericanHot_131> }","hasTopping","FALSE",1,1
"2hop-NamedPizza_Caprina_75_Caprina_75-Caprina_75-hasIngredient-MC","NamedPizza_Caprina_75",117,254,"Property Assertion","MC","SELECT ?x WHERE { <http://www.example.com/genealogy.owl#Caprina_75> <http://www.example.com/genealogy.owl#hasIngredient> ?x }","hasIngredient","GoatsCheeseTopping_dynamic_1; MozzarellaTopping_dynamic_1; SundriedTomatoTopping_dynamic_1; TomatoTopping_dynamic_1",2,2
"2hop-NamedPizza_Caprina_75_Caprina_75-Caprina_75-rdf:type-MC","NamedPizza_Caprina_75",117,254,"Membership","MC","SELECT ?x WHERE { <http://www.example.com/genealogy.owl#Caprina_75> <http://www.w3.org/1999/02/22-rdf-syntax-ns#type> ?x }","rdf:type","DomainConcept; Food; Pizza",4,4
"2hop-NamedPizza_Caprina_75_Caprina_75-Caprina_75-hasTopping-MC","NamedPizza_Caprina_75",117,254,"Property Assertion","MC","SELECT ?x WHERE { <http://www.example.com/genealogy.owl#Caprina_75> <http://www.example.com/genealogy.owl#hasTopping> ?x }","hasTopping","GoatsCheeseTopping_dynamic_1; MozzarellaTopping_dynamic_1; SundriedTomatoTopping_dynamic_1; TomatoTopping_dynamic_1",1,1
"2hop-NamedPizza_Caprina_75_Caprina_75-Caprina_75-hasTopping-GoatsCheeseTopping_dynamic_1-BIN","NamedPizza_Caprina_75",117,254,"Property Assertion","BIN","ASK WHERE { <http://www.example.com/genealogy.owl#Caprina_75> <http://www.example.com/genealogy.owl#hasTopping> <http://www.example.com/genealogy.owl#GoatsCheeseTopping_dynamic_1> }","hasTopping","TRUE",1,1
"2hop-NamedPizza_Caprina_75_Caprina_75-Caprina_75-hasTopping-AmericanHot_131-NEG-BIN","NamedPizza_Caprina_75",117,254,"Property Assertion","BIN","ASK WHERE { <http://www.example.com/genealogy.owl#Caprina_75> <http://www.example.com/genealogy.owl#hasTopping> <http://www.example.com/genealogy.owl#AmericanHot_131> }","hasTopping","FALSE",1,1
"2hop-NamedPizza_Caprina_75_Caprina_75-Caprina_75-rdf:type-Food-BIN","NamedPizza_Caprina_75",117,254,"Membership","BIN","ASK WHERE { <http://www.example.com/genealogy.owl#Caprina_75> <http://www.w3.org/1999/02/22-rdf-syntax-ns#type> <http://www.example.com/genealogy.owl#Food> }","rdf:type","TRUE",3,3
"2hop-NamedPizza_Caprina_75_Caprina_75-Caprina_75-rdf:type-American-NEG-BIN","NamedPizza_Caprina_75",117,254,"Membership","BIN","ASK WHERE { <http://www.example.com/genealogy.owl#Caprina_75> <http://www.w3.org/1999/02/22-rdf-syntax-ns#type> <http://www.example.com/genealogy.owl#American> }","rdf:type","FALSE",3,3
"2hop-NamedPizza_Caprina_75_Caprina_75-Caprina_75-hasIngredient-GoatsCheeseTopping_dynamic_1-BIN","NamedPizza_Caprina_75",117,254,"Property Assertion","BIN","ASK WHERE { <http://www.example.com/genealogy.owl#Caprina_75> <http://www.example.com/genealogy.owl#hasIngredient> <http://www.example.com/genealogy.owl#GoatsCheeseTopping_dynamic_1> }","hasIngredient","TRUE",2,2
"2hop-NamedPizza_Caprina_75_Caprina_75-Caprina_75-hasIngredient-AmericanHot_131-NEG-BIN","NamedPizza_Caprina_75",117,254,"Property Assertion","BIN","ASK WHERE { <http://www.example.com/genealogy.owl#Caprina_75> <http://www.example.com/genealogy.owl#hasIngredient> <http://www.example.com/genealogy.owl#AmericanHot_131> }","hasIngredient","FALSE",2,2
"2hop-NamedPizza_Fiorentina_130_Fiorentina_130-Fiorentina_130-hasTopping-MC","NamedPizza_Fiorentina_130",117,256,"Property Assertion","MC","SELECT ?x WHERE { <http://www.example.com/genealogy.owl#Fiorentina_130> <http://www.example.com/genealogy.owl#hasTopping> ?x }","hasTopping","GarlicTopping_dynamic_1; MozzarellaTopping_dynamic_1; OliveTopping_dynamic_1; ParmesanTopping_dynamic_1; SpinachTopping_dynamic_1; TomatoTopping_dynamic_1",1,1
"2hop-NamedPizza_Fiorentina_130_Fiorentina_130-Fiorentina_130-hasIngredient-MC","NamedPizza_Fiorentina_130",117,256,"Property Assertion","MC","SELECT ?x WHERE { <http://www.example.com/genealogy.owl#Fiorentina_130> <http://www.example.com/genealogy.owl#hasIngredient> ?x }","hasIngredient","GarlicTopping_dynamic_1; MozzarellaTopping_dynamic_1; OliveTopping_dynamic_1; ParmesanTopping_dynamic_1; SpinachTopping_dynamic_1; TomatoTopping_dynamic_1",2,2
"2hop-NamedPizza_Fiorentina_130_Fiorentina_130-Fiorentina_130-rdf:type-Food-BIN","NamedPizza_Fiorentina_130",117,256,"Membership","BIN","ASK WHERE { <http://www.example.com/genealogy.owl#Fiorentina_130> <http://www.w3.org/1999/02/22-rdf-syntax-ns#type> <http://www.example.com/genealogy.owl#Food> }","rdf:type","TRUE",3,3
"2hop-NamedPizza_Fiorentina_130_Fiorentina_130-Fiorentina_130-rdf:type-American-NEG-BIN","NamedPizza_Fiorentina_130",117,256,"Membership","BIN","ASK WHERE { <http://www.example.com/genealogy.owl#Fiorentina_130> <http://www.w3.org/1999/02/22-rdf-syntax-ns#type> <http://www.example.com/genealogy.owl#American> }","rdf:type","FALSE",3,3
"2hop-NamedPizza_Fiorentina_130_Fiorentina_130-Fiorentina_130-rdf:type-MC","NamedPizza_Fiorentina_130",117,256,"Membership","MC","SELECT ?x WHERE { <http://www.example.com/genealogy.owl#Fiorentina_130> <http://www.w3.org/1999/02/22-rdf-syntax-ns#type> ?x }","rdf:type","DomainConcept; Food; Pizza",3,3
"2hop-NamedPizza_Fiorentina_130_Fiorentina_130-Fiorentina_130-hasIngredient-GarlicTopping_dynamic_1-BIN","NamedPizza_Fiorentina_130",117,256,"Property Assertion","BIN","ASK WHERE { <http://www.example.com/genealogy.owl#Fiorentina_130> <http://www.example.com/genealogy.owl#hasIngredient> <http://www.example.com/genealogy.owl#GarlicTopping_dynamic_1> }","hasIngredient","TRUE",2,2
"2hop-NamedPizza_Fiorentina_130_Fiorentina_130-Fiorentina_130-hasIngredient-AmericanHot_131-NEG-BIN","NamedPizza_Fiorentina_130",117,256,"Property Assertion","BIN","ASK WHERE { <http://www.example.com/genealogy.owl#Fiorentina_130> <http://www.example.com/genealogy.owl#hasIngredient> <http://www.example.com/genealogy.owl#AmericanHot_131> }","hasIngredient","FALSE",2,2
"2hop-NamedPizza_Fiorentina_130_Fiorentina_130-Fiorentina_130-hasTopping-GarlicTopping_dynamic_1-BIN","NamedPizza_Fiorentina_130",117,256,"Property Assertion","BIN","ASK WHERE { <http://www.example.com/genealogy.owl#Fiorentina_130> <http://www.example.com/genealogy.owl#hasTopping> <http://www.example.com/genealogy.owl#GarlicTopping_dynamic_1> }","hasTopping","TRUE",1,1
"2hop-NamedPizza_Fiorentina_130_Fiorentina_130-Fiorentina_130-hasTopping-AmericanHot_131-NEG-BIN","NamedPizza_Fiorentina_130",117,256,"Property Assertion","BIN","ASK WHERE { <http://www.example.com/genealogy.owl#Fiorentina_130> <http://www.example.com/genealogy.owl#hasTopping> <http://www.example.com/genealogy.owl#AmericanHot_131> }","hasTopping","FALSE",1,1
"2hop-NamedPizza_Fiorentina_145_Fiorentina_145-Fiorentina_145-hasTopping-GarlicTopping_dynamic_1-BIN","NamedPizza_Fiorentina_145",117,256,"Property Assertion","BIN","ASK WHERE { <http://www.example.com/genealogy.owl#Fiorentina_145> <http://www.example.com/genealogy.owl#hasTopping> <http://www.example.com/genealogy.owl#GarlicTopping_dynamic_1> }","hasTopping","TRUE",1,1
"2hop-NamedPizza_Fiorentina_145_Fiorentina_145-Fiorentina_145-hasTopping-AmericanHot_131-NEG-BIN","NamedPizza_Fiorentina_145",117,256,"Property Assertion","BIN","ASK WHERE { <http://www.example.com/genealogy.owl#Fiorentina_145> <http://www.example.com/genealogy.owl#hasTopping> <http://www.example.com/genealogy.owl#AmericanHot_131> }","hasTopping","FALSE",1,1
"2hop-NamedPizza_Fiorentina_145_Fiorentina_145-Fiorentina_145-hasTopping-MC","NamedPizza_Fiorentina_145",117,256,"Property Assertion","MC","SELECT ?x WHERE { <http://www.example.com/genealogy.owl#Fiorentina_145> <http://www.example.com/genealogy.owl#hasTopping> ?x }","hasTopping","GarlicTopping_dynamic_1; MozzarellaTopping_dynamic_1; OliveTopping_dynamic_1; ParmesanTopping_dynamic_1; SpinachTopping_dynamic_1; TomatoTopping_dynamic_1",1,1
"2hop-NamedPizza_Fiorentina_145_Fiorentina_145-Fiorentina_145-hasIngredient-MC","NamedPizza_Fiorentina_145",117,256,"Property Assertion","MC","SELECT ?x WHERE { <http://www.example.com/genealogy.owl#Fiorentina_145> <http://www.example.com/genealogy.owl#hasIngredient> ?x }","hasIngredient","GarlicTopping_dynamic_1; MozzarellaTopping_dynamic_1; OliveTopping_dynamic_1; ParmesanTopping_dynamic_1; SpinachTopping_dynamic_1; TomatoTopping_dynamic_1",2,2
"2hop-NamedPizza_Fiorentina_145_Fiorentina_145-Fiorentina_145-rdf:type-MC","NamedPizza_Fiorentina_145",117,256,"Membership","MC","SELECT ?x WHERE { <http://www.example.com/genealogy.owl#Fiorentina_145> <http://www.w3.org/1999/02/22-rdf-syntax-ns#type> ?x }","rdf:type","DomainConcept; Food; Pizza",4,4
"2hop-NamedPizza_Fiorentina_145_Fiorentina_145-Fiorentina_145-hasIngredient-GarlicTopping_dynamic_1-BIN","NamedPizza_Fiorentina_145",117,256,"Property Assertion","BIN","ASK WHERE { <http://www.example.com/genealogy.owl#Fiorentina_145> <http://www.example.com/genealogy.owl#hasIngredient> <http://www.example.com/genealogy.owl#GarlicTopping_dynamic_1> }","hasIngredient","TRUE",2,2
"2hop-NamedPizza_Fiorentina_145_Fiorentina_145-Fiorentina_145-hasIngredient-AmericanHot_131-NEG-BIN","NamedPizza_Fiorentina_145",117,256,"Property Assertion","BIN","ASK WHERE { <http://www.example.com/genealogy.owl#Fiorentina_145> <http://www.example.com/genealogy.owl#hasIngredient> <http://www.example.com/genealogy.owl#AmericanHot_131> }","hasIngredient","FALSE",2,2
"2hop-NamedPizza_Fiorentina_145_Fiorentina_145-Fiorentina_145-rdf:type-Food-BIN","NamedPizza_Fiorentina_145",117,256,"Membership","BIN","ASK WHERE { <http://www.example.com/genealogy.owl#Fiorentina_145> <http://www.w3.org/1999/02/22-rdf-syntax-ns#type> <http://www.example.com/genealogy.owl#Food> }","rdf:type","TRUE",3,3
"2hop-NamedPizza_Fiorentina_145_Fiorentina_145-Fiorentina_145-rdf:type-American-NEG-BIN","NamedPizza_Fiorentina_145",117,256,"Membership","BIN","ASK WHERE { <http://www.example.com/genealogy.owl#Fiorentina_145> <http://www.w3.org/1999/02/22-rdf-syntax-ns#type> <http://www.example.com/genealogy.owl#American> }","rdf:type","FALSE",3,3
"2hop-NamedPizza_Fiorentina_149_Fiorentina_149-Fiorentina_149-rdf:type-MC","NamedPizza_Fiorentina_149",117,256,"Membership","MC","SELECT ?x WHERE { <http://www.example.com/genealogy.owl#Fiorentina_149> <http://www.w3.org/1999/02/22-rdf-syntax-ns#type> ?x }","rdf:type","DomainConcept; Food; Pizza",4,4
"2hop-NamedPizza_Fiorentina_149_Fiorentina_149-Fiorentina_149-hasTopping-GarlicTopping_dynamic_1-BIN","NamedPizza_Fiorentina_149",117,256,"Property Assertion","BIN","ASK WHERE { <http://www.example.com/genealogy.owl#Fiorentina_149> <http://www.example.com/genealogy.owl#hasTopping> <http://www.example.com/genealogy.owl#GarlicTopping_dynamic_1> }","hasTopping","TRUE",1,1
"2hop-NamedPizza_Fiorentina_149_Fiorentina_149-Fiorentina_149-hasTopping-AmericanHot_131-NEG-BIN","NamedPizza_Fiorentina_149",117,256,"Property Assertion","BIN","ASK WHERE { <http://www.example.com/genealogy.owl#Fiorentina_149> <http://www.example.com/genealogy.owl#hasTopping> <http://www.example.com/genealogy.owl#AmericanHot_131> }","hasTopping","FALSE",1,1
"2hop-NamedPizza_Fiorentina_149_Fiorentina_149-Fiorentina_149-hasTopping-MC","NamedPizza_Fiorentina_149",117,256,"Property Assertion","MC","SELECT ?x WHERE { <http://www.example.com/genealogy.owl#Fiorentina_149> <http://www.example.com/genealogy.owl#hasTopping> ?x }","hasTopping","GarlicTopping_dynamic_1; MozzarellaTopping_dynamic_1; OliveTopping_dynamic_1; ParmesanTopping_dynamic_1; SpinachTopping_dynamic_1; TomatoTopping_dynamic_1",1,1
"2hop-NamedPizza_Fiorentina_149_Fiorentina_149-Fiorentina_149-hasIngredient-MC","NamedPizza_Fiorentina_149",117,256,"Property Assertion","MC","SELECT ?x WHERE { <http://www.example.com/genealogy.owl#Fiorentina_149> <http://www.example.com/genealogy.owl#hasIngredient> ?x }","hasIngredient","GarlicTopping_dynamic_1; MozzarellaTopping_dynamic_1; OliveTopping_dynamic_1; ParmesanTopping_dynamic_1; SpinachTopping_dynamic_1; TomatoTopping_dynamic_1",2,2
"2hop-NamedPizza_Fiorentina_149_Fiorentina_149-Fiorentina_149-rdf:type-Food-BIN","NamedPizza_Fiorentina_149",117,256,"Membership","BIN","ASK WHERE { <http://www.example.com/genealogy.owl#Fiorentina_149> <http://www.w3.org/1999/02/22-rdf-syntax-ns#type> <http://www.example.com/genealogy.owl#Food> }","rdf:type","TRUE",3,3
"2hop-NamedPizza_Fiorentina_149_Fiorentina_149-Fiorentina_149-rdf:type-American-NEG-BIN","NamedPizza_Fiorentina_149",117,256,"Membership","BIN","ASK WHERE { <http://www.example.com/genealogy.owl#Fiorentina_149> <http://www.w3.org/1999/02/22-rdf-syntax-ns#type> <http://www.example.com/genealogy.owl#American> }","rdf:type","FALSE",3,3
"2hop-NamedPizza_Fiorentina_149_Fiorentina_149-Fiorentina_149-hasIngredient-GarlicTopping_dynamic_1-BIN","NamedPizza_Fiorentina_149",117,256,"Property Assertion","BIN","ASK WHERE { <http://www.example.com/genealogy.owl#Fiorentina_149> <http://www.example.com/genealogy.owl#hasIngredient> <http://www.example.com/genealogy.owl#GarlicTopping_dynamic_1> }","hasIngredient","TRUE",2,2
"2hop-NamedPizza_Fiorentina_149_Fiorentina_149-Fiorentina_149-hasIngredient-AmericanHot_131-NEG-BIN","NamedPizza_Fiorentina_149",117,256,"Property Assertion","BIN","ASK WHERE { <http://www.example.com/genealogy.owl#Fiorentina_149> <http://www.example.com/genealogy.owl#hasIngredient> <http://www.example.com/genealogy.owl#AmericanHot_131> }","hasIngredient","FALSE",2,2
"2hop-NamedPizza_Fiorentina_156_Fiorentina_156-Fiorentina_156-rdf:type-Food-BIN","NamedPizza_Fiorentina_156",117,256,"Membership","BIN","ASK WHERE { <http://www.example.com/genealogy.owl#Fiorentina_156> <http://www.w3.org/1999/02/22-rdf-syntax-ns#type> <http://www.example.com/genealogy.owl#Food> }","rdf:type","TRUE",3,3
"2hop-NamedPizza_Fiorentina_156_Fiorentina_156-Fiorentina_156-rdf:type-American-NEG-BIN","NamedPizza_Fiorentina_156",117,256,"Membership","BIN","ASK WHERE { <http://www.example.com/genealogy.owl#Fiorentina_156> <http://www.w3.org/1999/02/22-rdf-syntax-ns#type> <http://www.example.com/genealogy.owl#American> }","rdf:type","FALSE",3,3
"2hop-NamedPizza_Fiorentina_156_Fiorentina_156-Fiorentina_156-rdf:type-MC","NamedPizza_Fiorentina_156",117,256,"Membership","MC","SELECT ?x WHERE { <http://www.example.com/genealogy.owl#Fiorentina_156> <http://www.w3.org/1999/02/22-rdf-syntax-ns#type> ?x }","rdf:type","DomainConcept; Food; Pizza",3,3
"2hop-NamedPizza_Fiorentina_156_Fiorentina_156-Fiorentina_156-hasIngredient-MC","NamedPizza_Fiorentina_156",117,256,"Property Assertion","MC","SELECT ?x WHERE { <http://www.example.com/genealogy.owl#Fiorentina_156> <http://www.example.com/genealogy.owl#hasIngredient> ?x }","hasIngredient","GarlicTopping_dynamic_1; MozzarellaTopping_dynamic_1; OliveTopping_dynamic_1; ParmesanTopping_dynamic_1; SpinachTopping_dynamic_1; TomatoTopping_dynamic_1",2,2
"2hop-NamedPizza_Fiorentina_156_Fiorentina_156-Fiorentina_156-hasTopping-MC","NamedPizza_Fiorentina_156",117,256,"Property Assertion","MC","SELECT ?x WHERE { <http://www.example.com/genealogy.owl#Fiorentina_156> <http://www.example.com/genealogy.owl#hasTopping> ?x }","hasTopping","GarlicTopping_dynamic_1; MozzarellaTopping_dynamic_1; OliveTopping_dynamic_1; ParmesanTopping_dynamic_1; SpinachTopping_dynamic_1; TomatoTopping_dynamic_1",1,1
"2hop-NamedPizza_Fiorentina_156_Fiorentina_156-Fiorentina_156-hasIngredient-GarlicTopping_dynamic_1-BIN","NamedPizza_Fiorentina_156",117,256,"Property Assertion","BIN","ASK WHERE { <http://www.example.com/genealogy.owl#Fiorentina_156> <http://www.example.com/genealogy.owl#hasIngredient> <http://www.example.com/genealogy.owl#GarlicTopping_dynamic_1> }","hasIngredient","TRUE",2,2
"2hop-NamedPizza_Fiorentina_156_Fiorentina_156-Fiorentina_156-hasIngredient-AmericanHot_131-NEG-BIN","NamedPizza_Fiorentina_156",117,256,"Property Assertion","BIN","ASK WHERE { <http://www.example.com/genealogy.owl#Fiorentina_156> <http://www.example.com/genealogy.owl#hasIngredient> <http://www.example.com/genealogy.owl#AmericanHot_131> }","hasIngredient","FALSE",2,2
"2hop-NamedPizza_Fiorentina_156_Fiorentina_156-Fiorentina_156-hasTopping-GarlicTopping_dynamic_1-BIN","NamedPizza_Fiorentina_156",117,256,"Property Assertion","BIN","ASK WHERE { <http://www.example.com/genealogy.owl#Fiorentina_156> <http://www.example.com/genealogy.owl#hasTopping> <http://www.example.com/genealogy.owl#GarlicTopping_dynamic_1> }","hasTopping","TRUE",1,1
"2hop-NamedPizza_Fiorentina_156_Fiorentina_156-Fiorentina_156-hasTopping-AmericanHot_131-NEG-BIN","NamedPizza_Fiorentina_156",117,256,"Property Assertion","BIN","ASK WHERE { <http://www.example.com/genealogy.owl#Fiorentina_156> <http://www.example.com/genealogy.owl#hasTopping> <http://www.example.com/genealogy.owl#AmericanHot_131> }","hasTopping","FALSE",1,1
"2hop-NamedPizza_Fiorentina_222_Fiorentina_222-Fiorentina_222-rdf:type-MC","NamedPizza_Fiorentina_222",117,256,"Membership","MC","SELECT ?x WHERE { <http://www.example.com/genealogy.owl#Fiorentina_222> <http://www.w3.org/1999/02/22-rdf-syntax-ns#type> ?x }","rdf:type","DomainConcept; Food; Pizza",2,2
"2hop-NamedPizza_Fiorentina_222_Fiorentina_222-Fiorentina_222-hasIngredient-MC","NamedPizza_Fiorentina_222",117,256,"Property Assertion","MC","SELECT ?x WHERE { <http://www.example.com/genealogy.owl#Fiorentina_222> <http://www.example.com/genealogy.owl#hasIngredient> ?x }","hasIngredient","GarlicTopping_dynamic_1; MozzarellaTopping_dynamic_1; OliveTopping_dynamic_1; ParmesanTopping_dynamic_1; SpinachTopping_dynamic_1; TomatoTopping_dynamic_1",2,2
"2hop-NamedPizza_Fiorentina_222_Fiorentina_222-Fiorentina_222-rdf:type-Food-BIN","NamedPizza_Fiorentina_222",117,256,"Membership","BIN","ASK WHERE { <http://www.example.com/genealogy.owl#Fiorentina_222> <http://www.w3.org/1999/02/22-rdf-syntax-ns#type> <http://www.example.com/genealogy.owl#Food> }","rdf:type","TRUE",3,3
"2hop-NamedPizza_Fiorentina_222_Fiorentina_222-Fiorentina_222-rdf:type-American-NEG-BIN","NamedPizza_Fiorentina_222",117,256,"Membership","BIN","ASK WHERE { <http://www.example.com/genealogy.owl#Fiorentina_222> <http://www.w3.org/1999/02/22-rdf-syntax-ns#type> <http://www.example.com/genealogy.owl#American> }","rdf:type","FALSE",3,3
"2hop-NamedPizza_Fiorentina_222_Fiorentina_222-Fiorentina_222-hasTopping-MC","NamedPizza_Fiorentina_222",117,256,"Property Assertion","MC","SELECT ?x WHERE { <http://www.example.com/genealogy.owl#Fiorentina_222> <http://www.example.com/genealogy.owl#hasTopping> ?x }","hasTopping","GarlicTopping_dynamic_1; MozzarellaTopping_dynamic_1; OliveTopping_dynamic_1; ParmesanTopping_dynamic_1; SpinachTopping_dynamic_1; TomatoTopping_dynamic_1",1,1
"2hop-NamedPizza_Fiorentina_222_Fiorentina_222-Fiorentina_222-hasIngredient-GarlicTopping_dynamic_1-BIN","NamedPizza_Fiorentina_222",117,256,"Property Assertion","BIN","ASK WHERE { <http://www.example.com/genealogy.owl#Fiorentina_222> <http://www.example.com/genealogy.owl#hasIngredient> <http://www.example.com/genealogy.owl#GarlicTopping_dynamic_1> }","hasIngredient","TRUE",2,2
"2hop-NamedPizza_Fiorentina_222_Fiorentina_222-Fiorentina_222-hasIngredient-AmericanHot_131-NEG-BIN","NamedPizza_Fiorentina_222",117,256,"Property Assertion","BIN","ASK WHERE { <http://www.example.com/genealogy.owl#Fiorentina_222> <http://www.example.com/genealogy.owl#hasIngredient> <http://www.example.com/genealogy.owl#AmericanHot_131> }","hasIngredient","FALSE",2,2
"2hop-NamedPizza_Fiorentina_222_Fiorentina_222-Fiorentina_222-hasTopping-GarlicTopping_dynamic_1-BIN","NamedPizza_Fiorentina_222",117,256,"Property Assertion","BIN","ASK WHERE { <http://www.example.com/genealogy.owl#Fiorentina_222> <http://www.example.com/genealogy.owl#hasTopping> <http://www.example.com/genealogy.owl#GarlicTopping_dynamic_1> }","hasTopping","TRUE",1,1
"2hop-NamedPizza_Fiorentina_222_Fiorentina_222-Fiorentina_222-hasTopping-AmericanHot_131-NEG-BIN","NamedPizza_Fiorentina_222",117,256,"Property Assertion","BIN","ASK WHERE { <http://www.example.com/genealogy.owl#Fiorentina_222> <http://www.example.com/genealogy.owl#hasTopping> <http://www.example.com/genealogy.owl#AmericanHot_131> }","hasTopping","FALSE",1,1
"2hop-NamedPizza_Fiorentina_232_Fiorentina_232-Fiorentina_232-hasIngredient-MC","NamedPizza_Fiorentina_232",117,256,"Property Assertion","MC","SELECT ?x WHERE { <http://www.example.com/genealogy.owl#Fiorentina_232> <http://www.example.com/genealogy.owl#hasIngredient> ?x }","hasIngredient","GarlicTopping_dynamic_1; MozzarellaTopping_dynamic_1; OliveTopping_dynamic_1; ParmesanTopping_dynamic_1; SpinachTopping_dynamic_1; TomatoTopping_dynamic_1",2,2
"2hop-NamedPizza_Fiorentina_232_Fiorentina_232-Fiorentina_232-hasTopping-MC","NamedPizza_Fiorentina_232",117,256,"Property Assertion","MC","SELECT ?x WHERE { <http://www.example.com/genealogy.owl#Fiorentina_232> <http://www.example.com/genealogy.owl#hasTopping> ?x }","hasTopping","GarlicTopping_dynamic_1; MozzarellaTopping_dynamic_1; OliveTopping_dynamic_1; ParmesanTopping_dynamic_1; SpinachTopping_dynamic_1; TomatoTopping_dynamic_1",1,1
"2hop-NamedPizza_Fiorentina_232_Fiorentina_232-Fiorentina_232-rdf:type-Food-BIN","NamedPizza_Fiorentina_232",117,256,"Membership","BIN","ASK WHERE { <http://www.example.com/genealogy.owl#Fiorentina_232> <http://www.w3.org/1999/02/22-rdf-syntax-ns#type> <http://www.example.com/genealogy.owl#Food> }","rdf:type","TRUE",3,3
"2hop-NamedPizza_Fiorentina_232_Fiorentina_232-Fiorentina_232-rdf:type-American-NEG-BIN","NamedPizza_Fiorentina_232",117,256,"Membership","BIN","ASK WHERE { <http://www.example.com/genealogy.owl#Fiorentina_232> <http://www.w3.org/1999/02/22-rdf-syntax-ns#type> <http://www.example.com/genealogy.owl#American> }","rdf:type","FALSE",3,3
"2hop-NamedPizza_Fiorentina_232_Fiorentina_232-Fiorentina_232-rdf:type-MC","NamedPizza_Fiorentina_232",117,256,"Membership","MC","SELECT ?x WHERE { <http://www.example.com/genealogy.owl#Fiorentina_232> <http://www.w3.org/1999/02/22-rdf-syntax-ns#type> ?x }","rdf:type","DomainConcept; Food; Pizza",3,3
"2hop-NamedPizza_Fiorentina_232_Fiorentina_232-Fiorentina_232-hasTopping-GarlicTopping_dynamic_1-BIN","NamedPizza_Fiorentina_232",117,256,"Property Assertion","BIN","ASK WHERE { <http://www.example.com/genealogy.owl#Fiorentina_232> <http://www.example.com/genealogy.owl#hasTopping> <http://www.example.com/genealogy.owl#GarlicTopping_dynamic_1> }","hasTopping","TRUE",1,1
"2hop-NamedPizza_Fiorentina_232_Fiorentina_232-Fiorentina_232-hasTopping-AmericanHot_131-NEG-BIN","NamedPizza_Fiorentina_232",117,256,"Property Assertion","BIN","ASK WHERE { <http://www.example.com/genealogy.owl#Fiorentina_232> <http://www.example.com/genealogy.owl#hasTopping> <http://www.example.com/genealogy.owl#AmericanHot_131> }","hasTopping","FALSE",1,1
"2hop-NamedPizza_Fiorentina_232_Fiorentina_232-Fiorentina_232-hasIngredient-GarlicTopping_dynamic_1-BIN","NamedPizza_Fiorentina_232",117,256,"Property Assertion","BIN","ASK WHERE { <http://www.example.com/genealogy.owl#Fiorentina_232> <http://www.example.com/genealogy.owl#hasIngredient> <http://www.example.com/genealogy.owl#GarlicTopping_dynamic_1> }","hasIngredient","TRUE",2,2
"2hop-NamedPizza_Fiorentina_232_Fiorentina_232-Fiorentina_232-hasIngredient-AmericanHot_131-NEG-BIN","NamedPizza_Fiorentina_232",117,256,"Property Assertion","BIN","ASK WHERE { <http://www.example.com/genealogy.owl#Fiorentina_232> <http://www.example.com/genealogy.owl#hasIngredient> <http://www.example.com/genealogy.owl#AmericanHot_131> }","hasIngredient","FALSE",2,2
"2hop-NamedPizza_Fiorentina_234_Fiorentina_234-Fiorentina_234-rdf:type-MC","NamedPizza_Fiorentina_234",117,256,"Membership","MC","SELECT ?x WHERE { <http://www.example.com/genealogy.owl#Fiorentina_234> <http://www.w3.org/1999/02/22-rdf-syntax-ns#type> ?x }","rdf:type","DomainConcept; Food; Pizza",4,4
"2hop-NamedPizza_Fiorentina_234_Fiorentina_234-Fiorentina_234-hasTopping-MC","NamedPizza_Fiorentina_234",117,256,"Property Assertion","MC","SELECT ?x WHERE { <http://www.example.com/genealogy.owl#Fiorentina_234> <http://www.example.com/genealogy.owl#hasTopping> ?x }","hasTopping","GarlicTopping_dynamic_1; MozzarellaTopping_dynamic_1; OliveTopping_dynamic_1; ParmesanTopping_dynamic_1; SpinachTopping_dynamic_1; TomatoTopping_dynamic_1",1,1
"2hop-NamedPizza_Fiorentina_234_Fiorentina_234-Fiorentina_234-hasIngredient-MC","NamedPizza_Fiorentina_234",117,256,"Property Assertion","MC","SELECT ?x WHERE { <http://www.example.com/genealogy.owl#Fiorentina_234> <http://www.example.com/genealogy.owl#hasIngredient> ?x }","hasIngredient","GarlicTopping_dynamic_1; MozzarellaTopping_dynamic_1; OliveTopping_dynamic_1; ParmesanTopping_dynamic_1; SpinachTopping_dynamic_1; TomatoTopping_dynamic_1",2,2
"2hop-NamedPizza_Fiorentina_234_Fiorentina_234-Fiorentina_234-rdf:type-Food-BIN","NamedPizza_Fiorentina_234",117,256,"Membership","BIN","ASK WHERE { <http://www.example.com/genealogy.owl#Fiorentina_234> <http://www.w3.org/1999/02/22-rdf-syntax-ns#type> <http://www.example.com/genealogy.owl#Food> }","rdf:type","TRUE",3,3
"2hop-NamedPizza_Fiorentina_234_Fiorentina_234-Fiorentina_234-rdf:type-American-NEG-BIN","NamedPizza_Fiorentina_234",117,256,"Membership","BIN","ASK WHERE { <http://www.example.com/genealogy.owl#Fiorentina_234> <http://www.w3.org/1999/02/22-rdf-syntax-ns#type> <http://www.example.com/genealogy.owl#American> }","rdf:type","FALSE",3,3
"2hop-NamedPizza_Fiorentina_234_Fiorentina_234-Fiorentina_234-hasIngredient-GarlicTopping_dynamic_1-BIN","NamedPizza_Fiorentina_234",117,256,"Property Assertion","BIN","ASK WHERE { <http://www.example.com/genealogy.owl#Fiorentina_234> <http://www.example.com/genealogy.owl#hasIngredient> <http://www.example.com/genealogy.owl#GarlicTopping_dynamic_1> }","hasIngredient","TRUE",2,2
"2hop-NamedPizza_Fiorentina_234_Fiorentina_234-Fiorentina_234-hasIngredient-AmericanHot_131-NEG-BIN","NamedPizza_Fiorentina_234",117,256,"Property Assertion","BIN","ASK WHERE { <http://www.example.com/genealogy.owl#Fiorentina_234> <http://www.example.com/genealogy.owl#hasIngredient> <http://www.example.com/genealogy.owl#AmericanHot_131> }","hasIngredient","FALSE",2,2
"2hop-NamedPizza_Fiorentina_234_Fiorentina_234-Fiorentina_234-hasTopping-GarlicTopping_dynamic_1-BIN","NamedPizza_Fiorentina_234",117,256,"Property Assertion","BIN","ASK WHERE { <http://www.example.com/genealogy.owl#Fiorentina_234> <http://www.example.com/genealogy.owl#hasTopping> <http://www.example.com/genealogy.owl#GarlicTopping_dynamic_1> }","hasTopping","TRUE",1,1
"2hop-NamedPizza_Fiorentina_234_Fiorentina_234-Fiorentina_234-hasTopping-AmericanHot_131-NEG-BIN","NamedPizza_Fiorentina_234",117,256,"Property Assertion","BIN","ASK WHERE { <http://www.example.com/genealogy.owl#Fiorentina_234> <http://www.example.com/genealogy.owl#hasTopping> <http://www.example.com/genealogy.owl#AmericanHot_131> }","hasTopping","FALSE",1,1
"2hop-NamedPizza_Fiorentina_241_Fiorentina_241-Fiorentina_241-hasIngredient-MC","NamedPizza_Fiorentina_241",117,256,"Property Assertion","MC","SELECT ?x WHERE { <http://www.example.com/genealogy.owl#Fiorentina_241> <http://www.example.com/genealogy.owl#hasIngredient> ?x }","hasIngredient","GarlicTopping_dynamic_1; MozzarellaTopping_dynamic_1; OliveTopping_dynamic_1; ParmesanTopping_dynamic_1; SpinachTopping_dynamic_1; TomatoTopping_dynamic_1",2,2
"2hop-NamedPizza_Fiorentina_241_Fiorentina_241-Fiorentina_241-hasTopping-MC","NamedPizza_Fiorentina_241",117,256,"Property Assertion","MC","SELECT ?x WHERE { <http://www.example.com/genealogy.owl#Fiorentina_241> <http://www.example.com/genealogy.owl#hasTopping> ?x }","hasTopping","GarlicTopping_dynamic_1; MozzarellaTopping_dynamic_1; OliveTopping_dynamic_1; ParmesanTopping_dynamic_1; SpinachTopping_dynamic_1; TomatoTopping_dynamic_1",1,1
"2hop-NamedPizza_Fiorentina_241_Fiorentina_241-Fiorentina_241-hasTopping-GarlicTopping_dynamic_1-BIN","NamedPizza_Fiorentina_241",117,256,"Property Assertion","BIN","ASK WHERE { <http://www.example.com/genealogy.owl#Fiorentina_241> <http://www.example.com/genealogy.owl#hasTopping> <http://www.example.com/genealogy.owl#GarlicTopping_dynamic_1> }","hasTopping","TRUE",1,1
"2hop-NamedPizza_Fiorentina_241_Fiorentina_241-Fiorentina_241-hasTopping-AmericanHot_131-NEG-BIN","NamedPizza_Fiorentina_241",117,256,"Property Assertion","BIN","ASK WHERE { <http://www.example.com/genealogy.owl#Fiorentina_241> <http://www.example.com/genealogy.owl#hasTopping> <http://www.example.com/genealogy.owl#AmericanHot_131> }","hasTopping","FALSE",1,1
"2hop-NamedPizza_Fiorentina_241_Fiorentina_241-Fiorentina_241-hasIngredient-GarlicTopping_dynamic_1-BIN","NamedPizza_Fiorentina_241",117,256,"Property Assertion","BIN","ASK WHERE { <http://www.example.com/genealogy.owl#Fiorentina_241> <http://www.example.com/genealogy.owl#hasIngredient> <http://www.example.com/genealogy.owl#GarlicTopping_dynamic_1> }","hasIngredient","TRUE",2,2
"2hop-NamedPizza_Fiorentina_241_Fiorentina_241-Fiorentina_241-hasIngredient-AmericanHot_131-NEG-BIN","NamedPizza_Fiorentina_241",117,256,"Property Assertion","BIN","ASK WHERE { <http://www.example.com/genealogy.owl#Fiorentina_241> <http://www.example.com/genealogy.owl#hasIngredient> <http://www.example.com/genealogy.owl#AmericanHot_131> }","hasIngredient","FALSE",2,2
"2hop-NamedPizza_Fiorentina_241_Fiorentina_241-Fiorentina_241-rdf:type-Food-BIN","NamedPizza_Fiorentina_241",117,256,"Membership","BIN","ASK WHERE { <http://www.example.com/genealogy.owl#Fiorentina_241> <http://www.w3.org/1999/02/22-rdf-syntax-ns#type> <http://www.example.com/genealogy.owl#Food> }","rdf:type","TRUE",3,3
"2hop-NamedPizza_Fiorentina_241_Fiorentina_241-Fiorentina_241-rdf:type-American-NEG-BIN","NamedPizza_Fiorentina_241",117,256,"Membership","BIN","ASK WHERE { <http://www.example.com/genealogy.owl#Fiorentina_241> <http://www.w3.org/1999/02/22-rdf-syntax-ns#type> <http://www.example.com/genealogy.owl#American> }","rdf:type","FALSE",3,3
"2hop-NamedPizza_Fiorentina_241_Fiorentina_241-Fiorentina_241-rdf:type-MC","NamedPizza_Fiorentina_241",117,256,"Membership","MC","SELECT ?x WHERE { <http://www.example.com/genealogy.owl#Fiorentina_241> <http://www.w3.org/1999/02/22-rdf-syntax-ns#type> ?x }","rdf:type","DomainConcept; Food; Pizza",3,3
"2hop-NamedPizza_Fiorentina_84_Fiorentina_84-Fiorentina_84-hasIngredient-MC","NamedPizza_Fiorentina_84",117,256,"Property Assertion","MC","SELECT ?x WHERE { <http://www.example.com/genealogy.owl#Fiorentina_84> <http://www.example.com/genealogy.owl#hasIngredient> ?x }","hasIngredient","GarlicTopping_dynamic_1; MozzarellaTopping_dynamic_1; OliveTopping_dynamic_1; ParmesanTopping_dynamic_1; SpinachTopping_dynamic_1; TomatoTopping_dynamic_1",2,2
"2hop-NamedPizza_Fiorentina_84_Fiorentina_84-Fiorentina_84-hasTopping-MC","NamedPizza_Fiorentina_84",117,256,"Property Assertion","MC","SELECT ?x WHERE { <http://www.example.com/genealogy.owl#Fiorentina_84> <http://www.example.com/genealogy.owl#hasTopping> ?x }","hasTopping","GarlicTopping_dynamic_1; MozzarellaTopping_dynamic_1; OliveTopping_dynamic_1; ParmesanTopping_dynamic_1; SpinachTopping_dynamic_1; TomatoTopping_dynamic_1",1,1
"2hop-NamedPizza_Fiorentina_84_Fiorentina_84-Fiorentina_84-rdf:type-MC","NamedPizza_Fiorentina_84",117,256,"Membership","MC","SELECT ?x WHERE { <http://www.example.com/genealogy.owl#Fiorentina_84> <http://www.w3.org/1999/02/22-rdf-syntax-ns#type> ?x }","rdf:type","DomainConcept; Food; Pizza",4,4
"2hop-NamedPizza_Fiorentina_84_Fiorentina_84-Fiorentina_84-hasTopping-GarlicTopping_dynamic_1-BIN","NamedPizza_Fiorentina_84",117,256,"Property Assertion","BIN","ASK WHERE { <http://www.example.com/genealogy.owl#Fiorentina_84> <http://www.example.com/genealogy.owl#hasTopping> <http://www.example.com/genealogy.owl#GarlicTopping_dynamic_1> }","hasTopping","TRUE",1,1
"2hop-NamedPizza_Fiorentina_84_Fiorentina_84-Fiorentina_84-hasTopping-AmericanHot_131-NEG-BIN","NamedPizza_Fiorentina_84",117,256,"Property Assertion","BIN","ASK WHERE { <http://www.example.com/genealogy.owl#Fiorentina_84> <http://www.example.com/genealogy.owl#hasTopping> <http://www.example.com/genealogy.owl#AmericanHot_131> }","hasTopping","FALSE",1,1
"2hop-NamedPizza_Fiorentina_84_Fiorentina_84-Fiorentina_84-rdf:type-Food-BIN","NamedPizza_Fiorentina_84",117,256,"Membership","BIN","ASK WHERE { <http://www.example.com/genealogy.owl#Fiorentina_84> <http://www.w3.org/1999/02/22-rdf-syntax-ns#type> <http://www.example.com/genealogy.owl#Food> }","rdf:type","TRUE",3,3
"2hop-NamedPizza_Fiorentina_84_Fiorentina_84-Fiorentina_84-rdf:type-American-NEG-BIN","NamedPizza_Fiorentina_84",117,256,"Membership","BIN","ASK WHERE { <http://www.example.com/genealogy.owl#Fiorentina_84> <http://www.w3.org/1999/02/22-rdf-syntax-ns#type> <http://www.example.com/genealogy.owl#American> }","rdf:type","FALSE",3,3
"2hop-NamedPizza_Fiorentina_84_Fiorentina_84-Fiorentina_84-hasIngredient-GarlicTopping_dynamic_1-BIN","NamedPizza_Fiorentina_84",117,256,"Property Assertion","BIN","ASK WHERE { <http://www.example.com/genealogy.owl#Fiorentina_84> <http://www.example.com/genealogy.owl#hasIngredient> <http://www.example.com/genealogy.owl#GarlicTopping_dynamic_1> }","hasIngredient","TRUE",2,2
"2hop-NamedPizza_Fiorentina_84_Fiorentina_84-Fiorentina_84-hasIngredient-AmericanHot_131-NEG-BIN","NamedPizza_Fiorentina_84",117,256,"Property Assertion","BIN","ASK WHERE { <http://www.example.com/genealogy.owl#Fiorentina_84> <http://www.example.com/genealogy.owl#hasIngredient> <http://www.example.com/genealogy.owl#AmericanHot_131> }","hasIngredient","FALSE",2,2
"2hop-NamedPizza_Fiorentina_99_Fiorentina_99-Fiorentina_99-hasTopping-MC","NamedPizza_Fiorentina_99",117,256,"Property Assertion","MC","SELECT ?x WHERE { <http://www.example.com/genealogy.owl#Fiorentina_99> <http://www.example.com/genealogy.owl#hasTopping> ?x }","hasTopping","GarlicTopping_dynamic_1; MozzarellaTopping_dynamic_1; OliveTopping_dynamic_1; ParmesanTopping_dynamic_1; SpinachTopping_dynamic_1; TomatoTopping_dynamic_1",1,1
"2hop-NamedPizza_Fiorentina_99_Fiorentina_99-Fiorentina_99-hasIngredient-MC","NamedPizza_Fiorentina_99",117,256,"Property Assertion","MC","SELECT ?x WHERE { <http://www.example.com/genealogy.owl#Fiorentina_99> <http://www.example.com/genealogy.owl#hasIngredient> ?x }","hasIngredient","GarlicTopping_dynamic_1; MozzarellaTopping_dynamic_1; OliveTopping_dynamic_1; ParmesanTopping_dynamic_1; SpinachTopping_dynamic_1; TomatoTopping_dynamic_1",2,2
"2hop-NamedPizza_Fiorentina_99_Fiorentina_99-Fiorentina_99-rdf:type-Food-BIN","NamedPizza_Fiorentina_99",117,256,"Membership","BIN","ASK WHERE { <http://www.example.com/genealogy.owl#Fiorentina_99> <http://www.w3.org/1999/02/22-rdf-syntax-ns#type> <http://www.example.com/genealogy.owl#Food> }","rdf:type","TRUE",3,3
"2hop-NamedPizza_Fiorentina_99_Fiorentina_99-Fiorentina_99-rdf:type-American-NEG-BIN","NamedPizza_Fiorentina_99",117,256,"Membership","BIN","ASK WHERE { <http://www.example.com/genealogy.owl#Fiorentina_99> <http://www.w3.org/1999/02/22-rdf-syntax-ns#type> <http://www.example.com/genealogy.owl#American> }","rdf:type","FALSE",3,3
"2hop-NamedPizza_Fiorentina_99_Fiorentina_99-Fiorentina_99-rdf:type-MC","NamedPizza_Fiorentina_99",117,256,"Membership","MC","SELECT ?x WHERE { <http://www.example.com/genealogy.owl#Fiorentina_99> <http://www.w3.org/1999/02/22-rdf-syntax-ns#type> ?x }","rdf:type","DomainConcept; Food; Pizza",3,3
"2hop-NamedPizza_Fiorentina_99_Fiorentina_99-Fiorentina_99-hasTopping-GarlicTopping_dynamic_1-BIN","NamedPizza_Fiorentina_99",117,256,"Property Assertion","BIN","ASK WHERE { <http://www.example.com/genealogy.owl#Fiorentina_99> <http://www.example.com/genealogy.owl#hasTopping> <http://www.example.com/genealogy.owl#GarlicTopping_dynamic_1> }","hasTopping","TRUE",1,1
"2hop-NamedPizza_Fiorentina_99_Fiorentina_99-Fiorentina_99-hasTopping-AmericanHot_131-NEG-BIN","NamedPizza_Fiorentina_99",117,256,"Property Assertion","BIN","ASK WHERE { <http://www.example.com/genealogy.owl#Fiorentina_99> <http://www.example.com/genealogy.owl#hasTopping> <http://www.example.com/genealogy.owl#AmericanHot_131> }","hasTopping","FALSE",1,1
"2hop-NamedPizza_Fiorentina_99_Fiorentina_99-Fiorentina_99-hasIngredient-GarlicTopping_dynamic_1-BIN","NamedPizza_Fiorentina_99",117,256,"Property Assertion","BIN","ASK WHERE { <http://www.example.com/genealogy.owl#Fiorentina_99> <http://www.example.com/genealogy.owl#hasIngredient> <http://www.example.com/genealogy.owl#GarlicTopping_dynamic_1> }","hasIngredient","TRUE",2,2
"2hop-NamedPizza_Fiorentina_99_Fiorentina_99-Fiorentina_99-hasIngredient-AmericanHot_131-NEG-BIN","NamedPizza_Fiorentina_99",117,256,"Property Assertion","BIN","ASK WHERE { <http://www.example.com/genealogy.owl#Fiorentina_99> <http://www.example.com/genealogy.owl#hasIngredient> <http://www.example.com/genealogy.owl#AmericanHot_131> }","hasIngredient","FALSE",2,2
"2hop-NamedPizza_FourSeasons_127_FourSeasons_127-FourSeasons_127-hasTopping-MC","NamedPizza_FourSeasons_127",117,257,"Property Assertion","MC","SELECT ?x WHERE { <http://www.example.com/genealogy.owl#FourSeasons_127> <http://www.example.com/genealogy.owl#hasTopping> ?x }","hasTopping","AnchoviesTopping_dynamic_1; CaperTopping_dynamic_1; MozzarellaTopping_dynamic_1; MushroomTopping_dynamic_1; OliveTopping_dynamic_1; PeperoniSausageTopping_dynamic_1; TomatoTopping_dynamic_1",1,1
"2hop-NamedPizza_FourSeasons_127_FourSeasons_127-FourSeasons_127-hasIngredient-MC","NamedPizza_FourSeasons_127",117,257,"Property Assertion","MC","SELECT ?x WHERE { <http://www.example.com/genealogy.owl#FourSeasons_127> <http://www.example.com/genealogy.owl#hasIngredient> ?x }","hasIngredient","AnchoviesTopping_dynamic_1; CaperTopping_dynamic_1; MozzarellaTopping_dynamic_1; MushroomTopping_dynamic_1; OliveTopping_dynamic_1; PeperoniSausageTopping_dynamic_1; TomatoTopping_dynamic_1",2,2
"2hop-NamedPizza_FourSeasons_127_FourSeasons_127-FourSeasons_127-hasIngredient-AnchoviesTopping_dynamic_1-BIN","NamedPizza_FourSeasons_127",117,257,"Property Assertion","BIN","ASK WHERE { <http://www.example.com/genealogy.owl#FourSeasons_127> <http://www.example.com/genealogy.owl#hasIngredient> <http://www.example.com/genealogy.owl#AnchoviesTopping_dynamic_1> }","hasIngredient","TRUE",2,2
"2hop-NamedPizza_FourSeasons_127_FourSeasons_127-FourSeasons_127-hasIngredient-AmericanHot_131-NEG-BIN","NamedPizza_FourSeasons_127",117,257,"Property Assertion","BIN","ASK WHERE { <http://www.example.com/genealogy.owl#FourSeasons_127> <http://www.example.com/genealogy.owl#hasIngredient> <http://www.example.com/genealogy.owl#AmericanHot_131> }","hasIngredient","FALSE",2,2
"2hop-NamedPizza_FourSeasons_127_FourSeasons_127-FourSeasons_127-hasTopping-AnchoviesTopping_dynamic_1-BIN","NamedPizza_FourSeasons_127",117,257,"Property Assertion","BIN","ASK WHERE { <http://www.example.com/genealogy.owl#FourSeasons_127> <http://www.example.com/genealogy.owl#hasTopping> <http://www.example.com/genealogy.owl#AnchoviesTopping_dynamic_1> }","hasTopping","TRUE",1,1
"2hop-NamedPizza_FourSeasons_127_FourSeasons_127-FourSeasons_127-hasTopping-AmericanHot_131-NEG-BIN","NamedPizza_FourSeasons_127",117,257,"Property Assertion","BIN","ASK WHERE { <http://www.example.com/genealogy.owl#FourSeasons_127> <http://www.example.com/genealogy.owl#hasTopping> <http://www.example.com/genealogy.owl#AmericanHot_131> }","hasTopping","FALSE",1,1
"2hop-NamedPizza_FourSeasons_127_FourSeasons_127-FourSeasons_127-rdf:type-MC","NamedPizza_FourSeasons_127",117,257,"Membership","MC","SELECT ?x WHERE { <http://www.example.com/genealogy.owl#FourSeasons_127> <http://www.w3.org/1999/02/22-rdf-syntax-ns#type> ?x }","rdf:type","DomainConcept; Food; Pizza",4,4
"2hop-NamedPizza_FourSeasons_127_FourSeasons_127-FourSeasons_127-rdf:type-Food-BIN","NamedPizza_FourSeasons_127",117,257,"Membership","BIN","ASK WHERE { <http://www.example.com/genealogy.owl#FourSeasons_127> <http://www.w3.org/1999/02/22-rdf-syntax-ns#type> <http://www.example.com/genealogy.owl#Food> }","rdf:type","TRUE",3,3
"2hop-NamedPizza_FourSeasons_127_FourSeasons_127-FourSeasons_127-rdf:type-American-NEG-BIN","NamedPizza_FourSeasons_127",117,257,"Membership","BIN","ASK WHERE { <http://www.example.com/genealogy.owl#FourSeasons_127> <http://www.w3.org/1999/02/22-rdf-syntax-ns#type> <http://www.example.com/genealogy.owl#American> }","rdf:type","FALSE",3,3
"2hop-NamedPizza_FourSeasons_146_FourSeasons_146-FourSeasons_146-hasTopping-MC","NamedPizza_FourSeasons_146",117,257,"Property Assertion","MC","SELECT ?x WHERE { <http://www.example.com/genealogy.owl#FourSeasons_146> <http://www.example.com/genealogy.owl#hasTopping> ?x }","hasTopping","AnchoviesTopping_dynamic_1; CaperTopping_dynamic_1; MozzarellaTopping_dynamic_1; MushroomTopping_dynamic_1; OliveTopping_dynamic_1; PeperoniSausageTopping_dynamic_1; TomatoTopping_dynamic_1",1,1
"2hop-NamedPizza_FourSeasons_146_FourSeasons_146-FourSeasons_146-hasIngredient-MC","NamedPizza_FourSeasons_146",117,257,"Property Assertion","MC","SELECT ?x WHERE { <http://www.example.com/genealogy.owl#FourSeasons_146> <http://www.example.com/genealogy.owl#hasIngredient> ?x }","hasIngredient","AnchoviesTopping_dynamic_1; CaperTopping_dynamic_1; MozzarellaTopping_dynamic_1; MushroomTopping_dynamic_1; OliveTopping_dynamic_1; PeperoniSausageTopping_dynamic_1; TomatoTopping_dynamic_1",2,2
"2hop-NamedPizza_FourSeasons_146_FourSeasons_146-FourSeasons_146-hasTopping-AnchoviesTopping_dynamic_1-BIN","NamedPizza_FourSeasons_146",117,257,"Property Assertion","BIN","ASK WHERE { <http://www.example.com/genealogy.owl#FourSeasons_146> <http://www.example.com/genealogy.owl#hasTopping> <http://www.example.com/genealogy.owl#AnchoviesTopping_dynamic_1> }","hasTopping","TRUE",1,1
"2hop-NamedPizza_FourSeasons_146_FourSeasons_146-FourSeasons_146-hasTopping-AmericanHot_131-NEG-BIN","NamedPizza_FourSeasons_146",117,257,"Property Assertion","BIN","ASK WHERE { <http://www.example.com/genealogy.owl#FourSeasons_146> <http://www.example.com/genealogy.owl#hasTopping> <http://www.example.com/genealogy.owl#AmericanHot_131> }","hasTopping","FALSE",1,1
"2hop-NamedPizza_FourSeasons_146_FourSeasons_146-FourSeasons_146-rdf:type-MC","NamedPizza_FourSeasons_146",117,257,"Membership","MC","SELECT ?x WHERE { <http://www.example.com/genealogy.owl#FourSeasons_146> <http://www.w3.org/1999/02/22-rdf-syntax-ns#type> ?x }","rdf:type","DomainConcept; Food; Pizza",4,4
"2hop-NamedPizza_FourSeasons_146_FourSeasons_146-FourSeasons_146-rdf:type-Food-BIN","NamedPizza_FourSeasons_146",117,257,"Membership","BIN","ASK WHERE { <http://www.example.com/genealogy.owl#FourSeasons_146> <http://www.w3.org/1999/02/22-rdf-syntax-ns#type> <http://www.example.com/genealogy.owl#Food> }","rdf:type","TRUE",3,3
"2hop-NamedPizza_FourSeasons_146_FourSeasons_146-FourSeasons_146-rdf:type-American-NEG-BIN","NamedPizza_FourSeasons_146",117,257,"Membership","BIN","ASK WHERE { <http://www.example.com/genealogy.owl#FourSeasons_146> <http://www.w3.org/1999/02/22-rdf-syntax-ns#type> <http://www.example.com/genealogy.owl#American> }","rdf:type","FALSE",3,3
"2hop-NamedPizza_FourSeasons_146_FourSeasons_146-FourSeasons_146-hasIngredient-AnchoviesTopping_dynamic_1-BIN","NamedPizza_FourSeasons_146",117,257,"Property Assertion","BIN","ASK WHERE { <http://www.example.com/genealogy.owl#FourSeasons_146> <http://www.example.com/genealogy.owl#hasIngredient> <http://www.example.com/genealogy.owl#AnchoviesTopping_dynamic_1> }","hasIngredient","TRUE",2,2
"2hop-NamedPizza_FourSeasons_146_FourSeasons_146-FourSeasons_146-hasIngredient-AmericanHot_131-NEG-BIN","NamedPizza_FourSeasons_146",117,257,"Property Assertion","BIN","ASK WHERE { <http://www.example.com/genealogy.owl#FourSeasons_146> <http://www.example.com/genealogy.owl#hasIngredient> <http://www.example.com/genealogy.owl#AmericanHot_131> }","hasIngredient","FALSE",2,2
"2hop-NamedPizza_FourSeasons_171_FourSeasons_171-FourSeasons_171-hasTopping-MC","NamedPizza_FourSeasons_171",117,257,"Property Assertion","MC","SELECT ?x WHERE { <http://www.example.com/genealogy.owl#FourSeasons_171> <http://www.example.com/genealogy.owl#hasTopping> ?x }","hasTopping","AnchoviesTopping_dynamic_1; CaperTopping_dynamic_1; MozzarellaTopping_dynamic_1; MushroomTopping_dynamic_1; OliveTopping_dynamic_1; PeperoniSausageTopping_dynamic_1; TomatoTopping_dynamic_1",1,1
"2hop-NamedPizza_FourSeasons_171_FourSeasons_171-FourSeasons_171-hasIngredient-MC","NamedPizza_FourSeasons_171",117,257,"Property Assertion","MC","SELECT ?x WHERE { <http://www.example.com/genealogy.owl#FourSeasons_171> <http://www.example.com/genealogy.owl#hasIngredient> ?x }","hasIngredient","AnchoviesTopping_dynamic_1; CaperTopping_dynamic_1; MozzarellaTopping_dynamic_1; MushroomTopping_dynamic_1; OliveTopping_dynamic_1; PeperoniSausageTopping_dynamic_1; TomatoTopping_dynamic_1",2,2
"2hop-NamedPizza_FourSeasons_171_FourSeasons_171-FourSeasons_171-rdf:type-MC","NamedPizza_FourSeasons_171",117,257,"Membership","MC","SELECT ?x WHERE { <http://www.example.com/genealogy.owl#FourSeasons_171> <http://www.w3.org/1999/02/22-rdf-syntax-ns#type> ?x }","rdf:type","DomainConcept; Food; Pizza",2,2
"2hop-NamedPizza_FourSeasons_171_FourSeasons_171-FourSeasons_171-rdf:type-Food-BIN","NamedPizza_FourSeasons_171",117,257,"Membership","BIN","ASK WHERE { <http://www.example.com/genealogy.owl#FourSeasons_171> <http://www.w3.org/1999/02/22-rdf-syntax-ns#type> <http://www.example.com/genealogy.owl#Food> }","rdf:type","TRUE",3,3
"2hop-NamedPizza_FourSeasons_171_FourSeasons_171-FourSeasons_171-rdf:type-American-NEG-BIN","NamedPizza_FourSeasons_171",117,257,"Membership","BIN","ASK WHERE { <http://www.example.com/genealogy.owl#FourSeasons_171> <http://www.w3.org/1999/02/22-rdf-syntax-ns#type> <http://www.example.com/genealogy.owl#American> }","rdf:type","FALSE",3,3
"2hop-NamedPizza_FourSeasons_171_FourSeasons_171-FourSeasons_171-hasIngredient-AnchoviesTopping_dynamic_1-BIN","NamedPizza_FourSeasons_171",117,257,"Property Assertion","BIN","ASK WHERE { <http://www.example.com/genealogy.owl#FourSeasons_171> <http://www.example.com/genealogy.owl#hasIngredient> <http://www.example.com/genealogy.owl#AnchoviesTopping_dynamic_1> }","hasIngredient","TRUE",2,2
"2hop-NamedPizza_FourSeasons_171_FourSeasons_171-FourSeasons_171-hasIngredient-AmericanHot_131-NEG-BIN","NamedPizza_FourSeasons_171",117,257,"Property Assertion","BIN","ASK WHERE { <http://www.example.com/genealogy.owl#FourSeasons_171> <http://www.example.com/genealogy.owl#hasIngredient> <http://www.example.com/genealogy.owl#AmericanHot_131> }","hasIngredient","FALSE",2,2
"2hop-NamedPizza_FourSeasons_171_FourSeasons_171-FourSeasons_171-hasTopping-AnchoviesTopping_dynamic_1-BIN","NamedPizza_FourSeasons_171",117,257,"Property Assertion","BIN","ASK WHERE { <http://www.example.com/genealogy.owl#FourSeasons_171> <http://www.example.com/genealogy.owl#hasTopping> <http://www.example.com/genealogy.owl#AnchoviesTopping_dynamic_1> }","hasTopping","TRUE",1,1
"2hop-NamedPizza_FourSeasons_171_FourSeasons_171-FourSeasons_171-hasTopping-AmericanHot_131-NEG-BIN","NamedPizza_FourSeasons_171",117,257,"Property Assertion","BIN","ASK WHERE { <http://www.example.com/genealogy.owl#FourSeasons_171> <http://www.example.com/genealogy.owl#hasTopping> <http://www.example.com/genealogy.owl#AmericanHot_131> }","hasTopping","FALSE",1,1
"2hop-NamedPizza_FourSeasons_174_FourSeasons_174-FourSeasons_174-hasIngredient-MC","NamedPizza_FourSeasons_174",117,257,"Property Assertion","MC","SELECT ?x WHERE { <http://www.example.com/genealogy.owl#FourSeasons_174> <http://www.example.com/genealogy.owl#hasIngredient> ?x }","hasIngredient","AnchoviesTopping_dynamic_1; CaperTopping_dynamic_1; MozzarellaTopping_dynamic_1; MushroomTopping_dynamic_1; OliveTopping_dynamic_1; PeperoniSausageTopping_dynamic_1; TomatoTopping_dynamic_1",2,2
"2hop-NamedPizza_FourSeasons_174_FourSeasons_174-FourSeasons_174-hasTopping-MC","NamedPizza_FourSeasons_174",117,257,"Property Assertion","MC","SELECT ?x WHERE { <http://www.example.com/genealogy.owl#FourSeasons_174> <http://www.example.com/genealogy.owl#hasTopping> ?x }","hasTopping","AnchoviesTopping_dynamic_1; CaperTopping_dynamic_1; MozzarellaTopping_dynamic_1; MushroomTopping_dynamic_1; OliveTopping_dynamic_1; PeperoniSausageTopping_dynamic_1; TomatoTopping_dynamic_1",1,1
"2hop-NamedPizza_FourSeasons_174_FourSeasons_174-FourSeasons_174-rdf:type-MC","NamedPizza_FourSeasons_174",117,257,"Membership","MC","SELECT ?x WHERE { <http://www.example.com/genealogy.owl#FourSeasons_174> <http://www.w3.org/1999/02/22-rdf-syntax-ns#type> ?x }","rdf:type","DomainConcept; Food; Pizza",2,2
"2hop-NamedPizza_FourSeasons_174_FourSeasons_174-FourSeasons_174-hasTopping-AnchoviesTopping_dynamic_1-BIN","NamedPizza_FourSeasons_174",117,257,"Property Assertion","BIN","ASK WHERE { <http://www.example.com/genealogy.owl#FourSeasons_174> <http://www.example.com/genealogy.owl#hasTopping> <http://www.example.com/genealogy.owl#AnchoviesTopping_dynamic_1> }","hasTopping","TRUE",1,1
"2hop-NamedPizza_FourSeasons_174_FourSeasons_174-FourSeasons_174-hasTopping-AmericanHot_131-NEG-BIN","NamedPizza_FourSeasons_174",117,257,"Property Assertion","BIN","ASK WHERE { <http://www.example.com/genealogy.owl#FourSeasons_174> <http://www.example.com/genealogy.owl#hasTopping> <http://www.example.com/genealogy.owl#AmericanHot_131> }","hasTopping","FALSE",1,1
"2hop-NamedPizza_FourSeasons_174_FourSeasons_174-FourSeasons_174-hasIngredient-AnchoviesTopping_dynamic_1-BIN","NamedPizza_FourSeasons_174",117,257,"Property Assertion","BIN","ASK WHERE { <http://www.example.com/genealogy.owl#FourSeasons_174> <http://www.example.com/genealogy.owl#hasIngredient> <http://www.example.com/genealogy.owl#AnchoviesTopping_dynamic_1> }","hasIngredient","TRUE",2,2
"2hop-NamedPizza_FourSeasons_174_FourSeasons_174-FourSeasons_174-hasIngredient-AmericanHot_131-NEG-BIN","NamedPizza_FourSeasons_174",117,257,"Property Assertion","BIN","ASK WHERE { <http://www.example.com/genealogy.owl#FourSeasons_174> <http://www.example.com/genealogy.owl#hasIngredient> <http://www.example.com/genealogy.owl#AmericanHot_131> }","hasIngredient","FALSE",2,2
"2hop-NamedPizza_FourSeasons_174_FourSeasons_174-FourSeasons_174-rdf:type-Food-BIN","NamedPizza_FourSeasons_174",117,257,"Membership","BIN","ASK WHERE { <http://www.example.com/genealogy.owl#FourSeasons_174> <http://www.w3.org/1999/02/22-rdf-syntax-ns#type> <http://www.example.com/genealogy.owl#Food> }","rdf:type","TRUE",3,3
"2hop-NamedPizza_FourSeasons_174_FourSeasons_174-FourSeasons_174-rdf:type-American-NEG-BIN","NamedPizza_FourSeasons_174",117,257,"Membership","BIN","ASK WHERE { <http://www.example.com/genealogy.owl#FourSeasons_174> <http://www.w3.org/1999/02/22-rdf-syntax-ns#type> <http://www.example.com/genealogy.owl#American> }","rdf:type","FALSE",3,3
"2hop-NamedPizza_FourSeasons_182_FourSeasons_182-FourSeasons_182-rdf:type-MC","NamedPizza_FourSeasons_182",117,257,"Membership","MC","SELECT ?x WHERE { <http://www.example.com/genealogy.owl#FourSeasons_182> <http://www.w3.org/1999/02/22-rdf-syntax-ns#type> ?x }","rdf:type","DomainConcept; Food; Pizza",2,2
"2hop-NamedPizza_FourSeasons_182_FourSeasons_182-FourSeasons_182-hasTopping-MC","NamedPizza_FourSeasons_182",117,257,"Property Assertion","MC","SELECT ?x WHERE { <http://www.example.com/genealogy.owl#FourSeasons_182> <http://www.example.com/genealogy.owl#hasTopping> ?x }","hasTopping","AnchoviesTopping_dynamic_1; CaperTopping_dynamic_1; MozzarellaTopping_dynamic_1; MushroomTopping_dynamic_1; OliveTopping_dynamic_1; PeperoniSausageTopping_dynamic_1; TomatoTopping_dynamic_1",1,1
"2hop-NamedPizza_FourSeasons_182_FourSeasons_182-FourSeasons_182-hasIngredient-MC","NamedPizza_FourSeasons_182",117,257,"Property Assertion","MC","SELECT ?x WHERE { <http://www.example.com/genealogy.owl#FourSeasons_182> <http://www.example.com/genealogy.owl#hasIngredient> ?x }","hasIngredient","AnchoviesTopping_dynamic_1; CaperTopping_dynamic_1; MozzarellaTopping_dynamic_1; MushroomTopping_dynamic_1; OliveTopping_dynamic_1; PeperoniSausageTopping_dynamic_1; TomatoTopping_dynamic_1",2,2
"2hop-NamedPizza_FourSeasons_182_FourSeasons_182-FourSeasons_182-hasTopping-AnchoviesTopping_dynamic_1-BIN","NamedPizza_FourSeasons_182",117,257,"Property Assertion","BIN","ASK WHERE { <http://www.example.com/genealogy.owl#FourSeasons_182> <http://www.example.com/genealogy.owl#hasTopping> <http://www.example.com/genealogy.owl#AnchoviesTopping_dynamic_1> }","hasTopping","TRUE",1,1
"2hop-NamedPizza_FourSeasons_182_FourSeasons_182-FourSeasons_182-hasTopping-AmericanHot_131-NEG-BIN","NamedPizza_FourSeasons_182",117,257,"Property Assertion","BIN","ASK WHERE { <http://www.example.com/genealogy.owl#FourSeasons_182> <http://www.example.com/genealogy.owl#hasTopping> <http://www.example.com/genealogy.owl#AmericanHot_131> }","hasTopping","FALSE",1,1
"2hop-NamedPizza_FourSeasons_182_FourSeasons_182-FourSeasons_182-hasIngredient-AnchoviesTopping_dynamic_1-BIN","NamedPizza_FourSeasons_182",117,257,"Property Assertion","BIN","ASK WHERE { <http://www.example.com/genealogy.owl#FourSeasons_182> <http://www.example.com/genealogy.owl#hasIngredient> <http://www.example.com/genealogy.owl#AnchoviesTopping_dynamic_1> }","hasIngredient","TRUE",2,2
"2hop-NamedPizza_FourSeasons_182_FourSeasons_182-FourSeasons_182-hasIngredient-AmericanHot_131-NEG-BIN","NamedPizza_FourSeasons_182",117,257,"Property Assertion","BIN","ASK WHERE { <http://www.example.com/genealogy.owl#FourSeasons_182> <http://www.example.com/genealogy.owl#hasIngredient> <http://www.example.com/genealogy.owl#AmericanHot_131> }","hasIngredient","FALSE",2,2
"2hop-NamedPizza_FourSeasons_182_FourSeasons_182-FourSeasons_182-rdf:type-Food-BIN","NamedPizza_FourSeasons_182",117,257,"Membership","BIN","ASK WHERE { <http://www.example.com/genealogy.owl#FourSeasons_182> <http://www.w3.org/1999/02/22-rdf-syntax-ns#type> <http://www.example.com/genealogy.owl#Food> }","rdf:type","TRUE",3,3
"2hop-NamedPizza_FourSeasons_182_FourSeasons_182-FourSeasons_182-rdf:type-American-NEG-BIN","NamedPizza_FourSeasons_182",117,257,"Membership","BIN","ASK WHERE { <http://www.example.com/genealogy.owl#FourSeasons_182> <http://www.w3.org/1999/02/22-rdf-syntax-ns#type> <http://www.example.com/genealogy.owl#American> }","rdf:type","FALSE",3,3
"2hop-NamedPizza_FourSeasons_188_FourSeasons_188-FourSeasons_188-hasIngredient-MC","NamedPizza_FourSeasons_188",117,257,"Property Assertion","MC","SELECT ?x WHERE { <http://www.example.com/genealogy.owl#FourSeasons_188> <http://www.example.com/genealogy.owl#hasIngredient> ?x }","hasIngredient","AnchoviesTopping_dynamic_1; CaperTopping_dynamic_1; MozzarellaTopping_dynamic_1; MushroomTopping_dynamic_1; OliveTopping_dynamic_1; PeperoniSausageTopping_dynamic_1; TomatoTopping_dynamic_1",2,2
"2hop-NamedPizza_FourSeasons_188_FourSeasons_188-FourSeasons_188-hasIngredient-AnchoviesTopping_dynamic_1-BIN","NamedPizza_FourSeasons_188",117,257,"Property Assertion","BIN","ASK WHERE { <http://www.example.com/genealogy.owl#FourSeasons_188> <http://www.example.com/genealogy.owl#hasIngredient> <http://www.example.com/genealogy.owl#AnchoviesTopping_dynamic_1> }","hasIngredient","TRUE",2,2
"2hop-NamedPizza_FourSeasons_188_FourSeasons_188-FourSeasons_188-hasIngredient-AmericanHot_131-NEG-BIN","NamedPizza_FourSeasons_188",117,257,"Property Assertion","BIN","ASK WHERE { <http://www.example.com/genealogy.owl#FourSeasons_188> <http://www.example.com/genealogy.owl#hasIngredient> <http://www.example.com/genealogy.owl#AmericanHot_131> }","hasIngredient","FALSE",2,2
"2hop-NamedPizza_FourSeasons_188_FourSeasons_188-FourSeasons_188-hasTopping-MC","NamedPizza_FourSeasons_188",117,257,"Property Assertion","MC","SELECT ?x WHERE { <http://www.example.com/genealogy.owl#FourSeasons_188> <http://www.example.com/genealogy.owl#hasTopping> ?x }","hasTopping","AnchoviesTopping_dynamic_1; CaperTopping_dynamic_1; MozzarellaTopping_dynamic_1; MushroomTopping_dynamic_1; OliveTopping_dynamic_1; PeperoniSausageTopping_dynamic_1; TomatoTopping_dynamic_1",1,1
"2hop-NamedPizza_FourSeasons_188_FourSeasons_188-FourSeasons_188-rdf:type-MC","NamedPizza_FourSeasons_188",117,257,"Membership","MC","SELECT ?x WHERE { <http://www.example.com/genealogy.owl#FourSeasons_188> <http://www.w3.org/1999/02/22-rdf-syntax-ns#type> ?x }","rdf:type","DomainConcept; Food; Pizza",4,4
"2hop-NamedPizza_FourSeasons_188_FourSeasons_188-FourSeasons_188-rdf:type-Food-BIN","NamedPizza_FourSeasons_188",117,257,"Membership","BIN","ASK WHERE { <http://www.example.com/genealogy.owl#FourSeasons_188> <http://www.w3.org/1999/02/22-rdf-syntax-ns#type> <http://www.example.com/genealogy.owl#Food> }","rdf:type","TRUE",3,3
"2hop-NamedPizza_FourSeasons_188_FourSeasons_188-FourSeasons_188-rdf:type-American-NEG-BIN","NamedPizza_FourSeasons_188",117,257,"Membership","BIN","ASK WHERE { <http://www.example.com/genealogy.owl#FourSeasons_188> <http://www.w3.org/1999/02/22-rdf-syntax-ns#type> <http://www.example.com/genealogy.owl#American> }","rdf:type","FALSE",3,3
"2hop-NamedPizza_FourSeasons_188_FourSeasons_188-FourSeasons_188-hasTopping-AnchoviesTopping_dynamic_1-BIN","NamedPizza_FourSeasons_188",117,257,"Property Assertion","BIN","ASK WHERE { <http://www.example.com/genealogy.owl#FourSeasons_188> <http://www.example.com/genealogy.owl#hasTopping> <http://www.example.com/genealogy.owl#AnchoviesTopping_dynamic_1> }","hasTopping","TRUE",1,1
"2hop-NamedPizza_FourSeasons_188_FourSeasons_188-FourSeasons_188-hasTopping-AmericanHot_131-NEG-BIN","NamedPizza_FourSeasons_188",117,257,"Property Assertion","BIN","ASK WHERE { <http://www.example.com/genealogy.owl#FourSeasons_188> <http://www.example.com/genealogy.owl#hasTopping> <http://www.example.com/genealogy.owl#AmericanHot_131> }","hasTopping","FALSE",1,1
"2hop-NamedPizza_FourSeasons_190_FourSeasons_190-FourSeasons_190-hasTopping-MC","NamedPizza_FourSeasons_190",117,257,"Property Assertion","MC","SELECT ?x WHERE { <http://www.example.com/genealogy.owl#FourSeasons_190> <http://www.example.com/genealogy.owl#hasTopping> ?x }","hasTopping","AnchoviesTopping_dynamic_1; CaperTopping_dynamic_1; MozzarellaTopping_dynamic_1; MushroomTopping_dynamic_1; OliveTopping_dynamic_1; PeperoniSausageTopping_dynamic_1; TomatoTopping_dynamic_1",1,1
"2hop-NamedPizza_FourSeasons_190_FourSeasons_190-FourSeasons_190-hasIngredient-MC","NamedPizza_FourSeasons_190",117,257,"Property Assertion","MC","SELECT ?x WHERE { <http://www.example.com/genealogy.owl#FourSeasons_190> <http://www.example.com/genealogy.owl#hasIngredient> ?x }","hasIngredient","AnchoviesTopping_dynamic_1; CaperTopping_dynamic_1; MozzarellaTopping_dynamic_1; MushroomTopping_dynamic_1; OliveTopping_dynamic_1; PeperoniSausageTopping_dynamic_1; TomatoTopping_dynamic_1",2,2
"2hop-NamedPizza_FourSeasons_190_FourSeasons_190-FourSeasons_190-hasTopping-AnchoviesTopping_dynamic_1-BIN","NamedPizza_FourSeasons_190",117,257,"Property Assertion","BIN","ASK WHERE { <http://www.example.com/genealogy.owl#FourSeasons_190> <http://www.example.com/genealogy.owl#hasTopping> <http://www.example.com/genealogy.owl#AnchoviesTopping_dynamic_1> }","hasTopping","TRUE",1,1
"2hop-NamedPizza_FourSeasons_190_FourSeasons_190-FourSeasons_190-hasTopping-AmericanHot_131-NEG-BIN","NamedPizza_FourSeasons_190",117,257,"Property Assertion","BIN","ASK WHERE { <http://www.example.com/genealogy.owl#FourSeasons_190> <http://www.example.com/genealogy.owl#hasTopping> <http://www.example.com/genealogy.owl#AmericanHot_131> }","hasTopping","FALSE",1,1
"2hop-NamedPizza_FourSeasons_190_FourSeasons_190-FourSeasons_190-rdf:type-MC","NamedPizza_FourSeasons_190",117,257,"Membership","MC","SELECT ?x WHERE { <http://www.example.com/genealogy.owl#FourSeasons_190> <http://www.w3.org/1999/02/22-rdf-syntax-ns#type> ?x }","rdf:type","DomainConcept; Food; Pizza",4,4
"2hop-NamedPizza_FourSeasons_190_FourSeasons_190-FourSeasons_190-hasIngredient-AnchoviesTopping_dynamic_1-BIN","NamedPizza_FourSeasons_190",117,257,"Property Assertion","BIN","ASK WHERE { <http://www.example.com/genealogy.owl#FourSeasons_190> <http://www.example.com/genealogy.owl#hasIngredient> <http://www.example.com/genealogy.owl#AnchoviesTopping_dynamic_1> }","hasIngredient","TRUE",2,2
"2hop-NamedPizza_FourSeasons_190_FourSeasons_190-FourSeasons_190-hasIngredient-AmericanHot_131-NEG-BIN","NamedPizza_FourSeasons_190",117,257,"Property Assertion","BIN","ASK WHERE { <http://www.example.com/genealogy.owl#FourSeasons_190> <http://www.example.com/genealogy.owl#hasIngredient> <http://www.example.com/genealogy.owl#AmericanHot_131> }","hasIngredient","FALSE",2,2
"2hop-NamedPizza_FourSeasons_190_FourSeasons_190-FourSeasons_190-rdf:type-Food-BIN","NamedPizza_FourSeasons_190",117,257,"Membership","BIN","ASK WHERE { <http://www.example.com/genealogy.owl#FourSeasons_190> <http://www.w3.org/1999/02/22-rdf-syntax-ns#type> <http://www.example.com/genealogy.owl#Food> }","rdf:type","TRUE",3,3
"2hop-NamedPizza_FourSeasons_190_FourSeasons_190-FourSeasons_190-rdf:type-American-NEG-BIN","NamedPizza_FourSeasons_190",117,257,"Membership","BIN","ASK WHERE { <http://www.example.com/genealogy.owl#FourSeasons_190> <http://www.w3.org/1999/02/22-rdf-syntax-ns#type> <http://www.example.com/genealogy.owl#American> }","rdf:type","FALSE",3,3
"2hop-NamedPizza_FourSeasons_233_FourSeasons_233-FourSeasons_233-hasTopping-MC","NamedPizza_FourSeasons_233",117,257,"Property Assertion","MC","SELECT ?x WHERE { <http://www.example.com/genealogy.owl#FourSeasons_233> <http://www.example.com/genealogy.owl#hasTopping> ?x }","hasTopping","AnchoviesTopping_dynamic_1; CaperTopping_dynamic_1; MozzarellaTopping_dynamic_1; MushroomTopping_dynamic_1; OliveTopping_dynamic_1; PeperoniSausageTopping_dynamic_1; TomatoTopping_dynamic_1",1,1
"2hop-NamedPizza_FourSeasons_233_FourSeasons_233-FourSeasons_233-hasIngredient-MC","NamedPizza_FourSeasons_233",117,257,"Property Assertion","MC","SELECT ?x WHERE { <http://www.example.com/genealogy.owl#FourSeasons_233> <http://www.example.com/genealogy.owl#hasIngredient> ?x }","hasIngredient","AnchoviesTopping_dynamic_1; CaperTopping_dynamic_1; MozzarellaTopping_dynamic_1; MushroomTopping_dynamic_1; OliveTopping_dynamic_1; PeperoniSausageTopping_dynamic_1; TomatoTopping_dynamic_1",2,2
"2hop-NamedPizza_FourSeasons_233_FourSeasons_233-FourSeasons_233-rdf:type-Food-BIN","NamedPizza_FourSeasons_233",117,257,"Membership","BIN","ASK WHERE { <http://www.example.com/genealogy.owl#FourSeasons_233> <http://www.w3.org/1999/02/22-rdf-syntax-ns#type> <http://www.example.com/genealogy.owl#Food> }","rdf:type","TRUE",3,3
"2hop-NamedPizza_FourSeasons_233_FourSeasons_233-FourSeasons_233-rdf:type-American-NEG-BIN","NamedPizza_FourSeasons_233",117,257,"Membership","BIN","ASK WHERE { <http://www.example.com/genealogy.owl#FourSeasons_233> <http://www.w3.org/1999/02/22-rdf-syntax-ns#type> <http://www.example.com/genealogy.owl#American> }","rdf:type","FALSE",3,3
"2hop-NamedPizza_FourSeasons_233_FourSeasons_233-FourSeasons_233-rdf:type-MC","NamedPizza_FourSeasons_233",117,257,"Membership","MC","SELECT ?x WHERE { <http://www.example.com/genealogy.owl#FourSeasons_233> <http://www.w3.org/1999/02/22-rdf-syntax-ns#type> ?x }","rdf:type","DomainConcept; Food; Pizza",3,3
"2hop-NamedPizza_FourSeasons_233_FourSeasons_233-FourSeasons_233-hasIngredient-AnchoviesTopping_dynamic_1-BIN","NamedPizza_FourSeasons_233",117,257,"Property Assertion","BIN","ASK WHERE { <http://www.example.com/genealogy.owl#FourSeasons_233> <http://www.example.com/genealogy.owl#hasIngredient> <http://www.example.com/genealogy.owl#AnchoviesTopping_dynamic_1> }","hasIngredient","TRUE",2,2
"2hop-NamedPizza_FourSeasons_233_FourSeasons_233-FourSeasons_233-hasIngredient-AmericanHot_131-NEG-BIN","NamedPizza_FourSeasons_233",117,257,"Property Assertion","BIN","ASK WHERE { <http://www.example.com/genealogy.owl#FourSeasons_233> <http://www.example.com/genealogy.owl#hasIngredient> <http://www.example.com/genealogy.owl#AmericanHot_131> }","hasIngredient","FALSE",2,2
"2hop-NamedPizza_FourSeasons_233_FourSeasons_233-FourSeasons_233-hasTopping-AnchoviesTopping_dynamic_1-BIN","NamedPizza_FourSeasons_233",117,257,"Property Assertion","BIN","ASK WHERE { <http://www.example.com/genealogy.owl#FourSeasons_233> <http://www.example.com/genealogy.owl#hasTopping> <http://www.example.com/genealogy.owl#AnchoviesTopping_dynamic_1> }","hasTopping","TRUE",1,1
"2hop-NamedPizza_FourSeasons_233_FourSeasons_233-FourSeasons_233-hasTopping-AmericanHot_131-NEG-BIN","NamedPizza_FourSeasons_233",117,257,"Property Assertion","BIN","ASK WHERE { <http://www.example.com/genealogy.owl#FourSeasons_233> <http://www.example.com/genealogy.owl#hasTopping> <http://www.example.com/genealogy.owl#AmericanHot_131> }","hasTopping","FALSE",1,1
"2hop-NamedPizza_FourSeasons_235_FourSeasons_235-FourSeasons_235-hasTopping-MC","NamedPizza_FourSeasons_235",117,257,"Property Assertion","MC","SELECT ?x WHERE { <http://www.example.com/genealogy.owl#FourSeasons_235> <http://www.example.com/genealogy.owl#hasTopping> ?x }","hasTopping","AnchoviesTopping_dynamic_1; CaperTopping_dynamic_1; MozzarellaTopping_dynamic_1; MushroomTopping_dynamic_1; OliveTopping_dynamic_1; PeperoniSausageTopping_dynamic_1; TomatoTopping_dynamic_1",1,1
"2hop-NamedPizza_FourSeasons_235_FourSeasons_235-FourSeasons_235-rdf:type-MC","NamedPizza_FourSeasons_235",117,257,"Membership","MC","SELECT ?x WHERE { <http://www.example.com/genealogy.owl#FourSeasons_235> <http://www.w3.org/1999/02/22-rdf-syntax-ns#type> ?x }","rdf:type","DomainConcept; Food; Pizza",2,2
"2hop-NamedPizza_FourSeasons_235_FourSeasons_235-FourSeasons_235-hasIngredient-MC","NamedPizza_FourSeasons_235",117,257,"Property Assertion","MC","SELECT ?x WHERE { <http://www.example.com/genealogy.owl#FourSeasons_235> <http://www.example.com/genealogy.owl#hasIngredient> ?x }","hasIngredient","AnchoviesTopping_dynamic_1; CaperTopping_dynamic_1; MozzarellaTopping_dynamic_1; MushroomTopping_dynamic_1; OliveTopping_dynamic_1; PeperoniSausageTopping_dynamic_1; TomatoTopping_dynamic_1",2,2
"2hop-NamedPizza_FourSeasons_235_FourSeasons_235-FourSeasons_235-hasIngredient-AnchoviesTopping_dynamic_1-BIN","NamedPizza_FourSeasons_235",117,257,"Property Assertion","BIN","ASK WHERE { <http://www.example.com/genealogy.owl#FourSeasons_235> <http://www.example.com/genealogy.owl#hasIngredient> <http://www.example.com/genealogy.owl#AnchoviesTopping_dynamic_1> }","hasIngredient","TRUE",2,2
"2hop-NamedPizza_FourSeasons_235_FourSeasons_235-FourSeasons_235-hasIngredient-AmericanHot_131-NEG-BIN","NamedPizza_FourSeasons_235",117,257,"Property Assertion","BIN","ASK WHERE { <http://www.example.com/genealogy.owl#FourSeasons_235> <http://www.example.com/genealogy.owl#hasIngredient> <http://www.example.com/genealogy.owl#AmericanHot_131> }","hasIngredient","FALSE",2,2
"2hop-NamedPizza_FourSeasons_235_FourSeasons_235-FourSeasons_235-rdf:type-Food-BIN","NamedPizza_FourSeasons_235",117,257,"Membership","BIN","ASK WHERE { <http://www.example.com/genealogy.owl#FourSeasons_235> <http://www.w3.org/1999/02/22-rdf-syntax-ns#type> <http://www.example.com/genealogy.owl#Food> }","rdf:type","TRUE",3,3
"2hop-NamedPizza_FourSeasons_235_FourSeasons_235-FourSeasons_235-rdf:type-American-NEG-BIN","NamedPizza_FourSeasons_235",117,257,"Membership","BIN","ASK WHERE { <http://www.example.com/genealogy.owl#FourSeasons_235> <http://www.w3.org/1999/02/22-rdf-syntax-ns#type> <http://www.example.com/genealogy.owl#American> }","rdf:type","FALSE",3,3
"2hop-NamedPizza_FourSeasons_235_FourSeasons_235-FourSeasons_235-hasTopping-AnchoviesTopping_dynamic_1-BIN","NamedPizza_FourSeasons_235",117,257,"Property Assertion","BIN","ASK WHERE { <http://www.example.com/genealogy.owl#FourSeasons_235> <http://www.example.com/genealogy.owl#hasTopping> <http://www.example.com/genealogy.owl#AnchoviesTopping_dynamic_1> }","hasTopping","TRUE",1,1
"2hop-NamedPizza_FourSeasons_235_FourSeasons_235-FourSeasons_235-hasTopping-AmericanHot_131-NEG-BIN","NamedPizza_FourSeasons_235",117,257,"Property Assertion","BIN","ASK WHERE { <http://www.example.com/genealogy.owl#FourSeasons_235> <http://www.example.com/genealogy.owl#hasTopping> <http://www.example.com/genealogy.owl#AmericanHot_131> }","hasTopping","FALSE",1,1
"2hop-NamedPizza_FourSeasons_56_FourSeasons_56-FourSeasons_56-hasIngredient-AnchoviesTopping_dynamic_1-BIN","NamedPizza_FourSeasons_56",117,257,"Property Assertion","BIN","ASK WHERE { <http://www.example.com/genealogy.owl#FourSeasons_56> <http://www.example.com/genealogy.owl#hasIngredient> <http://www.example.com/genealogy.owl#AnchoviesTopping_dynamic_1> }","hasIngredient","TRUE",2,2
"2hop-NamedPizza_FourSeasons_56_FourSeasons_56-FourSeasons_56-hasIngredient-AmericanHot_131-NEG-BIN","NamedPizza_FourSeasons_56",117,257,"Property Assertion","BIN","ASK WHERE { <http://www.example.com/genealogy.owl#FourSeasons_56> <http://www.example.com/genealogy.owl#hasIngredient> <http://www.example.com/genealogy.owl#AmericanHot_131> }","hasIngredient","FALSE",2,2
"2hop-NamedPizza_FourSeasons_56_FourSeasons_56-FourSeasons_56-hasIngredient-MC","NamedPizza_FourSeasons_56",117,257,"Property Assertion","MC","SELECT ?x WHERE { <http://www.example.com/genealogy.owl#FourSeasons_56> <http://www.example.com/genealogy.owl#hasIngredient> ?x }","hasIngredient","AnchoviesTopping_dynamic_1; CaperTopping_dynamic_1; MozzarellaTopping_dynamic_1; MushroomTopping_dynamic_1; OliveTopping_dynamic_1; PeperoniSausageTopping_dynamic_1; TomatoTopping_dynamic_1",2,2
"2hop-NamedPizza_FourSeasons_56_FourSeasons_56-FourSeasons_56-hasTopping-MC","NamedPizza_FourSeasons_56",117,257,"Property Assertion","MC","SELECT ?x WHERE { <http://www.example.com/genealogy.owl#FourSeasons_56> <http://www.example.com/genealogy.owl#hasTopping> ?x }","hasTopping","AnchoviesTopping_dynamic_1; CaperTopping_dynamic_1; MozzarellaTopping_dynamic_1; MushroomTopping_dynamic_1; OliveTopping_dynamic_1; PeperoniSausageTopping_dynamic_1; TomatoTopping_dynamic_1",1,1
"2hop-NamedPizza_FourSeasons_56_FourSeasons_56-FourSeasons_56-rdf:type-MC","NamedPizza_FourSeasons_56",117,257,"Membership","MC","SELECT ?x WHERE { <http://www.example.com/genealogy.owl#FourSeasons_56> <http://www.w3.org/1999/02/22-rdf-syntax-ns#type> ?x }","rdf:type","DomainConcept; Food; Pizza",4,4
"2hop-NamedPizza_FourSeasons_56_FourSeasons_56-FourSeasons_56-rdf:type-Food-BIN","NamedPizza_FourSeasons_56",117,257,"Membership","BIN","ASK WHERE { <http://www.example.com/genealogy.owl#FourSeasons_56> <http://www.w3.org/1999/02/22-rdf-syntax-ns#type> <http://www.example.com/genealogy.owl#Food> }","rdf:type","TRUE",3,3
"2hop-NamedPizza_FourSeasons_56_FourSeasons_56-FourSeasons_56-rdf:type-American-NEG-BIN","NamedPizza_FourSeasons_56",117,257,"Membership","BIN","ASK WHERE { <http://www.example.com/genealogy.owl#FourSeasons_56> <http://www.w3.org/1999/02/22-rdf-syntax-ns#type> <http://www.example.com/genealogy.owl#American> }","rdf:type","FALSE",3,3
"2hop-NamedPizza_FourSeasons_56_FourSeasons_56-FourSeasons_56-hasTopping-AnchoviesTopping_dynamic_1-BIN","NamedPizza_FourSeasons_56",117,257,"Property Assertion","BIN","ASK WHERE { <http://www.example.com/genealogy.owl#FourSeasons_56> <http://www.example.com/genealogy.owl#hasTopping> <http://www.example.com/genealogy.owl#AnchoviesTopping_dynamic_1> }","hasTopping","TRUE",1,1
"2hop-NamedPizza_FourSeasons_56_FourSeasons_56-FourSeasons_56-hasTopping-AmericanHot_131-NEG-BIN","NamedPizza_FourSeasons_56",117,257,"Property Assertion","BIN","ASK WHERE { <http://www.example.com/genealogy.owl#FourSeasons_56> <http://www.example.com/genealogy.owl#hasTopping> <http://www.example.com/genealogy.owl#AmericanHot_131> }","hasTopping","FALSE",1,1
"2hop-NamedPizza_FourSeasons_62_FourSeasons_62-FourSeasons_62-hasTopping-MC","NamedPizza_FourSeasons_62",117,257,"Property Assertion","MC","SELECT ?x WHERE { <http://www.example.com/genealogy.owl#FourSeasons_62> <http://www.example.com/genealogy.owl#hasTopping> ?x }","hasTopping","AnchoviesTopping_dynamic_1; CaperTopping_dynamic_1; MozzarellaTopping_dynamic_1; MushroomTopping_dynamic_1; OliveTopping_dynamic_1; PeperoniSausageTopping_dynamic_1; TomatoTopping_dynamic_1",1,1
"2hop-NamedPizza_FourSeasons_62_FourSeasons_62-FourSeasons_62-hasIngredient-MC","NamedPizza_FourSeasons_62",117,257,"Property Assertion","MC","SELECT ?x WHERE { <http://www.example.com/genealogy.owl#FourSeasons_62> <http://www.example.com/genealogy.owl#hasIngredient> ?x }","hasIngredient","AnchoviesTopping_dynamic_1; CaperTopping_dynamic_1; MozzarellaTopping_dynamic_1; MushroomTopping_dynamic_1; OliveTopping_dynamic_1; PeperoniSausageTopping_dynamic_1; TomatoTopping_dynamic_1",2,2
"2hop-NamedPizza_FourSeasons_62_FourSeasons_62-FourSeasons_62-hasIngredient-AnchoviesTopping_dynamic_1-BIN","NamedPizza_FourSeasons_62",117,257,"Property Assertion","BIN","ASK WHERE { <http://www.example.com/genealogy.owl#FourSeasons_62> <http://www.example.com/genealogy.owl#hasIngredient> <http://www.example.com/genealogy.owl#AnchoviesTopping_dynamic_1> }","hasIngredient","TRUE",2,2
"2hop-NamedPizza_FourSeasons_62_FourSeasons_62-FourSeasons_62-hasIngredient-AmericanHot_131-NEG-BIN","NamedPizza_FourSeasons_62",117,257,"Property Assertion","BIN","ASK WHERE { <http://www.example.com/genealogy.owl#FourSeasons_62> <http://www.example.com/genealogy.owl#hasIngredient> <http://www.example.com/genealogy.owl#AmericanHot_131> }","hasIngredient","FALSE",2,2
"2hop-NamedPizza_FourSeasons_62_FourSeasons_62-FourSeasons_62-hasTopping-AnchoviesTopping_dynamic_1-BIN","NamedPizza_FourSeasons_62",117,257,"Property Assertion","BIN","ASK WHERE { <http://www.example.com/genealogy.owl#FourSeasons_62> <http://www.example.com/genealogy.owl#hasTopping> <http://www.example.com/genealogy.owl#AnchoviesTopping_dynamic_1> }","hasTopping","TRUE",1,1
"2hop-NamedPizza_FourSeasons_62_FourSeasons_62-FourSeasons_62-hasTopping-AmericanHot_131-NEG-BIN","NamedPizza_FourSeasons_62",117,257,"Property Assertion","BIN","ASK WHERE { <http://www.example.com/genealogy.owl#FourSeasons_62> <http://www.example.com/genealogy.owl#hasTopping> <http://www.example.com/genealogy.owl#AmericanHot_131> }","hasTopping","FALSE",1,1
"2hop-NamedPizza_FourSeasons_62_FourSeasons_62-FourSeasons_62-rdf:type-MC","NamedPizza_FourSeasons_62",117,257,"Membership","MC","SELECT ?x WHERE { <http://www.example.com/genealogy.owl#FourSeasons_62> <http://www.w3.org/1999/02/22-rdf-syntax-ns#type> ?x }","rdf:type","DomainConcept; Food; Pizza",4,4
"2hop-NamedPizza_FourSeasons_62_FourSeasons_62-FourSeasons_62-rdf:type-Food-BIN","NamedPizza_FourSeasons_62",117,257,"Membership","BIN","ASK WHERE { <http://www.example.com/genealogy.owl#FourSeasons_62> <http://www.w3.org/1999/02/22-rdf-syntax-ns#type> <http://www.example.com/genealogy.owl#Food> }","rdf:type","TRUE",3,3
"2hop-NamedPizza_FourSeasons_62_FourSeasons_62-FourSeasons_62-rdf:type-American-NEG-BIN","NamedPizza_FourSeasons_62",117,257,"Membership","BIN","ASK WHERE { <http://www.example.com/genealogy.owl#FourSeasons_62> <http://www.w3.org/1999/02/22-rdf-syntax-ns#type> <http://www.example.com/genealogy.owl#American> }","rdf:type","FALSE",3,3
"2hop-NamedPizza_FourSeasons_88_FourSeasons_88-FourSeasons_88-hasTopping-MC","NamedPizza_FourSeasons_88",117,257,"Property Assertion","MC","SELECT ?x WHERE { <http://www.example.com/genealogy.owl#FourSeasons_88> <http://www.example.com/genealogy.owl#hasTopping> ?x }","hasTopping","AnchoviesTopping_dynamic_1; CaperTopping_dynamic_1; MozzarellaTopping_dynamic_1; MushroomTopping_dynamic_1; OliveTopping_dynamic_1; PeperoniSausageTopping_dynamic_1; TomatoTopping_dynamic_1",1,1
"2hop-NamedPizza_FourSeasons_88_FourSeasons_88-FourSeasons_88-hasIngredient-MC","NamedPizza_FourSeasons_88",117,257,"Property Assertion","MC","SELECT ?x WHERE { <http://www.example.com/genealogy.owl#FourSeasons_88> <http://www.example.com/genealogy.owl#hasIngredient> ?x }","hasIngredient","AnchoviesTopping_dynamic_1; CaperTopping_dynamic_1; MozzarellaTopping_dynamic_1; MushroomTopping_dynamic_1; OliveTopping_dynamic_1; PeperoniSausageTopping_dynamic_1; TomatoTopping_dynamic_1",2,2
"2hop-NamedPizza_FourSeasons_88_FourSeasons_88-FourSeasons_88-rdf:type-Food-BIN","NamedPizza_FourSeasons_88",117,257,"Membership","BIN","ASK WHERE { <http://www.example.com/genealogy.owl#FourSeasons_88> <http://www.w3.org/1999/02/22-rdf-syntax-ns#type> <http://www.example.com/genealogy.owl#Food> }","rdf:type","TRUE",3,3
"2hop-NamedPizza_FourSeasons_88_FourSeasons_88-FourSeasons_88-rdf:type-American-NEG-BIN","NamedPizza_FourSeasons_88",117,257,"Membership","BIN","ASK WHERE { <http://www.example.com/genealogy.owl#FourSeasons_88> <http://www.w3.org/1999/02/22-rdf-syntax-ns#type> <http://www.example.com/genealogy.owl#American> }","rdf:type","FALSE",3,3
"2hop-NamedPizza_FourSeasons_88_FourSeasons_88-FourSeasons_88-rdf:type-MC","NamedPizza_FourSeasons_88",117,257,"Membership","MC","SELECT ?x WHERE { <http://www.example.com/genealogy.owl#FourSeasons_88> <http://www.w3.org/1999/02/22-rdf-syntax-ns#type> ?x }","rdf:type","DomainConcept; Food; Pizza",3,3
"2hop-NamedPizza_FourSeasons_88_FourSeasons_88-FourSeasons_88-hasIngredient-AnchoviesTopping_dynamic_1-BIN","NamedPizza_FourSeasons_88",117,257,"Property Assertion","BIN","ASK WHERE { <http://www.example.com/genealogy.owl#FourSeasons_88> <http://www.example.com/genealogy.owl#hasIngredient> <http://www.example.com/genealogy.owl#AnchoviesTopping_dynamic_1> }","hasIngredient","TRUE",2,2
"2hop-NamedPizza_FourSeasons_88_FourSeasons_88-FourSeasons_88-hasIngredient-AmericanHot_131-NEG-BIN","NamedPizza_FourSeasons_88",117,257,"Property Assertion","BIN","ASK WHERE { <http://www.example.com/genealogy.owl#FourSeasons_88> <http://www.example.com/genealogy.owl#hasIngredient> <http://www.example.com/genealogy.owl#AmericanHot_131> }","hasIngredient","FALSE",2,2
"2hop-NamedPizza_FourSeasons_88_FourSeasons_88-FourSeasons_88-hasTopping-AnchoviesTopping_dynamic_1-BIN","NamedPizza_FourSeasons_88",117,257,"Property Assertion","BIN","ASK WHERE { <http://www.example.com/genealogy.owl#FourSeasons_88> <http://www.example.com/genealogy.owl#hasTopping> <http://www.example.com/genealogy.owl#AnchoviesTopping_dynamic_1> }","hasTopping","TRUE",1,1
"2hop-NamedPizza_FourSeasons_88_FourSeasons_88-FourSeasons_88-hasTopping-AmericanHot_131-NEG-BIN","NamedPizza_FourSeasons_88",117,257,"Property Assertion","BIN","ASK WHERE { <http://www.example.com/genealogy.owl#FourSeasons_88> <http://www.example.com/genealogy.owl#hasTopping> <http://www.example.com/genealogy.owl#AmericanHot_131> }","hasTopping","FALSE",1,1
"2hop-NamedPizza_FourSeasons_89_FourSeasons_89-FourSeasons_89-hasIngredient-MC","NamedPizza_FourSeasons_89",117,257,"Property Assertion","MC","SELECT ?x WHERE { <http://www.example.com/genealogy.owl#FourSeasons_89> <http://www.example.com/genealogy.owl#hasIngredient> ?x }","hasIngredient","AnchoviesTopping_dynamic_1; CaperTopping_dynamic_1; MozzarellaTopping_dynamic_1; MushroomTopping_dynamic_1; OliveTopping_dynamic_1; PeperoniSausageTopping_dynamic_1; TomatoTopping_dynamic_1",2,2
"2hop-NamedPizza_FourSeasons_89_FourSeasons_89-FourSeasons_89-hasTopping-MC","NamedPizza_FourSeasons_89",117,257,"Property Assertion","MC","SELECT ?x WHERE { <http://www.example.com/genealogy.owl#FourSeasons_89> <http://www.example.com/genealogy.owl#hasTopping> ?x }","hasTopping","AnchoviesTopping_dynamic_1; CaperTopping_dynamic_1; MozzarellaTopping_dynamic_1; MushroomTopping_dynamic_1; OliveTopping_dynamic_1; PeperoniSausageTopping_dynamic_1; TomatoTopping_dynamic_1",1,1
"2hop-NamedPizza_FourSeasons_89_FourSeasons_89-FourSeasons_89-rdf:type-Food-BIN","NamedPizza_FourSeasons_89",117,257,"Membership","BIN","ASK WHERE { <http://www.example.com/genealogy.owl#FourSeasons_89> <http://www.w3.org/1999/02/22-rdf-syntax-ns#type> <http://www.example.com/genealogy.owl#Food> }","rdf:type","TRUE",3,3
"2hop-NamedPizza_FourSeasons_89_FourSeasons_89-FourSeasons_89-rdf:type-American-NEG-BIN","NamedPizza_FourSeasons_89",117,257,"Membership","BIN","ASK WHERE { <http://www.example.com/genealogy.owl#FourSeasons_89> <http://www.w3.org/1999/02/22-rdf-syntax-ns#type> <http://www.example.com/genealogy.owl#American> }","rdf:type","FALSE",3,3
"2hop-NamedPizza_FourSeasons_89_FourSeasons_89-FourSeasons_89-rdf:type-MC","NamedPizza_FourSeasons_89",117,257,"Membership","MC","SELECT ?x WHERE { <http://www.example.com/genealogy.owl#FourSeasons_89> <http://www.w3.org/1999/02/22-rdf-syntax-ns#type> ?x }","rdf:type","DomainConcept; Food; Pizza",3,3
"2hop-NamedPizza_FourSeasons_89_FourSeasons_89-FourSeasons_89-hasTopping-AnchoviesTopping_dynamic_1-BIN","NamedPizza_FourSeasons_89",117,257,"Property Assertion","BIN","ASK WHERE { <http://www.example.com/genealogy.owl#FourSeasons_89> <http://www.example.com/genealogy.owl#hasTopping> <http://www.example.com/genealogy.owl#AnchoviesTopping_dynamic_1> }","hasTopping","TRUE",1,1
"2hop-NamedPizza_FourSeasons_89_FourSeasons_89-FourSeasons_89-hasTopping-AmericanHot_131-NEG-BIN","NamedPizza_FourSeasons_89",117,257,"Property Assertion","BIN","ASK WHERE { <http://www.example.com/genealogy.owl#FourSeasons_89> <http://www.example.com/genealogy.owl#hasTopping> <http://www.example.com/genealogy.owl#AmericanHot_131> }","hasTopping","FALSE",1,1
"2hop-NamedPizza_FourSeasons_89_FourSeasons_89-FourSeasons_89-hasIngredient-AnchoviesTopping_dynamic_1-BIN","NamedPizza_FourSeasons_89",117,257,"Property Assertion","BIN","ASK WHERE { <http://www.example.com/genealogy.owl#FourSeasons_89> <http://www.example.com/genealogy.owl#hasIngredient> <http://www.example.com/genealogy.owl#AnchoviesTopping_dynamic_1> }","hasIngredient","TRUE",2,2
"2hop-NamedPizza_FourSeasons_89_FourSeasons_89-FourSeasons_89-hasIngredient-AmericanHot_131-NEG-BIN","NamedPizza_FourSeasons_89",117,257,"Property Assertion","BIN","ASK WHERE { <http://www.example.com/genealogy.owl#FourSeasons_89> <http://www.example.com/genealogy.owl#hasIngredient> <http://www.example.com/genealogy.owl#AmericanHot_131> }","hasIngredient","FALSE",2,2
"2hop-NamedPizza_FourSeasons_9_FourSeasons_9-FourSeasons_9-rdf:type-MC","NamedPizza_FourSeasons_9",117,257,"Membership","MC","SELECT ?x WHERE { <http://www.example.com/genealogy.owl#FourSeasons_9> <http://www.w3.org/1999/02/22-rdf-syntax-ns#type> ?x }","rdf:type","DomainConcept; Food; Pizza",4,4
"2hop-NamedPizza_FourSeasons_9_FourSeasons_9-FourSeasons_9-hasTopping-MC","NamedPizza_FourSeasons_9",117,257,"Property Assertion","MC","SELECT ?x WHERE { <http://www.example.com/genealogy.owl#FourSeasons_9> <http://www.example.com/genealogy.owl#hasTopping> ?x }","hasTopping","AnchoviesTopping_dynamic_1; CaperTopping_dynamic_1; MozzarellaTopping_dynamic_1; MushroomTopping_dynamic_1; OliveTopping_dynamic_1; PeperoniSausageTopping_dynamic_1; TomatoTopping_dynamic_1",1,1
"2hop-NamedPizza_FourSeasons_9_FourSeasons_9-FourSeasons_9-hasIngredient-MC","NamedPizza_FourSeasons_9",117,257,"Property Assertion","MC","SELECT ?x WHERE { <http://www.example.com/genealogy.owl#FourSeasons_9> <http://www.example.com/genealogy.owl#hasIngredient> ?x }","hasIngredient","AnchoviesTopping_dynamic_1; CaperTopping_dynamic_1; MozzarellaTopping_dynamic_1; MushroomTopping_dynamic_1; OliveTopping_dynamic_1; PeperoniSausageTopping_dynamic_1; TomatoTopping_dynamic_1",2,2
"2hop-NamedPizza_FourSeasons_9_FourSeasons_9-FourSeasons_9-rdf:type-Food-BIN","NamedPizza_FourSeasons_9",117,257,"Membership","BIN","ASK WHERE { <http://www.example.com/genealogy.owl#FourSeasons_9> <http://www.w3.org/1999/02/22-rdf-syntax-ns#type> <http://www.example.com/genealogy.owl#Food> }","rdf:type","TRUE",3,3
"2hop-NamedPizza_FourSeasons_9_FourSeasons_9-FourSeasons_9-rdf:type-American-NEG-BIN","NamedPizza_FourSeasons_9",117,257,"Membership","BIN","ASK WHERE { <http://www.example.com/genealogy.owl#FourSeasons_9> <http://www.w3.org/1999/02/22-rdf-syntax-ns#type> <http://www.example.com/genealogy.owl#American> }","rdf:type","FALSE",3,3
"2hop-NamedPizza_FourSeasons_9_FourSeasons_9-FourSeasons_9-hasTopping-AnchoviesTopping_dynamic_1-BIN","NamedPizza_FourSeasons_9",117,257,"Property Assertion","BIN","ASK WHERE { <http://www.example.com/genealogy.owl#FourSeasons_9> <http://www.example.com/genealogy.owl#hasTopping> <http://www.example.com/genealogy.owl#AnchoviesTopping_dynamic_1> }","hasTopping","TRUE",1,1
"2hop-NamedPizza_FourSeasons_9_FourSeasons_9-FourSeasons_9-hasTopping-AmericanHot_131-NEG-BIN","NamedPizza_FourSeasons_9",117,257,"Property Assertion","BIN","ASK WHERE { <http://www.example.com/genealogy.owl#FourSeasons_9> <http://www.example.com/genealogy.owl#hasTopping> <http://www.example.com/genealogy.owl#AmericanHot_131> }","hasTopping","FALSE",1,1
"2hop-NamedPizza_FourSeasons_9_FourSeasons_9-FourSeasons_9-hasIngredient-AnchoviesTopping_dynamic_1-BIN","NamedPizza_FourSeasons_9",117,257,"Property Assertion","BIN","ASK WHERE { <http://www.example.com/genealogy.owl#FourSeasons_9> <http://www.example.com/genealogy.owl#hasIngredient> <http://www.example.com/genealogy.owl#AnchoviesTopping_dynamic_1> }","hasIngredient","TRUE",2,2
"2hop-NamedPizza_FourSeasons_9_FourSeasons_9-FourSeasons_9-hasIngredient-AmericanHot_131-NEG-BIN","NamedPizza_FourSeasons_9",117,257,"Property Assertion","BIN","ASK WHERE { <http://www.example.com/genealogy.owl#FourSeasons_9> <http://www.example.com/genealogy.owl#hasIngredient> <http://www.example.com/genealogy.owl#AmericanHot_131> }","hasIngredient","FALSE",2,2
"2hop-NamedPizza_FourSeasons_90_FourSeasons_90-FourSeasons_90-hasIngredient-MC","NamedPizza_FourSeasons_90",117,257,"Property Assertion","MC","SELECT ?x WHERE { <http://www.example.com/genealogy.owl#FourSeasons_90> <http://www.example.com/genealogy.owl#hasIngredient> ?x }","hasIngredient","AnchoviesTopping_dynamic_1; CaperTopping_dynamic_1; MozzarellaTopping_dynamic_1; MushroomTopping_dynamic_1; OliveTopping_dynamic_1; PeperoniSausageTopping_dynamic_1; TomatoTopping_dynamic_1",2,2
"2hop-NamedPizza_FourSeasons_90_FourSeasons_90-FourSeasons_90-hasTopping-MC","NamedPizza_FourSeasons_90",117,257,"Property Assertion","MC","SELECT ?x WHERE { <http://www.example.com/genealogy.owl#FourSeasons_90> <http://www.example.com/genealogy.owl#hasTopping> ?x }","hasTopping","AnchoviesTopping_dynamic_1; CaperTopping_dynamic_1; MozzarellaTopping_dynamic_1; MushroomTopping_dynamic_1; OliveTopping_dynamic_1; PeperoniSausageTopping_dynamic_1; TomatoTopping_dynamic_1",1,1
"2hop-NamedPizza_FourSeasons_90_FourSeasons_90-FourSeasons_90-hasIngredient-AnchoviesTopping_dynamic_1-BIN","NamedPizza_FourSeasons_90",117,257,"Property Assertion","BIN","ASK WHERE { <http://www.example.com/genealogy.owl#FourSeasons_90> <http://www.example.com/genealogy.owl#hasIngredient> <http://www.example.com/genealogy.owl#AnchoviesTopping_dynamic_1> }","hasIngredient","TRUE",2,2
"2hop-NamedPizza_FourSeasons_90_FourSeasons_90-FourSeasons_90-hasIngredient-AmericanHot_131-NEG-BIN","NamedPizza_FourSeasons_90",117,257,"Property Assertion","BIN","ASK WHERE { <http://www.example.com/genealogy.owl#FourSeasons_90> <http://www.example.com/genealogy.owl#hasIngredient> <http://www.example.com/genealogy.owl#AmericanHot_131> }","hasIngredient","FALSE",2,2
"2hop-NamedPizza_FourSeasons_90_FourSeasons_90-FourSeasons_90-rdf:type-MC","NamedPizza_FourSeasons_90",117,257,"Membership","MC","SELECT ?x WHERE { <http://www.example.com/genealogy.owl#FourSeasons_90> <http://www.w3.org/1999/02/22-rdf-syntax-ns#type> ?x }","rdf:type","DomainConcept; Food; Pizza",4,4
"2hop-NamedPizza_FourSeasons_90_FourSeasons_90-FourSeasons_90-hasTopping-AnchoviesTopping_dynamic_1-BIN","NamedPizza_FourSeasons_90",117,257,"Property Assertion","BIN","ASK WHERE { <http://www.example.com/genealogy.owl#FourSeasons_90> <http://www.example.com/genealogy.owl#hasTopping> <http://www.example.com/genealogy.owl#AnchoviesTopping_dynamic_1> }","hasTopping","TRUE",1,1
"2hop-NamedPizza_FourSeasons_90_FourSeasons_90-FourSeasons_90-hasTopping-AmericanHot_131-NEG-BIN","NamedPizza_FourSeasons_90",117,257,"Property Assertion","BIN","ASK WHERE { <http://www.example.com/genealogy.owl#FourSeasons_90> <http://www.example.com/genealogy.owl#hasTopping> <http://www.example.com/genealogy.owl#AmericanHot_131> }","hasTopping","FALSE",1,1
"2hop-NamedPizza_FourSeasons_90_FourSeasons_90-FourSeasons_90-rdf:type-Food-BIN","NamedPizza_FourSeasons_90",117,257,"Membership","BIN","ASK WHERE { <http://www.example.com/genealogy.owl#FourSeasons_90> <http://www.w3.org/1999/02/22-rdf-syntax-ns#type> <http://www.example.com/genealogy.owl#Food> }","rdf:type","TRUE",3,3
"2hop-NamedPizza_FourSeasons_90_FourSeasons_90-FourSeasons_90-rdf:type-American-NEG-BIN","NamedPizza_FourSeasons_90",117,257,"Membership","BIN","ASK WHERE { <http://www.example.com/genealogy.owl#FourSeasons_90> <http://www.w3.org/1999/02/22-rdf-syntax-ns#type> <http://www.example.com/genealogy.owl#American> }","rdf:type","FALSE",3,3
"2hop-NamedPizza_FruttiDiMare_114_FruttiDiMare_114-FruttiDiMare_114-rdf:type-Food-BIN","NamedPizza_FruttiDiMare_114",117,253,"Membership","BIN","ASK WHERE { <http://www.example.com/genealogy.owl#FruttiDiMare_114> <http://www.w3.org/1999/02/22-rdf-syntax-ns#type> <http://www.example.com/genealogy.owl#Food> }","rdf:type","TRUE",3,3
"2hop-NamedPizza_FruttiDiMare_114_FruttiDiMare_114-FruttiDiMare_114-rdf:type-American-NEG-BIN","NamedPizza_FruttiDiMare_114",117,253,"Membership","BIN","ASK WHERE { <http://www.example.com/genealogy.owl#FruttiDiMare_114> <http://www.w3.org/1999/02/22-rdf-syntax-ns#type> <http://www.example.com/genealogy.owl#American> }","rdf:type","FALSE",3,3
"2hop-NamedPizza_FruttiDiMare_114_FruttiDiMare_114-FruttiDiMare_114-rdf:type-MC","NamedPizza_FruttiDiMare_114",117,253,"Membership","MC","SELECT ?x WHERE { <http://www.example.com/genealogy.owl#FruttiDiMare_114> <http://www.w3.org/1999/02/22-rdf-syntax-ns#type> ?x }","rdf:type","DomainConcept; Food; Pizza",3,3
"2hop-NamedPizza_FruttiDiMare_114_FruttiDiMare_114-FruttiDiMare_114-hasTopping-GarlicTopping_dynamic_1-BIN","NamedPizza_FruttiDiMare_114",117,253,"Property Assertion","BIN","ASK WHERE { <http://www.example.com/genealogy.owl#FruttiDiMare_114> <http://www.example.com/genealogy.owl#hasTopping> <http://www.example.com/genealogy.owl#GarlicTopping_dynamic_1> }","hasTopping","TRUE",1,1
"2hop-NamedPizza_FruttiDiMare_114_FruttiDiMare_114-FruttiDiMare_114-hasTopping-AmericanHot_131-NEG-BIN","NamedPizza_FruttiDiMare_114",117,253,"Property Assertion","BIN","ASK WHERE { <http://www.example.com/genealogy.owl#FruttiDiMare_114> <http://www.example.com/genealogy.owl#hasTopping> <http://www.example.com/genealogy.owl#AmericanHot_131> }","hasTopping","FALSE",1,1
"2hop-NamedPizza_FruttiDiMare_114_FruttiDiMare_114-FruttiDiMare_114-hasTopping-MC","NamedPizza_FruttiDiMare_114",117,253,"Property Assertion","MC","SELECT ?x WHERE { <http://www.example.com/genealogy.owl#FruttiDiMare_114> <http://www.example.com/genealogy.owl#hasTopping> ?x }","hasTopping","GarlicTopping_dynamic_1; MixedSeafoodTopping_dynamic_1; TomatoTopping_dynamic_1",1,1
"2hop-NamedPizza_FruttiDiMare_114_FruttiDiMare_114-FruttiDiMare_114-hasIngredient-MC","NamedPizza_FruttiDiMare_114",117,253,"Property Assertion","MC","SELECT ?x WHERE { <http://www.example.com/genealogy.owl#FruttiDiMare_114> <http://www.example.com/genealogy.owl#hasIngredient> ?x }","hasIngredient","GarlicTopping_dynamic_1; MixedSeafoodTopping_dynamic_1; TomatoTopping_dynamic_1",2,2
"2hop-NamedPizza_FruttiDiMare_114_FruttiDiMare_114-FruttiDiMare_114-hasIngredient-GarlicTopping_dynamic_1-BIN","NamedPizza_FruttiDiMare_114",117,253,"Property Assertion","BIN","ASK WHERE { <http://www.example.com/genealogy.owl#FruttiDiMare_114> <http://www.example.com/genealogy.owl#hasIngredient> <http://www.example.com/genealogy.owl#GarlicTopping_dynamic_1> }","hasIngredient","TRUE",2,2
"2hop-NamedPizza_FruttiDiMare_114_FruttiDiMare_114-FruttiDiMare_114-hasIngredient-AmericanHot_131-NEG-BIN","NamedPizza_FruttiDiMare_114",117,253,"Property Assertion","BIN","ASK WHERE { <http://www.example.com/genealogy.owl#FruttiDiMare_114> <http://www.example.com/genealogy.owl#hasIngredient> <http://www.example.com/genealogy.owl#AmericanHot_131> }","hasIngredient","FALSE",2,2
"2hop-NamedPizza_FruttiDiMare_128_FruttiDiMare_128-FruttiDiMare_128-hasIngredient-MC","NamedPizza_FruttiDiMare_128",117,253,"Property Assertion","MC","SELECT ?x WHERE { <http://www.example.com/genealogy.owl#FruttiDiMare_128> <http://www.example.com/genealogy.owl#hasIngredient> ?x }","hasIngredient","GarlicTopping_dynamic_1; MixedSeafoodTopping_dynamic_1; TomatoTopping_dynamic_1",2,2
"2hop-NamedPizza_FruttiDiMare_128_FruttiDiMare_128-FruttiDiMare_128-hasTopping-MC","NamedPizza_FruttiDiMare_128",117,253,"Property Assertion","MC","SELECT ?x WHERE { <http://www.example.com/genealogy.owl#FruttiDiMare_128> <http://www.example.com/genealogy.owl#hasTopping> ?x }","hasTopping","GarlicTopping_dynamic_1; MixedSeafoodTopping_dynamic_1; TomatoTopping_dynamic_1",1,1
"2hop-NamedPizza_FruttiDiMare_128_FruttiDiMare_128-FruttiDiMare_128-rdf:type-MC","NamedPizza_FruttiDiMare_128",117,253,"Membership","MC","SELECT ?x WHERE { <http://www.example.com/genealogy.owl#FruttiDiMare_128> <http://www.w3.org/1999/02/22-rdf-syntax-ns#type> ?x }","rdf:type","DomainConcept; Food; Pizza",2,2
"2hop-NamedPizza_FruttiDiMare_128_FruttiDiMare_128-FruttiDiMare_128-hasIngredient-GarlicTopping_dynamic_1-BIN","NamedPizza_FruttiDiMare_128",117,253,"Property Assertion","BIN","ASK WHERE { <http://www.example.com/genealogy.owl#FruttiDiMare_128> <http://www.example.com/genealogy.owl#hasIngredient> <http://www.example.com/genealogy.owl#GarlicTopping_dynamic_1> }","hasIngredient","TRUE",2,2
"2hop-NamedPizza_FruttiDiMare_128_FruttiDiMare_128-FruttiDiMare_128-hasIngredient-AmericanHot_131-NEG-BIN","NamedPizza_FruttiDiMare_128",117,253,"Property Assertion","BIN","ASK WHERE { <http://www.example.com/genealogy.owl#FruttiDiMare_128> <http://www.example.com/genealogy.owl#hasIngredient> <http://www.example.com/genealogy.owl#AmericanHot_131> }","hasIngredient","FALSE",2,2
"2hop-NamedPizza_FruttiDiMare_128_FruttiDiMare_128-FruttiDiMare_128-rdf:type-Food-BIN","NamedPizza_FruttiDiMare_128",117,253,"Membership","BIN","ASK WHERE { <http://www.example.com/genealogy.owl#FruttiDiMare_128> <http://www.w3.org/1999/02/22-rdf-syntax-ns#type> <http://www.example.com/genealogy.owl#Food> }","rdf:type","TRUE",3,3
"2hop-NamedPizza_FruttiDiMare_128_FruttiDiMare_128-FruttiDiMare_128-rdf:type-American-NEG-BIN","NamedPizza_FruttiDiMare_128",117,253,"Membership","BIN","ASK WHERE { <http://www.example.com/genealogy.owl#FruttiDiMare_128> <http://www.w3.org/1999/02/22-rdf-syntax-ns#type> <http://www.example.com/genealogy.owl#American> }","rdf:type","FALSE",3,3
"2hop-NamedPizza_FruttiDiMare_128_FruttiDiMare_128-FruttiDiMare_128-hasTopping-GarlicTopping_dynamic_1-BIN","NamedPizza_FruttiDiMare_128",117,253,"Property Assertion","BIN","ASK WHERE { <http://www.example.com/genealogy.owl#FruttiDiMare_128> <http://www.example.com/genealogy.owl#hasTopping> <http://www.example.com/genealogy.owl#GarlicTopping_dynamic_1> }","hasTopping","TRUE",1,1
"2hop-NamedPizza_FruttiDiMare_128_FruttiDiMare_128-FruttiDiMare_128-hasTopping-AmericanHot_131-NEG-BIN","NamedPizza_FruttiDiMare_128",117,253,"Property Assertion","BIN","ASK WHERE { <http://www.example.com/genealogy.owl#FruttiDiMare_128> <http://www.example.com/genealogy.owl#hasTopping> <http://www.example.com/genealogy.owl#AmericanHot_131> }","hasTopping","FALSE",1,1
"2hop-NamedPizza_FruttiDiMare_160_FruttiDiMare_160-FruttiDiMare_160-hasIngredient-MC","NamedPizza_FruttiDiMare_160",117,253,"Property Assertion","MC","SELECT ?x WHERE { <http://www.example.com/genealogy.owl#FruttiDiMare_160> <http://www.example.com/genealogy.owl#hasIngredient> ?x }","hasIngredient","GarlicTopping_dynamic_1; MixedSeafoodTopping_dynamic_1; TomatoTopping_dynamic_1",2,2
"2hop-NamedPizza_FruttiDiMare_160_FruttiDiMare_160-FruttiDiMare_160-rdf:type-Food-BIN","NamedPizza_FruttiDiMare_160",117,253,"Membership","BIN","ASK WHERE { <http://www.example.com/genealogy.owl#FruttiDiMare_160> <http://www.w3.org/1999/02/22-rdf-syntax-ns#type> <http://www.example.com/genealogy.owl#Food> }","rdf:type","TRUE",3,3
"2hop-NamedPizza_FruttiDiMare_160_FruttiDiMare_160-FruttiDiMare_160-rdf:type-American-NEG-BIN","NamedPizza_FruttiDiMare_160",117,253,"Membership","BIN","ASK WHERE { <http://www.example.com/genealogy.owl#FruttiDiMare_160> <http://www.w3.org/1999/02/22-rdf-syntax-ns#type> <http://www.example.com/genealogy.owl#American> }","rdf:type","FALSE",3,3
"2hop-NamedPizza_FruttiDiMare_160_FruttiDiMare_160-FruttiDiMare_160-rdf:type-MC","NamedPizza_FruttiDiMare_160",117,253,"Membership","MC","SELECT ?x WHERE { <http://www.example.com/genealogy.owl#FruttiDiMare_160> <http://www.w3.org/1999/02/22-rdf-syntax-ns#type> ?x }","rdf:type","DomainConcept; Food; Pizza",3,3
"2hop-NamedPizza_FruttiDiMare_160_FruttiDiMare_160-FruttiDiMare_160-hasIngredient-GarlicTopping_dynamic_1-BIN","NamedPizza_FruttiDiMare_160",117,253,"Property Assertion","BIN","ASK WHERE { <http://www.example.com/genealogy.owl#FruttiDiMare_160> <http://www.example.com/genealogy.owl#hasIngredient> <http://www.example.com/genealogy.owl#GarlicTopping_dynamic_1> }","hasIngredient","TRUE",2,2
"2hop-NamedPizza_FruttiDiMare_160_FruttiDiMare_160-FruttiDiMare_160-hasIngredient-AmericanHot_131-NEG-BIN","NamedPizza_FruttiDiMare_160",117,253,"Property Assertion","BIN","ASK WHERE { <http://www.example.com/genealogy.owl#FruttiDiMare_160> <http://www.example.com/genealogy.owl#hasIngredient> <http://www.example.com/genealogy.owl#AmericanHot_131> }","hasIngredient","FALSE",2,2
"2hop-NamedPizza_FruttiDiMare_160_FruttiDiMare_160-FruttiDiMare_160-hasTopping-MC","NamedPizza_FruttiDiMare_160",117,253,"Property Assertion","MC","SELECT ?x WHERE { <http://www.example.com/genealogy.owl#FruttiDiMare_160> <http://www.example.com/genealogy.owl#hasTopping> ?x }","hasTopping","GarlicTopping_dynamic_1; MixedSeafoodTopping_dynamic_1; TomatoTopping_dynamic_1",1,1
"2hop-NamedPizza_FruttiDiMare_160_FruttiDiMare_160-FruttiDiMare_160-hasTopping-GarlicTopping_dynamic_1-BIN","NamedPizza_FruttiDiMare_160",117,253,"Property Assertion","BIN","ASK WHERE { <http://www.example.com/genealogy.owl#FruttiDiMare_160> <http://www.example.com/genealogy.owl#hasTopping> <http://www.example.com/genealogy.owl#GarlicTopping_dynamic_1> }","hasTopping","TRUE",1,1
"2hop-NamedPizza_FruttiDiMare_160_FruttiDiMare_160-FruttiDiMare_160-hasTopping-AmericanHot_131-NEG-BIN","NamedPizza_FruttiDiMare_160",117,253,"Property Assertion","BIN","ASK WHERE { <http://www.example.com/genealogy.owl#FruttiDiMare_160> <http://www.example.com/genealogy.owl#hasTopping> <http://www.example.com/genealogy.owl#AmericanHot_131> }","hasTopping","FALSE",1,1
"2hop-NamedPizza_FruttiDiMare_163_FruttiDiMare_163-FruttiDiMare_163-hasIngredient-MC","NamedPizza_FruttiDiMare_163",117,253,"Property Assertion","MC","SELECT ?x WHERE { <http://www.example.com/genealogy.owl#FruttiDiMare_163> <http://www.example.com/genealogy.owl#hasIngredient> ?x }","hasIngredient","GarlicTopping_dynamic_1; MixedSeafoodTopping_dynamic_1; TomatoTopping_dynamic_1",2,2
"2hop-NamedPizza_FruttiDiMare_163_FruttiDiMare_163-FruttiDiMare_163-hasTopping-GarlicTopping_dynamic_1-BIN","NamedPizza_FruttiDiMare_163",117,253,"Property Assertion","BIN","ASK WHERE { <http://www.example.com/genealogy.owl#FruttiDiMare_163> <http://www.example.com/genealogy.owl#hasTopping> <http://www.example.com/genealogy.owl#GarlicTopping_dynamic_1> }","hasTopping","TRUE",1,1
"2hop-NamedPizza_FruttiDiMare_163_FruttiDiMare_163-FruttiDiMare_163-hasTopping-AmericanHot_131-NEG-BIN","NamedPizza_FruttiDiMare_163",117,253,"Property Assertion","BIN","ASK WHERE { <http://www.example.com/genealogy.owl#FruttiDiMare_163> <http://www.example.com/genealogy.owl#hasTopping> <http://www.example.com/genealogy.owl#AmericanHot_131> }","hasTopping","FALSE",1,1
"2hop-NamedPizza_FruttiDiMare_163_FruttiDiMare_163-FruttiDiMare_163-hasTopping-MC","NamedPizza_FruttiDiMare_163",117,253,"Property Assertion","MC","SELECT ?x WHERE { <http://www.example.com/genealogy.owl#FruttiDiMare_163> <http://www.example.com/genealogy.owl#hasTopping> ?x }","hasTopping","GarlicTopping_dynamic_1; MixedSeafoodTopping_dynamic_1; TomatoTopping_dynamic_1",1,1
"2hop-NamedPizza_FruttiDiMare_163_FruttiDiMare_163-FruttiDiMare_163-rdf:type-Food-BIN","NamedPizza_FruttiDiMare_163",117,253,"Membership","BIN","ASK WHERE { <http://www.example.com/genealogy.owl#FruttiDiMare_163> <http://www.w3.org/1999/02/22-rdf-syntax-ns#type> <http://www.example.com/genealogy.owl#Food> }","rdf:type","TRUE",3,3
"2hop-NamedPizza_FruttiDiMare_163_FruttiDiMare_163-FruttiDiMare_163-rdf:type-American-NEG-BIN","NamedPizza_FruttiDiMare_163",117,253,"Membership","BIN","ASK WHERE { <http://www.example.com/genealogy.owl#FruttiDiMare_163> <http://www.w3.org/1999/02/22-rdf-syntax-ns#type> <http://www.example.com/genealogy.owl#American> }","rdf:type","FALSE",3,3
"2hop-NamedPizza_FruttiDiMare_163_FruttiDiMare_163-FruttiDiMare_163-rdf:type-MC","NamedPizza_FruttiDiMare_163",117,253,"Membership","MC","SELECT ?x WHERE { <http://www.example.com/genealogy.owl#FruttiDiMare_163> <http://www.w3.org/1999/02/22-rdf-syntax-ns#type> ?x }","rdf:type","DomainConcept; Food; Pizza",3,3
"2hop-NamedPizza_FruttiDiMare_163_FruttiDiMare_163-FruttiDiMare_163-hasIngredient-GarlicTopping_dynamic_1-BIN","NamedPizza_FruttiDiMare_163",117,253,"Property Assertion","BIN","ASK WHERE { <http://www.example.com/genealogy.owl#FruttiDiMare_163> <http://www.example.com/genealogy.owl#hasIngredient> <http://www.example.com/genealogy.owl#GarlicTopping_dynamic_1> }","hasIngredient","TRUE",2,2
"2hop-NamedPizza_FruttiDiMare_163_FruttiDiMare_163-FruttiDiMare_163-hasIngredient-AmericanHot_131-NEG-BIN","NamedPizza_FruttiDiMare_163",117,253,"Property Assertion","BIN","ASK WHERE { <http://www.example.com/genealogy.owl#FruttiDiMare_163> <http://www.example.com/genealogy.owl#hasIngredient> <http://www.example.com/genealogy.owl#AmericanHot_131> }","hasIngredient","FALSE",2,2
"2hop-NamedPizza_FruttiDiMare_207_FruttiDiMare_207-FruttiDiMare_207-rdf:type-Food-BIN","NamedPizza_FruttiDiMare_207",117,253,"Membership","BIN","ASK WHERE { <http://www.example.com/genealogy.owl#FruttiDiMare_207> <http://www.w3.org/1999/02/22-rdf-syntax-ns#type> <http://www.example.com/genealogy.owl#Food> }","rdf:type","TRUE",3,3
"2hop-NamedPizza_FruttiDiMare_207_FruttiDiMare_207-FruttiDiMare_207-rdf:type-American-NEG-BIN","NamedPizza_FruttiDiMare_207",117,253,"Membership","BIN","ASK WHERE { <http://www.example.com/genealogy.owl#FruttiDiMare_207> <http://www.w3.org/1999/02/22-rdf-syntax-ns#type> <http://www.example.com/genealogy.owl#American> }","rdf:type","FALSE",3,3
"2hop-NamedPizza_FruttiDiMare_207_FruttiDiMare_207-FruttiDiMare_207-rdf:type-MC","NamedPizza_FruttiDiMare_207",117,253,"Membership","MC","SELECT ?x WHERE { <http://www.example.com/genealogy.owl#FruttiDiMare_207> <http://www.w3.org/1999/02/22-rdf-syntax-ns#type> ?x }","rdf:type","DomainConcept; Food; Pizza",3,3
"2hop-NamedPizza_FruttiDiMare_207_FruttiDiMare_207-FruttiDiMare_207-hasIngredient-MC","NamedPizza_FruttiDiMare_207",117,253,"Property Assertion","MC","SELECT ?x WHERE { <http://www.example.com/genealogy.owl#FruttiDiMare_207> <http://www.example.com/genealogy.owl#hasIngredient> ?x }","hasIngredient","GarlicTopping_dynamic_1; MixedSeafoodTopping_dynamic_1; TomatoTopping_dynamic_1",2,2
"2hop-NamedPizza_FruttiDiMare_207_FruttiDiMare_207-FruttiDiMare_207-hasTopping-MC","NamedPizza_FruttiDiMare_207",117,253,"Property Assertion","MC","SELECT ?x WHERE { <http://www.example.com/genealogy.owl#FruttiDiMare_207> <http://www.example.com/genealogy.owl#hasTopping> ?x }","hasTopping","GarlicTopping_dynamic_1; MixedSeafoodTopping_dynamic_1; TomatoTopping_dynamic_1",1,1
"2hop-NamedPizza_FruttiDiMare_207_FruttiDiMare_207-FruttiDiMare_207-hasIngredient-GarlicTopping_dynamic_1-BIN","NamedPizza_FruttiDiMare_207",117,253,"Property Assertion","BIN","ASK WHERE { <http://www.example.com/genealogy.owl#FruttiDiMare_207> <http://www.example.com/genealogy.owl#hasIngredient> <http://www.example.com/genealogy.owl#GarlicTopping_dynamic_1> }","hasIngredient","TRUE",2,2
"2hop-NamedPizza_FruttiDiMare_207_FruttiDiMare_207-FruttiDiMare_207-hasIngredient-AmericanHot_131-NEG-BIN","NamedPizza_FruttiDiMare_207",117,253,"Property Assertion","BIN","ASK WHERE { <http://www.example.com/genealogy.owl#FruttiDiMare_207> <http://www.example.com/genealogy.owl#hasIngredient> <http://www.example.com/genealogy.owl#AmericanHot_131> }","hasIngredient","FALSE",2,2
"2hop-NamedPizza_FruttiDiMare_207_FruttiDiMare_207-FruttiDiMare_207-hasTopping-GarlicTopping_dynamic_1-BIN","NamedPizza_FruttiDiMare_207",117,253,"Property Assertion","BIN","ASK WHERE { <http://www.example.com/genealogy.owl#FruttiDiMare_207> <http://www.example.com/genealogy.owl#hasTopping> <http://www.example.com/genealogy.owl#GarlicTopping_dynamic_1> }","hasTopping","TRUE",1,1
"2hop-NamedPizza_FruttiDiMare_207_FruttiDiMare_207-FruttiDiMare_207-hasTopping-AmericanHot_131-NEG-BIN","NamedPizza_FruttiDiMare_207",117,253,"Property Assertion","BIN","ASK WHERE { <http://www.example.com/genealogy.owl#FruttiDiMare_207> <http://www.example.com/genealogy.owl#hasTopping> <http://www.example.com/genealogy.owl#AmericanHot_131> }","hasTopping","FALSE",1,1
"2hop-NamedPizza_FruttiDiMare_214_FruttiDiMare_214-FruttiDiMare_214-hasTopping-GarlicTopping_dynamic_1-BIN","NamedPizza_FruttiDiMare_214",117,253,"Property Assertion","BIN","ASK WHERE { <http://www.example.com/genealogy.owl#FruttiDiMare_214> <http://www.example.com/genealogy.owl#hasTopping> <http://www.example.com/genealogy.owl#GarlicTopping_dynamic_1> }","hasTopping","TRUE",1,1
"2hop-NamedPizza_FruttiDiMare_214_FruttiDiMare_214-FruttiDiMare_214-hasTopping-AmericanHot_131-NEG-BIN","NamedPizza_FruttiDiMare_214",117,253,"Property Assertion","BIN","ASK WHERE { <http://www.example.com/genealogy.owl#FruttiDiMare_214> <http://www.example.com/genealogy.owl#hasTopping> <http://www.example.com/genealogy.owl#AmericanHot_131> }","hasTopping","FALSE",1,1
"2hop-NamedPizza_FruttiDiMare_214_FruttiDiMare_214-FruttiDiMare_214-hasTopping-MC","NamedPizza_FruttiDiMare_214",117,253,"Property Assertion","MC","SELECT ?x WHERE { <http://www.example.com/genealogy.owl#FruttiDiMare_214> <http://www.example.com/genealogy.owl#hasTopping> ?x }","hasTopping","GarlicTopping_dynamic_1; MixedSeafoodTopping_dynamic_1; TomatoTopping_dynamic_1",1,1
"2hop-NamedPizza_FruttiDiMare_214_FruttiDiMare_214-FruttiDiMare_214-hasIngredient-MC","NamedPizza_FruttiDiMare_214",117,253,"Property Assertion","MC","SELECT ?x WHERE { <http://www.example.com/genealogy.owl#FruttiDiMare_214> <http://www.example.com/genealogy.owl#hasIngredient> ?x }","hasIngredient","GarlicTopping_dynamic_1; MixedSeafoodTopping_dynamic_1; TomatoTopping_dynamic_1",2,2
"2hop-NamedPizza_FruttiDiMare_214_FruttiDiMare_214-FruttiDiMare_214-rdf:type-MC","NamedPizza_FruttiDiMare_214",117,253,"Membership","MC","SELECT ?x WHERE { <http://www.example.com/genealogy.owl#FruttiDiMare_214> <http://www.w3.org/1999/02/22-rdf-syntax-ns#type> ?x }","rdf:type","DomainConcept; Food; Pizza",2,2
"2hop-NamedPizza_FruttiDiMare_214_FruttiDiMare_214-FruttiDiMare_214-rdf:type-Food-BIN","NamedPizza_FruttiDiMare_214",117,253,"Membership","BIN","ASK WHERE { <http://www.example.com/genealogy.owl#FruttiDiMare_214> <http://www.w3.org/1999/02/22-rdf-syntax-ns#type> <http://www.example.com/genealogy.owl#Food> }","rdf:type","TRUE",3,3
"2hop-NamedPizza_FruttiDiMare_214_FruttiDiMare_214-FruttiDiMare_214-rdf:type-American-NEG-BIN","NamedPizza_FruttiDiMare_214",117,253,"Membership","BIN","ASK WHERE { <http://www.example.com/genealogy.owl#FruttiDiMare_214> <http://www.w3.org/1999/02/22-rdf-syntax-ns#type> <http://www.example.com/genealogy.owl#American> }","rdf:type","FALSE",3,3
"2hop-NamedPizza_FruttiDiMare_214_FruttiDiMare_214-FruttiDiMare_214-hasIngredient-GarlicTopping_dynamic_1-BIN","NamedPizza_FruttiDiMare_214",117,253,"Property Assertion","BIN","ASK WHERE { <http://www.example.com/genealogy.owl#FruttiDiMare_214> <http://www.example.com/genealogy.owl#hasIngredient> <http://www.example.com/genealogy.owl#GarlicTopping_dynamic_1> }","hasIngredient","TRUE",2,2
"2hop-NamedPizza_FruttiDiMare_214_FruttiDiMare_214-FruttiDiMare_214-hasIngredient-AmericanHot_131-NEG-BIN","NamedPizza_FruttiDiMare_214",117,253,"Property Assertion","BIN","ASK WHERE { <http://www.example.com/genealogy.owl#FruttiDiMare_214> <http://www.example.com/genealogy.owl#hasIngredient> <http://www.example.com/genealogy.owl#AmericanHot_131> }","hasIngredient","FALSE",2,2
"2hop-NamedPizza_FruttiDiMare_240_FruttiDiMare_240-FruttiDiMare_240-hasTopping-MC","NamedPizza_FruttiDiMare_240",117,253,"Property Assertion","MC","SELECT ?x WHERE { <http://www.example.com/genealogy.owl#FruttiDiMare_240> <http://www.example.com/genealogy.owl#hasTopping> ?x }","hasTopping","GarlicTopping_dynamic_1; MixedSeafoodTopping_dynamic_1; TomatoTopping_dynamic_1",1,1
"2hop-NamedPizza_FruttiDiMare_240_FruttiDiMare_240-FruttiDiMare_240-rdf:type-MC","NamedPizza_FruttiDiMare_240",117,253,"Membership","MC","SELECT ?x WHERE { <http://www.example.com/genealogy.owl#FruttiDiMare_240> <http://www.w3.org/1999/02/22-rdf-syntax-ns#type> ?x }","rdf:type","DomainConcept; Food; Pizza",4,4
"2hop-NamedPizza_FruttiDiMare_240_FruttiDiMare_240-FruttiDiMare_240-rdf:type-Food-BIN","NamedPizza_FruttiDiMare_240",117,253,"Membership","BIN","ASK WHERE { <http://www.example.com/genealogy.owl#FruttiDiMare_240> <http://www.w3.org/1999/02/22-rdf-syntax-ns#type> <http://www.example.com/genealogy.owl#Food> }","rdf:type","TRUE",3,3
"2hop-NamedPizza_FruttiDiMare_240_FruttiDiMare_240-FruttiDiMare_240-rdf:type-American-NEG-BIN","NamedPizza_FruttiDiMare_240",117,253,"Membership","BIN","ASK WHERE { <http://www.example.com/genealogy.owl#FruttiDiMare_240> <http://www.w3.org/1999/02/22-rdf-syntax-ns#type> <http://www.example.com/genealogy.owl#American> }","rdf:type","FALSE",3,3
"2hop-NamedPizza_FruttiDiMare_240_FruttiDiMare_240-FruttiDiMare_240-hasIngredient-MC","NamedPizza_FruttiDiMare_240",117,253,"Property Assertion","MC","SELECT ?x WHERE { <http://www.example.com/genealogy.owl#FruttiDiMare_240> <http://www.example.com/genealogy.owl#hasIngredient> ?x }","hasIngredient","GarlicTopping_dynamic_1; MixedSeafoodTopping_dynamic_1; TomatoTopping_dynamic_1",2,2
"2hop-NamedPizza_FruttiDiMare_240_FruttiDiMare_240-FruttiDiMare_240-hasIngredient-GarlicTopping_dynamic_1-BIN","NamedPizza_FruttiDiMare_240",117,253,"Property Assertion","BIN","ASK WHERE { <http://www.example.com/genealogy.owl#FruttiDiMare_240> <http://www.example.com/genealogy.owl#hasIngredient> <http://www.example.com/genealogy.owl#GarlicTopping_dynamic_1> }","hasIngredient","TRUE",2,2
"2hop-NamedPizza_FruttiDiMare_240_FruttiDiMare_240-FruttiDiMare_240-hasIngredient-AmericanHot_131-NEG-BIN","NamedPizza_FruttiDiMare_240",117,253,"Property Assertion","BIN","ASK WHERE { <http://www.example.com/genealogy.owl#FruttiDiMare_240> <http://www.example.com/genealogy.owl#hasIngredient> <http://www.example.com/genealogy.owl#AmericanHot_131> }","hasIngredient","FALSE",2,2
"2hop-NamedPizza_FruttiDiMare_240_FruttiDiMare_240-FruttiDiMare_240-hasTopping-GarlicTopping_dynamic_1-BIN","NamedPizza_FruttiDiMare_240",117,253,"Property Assertion","BIN","ASK WHERE { <http://www.example.com/genealogy.owl#FruttiDiMare_240> <http://www.example.com/genealogy.owl#hasTopping> <http://www.example.com/genealogy.owl#GarlicTopping_dynamic_1> }","hasTopping","TRUE",1,1
"2hop-NamedPizza_FruttiDiMare_240_FruttiDiMare_240-FruttiDiMare_240-hasTopping-AmericanHot_131-NEG-BIN","NamedPizza_FruttiDiMare_240",117,253,"Property Assertion","BIN","ASK WHERE { <http://www.example.com/genealogy.owl#FruttiDiMare_240> <http://www.example.com/genealogy.owl#hasTopping> <http://www.example.com/genealogy.owl#AmericanHot_131> }","hasTopping","FALSE",1,1
"2hop-NamedPizza_FruttiDiMare_244_FruttiDiMare_244-FruttiDiMare_244-rdf:type-Food-BIN","NamedPizza_FruttiDiMare_244",117,253,"Membership","BIN","ASK WHERE { <http://www.example.com/genealogy.owl#FruttiDiMare_244> <http://www.w3.org/1999/02/22-rdf-syntax-ns#type> <http://www.example.com/genealogy.owl#Food> }","rdf:type","TRUE",3,3
"2hop-NamedPizza_FruttiDiMare_244_FruttiDiMare_244-FruttiDiMare_244-rdf:type-American-NEG-BIN","NamedPizza_FruttiDiMare_244",117,253,"Membership","BIN","ASK WHERE { <http://www.example.com/genealogy.owl#FruttiDiMare_244> <http://www.w3.org/1999/02/22-rdf-syntax-ns#type> <http://www.example.com/genealogy.owl#American> }","rdf:type","FALSE",3,3
"2hop-NamedPizza_FruttiDiMare_244_FruttiDiMare_244-FruttiDiMare_244-rdf:type-MC","NamedPizza_FruttiDiMare_244",117,253,"Membership","MC","SELECT ?x WHERE { <http://www.example.com/genealogy.owl#FruttiDiMare_244> <http://www.w3.org/1999/02/22-rdf-syntax-ns#type> ?x }","rdf:type","DomainConcept; Food; Pizza",3,3
"2hop-NamedPizza_FruttiDiMare_244_FruttiDiMare_244-FruttiDiMare_244-hasTopping-MC","NamedPizza_FruttiDiMare_244",117,253,"Property Assertion","MC","SELECT ?x WHERE { <http://www.example.com/genealogy.owl#FruttiDiMare_244> <http://www.example.com/genealogy.owl#hasTopping> ?x }","hasTopping","GarlicTopping_dynamic_1; MixedSeafoodTopping_dynamic_1; TomatoTopping_dynamic_1",1,1
"2hop-NamedPizza_FruttiDiMare_244_FruttiDiMare_244-FruttiDiMare_244-hasTopping-GarlicTopping_dynamic_1-BIN","NamedPizza_FruttiDiMare_244",117,253,"Property Assertion","BIN","ASK WHERE { <http://www.example.com/genealogy.owl#FruttiDiMare_244> <http://www.example.com/genealogy.owl#hasTopping> <http://www.example.com/genealogy.owl#GarlicTopping_dynamic_1> }","hasTopping","TRUE",1,1
"2hop-NamedPizza_FruttiDiMare_244_FruttiDiMare_244-FruttiDiMare_244-hasTopping-AmericanHot_131-NEG-BIN","NamedPizza_FruttiDiMare_244",117,253,"Property Assertion","BIN","ASK WHERE { <http://www.example.com/genealogy.owl#FruttiDiMare_244> <http://www.example.com/genealogy.owl#hasTopping> <http://www.example.com/genealogy.owl#AmericanHot_131> }","hasTopping","FALSE",1,1
"2hop-NamedPizza_FruttiDiMare_244_FruttiDiMare_244-FruttiDiMare_244-hasIngredient-MC","NamedPizza_FruttiDiMare_244",117,253,"Property Assertion","MC","SELECT ?x WHERE { <http://www.example.com/genealogy.owl#FruttiDiMare_244> <http://www.example.com/genealogy.owl#hasIngredient> ?x }","hasIngredient","GarlicTopping_dynamic_1; MixedSeafoodTopping_dynamic_1; TomatoTopping_dynamic_1",2,2
"2hop-NamedPizza_FruttiDiMare_244_FruttiDiMare_244-FruttiDiMare_244-hasIngredient-GarlicTopping_dynamic_1-BIN","NamedPizza_FruttiDiMare_244",117,253,"Property Assertion","BIN","ASK WHERE { <http://www.example.com/genealogy.owl#FruttiDiMare_244> <http://www.example.com/genealogy.owl#hasIngredient> <http://www.example.com/genealogy.owl#GarlicTopping_dynamic_1> }","hasIngredient","TRUE",2,2
"2hop-NamedPizza_FruttiDiMare_244_FruttiDiMare_244-FruttiDiMare_244-hasIngredient-AmericanHot_131-NEG-BIN","NamedPizza_FruttiDiMare_244",117,253,"Property Assertion","BIN","ASK WHERE { <http://www.example.com/genealogy.owl#FruttiDiMare_244> <http://www.example.com/genealogy.owl#hasIngredient> <http://www.example.com/genealogy.owl#AmericanHot_131> }","hasIngredient","FALSE",2,2
"2hop-NamedPizza_FruttiDiMare_26_FruttiDiMare_26-FruttiDiMare_26-hasIngredient-GarlicTopping_dynamic_1-BIN","NamedPizza_FruttiDiMare_26",117,253,"Property Assertion","BIN","ASK WHERE { <http://www.example.com/genealogy.owl#FruttiDiMare_26> <http://www.example.com/genealogy.owl#hasIngredient> <http://www.example.com/genealogy.owl#GarlicTopping_dynamic_1> }","hasIngredient","TRUE",2,2
"2hop-NamedPizza_FruttiDiMare_26_FruttiDiMare_26-FruttiDiMare_26-hasIngredient-AmericanHot_131-NEG-BIN","NamedPizza_FruttiDiMare_26",117,253,"Property Assertion","BIN","ASK WHERE { <http://www.example.com/genealogy.owl#FruttiDiMare_26> <http://www.example.com/genealogy.owl#hasIngredient> <http://www.example.com/genealogy.owl#AmericanHot_131> }","hasIngredient","FALSE",2,2
"2hop-NamedPizza_FruttiDiMare_26_FruttiDiMare_26-FruttiDiMare_26-hasIngredient-MC","NamedPizza_FruttiDiMare_26",117,253,"Property Assertion","MC","SELECT ?x WHERE { <http://www.example.com/genealogy.owl#FruttiDiMare_26> <http://www.example.com/genealogy.owl#hasIngredient> ?x }","hasIngredient","GarlicTopping_dynamic_1; MixedSeafoodTopping_dynamic_1; TomatoTopping_dynamic_1",2,2
"2hop-NamedPizza_FruttiDiMare_26_FruttiDiMare_26-FruttiDiMare_26-rdf:type-MC","NamedPizza_FruttiDiMare_26",117,253,"Membership","MC","SELECT ?x WHERE { <http://www.example.com/genealogy.owl#FruttiDiMare_26> <http://www.w3.org/1999/02/22-rdf-syntax-ns#type> ?x }","rdf:type","DomainConcept; Food; Pizza",2,2
"2hop-NamedPizza_FruttiDiMare_26_FruttiDiMare_26-FruttiDiMare_26-hasTopping-MC","NamedPizza_FruttiDiMare_26",117,253,"Property Assertion","MC","SELECT ?x WHERE { <http://www.example.com/genealogy.owl#FruttiDiMare_26> <http://www.example.com/genealogy.owl#hasTopping> ?x }","hasTopping","GarlicTopping_dynamic_1; MixedSeafoodTopping_dynamic_1; TomatoTopping_dynamic_1",1,1
"2hop-NamedPizza_FruttiDiMare_26_FruttiDiMare_26-FruttiDiMare_26-hasTopping-GarlicTopping_dynamic_1-BIN","NamedPizza_FruttiDiMare_26",117,253,"Property Assertion","BIN","ASK WHERE { <http://www.example.com/genealogy.owl#FruttiDiMare_26> <http://www.example.com/genealogy.owl#hasTopping> <http://www.example.com/genealogy.owl#GarlicTopping_dynamic_1> }","hasTopping","TRUE",1,1
"2hop-NamedPizza_FruttiDiMare_26_FruttiDiMare_26-FruttiDiMare_26-hasTopping-AmericanHot_131-NEG-BIN","NamedPizza_FruttiDiMare_26",117,253,"Property Assertion","BIN","ASK WHERE { <http://www.example.com/genealogy.owl#FruttiDiMare_26> <http://www.example.com/genealogy.owl#hasTopping> <http://www.example.com/genealogy.owl#AmericanHot_131> }","hasTopping","FALSE",1,1
"2hop-NamedPizza_FruttiDiMare_26_FruttiDiMare_26-FruttiDiMare_26-rdf:type-Food-BIN","NamedPizza_FruttiDiMare_26",117,253,"Membership","BIN","ASK WHERE { <http://www.example.com/genealogy.owl#FruttiDiMare_26> <http://www.w3.org/1999/02/22-rdf-syntax-ns#type> <http://www.example.com/genealogy.owl#Food> }","rdf:type","TRUE",3,3
"2hop-NamedPizza_FruttiDiMare_26_FruttiDiMare_26-FruttiDiMare_26-rdf:type-American-NEG-BIN","NamedPizza_FruttiDiMare_26",117,253,"Membership","BIN","ASK WHERE { <http://www.example.com/genealogy.owl#FruttiDiMare_26> <http://www.w3.org/1999/02/22-rdf-syntax-ns#type> <http://www.example.com/genealogy.owl#American> }","rdf:type","FALSE",3,3
"2hop-NamedPizza_FruttiDiMare_28_FruttiDiMare_28-FruttiDiMare_28-hasIngredient-GarlicTopping_dynamic_1-BIN","NamedPizza_FruttiDiMare_28",117,253,"Property Assertion","BIN","ASK WHERE { <http://www.example.com/genealogy.owl#FruttiDiMare_28> <http://www.example.com/genealogy.owl#hasIngredient> <http://www.example.com/genealogy.owl#GarlicTopping_dynamic_1> }","hasIngredient","TRUE",2,2
"2hop-NamedPizza_FruttiDiMare_28_FruttiDiMare_28-FruttiDiMare_28-hasIngredient-AmericanHot_131-NEG-BIN","NamedPizza_FruttiDiMare_28",117,253,"Property Assertion","BIN","ASK WHERE { <http://www.example.com/genealogy.owl#FruttiDiMare_28> <http://www.example.com/genealogy.owl#hasIngredient> <http://www.example.com/genealogy.owl#AmericanHot_131> }","hasIngredient","FALSE",2,2
"2hop-NamedPizza_FruttiDiMare_28_FruttiDiMare_28-FruttiDiMare_28-hasIngredient-MC","NamedPizza_FruttiDiMare_28",117,253,"Property Assertion","MC","SELECT ?x WHERE { <http://www.example.com/genealogy.owl#FruttiDiMare_28> <http://www.example.com/genealogy.owl#hasIngredient> ?x }","hasIngredient","GarlicTopping_dynamic_1; MixedSeafoodTopping_dynamic_1; TomatoTopping_dynamic_1",2,2
"2hop-NamedPizza_FruttiDiMare_28_FruttiDiMare_28-FruttiDiMare_28-rdf:type-MC","NamedPizza_FruttiDiMare_28",117,253,"Membership","MC","SELECT ?x WHERE { <http://www.example.com/genealogy.owl#FruttiDiMare_28> <http://www.w3.org/1999/02/22-rdf-syntax-ns#type> ?x }","rdf:type","DomainConcept; Food; Pizza",4,4
"2hop-NamedPizza_FruttiDiMare_28_FruttiDiMare_28-FruttiDiMare_28-hasTopping-MC","NamedPizza_FruttiDiMare_28",117,253,"Property Assertion","MC","SELECT ?x WHERE { <http://www.example.com/genealogy.owl#FruttiDiMare_28> <http://www.example.com/genealogy.owl#hasTopping> ?x }","hasTopping","GarlicTopping_dynamic_1; MixedSeafoodTopping_dynamic_1; TomatoTopping_dynamic_1",1,1
"2hop-NamedPizza_FruttiDiMare_28_FruttiDiMare_28-FruttiDiMare_28-hasTopping-GarlicTopping_dynamic_1-BIN","NamedPizza_FruttiDiMare_28",117,253,"Property Assertion","BIN","ASK WHERE { <http://www.example.com/genealogy.owl#FruttiDiMare_28> <http://www.example.com/genealogy.owl#hasTopping> <http://www.example.com/genealogy.owl#GarlicTopping_dynamic_1> }","hasTopping","TRUE",1,1
"2hop-NamedPizza_FruttiDiMare_28_FruttiDiMare_28-FruttiDiMare_28-hasTopping-AmericanHot_131-NEG-BIN","NamedPizza_FruttiDiMare_28",117,253,"Property Assertion","BIN","ASK WHERE { <http://www.example.com/genealogy.owl#FruttiDiMare_28> <http://www.example.com/genealogy.owl#hasTopping> <http://www.example.com/genealogy.owl#AmericanHot_131> }","hasTopping","FALSE",1,1
"2hop-NamedPizza_FruttiDiMare_28_FruttiDiMare_28-FruttiDiMare_28-rdf:type-Food-BIN","NamedPizza_FruttiDiMare_28",117,253,"Membership","BIN","ASK WHERE { <http://www.example.com/genealogy.owl#FruttiDiMare_28> <http://www.w3.org/1999/02/22-rdf-syntax-ns#type> <http://www.example.com/genealogy.owl#Food> }","rdf:type","TRUE",3,3
"2hop-NamedPizza_FruttiDiMare_28_FruttiDiMare_28-FruttiDiMare_28-rdf:type-American-NEG-BIN","NamedPizza_FruttiDiMare_28",117,253,"Membership","BIN","ASK WHERE { <http://www.example.com/genealogy.owl#FruttiDiMare_28> <http://www.w3.org/1999/02/22-rdf-syntax-ns#type> <http://www.example.com/genealogy.owl#American> }","rdf:type","FALSE",3,3
"2hop-NamedPizza_FruttiDiMare_32_FruttiDiMare_32-FruttiDiMare_32-rdf:type-MC","NamedPizza_FruttiDiMare_32",117,253,"Membership","MC","SELECT ?x WHERE { <http://www.example.com/genealogy.owl#FruttiDiMare_32> <http://www.w3.org/1999/02/22-rdf-syntax-ns#type> ?x }","rdf:type","DomainConcept; Food; Pizza",2,2
"2hop-NamedPizza_FruttiDiMare_32_FruttiDiMare_32-FruttiDiMare_32-hasIngredient-MC","NamedPizza_FruttiDiMare_32",117,253,"Property Assertion","MC","SELECT ?x WHERE { <http://www.example.com/genealogy.owl#FruttiDiMare_32> <http://www.example.com/genealogy.owl#hasIngredient> ?x }","hasIngredient","GarlicTopping_dynamic_1; MixedSeafoodTopping_dynamic_1; TomatoTopping_dynamic_1",2,2
"2hop-NamedPizza_FruttiDiMare_32_FruttiDiMare_32-FruttiDiMare_32-hasTopping-GarlicTopping_dynamic_1-BIN","NamedPizza_FruttiDiMare_32",117,253,"Property Assertion","BIN","ASK WHERE { <http://www.example.com/genealogy.owl#FruttiDiMare_32> <http://www.example.com/genealogy.owl#hasTopping> <http://www.example.com/genealogy.owl#GarlicTopping_dynamic_1> }","hasTopping","TRUE",1,1
"2hop-NamedPizza_FruttiDiMare_32_FruttiDiMare_32-FruttiDiMare_32-hasTopping-AmericanHot_131-NEG-BIN","NamedPizza_FruttiDiMare_32",117,253,"Property Assertion","BIN","ASK WHERE { <http://www.example.com/genealogy.owl#FruttiDiMare_32> <http://www.example.com/genealogy.owl#hasTopping> <http://www.example.com/genealogy.owl#AmericanHot_131> }","hasTopping","FALSE",1,1
"2hop-NamedPizza_FruttiDiMare_32_FruttiDiMare_32-FruttiDiMare_32-hasTopping-MC","NamedPizza_FruttiDiMare_32",117,253,"Property Assertion","MC","SELECT ?x WHERE { <http://www.example.com/genealogy.owl#FruttiDiMare_32> <http://www.example.com/genealogy.owl#hasTopping> ?x }","hasTopping","GarlicTopping_dynamic_1; MixedSeafoodTopping_dynamic_1; TomatoTopping_dynamic_1",1,1
"2hop-NamedPizza_FruttiDiMare_32_FruttiDiMare_32-FruttiDiMare_32-rdf:type-Food-BIN","NamedPizza_FruttiDiMare_32",117,253,"Membership","BIN","ASK WHERE { <http://www.example.com/genealogy.owl#FruttiDiMare_32> <http://www.w3.org/1999/02/22-rdf-syntax-ns#type> <http://www.example.com/genealogy.owl#Food> }","rdf:type","TRUE",3,3
"2hop-NamedPizza_FruttiDiMare_32_FruttiDiMare_32-FruttiDiMare_32-rdf:type-American-NEG-BIN","NamedPizza_FruttiDiMare_32",117,253,"Membership","BIN","ASK WHERE { <http://www.example.com/genealogy.owl#FruttiDiMare_32> <http://www.w3.org/1999/02/22-rdf-syntax-ns#type> <http://www.example.com/genealogy.owl#American> }","rdf:type","FALSE",3,3
"2hop-NamedPizza_FruttiDiMare_32_FruttiDiMare_32-FruttiDiMare_32-hasIngredient-GarlicTopping_dynamic_1-BIN","NamedPizza_FruttiDiMare_32",117,253,"Property Assertion","BIN","ASK WHERE { <http://www.example.com/genealogy.owl#FruttiDiMare_32> <http://www.example.com/genealogy.owl#hasIngredient> <http://www.example.com/genealogy.owl#GarlicTopping_dynamic_1> }","hasIngredient","TRUE",2,2
"2hop-NamedPizza_FruttiDiMare_32_FruttiDiMare_32-FruttiDiMare_32-hasIngredient-AmericanHot_131-NEG-BIN","NamedPizza_FruttiDiMare_32",117,253,"Property Assertion","BIN","ASK WHERE { <http://www.example.com/genealogy.owl#FruttiDiMare_32> <http://www.example.com/genealogy.owl#hasIngredient> <http://www.example.com/genealogy.owl#AmericanHot_131> }","hasIngredient","FALSE",2,2
"2hop-NamedPizza_FruttiDiMare_37_FruttiDiMare_37-FruttiDiMare_37-rdf:type-Food-BIN","NamedPizza_FruttiDiMare_37",117,253,"Membership","BIN","ASK WHERE { <http://www.example.com/genealogy.owl#FruttiDiMare_37> <http://www.w3.org/1999/02/22-rdf-syntax-ns#type> <http://www.example.com/genealogy.owl#Food> }","rdf:type","TRUE",3,3
"2hop-NamedPizza_FruttiDiMare_37_FruttiDiMare_37-FruttiDiMare_37-rdf:type-American-NEG-BIN","NamedPizza_FruttiDiMare_37",117,253,"Membership","BIN","ASK WHERE { <http://www.example.com/genealogy.owl#FruttiDiMare_37> <http://www.w3.org/1999/02/22-rdf-syntax-ns#type> <http://www.example.com/genealogy.owl#American> }","rdf:type","FALSE",3,3
"2hop-NamedPizza_FruttiDiMare_37_FruttiDiMare_37-FruttiDiMare_37-rdf:type-MC","NamedPizza_FruttiDiMare_37",117,253,"Membership","MC","SELECT ?x WHERE { <http://www.example.com/genealogy.owl#FruttiDiMare_37> <http://www.w3.org/1999/02/22-rdf-syntax-ns#type> ?x }","rdf:type","DomainConcept; Food; Pizza",3,3
"2hop-NamedPizza_FruttiDiMare_37_FruttiDiMare_37-FruttiDiMare_37-hasIngredient-MC","NamedPizza_FruttiDiMare_37",117,253,"Property Assertion","MC","SELECT ?x WHERE { <http://www.example.com/genealogy.owl#FruttiDiMare_37> <http://www.example.com/genealogy.owl#hasIngredient> ?x }","hasIngredient","GarlicTopping_dynamic_1; MixedSeafoodTopping_dynamic_1; TomatoTopping_dynamic_1",2,2
"2hop-NamedPizza_FruttiDiMare_37_FruttiDiMare_37-FruttiDiMare_37-hasTopping-GarlicTopping_dynamic_1-BIN","NamedPizza_FruttiDiMare_37",117,253,"Property Assertion","BIN","ASK WHERE { <http://www.example.com/genealogy.owl#FruttiDiMare_37> <http://www.example.com/genealogy.owl#hasTopping> <http://www.example.com/genealogy.owl#GarlicTopping_dynamic_1> }","hasTopping","TRUE",1,1
"2hop-NamedPizza_FruttiDiMare_37_FruttiDiMare_37-FruttiDiMare_37-hasTopping-AmericanHot_131-NEG-BIN","NamedPizza_FruttiDiMare_37",117,253,"Property Assertion","BIN","ASK WHERE { <http://www.example.com/genealogy.owl#FruttiDiMare_37> <http://www.example.com/genealogy.owl#hasTopping> <http://www.example.com/genealogy.owl#AmericanHot_131> }","hasTopping","FALSE",1,1
"2hop-NamedPizza_FruttiDiMare_37_FruttiDiMare_37-FruttiDiMare_37-hasTopping-MC","NamedPizza_FruttiDiMare_37",117,253,"Property Assertion","MC","SELECT ?x WHERE { <http://www.example.com/genealogy.owl#FruttiDiMare_37> <http://www.example.com/genealogy.owl#hasTopping> ?x }","hasTopping","GarlicTopping_dynamic_1; MixedSeafoodTopping_dynamic_1; TomatoTopping_dynamic_1",1,1
"2hop-NamedPizza_FruttiDiMare_37_FruttiDiMare_37-FruttiDiMare_37-hasIngredient-GarlicTopping_dynamic_1-BIN","NamedPizza_FruttiDiMare_37",117,253,"Property Assertion","BIN","ASK WHERE { <http://www.example.com/genealogy.owl#FruttiDiMare_37> <http://www.example.com/genealogy.owl#hasIngredient> <http://www.example.com/genealogy.owl#GarlicTopping_dynamic_1> }","hasIngredient","TRUE",2,2
"2hop-NamedPizza_FruttiDiMare_37_FruttiDiMare_37-FruttiDiMare_37-hasIngredient-AmericanHot_131-NEG-BIN","NamedPizza_FruttiDiMare_37",117,253,"Property Assertion","BIN","ASK WHERE { <http://www.example.com/genealogy.owl#FruttiDiMare_37> <http://www.example.com/genealogy.owl#hasIngredient> <http://www.example.com/genealogy.owl#AmericanHot_131> }","hasIngredient","FALSE",2,2
"2hop-NamedPizza_FruttiDiMare_38_FruttiDiMare_38-FruttiDiMare_38-hasTopping-GarlicTopping_dynamic_1-BIN","NamedPizza_FruttiDiMare_38",117,253,"Property Assertion","BIN","ASK WHERE { <http://www.example.com/genealogy.owl#FruttiDiMare_38> <http://www.example.com/genealogy.owl#hasTopping> <http://www.example.com/genealogy.owl#GarlicTopping_dynamic_1> }","hasTopping","TRUE",1,1
"2hop-NamedPizza_FruttiDiMare_38_FruttiDiMare_38-FruttiDiMare_38-hasTopping-AmericanHot_131-NEG-BIN","NamedPizza_FruttiDiMare_38",117,253,"Property Assertion","BIN","ASK WHERE { <http://www.example.com/genealogy.owl#FruttiDiMare_38> <http://www.example.com/genealogy.owl#hasTopping> <http://www.example.com/genealogy.owl#AmericanHot_131> }","hasTopping","FALSE",1,1
"2hop-NamedPizza_FruttiDiMare_38_FruttiDiMare_38-FruttiDiMare_38-hasTopping-MC","NamedPizza_FruttiDiMare_38",117,253,"Property Assertion","MC","SELECT ?x WHERE { <http://www.example.com/genealogy.owl#FruttiDiMare_38> <http://www.example.com/genealogy.owl#hasTopping> ?x }","hasTopping","GarlicTopping_dynamic_1; MixedSeafoodTopping_dynamic_1; TomatoTopping_dynamic_1",1,1
"2hop-NamedPizza_FruttiDiMare_38_FruttiDiMare_38-FruttiDiMare_38-rdf:type-MC","NamedPizza_FruttiDiMare_38",117,253,"Membership","MC","SELECT ?x WHERE { <http://www.example.com/genealogy.owl#FruttiDiMare_38> <http://www.w3.org/1999/02/22-rdf-syntax-ns#type> ?x }","rdf:type","DomainConcept; Food; Pizza",4,4
"2hop-NamedPizza_FruttiDiMare_38_FruttiDiMare_38-FruttiDiMare_38-hasIngredient-GarlicTopping_dynamic_1-BIN","NamedPizza_FruttiDiMare_38",117,253,"Property Assertion","BIN","ASK WHERE { <http://www.example.com/genealogy.owl#FruttiDiMare_38> <http://www.example.com/genealogy.owl#hasIngredient> <http://www.example.com/genealogy.owl#GarlicTopping_dynamic_1> }","hasIngredient","TRUE",2,2
"2hop-NamedPizza_FruttiDiMare_38_FruttiDiMare_38-FruttiDiMare_38-hasIngredient-AmericanHot_131-NEG-BIN","NamedPizza_FruttiDiMare_38",117,253,"Property Assertion","BIN","ASK WHERE { <http://www.example.com/genealogy.owl#FruttiDiMare_38> <http://www.example.com/genealogy.owl#hasIngredient> <http://www.example.com/genealogy.owl#AmericanHot_131> }","hasIngredient","FALSE",2,2
"2hop-NamedPizza_FruttiDiMare_38_FruttiDiMare_38-FruttiDiMare_38-hasIngredient-MC","NamedPizza_FruttiDiMare_38",117,253,"Property Assertion","MC","SELECT ?x WHERE { <http://www.example.com/genealogy.owl#FruttiDiMare_38> <http://www.example.com/genealogy.owl#hasIngredient> ?x }","hasIngredient","GarlicTopping_dynamic_1; MixedSeafoodTopping_dynamic_1; TomatoTopping_dynamic_1",2,2
"2hop-NamedPizza_FruttiDiMare_38_FruttiDiMare_38-FruttiDiMare_38-rdf:type-Food-BIN","NamedPizza_FruttiDiMare_38",117,253,"Membership","BIN","ASK WHERE { <http://www.example.com/genealogy.owl#FruttiDiMare_38> <http://www.w3.org/1999/02/22-rdf-syntax-ns#type> <http://www.example.com/genealogy.owl#Food> }","rdf:type","TRUE",3,3
"2hop-NamedPizza_FruttiDiMare_38_FruttiDiMare_38-FruttiDiMare_38-rdf:type-American-NEG-BIN","NamedPizza_FruttiDiMare_38",117,253,"Membership","BIN","ASK WHERE { <http://www.example.com/genealogy.owl#FruttiDiMare_38> <http://www.w3.org/1999/02/22-rdf-syntax-ns#type> <http://www.example.com/genealogy.owl#American> }","rdf:type","FALSE",3,3
"2hop-NamedPizza_Giardiniera_118_Giardiniera_118-Giardiniera_118-rdf:type-MC","NamedPizza_Giardiniera_118",117,258,"Membership","MC","SELECT ?x WHERE { <http://www.example.com/genealogy.owl#Giardiniera_118> <http://www.w3.org/1999/02/22-rdf-syntax-ns#type> ?x }","rdf:type","DomainConcept; Food; Pizza",2,2
"2hop-NamedPizza_Giardiniera_118_Giardiniera_118-Giardiniera_118-hasTopping-MC","NamedPizza_Giardiniera_118",117,258,"Property Assertion","MC","SELECT ?x WHERE { <http://www.example.com/genealogy.owl#Giardiniera_118> <http://www.example.com/genealogy.owl#hasTopping> ?x }","hasTopping","LeekTopping_dynamic_1; MozzarellaTopping_dynamic_1; MushroomTopping_dynamic_1; OliveTopping_dynamic_1; PeperonataTopping_dynamic_1; PetitPoisTopping_dynamic_1; SlicedTomatoTopping_dynamic_1; TomatoTopping_dynamic_1",1,1
"2hop-NamedPizza_Giardiniera_118_Giardiniera_118-Giardiniera_118-rdf:type-Food-BIN","NamedPizza_Giardiniera_118",117,258,"Membership","BIN","ASK WHERE { <http://www.example.com/genealogy.owl#Giardiniera_118> <http://www.w3.org/1999/02/22-rdf-syntax-ns#type> <http://www.example.com/genealogy.owl#Food> }","rdf:type","TRUE",3,3
"2hop-NamedPizza_Giardiniera_118_Giardiniera_118-Giardiniera_118-rdf:type-American-NEG-BIN","NamedPizza_Giardiniera_118",117,258,"Membership","BIN","ASK WHERE { <http://www.example.com/genealogy.owl#Giardiniera_118> <http://www.w3.org/1999/02/22-rdf-syntax-ns#type> <http://www.example.com/genealogy.owl#American> }","rdf:type","FALSE",3,3
"2hop-NamedPizza_Giardiniera_118_Giardiniera_118-Giardiniera_118-hasIngredient-MC","NamedPizza_Giardiniera_118",117,258,"Property Assertion","MC","SELECT ?x WHERE { <http://www.example.com/genealogy.owl#Giardiniera_118> <http://www.example.com/genealogy.owl#hasIngredient> ?x }","hasIngredient","LeekTopping_dynamic_1; MozzarellaTopping_dynamic_1; MushroomTopping_dynamic_1; OliveTopping_dynamic_1; PeperonataTopping_dynamic_1; PetitPoisTopping_dynamic_1; SlicedTomatoTopping_dynamic_1; TomatoTopping_dynamic_1",2,2
"2hop-NamedPizza_Giardiniera_118_Giardiniera_118-Giardiniera_118-hasIngredient-LeekTopping_dynamic_1-BIN","NamedPizza_Giardiniera_118",117,258,"Property Assertion","BIN","ASK WHERE { <http://www.example.com/genealogy.owl#Giardiniera_118> <http://www.example.com/genealogy.owl#hasIngredient> <http://www.example.com/genealogy.owl#LeekTopping_dynamic_1> }","hasIngredient","TRUE",2,2
"2hop-NamedPizza_Giardiniera_118_Giardiniera_118-Giardiniera_118-hasIngredient-AmericanHot_131-NEG-BIN","NamedPizza_Giardiniera_118",117,258,"Property Assertion","BIN","ASK WHERE { <http://www.example.com/genealogy.owl#Giardiniera_118> <http://www.example.com/genealogy.owl#hasIngredient> <http://www.example.com/genealogy.owl#AmericanHot_131> }","hasIngredient","FALSE",2,2
"2hop-NamedPizza_Giardiniera_118_Giardiniera_118-Giardiniera_118-hasTopping-LeekTopping_dynamic_1-BIN","NamedPizza_Giardiniera_118",117,258,"Property Assertion","BIN","ASK WHERE { <http://www.example.com/genealogy.owl#Giardiniera_118> <http://www.example.com/genealogy.owl#hasTopping> <http://www.example.com/genealogy.owl#LeekTopping_dynamic_1> }","hasTopping","TRUE",1,1
"2hop-NamedPizza_Giardiniera_118_Giardiniera_118-Giardiniera_118-hasTopping-AmericanHot_131-NEG-BIN","NamedPizza_Giardiniera_118",117,258,"Property Assertion","BIN","ASK WHERE { <http://www.example.com/genealogy.owl#Giardiniera_118> <http://www.example.com/genealogy.owl#hasTopping> <http://www.example.com/genealogy.owl#AmericanHot_131> }","hasTopping","FALSE",1,1
"2hop-NamedPizza_Giardiniera_175_Giardiniera_175-Giardiniera_175-hasIngredient-MC","NamedPizza_Giardiniera_175",117,258,"Property Assertion","MC","SELECT ?x WHERE { <http://www.example.com/genealogy.owl#Giardiniera_175> <http://www.example.com/genealogy.owl#hasIngredient> ?x }","hasIngredient","LeekTopping_dynamic_1; MozzarellaTopping_dynamic_1; MushroomTopping_dynamic_1; OliveTopping_dynamic_1; PeperonataTopping_dynamic_1; PetitPoisTopping_dynamic_1; SlicedTomatoTopping_dynamic_1; TomatoTopping_dynamic_1",2,2
"2hop-NamedPizza_Giardiniera_175_Giardiniera_175-Giardiniera_175-hasTopping-MC","NamedPizza_Giardiniera_175",117,258,"Property Assertion","MC","SELECT ?x WHERE { <http://www.example.com/genealogy.owl#Giardiniera_175> <http://www.example.com/genealogy.owl#hasTopping> ?x }","hasTopping","LeekTopping_dynamic_1; MozzarellaTopping_dynamic_1; MushroomTopping_dynamic_1; OliveTopping_dynamic_1; PeperonataTopping_dynamic_1; PetitPoisTopping_dynamic_1; SlicedTomatoTopping_dynamic_1; TomatoTopping_dynamic_1",1,1
"2hop-NamedPizza_Giardiniera_175_Giardiniera_175-Giardiniera_175-rdf:type-MC","NamedPizza_Giardiniera_175",117,258,"Membership","MC","SELECT ?x WHERE { <http://www.example.com/genealogy.owl#Giardiniera_175> <http://www.w3.org/1999/02/22-rdf-syntax-ns#type> ?x }","rdf:type","DomainConcept; Food; Pizza",2,2
"2hop-NamedPizza_Giardiniera_175_Giardiniera_175-Giardiniera_175-hasTopping-LeekTopping_dynamic_1-BIN","NamedPizza_Giardiniera_175",117,258,"Property Assertion","BIN","ASK WHERE { <http://www.example.com/genealogy.owl#Giardiniera_175> <http://www.example.com/genealogy.owl#hasTopping> <http://www.example.com/genealogy.owl#LeekTopping_dynamic_1> }","hasTopping","TRUE",1,1
"2hop-NamedPizza_Giardiniera_175_Giardiniera_175-Giardiniera_175-hasTopping-AmericanHot_131-NEG-BIN","NamedPizza_Giardiniera_175",117,258,"Property Assertion","BIN","ASK WHERE { <http://www.example.com/genealogy.owl#Giardiniera_175> <http://www.example.com/genealogy.owl#hasTopping> <http://www.example.com/genealogy.owl#AmericanHot_131> }","hasTopping","FALSE",1,1
"2hop-NamedPizza_Giardiniera_175_Giardiniera_175-Giardiniera_175-rdf:type-Food-BIN","NamedPizza_Giardiniera_175",117,258,"Membership","BIN","ASK WHERE { <http://www.example.com/genealogy.owl#Giardiniera_175> <http://www.w3.org/1999/02/22-rdf-syntax-ns#type> <http://www.example.com/genealogy.owl#Food> }","rdf:type","TRUE",3,3
"2hop-NamedPizza_Giardiniera_175_Giardiniera_175-Giardiniera_175-rdf:type-American-NEG-BIN","NamedPizza_Giardiniera_175",117,258,"Membership","BIN","ASK WHERE { <http://www.example.com/genealogy.owl#Giardiniera_175> <http://www.w3.org/1999/02/22-rdf-syntax-ns#type> <http://www.example.com/genealogy.owl#American> }","rdf:type","FALSE",3,3
"2hop-NamedPizza_Giardiniera_175_Giardiniera_175-Giardiniera_175-hasIngredient-LeekTopping_dynamic_1-BIN","NamedPizza_Giardiniera_175",117,258,"Property Assertion","BIN","ASK WHERE { <http://www.example.com/genealogy.owl#Giardiniera_175> <http://www.example.com/genealogy.owl#hasIngredient> <http://www.example.com/genealogy.owl#LeekTopping_dynamic_1> }","hasIngredient","TRUE",2,2
"2hop-NamedPizza_Giardiniera_175_Giardiniera_175-Giardiniera_175-hasIngredient-AmericanHot_131-NEG-BIN","NamedPizza_Giardiniera_175",117,258,"Property Assertion","BIN","ASK WHERE { <http://www.example.com/genealogy.owl#Giardiniera_175> <http://www.example.com/genealogy.owl#hasIngredient> <http://www.example.com/genealogy.owl#AmericanHot_131> }","hasIngredient","FALSE",2,2
"2hop-NamedPizza_Giardiniera_176_Giardiniera_176-Giardiniera_176-hasIngredient-MC","NamedPizza_Giardiniera_176",117,258,"Property Assertion","MC","SELECT ?x WHERE { <http://www.example.com/genealogy.owl#Giardiniera_176> <http://www.example.com/genealogy.owl#hasIngredient> ?x }","hasIngredient","LeekTopping_dynamic_1; MozzarellaTopping_dynamic_1; MushroomTopping_dynamic_1; OliveTopping_dynamic_1; PeperonataTopping_dynamic_1; PetitPoisTopping_dynamic_1; SlicedTomatoTopping_dynamic_1; TomatoTopping_dynamic_1",2,2
"2hop-NamedPizza_Giardiniera_176_Giardiniera_176-Giardiniera_176-hasTopping-LeekTopping_dynamic_1-BIN","NamedPizza_Giardiniera_176",117,258,"Property Assertion","BIN","ASK WHERE { <http://www.example.com/genealogy.owl#Giardiniera_176> <http://www.example.com/genealogy.owl#hasTopping> <http://www.example.com/genealogy.owl#LeekTopping_dynamic_1> }","hasTopping","TRUE",1,1
"2hop-NamedPizza_Giardiniera_176_Giardiniera_176-Giardiniera_176-hasTopping-AmericanHot_131-NEG-BIN","NamedPizza_Giardiniera_176",117,258,"Property Assertion","BIN","ASK WHERE { <http://www.example.com/genealogy.owl#Giardiniera_176> <http://www.example.com/genealogy.owl#hasTopping> <http://www.example.com/genealogy.owl#AmericanHot_131> }","hasTopping","FALSE",1,1
"2hop-NamedPizza_Giardiniera_176_Giardiniera_176-Giardiniera_176-hasTopping-MC","NamedPizza_Giardiniera_176",117,258,"Property Assertion","MC","SELECT ?x WHERE { <http://www.example.com/genealogy.owl#Giardiniera_176> <http://www.example.com/genealogy.owl#hasTopping> ?x }","hasTopping","LeekTopping_dynamic_1; MozzarellaTopping_dynamic_1; MushroomTopping_dynamic_1; OliveTopping_dynamic_1; PeperonataTopping_dynamic_1; PetitPoisTopping_dynamic_1; SlicedTomatoTopping_dynamic_1; TomatoTopping_dynamic_1",1,1
"2hop-NamedPizza_Giardiniera_176_Giardiniera_176-Giardiniera_176-rdf:type-Food-BIN","NamedPizza_Giardiniera_176",117,258,"Membership","BIN","ASK WHERE { <http://www.example.com/genealogy.owl#Giardiniera_176> <http://www.w3.org/1999/02/22-rdf-syntax-ns#type> <http://www.example.com/genealogy.owl#Food> }","rdf:type","TRUE",3,3
"2hop-NamedPizza_Giardiniera_176_Giardiniera_176-Giardiniera_176-rdf:type-American-NEG-BIN","NamedPizza_Giardiniera_176",117,258,"Membership","BIN","ASK WHERE { <http://www.example.com/genealogy.owl#Giardiniera_176> <http://www.w3.org/1999/02/22-rdf-syntax-ns#type> <http://www.example.com/genealogy.owl#American> }","rdf:type","FALSE",3,3
"2hop-NamedPizza_Giardiniera_176_Giardiniera_176-Giardiniera_176-rdf:type-MC","NamedPizza_Giardiniera_176",117,258,"Membership","MC","SELECT ?x WHERE { <http://www.example.com/genealogy.owl#Giardiniera_176> <http://www.w3.org/1999/02/22-rdf-syntax-ns#type> ?x }","rdf:type","DomainConcept; Food; Pizza",3,3
"2hop-NamedPizza_Giardiniera_176_Giardiniera_176-Giardiniera_176-hasIngredient-LeekTopping_dynamic_1-BIN","NamedPizza_Giardiniera_176",117,258,"Property Assertion","BIN","ASK WHERE { <http://www.example.com/genealogy.owl#Giardiniera_176> <http://www.example.com/genealogy.owl#hasIngredient> <http://www.example.com/genealogy.owl#LeekTopping_dynamic_1> }","hasIngredient","TRUE",2,2
"2hop-NamedPizza_Giardiniera_176_Giardiniera_176-Giardiniera_176-hasIngredient-AmericanHot_131-NEG-BIN","NamedPizza_Giardiniera_176",117,258,"Property Assertion","BIN","ASK WHERE { <http://www.example.com/genealogy.owl#Giardiniera_176> <http://www.example.com/genealogy.owl#hasIngredient> <http://www.example.com/genealogy.owl#AmericanHot_131> }","hasIngredient","FALSE",2,2
"2hop-NamedPizza_Giardiniera_206_Giardiniera_206-Giardiniera_206-hasIngredient-MC","NamedPizza_Giardiniera_206",117,258,"Property Assertion","MC","SELECT ?x WHERE { <http://www.example.com/genealogy.owl#Giardiniera_206> <http://www.example.com/genealogy.owl#hasIngredient> ?x }","hasIngredient","LeekTopping_dynamic_1; MozzarellaTopping_dynamic_1; MushroomTopping_dynamic_1; OliveTopping_dynamic_1; PeperonataTopping_dynamic_1; PetitPoisTopping_dynamic_1; SlicedTomatoTopping_dynamic_1; TomatoTopping_dynamic_1",2,2
"2hop-NamedPizza_Giardiniera_206_Giardiniera_206-Giardiniera_206-hasTopping-MC","NamedPizza_Giardiniera_206",117,258,"Property Assertion","MC","SELECT ?x WHERE { <http://www.example.com/genealogy.owl#Giardiniera_206> <http://www.example.com/genealogy.owl#hasTopping> ?x }","hasTopping","LeekTopping_dynamic_1; MozzarellaTopping_dynamic_1; MushroomTopping_dynamic_1; OliveTopping_dynamic_1; PeperonataTopping_dynamic_1; PetitPoisTopping_dynamic_1; SlicedTomatoTopping_dynamic_1; TomatoTopping_dynamic_1",1,1
"2hop-NamedPizza_Giardiniera_206_Giardiniera_206-Giardiniera_206-hasTopping-LeekTopping_dynamic_1-BIN","NamedPizza_Giardiniera_206",117,258,"Property Assertion","BIN","ASK WHERE { <http://www.example.com/genealogy.owl#Giardiniera_206> <http://www.example.com/genealogy.owl#hasTopping> <http://www.example.com/genealogy.owl#LeekTopping_dynamic_1> }","hasTopping","TRUE",1,1
"2hop-NamedPizza_Giardiniera_206_Giardiniera_206-Giardiniera_206-hasTopping-AmericanHot_131-NEG-BIN","NamedPizza_Giardiniera_206",117,258,"Property Assertion","BIN","ASK WHERE { <http://www.example.com/genealogy.owl#Giardiniera_206> <http://www.example.com/genealogy.owl#hasTopping> <http://www.example.com/genealogy.owl#AmericanHot_131> }","hasTopping","FALSE",1,1
"2hop-NamedPizza_Giardiniera_206_Giardiniera_206-Giardiniera_206-rdf:type-MC","NamedPizza_Giardiniera_206",117,258,"Membership","MC","SELECT ?x WHERE { <http://www.example.com/genealogy.owl#Giardiniera_206> <http://www.w3.org/1999/02/22-rdf-syntax-ns#type> ?x }","rdf:type","DomainConcept; Food; Pizza",4,4
"2hop-NamedPizza_Giardiniera_206_Giardiniera_206-Giardiniera_206-hasIngredient-LeekTopping_dynamic_1-BIN","NamedPizza_Giardiniera_206",117,258,"Property Assertion","BIN","ASK WHERE { <http://www.example.com/genealogy.owl#Giardiniera_206> <http://www.example.com/genealogy.owl#hasIngredient> <http://www.example.com/genealogy.owl#LeekTopping_dynamic_1> }","hasIngredient","TRUE",2,2
"2hop-NamedPizza_Giardiniera_206_Giardiniera_206-Giardiniera_206-hasIngredient-AmericanHot_131-NEG-BIN","NamedPizza_Giardiniera_206",117,258,"Property Assertion","BIN","ASK WHERE { <http://www.example.com/genealogy.owl#Giardiniera_206> <http://www.example.com/genealogy.owl#hasIngredient> <http://www.example.com/genealogy.owl#AmericanHot_131> }","hasIngredient","FALSE",2,2
"2hop-NamedPizza_Giardiniera_206_Giardiniera_206-Giardiniera_206-rdf:type-Food-BIN","NamedPizza_Giardiniera_206",117,258,"Membership","BIN","ASK WHERE { <http://www.example.com/genealogy.owl#Giardiniera_206> <http://www.w3.org/1999/02/22-rdf-syntax-ns#type> <http://www.example.com/genealogy.owl#Food> }","rdf:type","TRUE",3,3
"2hop-NamedPizza_Giardiniera_206_Giardiniera_206-Giardiniera_206-rdf:type-American-NEG-BIN","NamedPizza_Giardiniera_206",117,258,"Membership","BIN","ASK WHERE { <http://www.example.com/genealogy.owl#Giardiniera_206> <http://www.w3.org/1999/02/22-rdf-syntax-ns#type> <http://www.example.com/genealogy.owl#American> }","rdf:type","FALSE",3,3
"2hop-NamedPizza_Giardiniera_226_Giardiniera_226-Giardiniera_226-hasIngredient-MC","NamedPizza_Giardiniera_226",117,258,"Property Assertion","MC","SELECT ?x WHERE { <http://www.example.com/genealogy.owl#Giardiniera_226> <http://www.example.com/genealogy.owl#hasIngredient> ?x }","hasIngredient","LeekTopping_dynamic_1; MozzarellaTopping_dynamic_1; MushroomTopping_dynamic_1; OliveTopping_dynamic_1; PeperonataTopping_dynamic_1; PetitPoisTopping_dynamic_1; SlicedTomatoTopping_dynamic_1; TomatoTopping_dynamic_1",2,2
"2hop-NamedPizza_Giardiniera_226_Giardiniera_226-Giardiniera_226-hasTopping-MC","NamedPizza_Giardiniera_226",117,258,"Property Assertion","MC","SELECT ?x WHERE { <http://www.example.com/genealogy.owl#Giardiniera_226> <http://www.example.com/genealogy.owl#hasTopping> ?x }","hasTopping","LeekTopping_dynamic_1; MozzarellaTopping_dynamic_1; MushroomTopping_dynamic_1; OliveTopping_dynamic_1; PeperonataTopping_dynamic_1; PetitPoisTopping_dynamic_1; SlicedTomatoTopping_dynamic_1; TomatoTopping_dynamic_1",1,1
"2hop-NamedPizza_Giardiniera_226_Giardiniera_226-Giardiniera_226-rdf:type-MC","NamedPizza_Giardiniera_226",117,258,"Membership","MC","SELECT ?x WHERE { <http://www.example.com/genealogy.owl#Giardiniera_226> <http://www.w3.org/1999/02/22-rdf-syntax-ns#type> ?x }","rdf:type","DomainConcept; Food; Pizza",4,4
"2hop-NamedPizza_Giardiniera_226_Giardiniera_226-Giardiniera_226-hasIngredient-LeekTopping_dynamic_1-BIN","NamedPizza_Giardiniera_226",117,258,"Property Assertion","BIN","ASK WHERE { <http://www.example.com/genealogy.owl#Giardiniera_226> <http://www.example.com/genealogy.owl#hasIngredient> <http://www.example.com/genealogy.owl#LeekTopping_dynamic_1> }","hasIngredient","TRUE",2,2
"2hop-NamedPizza_Giardiniera_226_Giardiniera_226-Giardiniera_226-hasIngredient-AmericanHot_131-NEG-BIN","NamedPizza_Giardiniera_226",117,258,"Property Assertion","BIN","ASK WHERE { <http://www.example.com/genealogy.owl#Giardiniera_226> <http://www.example.com/genealogy.owl#hasIngredient> <http://www.example.com/genealogy.owl#AmericanHot_131> }","hasIngredient","FALSE",2,2
"2hop-NamedPizza_Giardiniera_226_Giardiniera_226-Giardiniera_226-rdf:type-Food-BIN","NamedPizza_Giardiniera_226",117,258,"Membership","BIN","ASK WHERE { <http://www.example.com/genealogy.owl#Giardiniera_226> <http://www.w3.org/1999/02/22-rdf-syntax-ns#type> <http://www.example.com/genealogy.owl#Food> }","rdf:type","TRUE",3,3
"2hop-NamedPizza_Giardiniera_226_Giardiniera_226-Giardiniera_226-rdf:type-American-NEG-BIN","NamedPizza_Giardiniera_226",117,258,"Membership","BIN","ASK WHERE { <http://www.example.com/genealogy.owl#Giardiniera_226> <http://www.w3.org/1999/02/22-rdf-syntax-ns#type> <http://www.example.com/genealogy.owl#American> }","rdf:type","FALSE",3,3
"2hop-NamedPizza_Giardiniera_226_Giardiniera_226-Giardiniera_226-hasTopping-LeekTopping_dynamic_1-BIN","NamedPizza_Giardiniera_226",117,258,"Property Assertion","BIN","ASK WHERE { <http://www.example.com/genealogy.owl#Giardiniera_226> <http://www.example.com/genealogy.owl#hasTopping> <http://www.example.com/genealogy.owl#LeekTopping_dynamic_1> }","hasTopping","TRUE",1,1
"2hop-NamedPizza_Giardiniera_226_Giardiniera_226-Giardiniera_226-hasTopping-AmericanHot_131-NEG-BIN","NamedPizza_Giardiniera_226",117,258,"Property Assertion","BIN","ASK WHERE { <http://www.example.com/genealogy.owl#Giardiniera_226> <http://www.example.com/genealogy.owl#hasTopping> <http://www.example.com/genealogy.owl#AmericanHot_131> }","hasTopping","FALSE",1,1
"2hop-NamedPizza_Giardiniera_4_Giardiniera_4-Giardiniera_4-hasIngredient-LeekTopping_dynamic_1-BIN","NamedPizza_Giardiniera_4",117,258,"Property Assertion","BIN","ASK WHERE { <http://www.example.com/genealogy.owl#Giardiniera_4> <http://www.example.com/genealogy.owl#hasIngredient> <http://www.example.com/genealogy.owl#LeekTopping_dynamic_1> }","hasIngredient","TRUE",2,2
"2hop-NamedPizza_Giardiniera_4_Giardiniera_4-Giardiniera_4-hasIngredient-AmericanHot_131-NEG-BIN","NamedPizza_Giardiniera_4",117,258,"Property Assertion","BIN","ASK WHERE { <http://www.example.com/genealogy.owl#Giardiniera_4> <http://www.example.com/genealogy.owl#hasIngredient> <http://www.example.com/genealogy.owl#AmericanHot_131> }","hasIngredient","FALSE",2,2
"2hop-NamedPizza_Giardiniera_4_Giardiniera_4-Giardiniera_4-hasIngredient-MC","NamedPizza_Giardiniera_4",117,258,"Property Assertion","MC","SELECT ?x WHERE { <http://www.example.com/genealogy.owl#Giardiniera_4> <http://www.example.com/genealogy.owl#hasIngredient> ?x }","hasIngredient","LeekTopping_dynamic_1; MozzarellaTopping_dynamic_1; MushroomTopping_dynamic_1; OliveTopping_dynamic_1; PeperonataTopping_dynamic_1; PetitPoisTopping_dynamic_1; SlicedTomatoTopping_dynamic_1; TomatoTopping_dynamic_1",2,2
"2hop-NamedPizza_Giardiniera_4_Giardiniera_4-Giardiniera_4-hasTopping-MC","NamedPizza_Giardiniera_4",117,258,"Property Assertion","MC","SELECT ?x WHERE { <http://www.example.com/genealogy.owl#Giardiniera_4> <http://www.example.com/genealogy.owl#hasTopping> ?x }","hasTopping","LeekTopping_dynamic_1; MozzarellaTopping_dynamic_1; MushroomTopping_dynamic_1; OliveTopping_dynamic_1; PeperonataTopping_dynamic_1; PetitPoisTopping_dynamic_1; SlicedTomatoTopping_dynamic_1; TomatoTopping_dynamic_1",1,1
"2hop-NamedPizza_Giardiniera_4_Giardiniera_4-Giardiniera_4-rdf:type-Food-BIN","NamedPizza_Giardiniera_4",117,258,"Membership","BIN","ASK WHERE { <http://www.example.com/genealogy.owl#Giardiniera_4> <http://www.w3.org/1999/02/22-rdf-syntax-ns#type> <http://www.example.com/genealogy.owl#Food> }","rdf:type","TRUE",3,3
"2hop-NamedPizza_Giardiniera_4_Giardiniera_4-Giardiniera_4-rdf:type-American-NEG-BIN","NamedPizza_Giardiniera_4",117,258,"Membership","BIN","ASK WHERE { <http://www.example.com/genealogy.owl#Giardiniera_4> <http://www.w3.org/1999/02/22-rdf-syntax-ns#type> <http://www.example.com/genealogy.owl#American> }","rdf:type","FALSE",3,3
"2hop-NamedPizza_Giardiniera_4_Giardiniera_4-Giardiniera_4-rdf:type-MC","NamedPizza_Giardiniera_4",117,258,"Membership","MC","SELECT ?x WHERE { <http://www.example.com/genealogy.owl#Giardiniera_4> <http://www.w3.org/1999/02/22-rdf-syntax-ns#type> ?x }","rdf:type","DomainConcept; Food; Pizza",3,3
"2hop-NamedPizza_Giardiniera_4_Giardiniera_4-Giardiniera_4-hasTopping-LeekTopping_dynamic_1-BIN","NamedPizza_Giardiniera_4",117,258,"Property Assertion","BIN","ASK WHERE { <http://www.example.com/genealogy.owl#Giardiniera_4> <http://www.example.com/genealogy.owl#hasTopping> <http://www.example.com/genealogy.owl#LeekTopping_dynamic_1> }","hasTopping","TRUE",1,1
"2hop-NamedPizza_Giardiniera_4_Giardiniera_4-Giardiniera_4-hasTopping-AmericanHot_131-NEG-BIN","NamedPizza_Giardiniera_4",117,258,"Property Assertion","BIN","ASK WHERE { <http://www.example.com/genealogy.owl#Giardiniera_4> <http://www.example.com/genealogy.owl#hasTopping> <http://www.example.com/genealogy.owl#AmericanHot_131> }","hasTopping","FALSE",1,1
"2hop-NamedPizza_Giardiniera_48_Giardiniera_48-Giardiniera_48-hasTopping-MC","NamedPizza_Giardiniera_48",117,258,"Property Assertion","MC","SELECT ?x WHERE { <http://www.example.com/genealogy.owl#Giardiniera_48> <http://www.example.com/genealogy.owl#hasTopping> ?x }","hasTopping","LeekTopping_dynamic_1; MozzarellaTopping_dynamic_1; MushroomTopping_dynamic_1; OliveTopping_dynamic_1; PeperonataTopping_dynamic_1; PetitPoisTopping_dynamic_1; SlicedTomatoTopping_dynamic_1; TomatoTopping_dynamic_1",1,1
"2hop-NamedPizza_Giardiniera_48_Giardiniera_48-Giardiniera_48-rdf:type-MC","NamedPizza_Giardiniera_48",117,258,"Membership","MC","SELECT ?x WHERE { <http://www.example.com/genealogy.owl#Giardiniera_48> <http://www.w3.org/1999/02/22-rdf-syntax-ns#type> ?x }","rdf:type","DomainConcept; Food; Pizza",4,4
"2hop-NamedPizza_Giardiniera_48_Giardiniera_48-Giardiniera_48-hasIngredient-MC","NamedPizza_Giardiniera_48",117,258,"Property Assertion","MC","SELECT ?x WHERE { <http://www.example.com/genealogy.owl#Giardiniera_48> <http://www.example.com/genealogy.owl#hasIngredient> ?x }","hasIngredient","LeekTopping_dynamic_1; MozzarellaTopping_dynamic_1; MushroomTopping_dynamic_1; OliveTopping_dynamic_1; PeperonataTopping_dynamic_1; PetitPoisTopping_dynamic_1; SlicedTomatoTopping_dynamic_1; TomatoTopping_dynamic_1",2,2
"2hop-NamedPizza_Giardiniera_48_Giardiniera_48-Giardiniera_48-rdf:type-Food-BIN","NamedPizza_Giardiniera_48",117,258,"Membership","BIN","ASK WHERE { <http://www.example.com/genealogy.owl#Giardiniera_48> <http://www.w3.org/1999/02/22-rdf-syntax-ns#type> <http://www.example.com/genealogy.owl#Food> }","rdf:type","TRUE",3,3
"2hop-NamedPizza_Giardiniera_48_Giardiniera_48-Giardiniera_48-rdf:type-American-NEG-BIN","NamedPizza_Giardiniera_48",117,258,"Membership","BIN","ASK WHERE { <http://www.example.com/genealogy.owl#Giardiniera_48> <http://www.w3.org/1999/02/22-rdf-syntax-ns#type> <http://www.example.com/genealogy.owl#American> }","rdf:type","FALSE",3,3
"2hop-NamedPizza_Giardiniera_48_Giardiniera_48-Giardiniera_48-hasTopping-LeekTopping_dynamic_1-BIN","NamedPizza_Giardiniera_48",117,258,"Property Assertion","BIN","ASK WHERE { <http://www.example.com/genealogy.owl#Giardiniera_48> <http://www.example.com/genealogy.owl#hasTopping> <http://www.example.com/genealogy.owl#LeekTopping_dynamic_1> }","hasTopping","TRUE",1,1
"2hop-NamedPizza_Giardiniera_48_Giardiniera_48-Giardiniera_48-hasTopping-AmericanHot_131-NEG-BIN","NamedPizza_Giardiniera_48",117,258,"Property Assertion","BIN","ASK WHERE { <http://www.example.com/genealogy.owl#Giardiniera_48> <http://www.example.com/genealogy.owl#hasTopping> <http://www.example.com/genealogy.owl#AmericanHot_131> }","hasTopping","FALSE",1,1
"2hop-NamedPizza_Giardiniera_48_Giardiniera_48-Giardiniera_48-hasIngredient-LeekTopping_dynamic_1-BIN","NamedPizza_Giardiniera_48",117,258,"Property Assertion","BIN","ASK WHERE { <http://www.example.com/genealogy.owl#Giardiniera_48> <http://www.example.com/genealogy.owl#hasIngredient> <http://www.example.com/genealogy.owl#LeekTopping_dynamic_1> }","hasIngredient","TRUE",2,2
"2hop-NamedPizza_Giardiniera_48_Giardiniera_48-Giardiniera_48-hasIngredient-AmericanHot_131-NEG-BIN","NamedPizza_Giardiniera_48",117,258,"Property Assertion","BIN","ASK WHERE { <http://www.example.com/genealogy.owl#Giardiniera_48> <http://www.example.com/genealogy.owl#hasIngredient> <http://www.example.com/genealogy.owl#AmericanHot_131> }","hasIngredient","FALSE",2,2
"2hop-NamedPizza_LaReine_123_LaReine_123-LaReine_123-hasIngredient-HamTopping_dynamic_1-BIN","NamedPizza_LaReine_123",117,255,"Property Assertion","BIN","ASK WHERE { <http://www.example.com/genealogy.owl#LaReine_123> <http://www.example.com/genealogy.owl#hasIngredient> <http://www.example.com/genealogy.owl#HamTopping_dynamic_1> }","hasIngredient","TRUE",2,2
"2hop-NamedPizza_LaReine_123_LaReine_123-LaReine_123-hasIngredient-AmericanHot_131-NEG-BIN","NamedPizza_LaReine_123",117,255,"Property Assertion","BIN","ASK WHERE { <http://www.example.com/genealogy.owl#LaReine_123> <http://www.example.com/genealogy.owl#hasIngredient> <http://www.example.com/genealogy.owl#AmericanHot_131> }","hasIngredient","FALSE",2,2
"2hop-NamedPizza_LaReine_123_LaReine_123-LaReine_123-hasIngredient-MC","NamedPizza_LaReine_123",117,255,"Property Assertion","MC","SELECT ?x WHERE { <http://www.example.com/genealogy.owl#LaReine_123> <http://www.example.com/genealogy.owl#hasIngredient> ?x }","hasIngredient","HamTopping_dynamic_1; MozzarellaTopping_dynamic_1; MushroomTopping_dynamic_1; OliveTopping_dynamic_1; TomatoTopping_dynamic_1",2,2
"2hop-NamedPizza_LaReine_123_LaReine_123-LaReine_123-hasTopping-HamTopping_dynamic_1-BIN","NamedPizza_LaReine_123",117,255,"Property Assertion","BIN","ASK WHERE { <http://www.example.com/genealogy.owl#LaReine_123> <http://www.example.com/genealogy.owl#hasTopping> <http://www.example.com/genealogy.owl#HamTopping_dynamic_1> }","hasTopping","TRUE",1,1
"2hop-NamedPizza_LaReine_123_LaReine_123-LaReine_123-hasTopping-AmericanHot_131-NEG-BIN","NamedPizza_LaReine_123",117,255,"Property Assertion","BIN","ASK WHERE { <http://www.example.com/genealogy.owl#LaReine_123> <http://www.example.com/genealogy.owl#hasTopping> <http://www.example.com/genealogy.owl#AmericanHot_131> }","hasTopping","FALSE",1,1
"2hop-NamedPizza_LaReine_123_LaReine_123-LaReine_123-hasTopping-MC","NamedPizza_LaReine_123",117,255,"Property Assertion","MC","SELECT ?x WHERE { <http://www.example.com/genealogy.owl#LaReine_123> <http://www.example.com/genealogy.owl#hasTopping> ?x }","hasTopping","HamTopping_dynamic_1; MozzarellaTopping_dynamic_1; MushroomTopping_dynamic_1; OliveTopping_dynamic_1; TomatoTopping_dynamic_1",1,1
"2hop-NamedPizza_LaReine_123_LaReine_123-LaReine_123-rdf:type-MC","NamedPizza_LaReine_123",117,255,"Membership","MC","SELECT ?x WHERE { <http://www.example.com/genealogy.owl#LaReine_123> <http://www.w3.org/1999/02/22-rdf-syntax-ns#type> ?x }","rdf:type","DomainConcept; Food; Pizza",2,2
"2hop-NamedPizza_LaReine_123_LaReine_123-LaReine_123-rdf:type-Food-BIN","NamedPizza_LaReine_123",117,255,"Membership","BIN","ASK WHERE { <http://www.example.com/genealogy.owl#LaReine_123> <http://www.w3.org/1999/02/22-rdf-syntax-ns#type> <http://www.example.com/genealogy.owl#Food> }","rdf:type","TRUE",3,3
"2hop-NamedPizza_LaReine_123_LaReine_123-LaReine_123-rdf:type-American-NEG-BIN","NamedPizza_LaReine_123",117,255,"Membership","BIN","ASK WHERE { <http://www.example.com/genealogy.owl#LaReine_123> <http://www.w3.org/1999/02/22-rdf-syntax-ns#type> <http://www.example.com/genealogy.owl#American> }","rdf:type","FALSE",3,3
"2hop-NamedPizza_LaReine_15_LaReine_15-LaReine_15-hasTopping-MC","NamedPizza_LaReine_15",117,255,"Property Assertion","MC","SELECT ?x WHERE { <http://www.example.com/genealogy.owl#LaReine_15> <http://www.example.com/genealogy.owl#hasTopping> ?x }","hasTopping","HamTopping_dynamic_1; MozzarellaTopping_dynamic_1; MushroomTopping_dynamic_1; OliveTopping_dynamic_1; TomatoTopping_dynamic_1",1,1
"2hop-NamedPizza_LaReine_15_LaReine_15-LaReine_15-hasIngredient-HamTopping_dynamic_1-BIN","NamedPizza_LaReine_15",117,255,"Property Assertion","BIN","ASK WHERE { <http://www.example.com/genealogy.owl#LaReine_15> <http://www.example.com/genealogy.owl#hasIngredient> <http://www.example.com/genealogy.owl#HamTopping_dynamic_1> }","hasIngredient","TRUE",2,2
"2hop-NamedPizza_LaReine_15_LaReine_15-LaReine_15-hasIngredient-AmericanHot_131-NEG-BIN","NamedPizza_LaReine_15",117,255,"Property Assertion","BIN","ASK WHERE { <http://www.example.com/genealogy.owl#LaReine_15> <http://www.example.com/genealogy.owl#hasIngredient> <http://www.example.com/genealogy.owl#AmericanHot_131> }","hasIngredient","FALSE",2,2
"2hop-NamedPizza_LaReine_15_LaReine_15-LaReine_15-hasIngredient-MC","NamedPizza_LaReine_15",117,255,"Property Assertion","MC","SELECT ?x WHERE { <http://www.example.com/genealogy.owl#LaReine_15> <http://www.example.com/genealogy.owl#hasIngredient> ?x }","hasIngredient","HamTopping_dynamic_1; MozzarellaTopping_dynamic_1; MushroomTopping_dynamic_1; OliveTopping_dynamic_1; TomatoTopping_dynamic_1",2,2
"2hop-NamedPizza_LaReine_15_LaReine_15-LaReine_15-rdf:type-Food-BIN","NamedPizza_LaReine_15",117,255,"Membership","BIN","ASK WHERE { <http://www.example.com/genealogy.owl#LaReine_15> <http://www.w3.org/1999/02/22-rdf-syntax-ns#type> <http://www.example.com/genealogy.owl#Food> }","rdf:type","TRUE",3,3
"2hop-NamedPizza_LaReine_15_LaReine_15-LaReine_15-rdf:type-American-NEG-BIN","NamedPizza_LaReine_15",117,255,"Membership","BIN","ASK WHERE { <http://www.example.com/genealogy.owl#LaReine_15> <http://www.w3.org/1999/02/22-rdf-syntax-ns#type> <http://www.example.com/genealogy.owl#American> }","rdf:type","FALSE",3,3
"2hop-NamedPizza_LaReine_15_LaReine_15-LaReine_15-rdf:type-MC","NamedPizza_LaReine_15",117,255,"Membership","MC","SELECT ?x WHERE { <http://www.example.com/genealogy.owl#LaReine_15> <http://www.w3.org/1999/02/22-rdf-syntax-ns#type> ?x }","rdf:type","DomainConcept; Food; Pizza",3,3
"2hop-NamedPizza_LaReine_15_LaReine_15-LaReine_15-hasTopping-HamTopping_dynamic_1-BIN","NamedPizza_LaReine_15",117,255,"Property Assertion","BIN","ASK WHERE { <http://www.example.com/genealogy.owl#LaReine_15> <http://www.example.com/genealogy.owl#hasTopping> <http://www.example.com/genealogy.owl#HamTopping_dynamic_1> }","hasTopping","TRUE",1,1
"2hop-NamedPizza_LaReine_15_LaReine_15-LaReine_15-hasTopping-AmericanHot_131-NEG-BIN","NamedPizza_LaReine_15",117,255,"Property Assertion","BIN","ASK WHERE { <http://www.example.com/genealogy.owl#LaReine_15> <http://www.example.com/genealogy.owl#hasTopping> <http://www.example.com/genealogy.owl#AmericanHot_131> }","hasTopping","FALSE",1,1
"2hop-NamedPizza_LaReine_184_LaReine_184-LaReine_184-hasTopping-MC","NamedPizza_LaReine_184",117,255,"Property Assertion","MC","SELECT ?x WHERE { <http://www.example.com/genealogy.owl#LaReine_184> <http://www.example.com/genealogy.owl#hasTopping> ?x }","hasTopping","HamTopping_dynamic_1; MozzarellaTopping_dynamic_1; MushroomTopping_dynamic_1; OliveTopping_dynamic_1; TomatoTopping_dynamic_1",1,1
"2hop-NamedPizza_LaReine_184_LaReine_184-LaReine_184-hasTopping-HamTopping_dynamic_1-BIN","NamedPizza_LaReine_184",117,255,"Property Assertion","BIN","ASK WHERE { <http://www.example.com/genealogy.owl#LaReine_184> <http://www.example.com/genealogy.owl#hasTopping> <http://www.example.com/genealogy.owl#HamTopping_dynamic_1> }","hasTopping","TRUE",1,1
"2hop-NamedPizza_LaReine_184_LaReine_184-LaReine_184-hasTopping-AmericanHot_131-NEG-BIN","NamedPizza_LaReine_184",117,255,"Property Assertion","BIN","ASK WHERE { <http://www.example.com/genealogy.owl#LaReine_184> <http://www.example.com/genealogy.owl#hasTopping> <http://www.example.com/genealogy.owl#AmericanHot_131> }","hasTopping","FALSE",1,1
"2hop-NamedPizza_LaReine_184_LaReine_184-LaReine_184-hasIngredient-MC","NamedPizza_LaReine_184",117,255,"Property Assertion","MC","SELECT ?x WHERE { <http://www.example.com/genealogy.owl#LaReine_184> <http://www.example.com/genealogy.owl#hasIngredient> ?x }","hasIngredient","HamTopping_dynamic_1; MozzarellaTopping_dynamic_1; MushroomTopping_dynamic_1; OliveTopping_dynamic_1; TomatoTopping_dynamic_1",2,2
"2hop-NamedPizza_LaReine_184_LaReine_184-LaReine_184-rdf:type-MC","NamedPizza_LaReine_184",117,255,"Membership","MC","SELECT ?x WHERE { <http://www.example.com/genealogy.owl#LaReine_184> <http://www.w3.org/1999/02/22-rdf-syntax-ns#type> ?x }","rdf:type","DomainConcept; Food; Pizza",4,4
"2hop-NamedPizza_LaReine_184_LaReine_184-LaReine_184-rdf:type-Food-BIN","NamedPizza_LaReine_184",117,255,"Membership","BIN","ASK WHERE { <http://www.example.com/genealogy.owl#LaReine_184> <http://www.w3.org/1999/02/22-rdf-syntax-ns#type> <http://www.example.com/genealogy.owl#Food> }","rdf:type","TRUE",3,3
"2hop-NamedPizza_LaReine_184_LaReine_184-LaReine_184-rdf:type-American-NEG-BIN","NamedPizza_LaReine_184",117,255,"Membership","BIN","ASK WHERE { <http://www.example.com/genealogy.owl#LaReine_184> <http://www.w3.org/1999/02/22-rdf-syntax-ns#type> <http://www.example.com/genealogy.owl#American> }","rdf:type","FALSE",3,3
"2hop-NamedPizza_LaReine_184_LaReine_184-LaReine_184-hasIngredient-HamTopping_dynamic_1-BIN","NamedPizza_LaReine_184",117,255,"Property Assertion","BIN","ASK WHERE { <http://www.example.com/genealogy.owl#LaReine_184> <http://www.example.com/genealogy.owl#hasIngredient> <http://www.example.com/genealogy.owl#HamTopping_dynamic_1> }","hasIngredient","TRUE",2,2
"2hop-NamedPizza_LaReine_184_LaReine_184-LaReine_184-hasIngredient-AmericanHot_131-NEG-BIN","NamedPizza_LaReine_184",117,255,"Property Assertion","BIN","ASK WHERE { <http://www.example.com/genealogy.owl#LaReine_184> <http://www.example.com/genealogy.owl#hasIngredient> <http://www.example.com/genealogy.owl#AmericanHot_131> }","hasIngredient","FALSE",2,2
"2hop-NamedPizza_LaReine_209_LaReine_209-LaReine_209-hasTopping-HamTopping_dynamic_1-BIN","NamedPizza_LaReine_209",117,255,"Property Assertion","BIN","ASK WHERE { <http://www.example.com/genealogy.owl#LaReine_209> <http://www.example.com/genealogy.owl#hasTopping> <http://www.example.com/genealogy.owl#HamTopping_dynamic_1> }","hasTopping","TRUE",1,1
"2hop-NamedPizza_LaReine_209_LaReine_209-LaReine_209-hasTopping-AmericanHot_131-NEG-BIN","NamedPizza_LaReine_209",117,255,"Property Assertion","BIN","ASK WHERE { <http://www.example.com/genealogy.owl#LaReine_209> <http://www.example.com/genealogy.owl#hasTopping> <http://www.example.com/genealogy.owl#AmericanHot_131> }","hasTopping","FALSE",1,1
"2hop-NamedPizza_LaReine_209_LaReine_209-LaReine_209-hasTopping-MC","NamedPizza_LaReine_209",117,255,"Property Assertion","MC","SELECT ?x WHERE { <http://www.example.com/genealogy.owl#LaReine_209> <http://www.example.com/genealogy.owl#hasTopping> ?x }","hasTopping","HamTopping_dynamic_1; MozzarellaTopping_dynamic_1; MushroomTopping_dynamic_1; OliveTopping_dynamic_1; TomatoTopping_dynamic_1",1,1
"2hop-NamedPizza_LaReine_209_LaReine_209-LaReine_209-hasIngredient-MC","NamedPizza_LaReine_209",117,255,"Property Assertion","MC","SELECT ?x WHERE { <http://www.example.com/genealogy.owl#LaReine_209> <http://www.example.com/genealogy.owl#hasIngredient> ?x }","hasIngredient","HamTopping_dynamic_1; MozzarellaTopping_dynamic_1; MushroomTopping_dynamic_1; OliveTopping_dynamic_1; TomatoTopping_dynamic_1",2,2
"2hop-NamedPizza_LaReine_209_LaReine_209-LaReine_209-rdf:type-Food-BIN","NamedPizza_LaReine_209",117,255,"Membership","BIN","ASK WHERE { <http://www.example.com/genealogy.owl#LaReine_209> <http://www.w3.org/1999/02/22-rdf-syntax-ns#type> <http://www.example.com/genealogy.owl#Food> }","rdf:type","TRUE",3,3
"2hop-NamedPizza_LaReine_209_LaReine_209-LaReine_209-rdf:type-American-NEG-BIN","NamedPizza_LaReine_209",117,255,"Membership","BIN","ASK WHERE { <http://www.example.com/genealogy.owl#LaReine_209> <http://www.w3.org/1999/02/22-rdf-syntax-ns#type> <http://www.example.com/genealogy.owl#American> }","rdf:type","FALSE",3,3
"2hop-NamedPizza_LaReine_209_LaReine_209-LaReine_209-rdf:type-MC","NamedPizza_LaReine_209",117,255,"Membership","MC","SELECT ?x WHERE { <http://www.example.com/genealogy.owl#LaReine_209> <http://www.w3.org/1999/02/22-rdf-syntax-ns#type> ?x }","rdf:type","DomainConcept; Food; Pizza",3,3
"2hop-NamedPizza_LaReine_209_LaReine_209-LaReine_209-hasIngredient-HamTopping_dynamic_1-BIN","NamedPizza_LaReine_209",117,255,"Property Assertion","BIN","ASK WHERE { <http://www.example.com/genealogy.owl#LaReine_209> <http://www.example.com/genealogy.owl#hasIngredient> <http://www.example.com/genealogy.owl#HamTopping_dynamic_1> }","hasIngredient","TRUE",2,2
"2hop-NamedPizza_LaReine_209_LaReine_209-LaReine_209-hasIngredient-AmericanHot_131-NEG-BIN","NamedPizza_LaReine_209",117,255,"Property Assertion","BIN","ASK WHERE { <http://www.example.com/genealogy.owl#LaReine_209> <http://www.example.com/genealogy.owl#hasIngredient> <http://www.example.com/genealogy.owl#AmericanHot_131> }","hasIngredient","FALSE",2,2
"2hop-NamedPizza_LaReine_217_LaReine_217-LaReine_217-rdf:type-MC","NamedPizza_LaReine_217",117,255,"Membership","MC","SELECT ?x WHERE { <http://www.example.com/genealogy.owl#LaReine_217> <http://www.w3.org/1999/02/22-rdf-syntax-ns#type> ?x }","rdf:type","DomainConcept; Food; Pizza",4,4
"2hop-NamedPizza_LaReine_217_LaReine_217-LaReine_217-hasTopping-MC","NamedPizza_LaReine_217",117,255,"Property Assertion","MC","SELECT ?x WHERE { <http://www.example.com/genealogy.owl#LaReine_217> <http://www.example.com/genealogy.owl#hasTopping> ?x }","hasTopping","HamTopping_dynamic_1; MozzarellaTopping_dynamic_1; MushroomTopping_dynamic_1; OliveTopping_dynamic_1; TomatoTopping_dynamic_1",1,1
"2hop-NamedPizza_LaReine_217_LaReine_217-LaReine_217-hasIngredient-MC","NamedPizza_LaReine_217",117,255,"Property Assertion","MC","SELECT ?x WHERE { <http://www.example.com/genealogy.owl#LaReine_217> <http://www.example.com/genealogy.owl#hasIngredient> ?x }","hasIngredient","HamTopping_dynamic_1; MozzarellaTopping_dynamic_1; MushroomTopping_dynamic_1; OliveTopping_dynamic_1; TomatoTopping_dynamic_1",2,2
"2hop-NamedPizza_LaReine_217_LaReine_217-LaReine_217-hasIngredient-HamTopping_dynamic_1-BIN","NamedPizza_LaReine_217",117,255,"Property Assertion","BIN","ASK WHERE { <http://www.example.com/genealogy.owl#LaReine_217> <http://www.example.com/genealogy.owl#hasIngredient> <http://www.example.com/genealogy.owl#HamTopping_dynamic_1> }","hasIngredient","TRUE",2,2
"2hop-NamedPizza_LaReine_217_LaReine_217-LaReine_217-hasIngredient-AmericanHot_131-NEG-BIN","NamedPizza_LaReine_217",117,255,"Property Assertion","BIN","ASK WHERE { <http://www.example.com/genealogy.owl#LaReine_217> <http://www.example.com/genealogy.owl#hasIngredient> <http://www.example.com/genealogy.owl#AmericanHot_131> }","hasIngredient","FALSE",2,2
"2hop-NamedPizza_LaReine_217_LaReine_217-LaReine_217-hasTopping-HamTopping_dynamic_1-BIN","NamedPizza_LaReine_217",117,255,"Property Assertion","BIN","ASK WHERE { <http://www.example.com/genealogy.owl#LaReine_217> <http://www.example.com/genealogy.owl#hasTopping> <http://www.example.com/genealogy.owl#HamTopping_dynamic_1> }","hasTopping","TRUE",1,1
"2hop-NamedPizza_LaReine_217_LaReine_217-LaReine_217-hasTopping-AmericanHot_131-NEG-BIN","NamedPizza_LaReine_217",117,255,"Property Assertion","BIN","ASK WHERE { <http://www.example.com/genealogy.owl#LaReine_217> <http://www.example.com/genealogy.owl#hasTopping> <http://www.example.com/genealogy.owl#AmericanHot_131> }","hasTopping","FALSE",1,1
"2hop-NamedPizza_LaReine_217_LaReine_217-LaReine_217-rdf:type-Food-BIN","NamedPizza_LaReine_217",117,255,"Membership","BIN","ASK WHERE { <http://www.example.com/genealogy.owl#LaReine_217> <http://www.w3.org/1999/02/22-rdf-syntax-ns#type> <http://www.example.com/genealogy.owl#Food> }","rdf:type","TRUE",3,3
"2hop-NamedPizza_LaReine_217_LaReine_217-LaReine_217-rdf:type-American-NEG-BIN","NamedPizza_LaReine_217",117,255,"Membership","BIN","ASK WHERE { <http://www.example.com/genealogy.owl#LaReine_217> <http://www.w3.org/1999/02/22-rdf-syntax-ns#type> <http://www.example.com/genealogy.owl#American> }","rdf:type","FALSE",3,3
"2hop-NamedPizza_LaReine_230_LaReine_230-LaReine_230-hasIngredient-MC","NamedPizza_LaReine_230",117,255,"Property Assertion","MC","SELECT ?x WHERE { <http://www.example.com/genealogy.owl#LaReine_230> <http://www.example.com/genealogy.owl#hasIngredient> ?x }","hasIngredient","HamTopping_dynamic_1; MozzarellaTopping_dynamic_1; MushroomTopping_dynamic_1; OliveTopping_dynamic_1; TomatoTopping_dynamic_1",2,2
"2hop-NamedPizza_LaReine_230_LaReine_230-LaReine_230-hasTopping-MC","NamedPizza_LaReine_230",117,255,"Property Assertion","MC","SELECT ?x WHERE { <http://www.example.com/genealogy.owl#LaReine_230> <http://www.example.com/genealogy.owl#hasTopping> ?x }","hasTopping","HamTopping_dynamic_1; MozzarellaTopping_dynamic_1; MushroomTopping_dynamic_1; OliveTopping_dynamic_1; TomatoTopping_dynamic_1",1,1
"2hop-NamedPizza_LaReine_230_LaReine_230-LaReine_230-hasIngredient-HamTopping_dynamic_1-BIN","NamedPizza_LaReine_230",117,255,"Property Assertion","BIN","ASK WHERE { <http://www.example.com/genealogy.owl#LaReine_230> <http://www.example.com/genealogy.owl#hasIngredient> <http://www.example.com/genealogy.owl#HamTopping_dynamic_1> }","hasIngredient","TRUE",2,2
"2hop-NamedPizza_LaReine_230_LaReine_230-LaReine_230-hasIngredient-AmericanHot_131-NEG-BIN","NamedPizza_LaReine_230",117,255,"Property Assertion","BIN","ASK WHERE { <http://www.example.com/genealogy.owl#LaReine_230> <http://www.example.com/genealogy.owl#hasIngredient> <http://www.example.com/genealogy.owl#AmericanHot_131> }","hasIngredient","FALSE",2,2
"2hop-NamedPizza_LaReine_230_LaReine_230-LaReine_230-rdf:type-MC","NamedPizza_LaReine_230",117,255,"Membership","MC","SELECT ?x WHERE { <http://www.example.com/genealogy.owl#LaReine_230> <http://www.w3.org/1999/02/22-rdf-syntax-ns#type> ?x }","rdf:type","DomainConcept; Food; Pizza",4,4
"2hop-NamedPizza_LaReine_230_LaReine_230-LaReine_230-hasTopping-HamTopping_dynamic_1-BIN","NamedPizza_LaReine_230",117,255,"Property Assertion","BIN","ASK WHERE { <http://www.example.com/genealogy.owl#LaReine_230> <http://www.example.com/genealogy.owl#hasTopping> <http://www.example.com/genealogy.owl#HamTopping_dynamic_1> }","hasTopping","TRUE",1,1
"2hop-NamedPizza_LaReine_230_LaReine_230-LaReine_230-hasTopping-AmericanHot_131-NEG-BIN","NamedPizza_LaReine_230",117,255,"Property Assertion","BIN","ASK WHERE { <http://www.example.com/genealogy.owl#LaReine_230> <http://www.example.com/genealogy.owl#hasTopping> <http://www.example.com/genealogy.owl#AmericanHot_131> }","hasTopping","FALSE",1,1
"2hop-NamedPizza_LaReine_230_LaReine_230-LaReine_230-rdf:type-Food-BIN","NamedPizza_LaReine_230",117,255,"Membership","BIN","ASK WHERE { <http://www.example.com/genealogy.owl#LaReine_230> <http://www.w3.org/1999/02/22-rdf-syntax-ns#type> <http://www.example.com/genealogy.owl#Food> }","rdf:type","TRUE",3,3
"2hop-NamedPizza_LaReine_230_LaReine_230-LaReine_230-rdf:type-American-NEG-BIN","NamedPizza_LaReine_230",117,255,"Membership","BIN","ASK WHERE { <http://www.example.com/genealogy.owl#LaReine_230> <http://www.w3.org/1999/02/22-rdf-syntax-ns#type> <http://www.example.com/genealogy.owl#American> }","rdf:type","FALSE",3,3
"2hop-NamedPizza_LaReine_231_LaReine_231-LaReine_231-hasTopping-MC","NamedPizza_LaReine_231",117,255,"Property Assertion","MC","SELECT ?x WHERE { <http://www.example.com/genealogy.owl#LaReine_231> <http://www.example.com/genealogy.owl#hasTopping> ?x }","hasTopping","HamTopping_dynamic_1; MozzarellaTopping_dynamic_1; MushroomTopping_dynamic_1; OliveTopping_dynamic_1; TomatoTopping_dynamic_1",1,1
"2hop-NamedPizza_LaReine_231_LaReine_231-LaReine_231-hasIngredient-HamTopping_dynamic_1-BIN","NamedPizza_LaReine_231",117,255,"Property Assertion","BIN","ASK WHERE { <http://www.example.com/genealogy.owl#LaReine_231> <http://www.example.com/genealogy.owl#hasIngredient> <http://www.example.com/genealogy.owl#HamTopping_dynamic_1> }","hasIngredient","TRUE",2,2
"2hop-NamedPizza_LaReine_231_LaReine_231-LaReine_231-hasIngredient-AmericanHot_131-NEG-BIN","NamedPizza_LaReine_231",117,255,"Property Assertion","BIN","ASK WHERE { <http://www.example.com/genealogy.owl#LaReine_231> <http://www.example.com/genealogy.owl#hasIngredient> <http://www.example.com/genealogy.owl#AmericanHot_131> }","hasIngredient","FALSE",2,2
"2hop-NamedPizza_LaReine_231_LaReine_231-LaReine_231-hasIngredient-MC","NamedPizza_LaReine_231",117,255,"Property Assertion","MC","SELECT ?x WHERE { <http://www.example.com/genealogy.owl#LaReine_231> <http://www.example.com/genealogy.owl#hasIngredient> ?x }","hasIngredient","HamTopping_dynamic_1; MozzarellaTopping_dynamic_1; MushroomTopping_dynamic_1; OliveTopping_dynamic_1; TomatoTopping_dynamic_1",2,2
"2hop-NamedPizza_LaReine_231_LaReine_231-LaReine_231-hasTopping-HamTopping_dynamic_1-BIN","NamedPizza_LaReine_231",117,255,"Property Assertion","BIN","ASK WHERE { <http://www.example.com/genealogy.owl#LaReine_231> <http://www.example.com/genealogy.owl#hasTopping> <http://www.example.com/genealogy.owl#HamTopping_dynamic_1> }","hasTopping","TRUE",1,1
"2hop-NamedPizza_LaReine_231_LaReine_231-LaReine_231-hasTopping-AmericanHot_131-NEG-BIN","NamedPizza_LaReine_231",117,255,"Property Assertion","BIN","ASK WHERE { <http://www.example.com/genealogy.owl#LaReine_231> <http://www.example.com/genealogy.owl#hasTopping> <http://www.example.com/genealogy.owl#AmericanHot_131> }","hasTopping","FALSE",1,1
"2hop-NamedPizza_LaReine_231_LaReine_231-LaReine_231-rdf:type-MC","NamedPizza_LaReine_231",117,255,"Membership","MC","SELECT ?x WHERE { <http://www.example.com/genealogy.owl#LaReine_231> <http://www.w3.org/1999/02/22-rdf-syntax-ns#type> ?x }","rdf:type","DomainConcept; Food; Pizza",4,4
"2hop-NamedPizza_LaReine_231_LaReine_231-LaReine_231-rdf:type-Food-BIN","NamedPizza_LaReine_231",117,255,"Membership","BIN","ASK WHERE { <http://www.example.com/genealogy.owl#LaReine_231> <http://www.w3.org/1999/02/22-rdf-syntax-ns#type> <http://www.example.com/genealogy.owl#Food> }","rdf:type","TRUE",3,3
"2hop-NamedPizza_LaReine_231_LaReine_231-LaReine_231-rdf:type-American-NEG-BIN","NamedPizza_LaReine_231",117,255,"Membership","BIN","ASK WHERE { <http://www.example.com/genealogy.owl#LaReine_231> <http://www.w3.org/1999/02/22-rdf-syntax-ns#type> <http://www.example.com/genealogy.owl#American> }","rdf:type","FALSE",3,3
"2hop-NamedPizza_LaReine_246_LaReine_246-LaReine_246-hasTopping-HamTopping_dynamic_1-BIN","NamedPizza_LaReine_246",117,255,"Property Assertion","BIN","ASK WHERE { <http://www.example.com/genealogy.owl#LaReine_246> <http://www.example.com/genealogy.owl#hasTopping> <http://www.example.com/genealogy.owl#HamTopping_dynamic_1> }","hasTopping","TRUE",1,1
"2hop-NamedPizza_LaReine_246_LaReine_246-LaReine_246-hasTopping-AmericanHot_131-NEG-BIN","NamedPizza_LaReine_246",117,255,"Property Assertion","BIN","ASK WHERE { <http://www.example.com/genealogy.owl#LaReine_246> <http://www.example.com/genealogy.owl#hasTopping> <http://www.example.com/genealogy.owl#AmericanHot_131> }","hasTopping","FALSE",1,1
"2hop-NamedPizza_LaReine_246_LaReine_246-LaReine_246-hasTopping-MC","NamedPizza_LaReine_246",117,255,"Property Assertion","MC","SELECT ?x WHERE { <http://www.example.com/genealogy.owl#LaReine_246> <http://www.example.com/genealogy.owl#hasTopping> ?x }","hasTopping","HamTopping_dynamic_1; MozzarellaTopping_dynamic_1; MushroomTopping_dynamic_1; OliveTopping_dynamic_1; TomatoTopping_dynamic_1",1,1
"2hop-NamedPizza_LaReine_246_LaReine_246-LaReine_246-hasIngredient-HamTopping_dynamic_1-BIN","NamedPizza_LaReine_246",117,255,"Property Assertion","BIN","ASK WHERE { <http://www.example.com/genealogy.owl#LaReine_246> <http://www.example.com/genealogy.owl#hasIngredient> <http://www.example.com/genealogy.owl#HamTopping_dynamic_1> }","hasIngredient","TRUE",2,2
"2hop-NamedPizza_LaReine_246_LaReine_246-LaReine_246-hasIngredient-AmericanHot_131-NEG-BIN","NamedPizza_LaReine_246",117,255,"Property Assertion","BIN","ASK WHERE { <http://www.example.com/genealogy.owl#LaReine_246> <http://www.example.com/genealogy.owl#hasIngredient> <http://www.example.com/genealogy.owl#AmericanHot_131> }","hasIngredient","FALSE",2,2
"2hop-NamedPizza_LaReine_246_LaReine_246-LaReine_246-hasIngredient-MC","NamedPizza_LaReine_246",117,255,"Property Assertion","MC","SELECT ?x WHERE { <http://www.example.com/genealogy.owl#LaReine_246> <http://www.example.com/genealogy.owl#hasIngredient> ?x }","hasIngredient","HamTopping_dynamic_1; MozzarellaTopping_dynamic_1; MushroomTopping_dynamic_1; OliveTopping_dynamic_1; TomatoTopping_dynamic_1",2,2
"2hop-NamedPizza_LaReine_246_LaReine_246-LaReine_246-rdf:type-MC","NamedPizza_LaReine_246",117,255,"Membership","MC","SELECT ?x WHERE { <http://www.example.com/genealogy.owl#LaReine_246> <http://www.w3.org/1999/02/22-rdf-syntax-ns#type> ?x }","rdf:type","DomainConcept; Food; Pizza",2,2
"2hop-NamedPizza_LaReine_246_LaReine_246-LaReine_246-rdf:type-Food-BIN","NamedPizza_LaReine_246",117,255,"Membership","BIN","ASK WHERE { <http://www.example.com/genealogy.owl#LaReine_246> <http://www.w3.org/1999/02/22-rdf-syntax-ns#type> <http://www.example.com/genealogy.owl#Food> }","rdf:type","TRUE",3,3
"2hop-NamedPizza_LaReine_246_LaReine_246-LaReine_246-rdf:type-American-NEG-BIN","NamedPizza_LaReine_246",117,255,"Membership","BIN","ASK WHERE { <http://www.example.com/genealogy.owl#LaReine_246> <http://www.w3.org/1999/02/22-rdf-syntax-ns#type> <http://www.example.com/genealogy.owl#American> }","rdf:type","FALSE",3,3
"2hop-NamedPizza_LaReine_49_LaReine_49-LaReine_49-hasTopping-MC","NamedPizza_LaReine_49",117,255,"Property Assertion","MC","SELECT ?x WHERE { <http://www.example.com/genealogy.owl#LaReine_49> <http://www.example.com/genealogy.owl#hasTopping> ?x }","hasTopping","HamTopping_dynamic_1; MozzarellaTopping_dynamic_1; MushroomTopping_dynamic_1; OliveTopping_dynamic_1; TomatoTopping_dynamic_1",1,1
"2hop-NamedPizza_LaReine_49_LaReine_49-LaReine_49-hasIngredient-MC","NamedPizza_LaReine_49",117,255,"Property Assertion","MC","SELECT ?x WHERE { <http://www.example.com/genealogy.owl#LaReine_49> <http://www.example.com/genealogy.owl#hasIngredient> ?x }","hasIngredient","HamTopping_dynamic_1; MozzarellaTopping_dynamic_1; MushroomTopping_dynamic_1; OliveTopping_dynamic_1; TomatoTopping_dynamic_1",2,2
"2hop-NamedPizza_LaReine_49_LaReine_49-LaReine_49-rdf:type-Food-BIN","NamedPizza_LaReine_49",117,255,"Membership","BIN","ASK WHERE { <http://www.example.com/genealogy.owl#LaReine_49> <http://www.w3.org/1999/02/22-rdf-syntax-ns#type> <http://www.example.com/genealogy.owl#Food> }","rdf:type","TRUE",3,3
"2hop-NamedPizza_LaReine_49_LaReine_49-LaReine_49-rdf:type-American-NEG-BIN","NamedPizza_LaReine_49",117,255,"Membership","BIN","ASK WHERE { <http://www.example.com/genealogy.owl#LaReine_49> <http://www.w3.org/1999/02/22-rdf-syntax-ns#type> <http://www.example.com/genealogy.owl#American> }","rdf:type","FALSE",3,3
"2hop-NamedPizza_LaReine_49_LaReine_49-LaReine_49-rdf:type-MC","NamedPizza_LaReine_49",117,255,"Membership","MC","SELECT ?x WHERE { <http://www.example.com/genealogy.owl#LaReine_49> <http://www.w3.org/1999/02/22-rdf-syntax-ns#type> ?x }","rdf:type","DomainConcept; Food; Pizza",3,3
"2hop-NamedPizza_LaReine_49_LaReine_49-LaReine_49-hasIngredient-HamTopping_dynamic_1-BIN","NamedPizza_LaReine_49",117,255,"Property Assertion","BIN","ASK WHERE { <http://www.example.com/genealogy.owl#LaReine_49> <http://www.example.com/genealogy.owl#hasIngredient> <http://www.example.com/genealogy.owl#HamTopping_dynamic_1> }","hasIngredient","TRUE",2,2
"2hop-NamedPizza_LaReine_49_LaReine_49-LaReine_49-hasIngredient-AmericanHot_131-NEG-BIN","NamedPizza_LaReine_49",117,255,"Property Assertion","BIN","ASK WHERE { <http://www.example.com/genealogy.owl#LaReine_49> <http://www.example.com/genealogy.owl#hasIngredient> <http://www.example.com/genealogy.owl#AmericanHot_131> }","hasIngredient","FALSE",2,2
"2hop-NamedPizza_LaReine_49_LaReine_49-LaReine_49-hasTopping-HamTopping_dynamic_1-BIN","NamedPizza_LaReine_49",117,255,"Property Assertion","BIN","ASK WHERE { <http://www.example.com/genealogy.owl#LaReine_49> <http://www.example.com/genealogy.owl#hasTopping> <http://www.example.com/genealogy.owl#HamTopping_dynamic_1> }","hasTopping","TRUE",1,1
"2hop-NamedPizza_LaReine_49_LaReine_49-LaReine_49-hasTopping-AmericanHot_131-NEG-BIN","NamedPizza_LaReine_49",117,255,"Property Assertion","BIN","ASK WHERE { <http://www.example.com/genealogy.owl#LaReine_49> <http://www.example.com/genealogy.owl#hasTopping> <http://www.example.com/genealogy.owl#AmericanHot_131> }","hasTopping","FALSE",1,1
"2hop-NamedPizza_LaReine_59_LaReine_59-LaReine_59-rdf:type-MC","NamedPizza_LaReine_59",117,255,"Membership","MC","SELECT ?x WHERE { <http://www.example.com/genealogy.owl#LaReine_59> <http://www.w3.org/1999/02/22-rdf-syntax-ns#type> ?x }","rdf:type","DomainConcept; Food; Pizza",2,2
"2hop-NamedPizza_LaReine_59_LaReine_59-LaReine_59-hasTopping-MC","NamedPizza_LaReine_59",117,255,"Property Assertion","MC","SELECT ?x WHERE { <http://www.example.com/genealogy.owl#LaReine_59> <http://www.example.com/genealogy.owl#hasTopping> ?x }","hasTopping","HamTopping_dynamic_1; MozzarellaTopping_dynamic_1; MushroomTopping_dynamic_1; OliveTopping_dynamic_1; TomatoTopping_dynamic_1",1,1
"2hop-NamedPizza_LaReine_59_LaReine_59-LaReine_59-hasIngredient-MC","NamedPizza_LaReine_59",117,255,"Property Assertion","MC","SELECT ?x WHERE { <http://www.example.com/genealogy.owl#LaReine_59> <http://www.example.com/genealogy.owl#hasIngredient> ?x }","hasIngredient","HamTopping_dynamic_1; MozzarellaTopping_dynamic_1; MushroomTopping_dynamic_1; OliveTopping_dynamic_1; TomatoTopping_dynamic_1",2,2
"2hop-NamedPizza_LaReine_59_LaReine_59-LaReine_59-hasTopping-HamTopping_dynamic_1-BIN","NamedPizza_LaReine_59",117,255,"Property Assertion","BIN","ASK WHERE { <http://www.example.com/genealogy.owl#LaReine_59> <http://www.example.com/genealogy.owl#hasTopping> <http://www.example.com/genealogy.owl#HamTopping_dynamic_1> }","hasTopping","TRUE",1,1
"2hop-NamedPizza_LaReine_59_LaReine_59-LaReine_59-hasTopping-AmericanHot_131-NEG-BIN","NamedPizza_LaReine_59",117,255,"Property Assertion","BIN","ASK WHERE { <http://www.example.com/genealogy.owl#LaReine_59> <http://www.example.com/genealogy.owl#hasTopping> <http://www.example.com/genealogy.owl#AmericanHot_131> }","hasTopping","FALSE",1,1
"2hop-NamedPizza_LaReine_59_LaReine_59-LaReine_59-hasIngredient-HamTopping_dynamic_1-BIN","NamedPizza_LaReine_59",117,255,"Property Assertion","BIN","ASK WHERE { <http://www.example.com/genealogy.owl#LaReine_59> <http://www.example.com/genealogy.owl#hasIngredient> <http://www.example.com/genealogy.owl#HamTopping_dynamic_1> }","hasIngredient","TRUE",2,2
"2hop-NamedPizza_LaReine_59_LaReine_59-LaReine_59-hasIngredient-AmericanHot_131-NEG-BIN","NamedPizza_LaReine_59",117,255,"Property Assertion","BIN","ASK WHERE { <http://www.example.com/genealogy.owl#LaReine_59> <http://www.example.com/genealogy.owl#hasIngredient> <http://www.example.com/genealogy.owl#AmericanHot_131> }","hasIngredient","FALSE",2,2
"2hop-NamedPizza_LaReine_59_LaReine_59-LaReine_59-rdf:type-Food-BIN","NamedPizza_LaReine_59",117,255,"Membership","BIN","ASK WHERE { <http://www.example.com/genealogy.owl#LaReine_59> <http://www.w3.org/1999/02/22-rdf-syntax-ns#type> <http://www.example.com/genealogy.owl#Food> }","rdf:type","TRUE",3,3
"2hop-NamedPizza_LaReine_59_LaReine_59-LaReine_59-rdf:type-American-NEG-BIN","NamedPizza_LaReine_59",117,255,"Membership","BIN","ASK WHERE { <http://www.example.com/genealogy.owl#LaReine_59> <http://www.w3.org/1999/02/22-rdf-syntax-ns#type> <http://www.example.com/genealogy.owl#American> }","rdf:type","FALSE",3,3
"2hop-NamedPizza_LaReine_71_LaReine_71-LaReine_71-hasIngredient-MC","NamedPizza_LaReine_71",117,255,"Property Assertion","MC","SELECT ?x WHERE { <http://www.example.com/genealogy.owl#LaReine_71> <http://www.example.com/genealogy.owl#hasIngredient> ?x }","hasIngredient","HamTopping_dynamic_1; MozzarellaTopping_dynamic_1; MushroomTopping_dynamic_1; OliveTopping_dynamic_1; TomatoTopping_dynamic_1",2,2
"2hop-NamedPizza_LaReine_71_LaReine_71-LaReine_71-hasTopping-MC","NamedPizza_LaReine_71",117,255,"Property Assertion","MC","SELECT ?x WHERE { <http://www.example.com/genealogy.owl#LaReine_71> <http://www.example.com/genealogy.owl#hasTopping> ?x }","hasTopping","HamTopping_dynamic_1; MozzarellaTopping_dynamic_1; MushroomTopping_dynamic_1; OliveTopping_dynamic_1; TomatoTopping_dynamic_1",1,1
"2hop-NamedPizza_LaReine_71_LaReine_71-LaReine_71-rdf:type-Food-BIN","NamedPizza_LaReine_71",117,255,"Membership","BIN","ASK WHERE { <http://www.example.com/genealogy.owl#LaReine_71> <http://www.w3.org/1999/02/22-rdf-syntax-ns#type> <http://www.example.com/genealogy.owl#Food> }","rdf:type","TRUE",3,3
"2hop-NamedPizza_LaReine_71_LaReine_71-LaReine_71-rdf:type-American-NEG-BIN","NamedPizza_LaReine_71",117,255,"Membership","BIN","ASK WHERE { <http://www.example.com/genealogy.owl#LaReine_71> <http://www.w3.org/1999/02/22-rdf-syntax-ns#type> <http://www.example.com/genealogy.owl#American> }","rdf:type","FALSE",3,3
"2hop-NamedPizza_LaReine_71_LaReine_71-LaReine_71-rdf:type-MC","NamedPizza_LaReine_71",117,255,"Membership","MC","SELECT ?x WHERE { <http://www.example.com/genealogy.owl#LaReine_71> <http://www.w3.org/1999/02/22-rdf-syntax-ns#type> ?x }","rdf:type","DomainConcept; Food; Pizza",3,3
"2hop-NamedPizza_LaReine_71_LaReine_71-LaReine_71-hasIngredient-HamTopping_dynamic_1-BIN","NamedPizza_LaReine_71",117,255,"Property Assertion","BIN","ASK WHERE { <http://www.example.com/genealogy.owl#LaReine_71> <http://www.example.com/genealogy.owl#hasIngredient> <http://www.example.com/genealogy.owl#HamTopping_dynamic_1> }","hasIngredient","TRUE",2,2
"2hop-NamedPizza_LaReine_71_LaReine_71-LaReine_71-hasIngredient-AmericanHot_131-NEG-BIN","NamedPizza_LaReine_71",117,255,"Property Assertion","BIN","ASK WHERE { <http://www.example.com/genealogy.owl#LaReine_71> <http://www.example.com/genealogy.owl#hasIngredient> <http://www.example.com/genealogy.owl#AmericanHot_131> }","hasIngredient","FALSE",2,2
"2hop-NamedPizza_LaReine_71_LaReine_71-LaReine_71-hasTopping-HamTopping_dynamic_1-BIN","NamedPizza_LaReine_71",117,255,"Property Assertion","BIN","ASK WHERE { <http://www.example.com/genealogy.owl#LaReine_71> <http://www.example.com/genealogy.owl#hasTopping> <http://www.example.com/genealogy.owl#HamTopping_dynamic_1> }","hasTopping","TRUE",1,1
"2hop-NamedPizza_LaReine_71_LaReine_71-LaReine_71-hasTopping-AmericanHot_131-NEG-BIN","NamedPizza_LaReine_71",117,255,"Property Assertion","BIN","ASK WHERE { <http://www.example.com/genealogy.owl#LaReine_71> <http://www.example.com/genealogy.owl#hasTopping> <http://www.example.com/genealogy.owl#AmericanHot_131> }","hasTopping","FALSE",1,1
"2hop-NamedPizza_Margherita_12_Margherita_12-Margherita_12-rdf:type-Food-BIN","NamedPizza_Margherita_12",117,252,"Membership","BIN","ASK WHERE { <http://www.example.com/genealogy.owl#Margherita_12> <http://www.w3.org/1999/02/22-rdf-syntax-ns#type> <http://www.example.com/genealogy.owl#Food> }","rdf:type","TRUE",3,3
"2hop-NamedPizza_Margherita_12_Margherita_12-Margherita_12-rdf:type-American-NEG-BIN","NamedPizza_Margherita_12",117,252,"Membership","BIN","ASK WHERE { <http://www.example.com/genealogy.owl#Margherita_12> <http://www.w3.org/1999/02/22-rdf-syntax-ns#type> <http://www.example.com/genealogy.owl#American> }","rdf:type","FALSE",3,3
"2hop-NamedPizza_Margherita_12_Margherita_12-Margherita_12-rdf:type-MC","NamedPizza_Margherita_12",117,252,"Membership","MC","SELECT ?x WHERE { <http://www.example.com/genealogy.owl#Margherita_12> <http://www.w3.org/1999/02/22-rdf-syntax-ns#type> ?x }","rdf:type","DomainConcept; Food; Pizza",3,3
"2hop-NamedPizza_Margherita_12_Margherita_12-Margherita_12-hasTopping-MozzarellaTopping_dynamic_1-BIN","NamedPizza_Margherita_12",117,252,"Property Assertion","BIN","ASK WHERE { <http://www.example.com/genealogy.owl#Margherita_12> <http://www.example.com/genealogy.owl#hasTopping> <http://www.example.com/genealogy.owl#MozzarellaTopping_dynamic_1> }","hasTopping","TRUE",1,1
"2hop-NamedPizza_Margherita_12_Margherita_12-Margherita_12-hasTopping-AmericanHot_131-NEG-BIN","NamedPizza_Margherita_12",117,252,"Property Assertion","BIN","ASK WHERE { <http://www.example.com/genealogy.owl#Margherita_12> <http://www.example.com/genealogy.owl#hasTopping> <http://www.example.com/genealogy.owl#AmericanHot_131> }","hasTopping","FALSE",1,1
"2hop-NamedPizza_Margherita_12_Margherita_12-Margherita_12-hasTopping-MC","NamedPizza_Margherita_12",117,252,"Property Assertion","MC","SELECT ?x WHERE { <http://www.example.com/genealogy.owl#Margherita_12> <http://www.example.com/genealogy.owl#hasTopping> ?x }","hasTopping","MozzarellaTopping_dynamic_1; TomatoTopping_dynamic_1",1,1
"2hop-NamedPizza_Margherita_12_Margherita_12-Margherita_12-hasIngredient-MC","NamedPizza_Margherita_12",117,252,"Property Assertion","MC","SELECT ?x WHERE { <http://www.example.com/genealogy.owl#Margherita_12> <http://www.example.com/genealogy.owl#hasIngredient> ?x }","hasIngredient","MozzarellaTopping_dynamic_1; TomatoTopping_dynamic_1",2,2
"2hop-NamedPizza_Margherita_12_Margherita_12-Margherita_12-hasIngredient-MozzarellaTopping_dynamic_1-BIN","NamedPizza_Margherita_12",117,252,"Property Assertion","BIN","ASK WHERE { <http://www.example.com/genealogy.owl#Margherita_12> <http://www.example.com/genealogy.owl#hasIngredient> <http://www.example.com/genealogy.owl#MozzarellaTopping_dynamic_1> }","hasIngredient","TRUE",2,2
"2hop-NamedPizza_Margherita_12_Margherita_12-Margherita_12-hasIngredient-AmericanHot_131-NEG-BIN","NamedPizza_Margherita_12",117,252,"Property Assertion","BIN","ASK WHERE { <http://www.example.com/genealogy.owl#Margherita_12> <http://www.example.com/genealogy.owl#hasIngredient> <http://www.example.com/genealogy.owl#AmericanHot_131> }","hasIngredient","FALSE",2,2
"2hop-NamedPizza_Margherita_144_Margherita_144-Margherita_144-hasIngredient-MC","NamedPizza_Margherita_144",117,252,"Property Assertion","MC","SELECT ?x WHERE { <http://www.example.com/genealogy.owl#Margherita_144> <http://www.example.com/genealogy.owl#hasIngredient> ?x }","hasIngredient","MozzarellaTopping_dynamic_1; TomatoTopping_dynamic_1",2,2
"2hop-NamedPizza_Margherita_144_Margherita_144-Margherita_144-rdf:type-MC","NamedPizza_Margherita_144",117,252,"Membership","MC","SELECT ?x WHERE { <http://www.example.com/genealogy.owl#Margherita_144> <http://www.w3.org/1999/02/22-rdf-syntax-ns#type> ?x }","rdf:type","DomainConcept; Food; Pizza",4,4
"2hop-NamedPizza_Margherita_144_Margherita_144-Margherita_144-hasIngredient-MozzarellaTopping_dynamic_1-BIN","NamedPizza_Margherita_144",117,252,"Property Assertion","BIN","ASK WHERE { <http://www.example.com/genealogy.owl#Margherita_144> <http://www.example.com/genealogy.owl#hasIngredient> <http://www.example.com/genealogy.owl#MozzarellaTopping_dynamic_1> }","hasIngredient","TRUE",2,2
"2hop-NamedPizza_Margherita_144_Margherita_144-Margherita_144-hasIngredient-AmericanHot_131-NEG-BIN","NamedPizza_Margherita_144",117,252,"Property Assertion","BIN","ASK WHERE { <http://www.example.com/genealogy.owl#Margherita_144> <http://www.example.com/genealogy.owl#hasIngredient> <http://www.example.com/genealogy.owl#AmericanHot_131> }","hasIngredient","FALSE",2,2
"2hop-NamedPizza_Margherita_144_Margherita_144-Margherita_144-hasTopping-MC","NamedPizza_Margherita_144",117,252,"Property Assertion","MC","SELECT ?x WHERE { <http://www.example.com/genealogy.owl#Margherita_144> <http://www.example.com/genealogy.owl#hasTopping> ?x }","hasTopping","MozzarellaTopping_dynamic_1; TomatoTopping_dynamic_1",1,1
"2hop-NamedPizza_Margherita_144_Margherita_144-Margherita_144-rdf:type-Food-BIN","NamedPizza_Margherita_144",117,252,"Membership","BIN","ASK WHERE { <http://www.example.com/genealogy.owl#Margherita_144> <http://www.w3.org/1999/02/22-rdf-syntax-ns#type> <http://www.example.com/genealogy.owl#Food> }","rdf:type","TRUE",3,3
"2hop-NamedPizza_Margherita_144_Margherita_144-Margherita_144-rdf:type-American-NEG-BIN","NamedPizza_Margherita_144",117,252,"Membership","BIN","ASK WHERE { <http://www.example.com/genealogy.owl#Margherita_144> <http://www.w3.org/1999/02/22-rdf-syntax-ns#type> <http://www.example.com/genealogy.owl#American> }","rdf:type","FALSE",3,3
"2hop-NamedPizza_Margherita_144_Margherita_144-Margherita_144-hasTopping-MozzarellaTopping_dynamic_1-BIN","NamedPizza_Margherita_144",117,252,"Property Assertion","BIN","ASK WHERE { <http://www.example.com/genealogy.owl#Margherita_144> <http://www.example.com/genealogy.owl#hasTopping> <http://www.example.com/genealogy.owl#MozzarellaTopping_dynamic_1> }","hasTopping","TRUE",1,1
"2hop-NamedPizza_Margherita_144_Margherita_144-Margherita_144-hasTopping-AmericanHot_131-NEG-BIN","NamedPizza_Margherita_144",117,252,"Property Assertion","BIN","ASK WHERE { <http://www.example.com/genealogy.owl#Margherita_144> <http://www.example.com/genealogy.owl#hasTopping> <http://www.example.com/genealogy.owl#AmericanHot_131> }","hasTopping","FALSE",1,1
"2hop-NamedPizza_Margherita_150_Margherita_150-Margherita_150-hasTopping-MC","NamedPizza_Margherita_150",117,252,"Property Assertion","MC","SELECT ?x WHERE { <http://www.example.com/genealogy.owl#Margherita_150> <http://www.example.com/genealogy.owl#hasTopping> ?x }","hasTopping","MozzarellaTopping_dynamic_1; TomatoTopping_dynamic_1",1,1
"2hop-NamedPizza_Margherita_150_Margherita_150-Margherita_150-hasIngredient-MozzarellaTopping_dynamic_1-BIN","NamedPizza_Margherita_150",117,252,"Property Assertion","BIN","ASK WHERE { <http://www.example.com/genealogy.owl#Margherita_150> <http://www.example.com/genealogy.owl#hasIngredient> <http://www.example.com/genealogy.owl#MozzarellaTopping_dynamic_1> }","hasIngredient","TRUE",2,2
"2hop-NamedPizza_Margherita_150_Margherita_150-Margherita_150-hasIngredient-AmericanHot_131-NEG-BIN","NamedPizza_Margherita_150",117,252,"Property Assertion","BIN","ASK WHERE { <http://www.example.com/genealogy.owl#Margherita_150> <http://www.example.com/genealogy.owl#hasIngredient> <http://www.example.com/genealogy.owl#AmericanHot_131> }","hasIngredient","FALSE",2,2
"2hop-NamedPizza_Margherita_150_Margherita_150-Margherita_150-hasIngredient-MC","NamedPizza_Margherita_150",117,252,"Property Assertion","MC","SELECT ?x WHERE { <http://www.example.com/genealogy.owl#Margherita_150> <http://www.example.com/genealogy.owl#hasIngredient> ?x }","hasIngredient","MozzarellaTopping_dynamic_1; TomatoTopping_dynamic_1",2,2
"2hop-NamedPizza_Margherita_150_Margherita_150-Margherita_150-rdf:type-Food-BIN","NamedPizza_Margherita_150",117,252,"Membership","BIN","ASK WHERE { <http://www.example.com/genealogy.owl#Margherita_150> <http://www.w3.org/1999/02/22-rdf-syntax-ns#type> <http://www.example.com/genealogy.owl#Food> }","rdf:type","TRUE",3,3
"2hop-NamedPizza_Margherita_150_Margherita_150-Margherita_150-rdf:type-American-NEG-BIN","NamedPizza_Margherita_150",117,252,"Membership","BIN","ASK WHERE { <http://www.example.com/genealogy.owl#Margherita_150> <http://www.w3.org/1999/02/22-rdf-syntax-ns#type> <http://www.example.com/genealogy.owl#American> }","rdf:type","FALSE",3,3
"2hop-NamedPizza_Margherita_150_Margherita_150-Margherita_150-rdf:type-MC","NamedPizza_Margherita_150",117,252,"Membership","MC","SELECT ?x WHERE { <http://www.example.com/genealogy.owl#Margherita_150> <http://www.w3.org/1999/02/22-rdf-syntax-ns#type> ?x }","rdf:type","DomainConcept; Food; Pizza",3,3
"2hop-NamedPizza_Margherita_150_Margherita_150-Margherita_150-hasTopping-MozzarellaTopping_dynamic_1-BIN","NamedPizza_Margherita_150",117,252,"Property Assertion","BIN","ASK WHERE { <http://www.example.com/genealogy.owl#Margherita_150> <http://www.example.com/genealogy.owl#hasTopping> <http://www.example.com/genealogy.owl#MozzarellaTopping_dynamic_1> }","hasTopping","TRUE",1,1
"2hop-NamedPizza_Margherita_150_Margherita_150-Margherita_150-hasTopping-AmericanHot_131-NEG-BIN","NamedPizza_Margherita_150",117,252,"Property Assertion","BIN","ASK WHERE { <http://www.example.com/genealogy.owl#Margherita_150> <http://www.example.com/genealogy.owl#hasTopping> <http://www.example.com/genealogy.owl#AmericanHot_131> }","hasTopping","FALSE",1,1
"2hop-NamedPizza_Margherita_192_Margherita_192-Margherita_192-rdf:type-Food-BIN","NamedPizza_Margherita_192",117,252,"Membership","BIN","ASK WHERE { <http://www.example.com/genealogy.owl#Margherita_192> <http://www.w3.org/1999/02/22-rdf-syntax-ns#type> <http://www.example.com/genealogy.owl#Food> }","rdf:type","TRUE",3,3
"2hop-NamedPizza_Margherita_192_Margherita_192-Margherita_192-rdf:type-American-NEG-BIN","NamedPizza_Margherita_192",117,252,"Membership","BIN","ASK WHERE { <http://www.example.com/genealogy.owl#Margherita_192> <http://www.w3.org/1999/02/22-rdf-syntax-ns#type> <http://www.example.com/genealogy.owl#American> }","rdf:type","FALSE",3,3
"2hop-NamedPizza_Margherita_192_Margherita_192-Margherita_192-rdf:type-MC","NamedPizza_Margherita_192",117,252,"Membership","MC","SELECT ?x WHERE { <http://www.example.com/genealogy.owl#Margherita_192> <http://www.w3.org/1999/02/22-rdf-syntax-ns#type> ?x }","rdf:type","DomainConcept; Food; Pizza",3,3
"2hop-NamedPizza_Margherita_192_Margherita_192-Margherita_192-hasIngredient-MozzarellaTopping_dynamic_1-BIN","NamedPizza_Margherita_192",117,252,"Property Assertion","BIN","ASK WHERE { <http://www.example.com/genealogy.owl#Margherita_192> <http://www.example.com/genealogy.owl#hasIngredient> <http://www.example.com/genealogy.owl#MozzarellaTopping_dynamic_1> }","hasIngredient","TRUE",2,2
"2hop-NamedPizza_Margherita_192_Margherita_192-Margherita_192-hasIngredient-AmericanHot_131-NEG-BIN","NamedPizza_Margherita_192",117,252,"Property Assertion","BIN","ASK WHERE { <http://www.example.com/genealogy.owl#Margherita_192> <http://www.example.com/genealogy.owl#hasIngredient> <http://www.example.com/genealogy.owl#AmericanHot_131> }","hasIngredient","FALSE",2,2
"2hop-NamedPizza_Margherita_192_Margherita_192-Margherita_192-hasIngredient-MC","NamedPizza_Margherita_192",117,252,"Property Assertion","MC","SELECT ?x WHERE { <http://www.example.com/genealogy.owl#Margherita_192> <http://www.example.com/genealogy.owl#hasIngredient> ?x }","hasIngredient","MozzarellaTopping_dynamic_1; TomatoTopping_dynamic_1",2,2
"2hop-NamedPizza_Margherita_192_Margherita_192-Margherita_192-hasTopping-MozzarellaTopping_dynamic_1-BIN","NamedPizza_Margherita_192",117,252,"Property Assertion","BIN","ASK WHERE { <http://www.example.com/genealogy.owl#Margherita_192> <http://www.example.com/genealogy.owl#hasTopping> <http://www.example.com/genealogy.owl#MozzarellaTopping_dynamic_1> }","hasTopping","TRUE",1,1
"2hop-NamedPizza_Margherita_192_Margherita_192-Margherita_192-hasTopping-AmericanHot_131-NEG-BIN","NamedPizza_Margherita_192",117,252,"Property Assertion","BIN","ASK WHERE { <http://www.example.com/genealogy.owl#Margherita_192> <http://www.example.com/genealogy.owl#hasTopping> <http://www.example.com/genealogy.owl#AmericanHot_131> }","hasTopping","FALSE",1,1
"2hop-NamedPizza_Margherita_192_Margherita_192-Margherita_192-hasTopping-MC","NamedPizza_Margherita_192",117,252,"Property Assertion","MC","SELECT ?x WHERE { <http://www.example.com/genealogy.owl#Margherita_192> <http://www.example.com/genealogy.owl#hasTopping> ?x }","hasTopping","MozzarellaTopping_dynamic_1; TomatoTopping_dynamic_1",1,1
"2hop-NamedPizza_Margherita_29_Margherita_29-Margherita_29-hasTopping-MC","NamedPizza_Margherita_29",117,252,"Property Assertion","MC","SELECT ?x WHERE { <http://www.example.com/genealogy.owl#Margherita_29> <http://www.example.com/genealogy.owl#hasTopping> ?x }","hasTopping","MozzarellaTopping_dynamic_1; TomatoTopping_dynamic_1",1,1
"2hop-NamedPizza_Margherita_29_Margherita_29-Margherita_29-rdf:type-MC","NamedPizza_Margherita_29",117,252,"Membership","MC","SELECT ?x WHERE { <http://www.example.com/genealogy.owl#Margherita_29> <http://www.w3.org/1999/02/22-rdf-syntax-ns#type> ?x }","rdf:type","DomainConcept; Food; Pizza",4,4
"2hop-NamedPizza_Margherita_29_Margherita_29-Margherita_29-hasIngredient-MozzarellaTopping_dynamic_1-BIN","NamedPizza_Margherita_29",117,252,"Property Assertion","BIN","ASK WHERE { <http://www.example.com/genealogy.owl#Margherita_29> <http://www.example.com/genealogy.owl#hasIngredient> <http://www.example.com/genealogy.owl#MozzarellaTopping_dynamic_1> }","hasIngredient","TRUE",2,2
"2hop-NamedPizza_Margherita_29_Margherita_29-Margherita_29-hasIngredient-AmericanHot_131-NEG-BIN","NamedPizza_Margherita_29",117,252,"Property Assertion","BIN","ASK WHERE { <http://www.example.com/genealogy.owl#Margherita_29> <http://www.example.com/genealogy.owl#hasIngredient> <http://www.example.com/genealogy.owl#AmericanHot_131> }","hasIngredient","FALSE",2,2
"2hop-NamedPizza_Margherita_29_Margherita_29-Margherita_29-hasIngredient-MC","NamedPizza_Margherita_29",117,252,"Property Assertion","MC","SELECT ?x WHERE { <http://www.example.com/genealogy.owl#Margherita_29> <http://www.example.com/genealogy.owl#hasIngredient> ?x }","hasIngredient","MozzarellaTopping_dynamic_1; TomatoTopping_dynamic_1",2,2
"2hop-NamedPizza_Margherita_29_Margherita_29-Margherita_29-hasTopping-MozzarellaTopping_dynamic_1-BIN","NamedPizza_Margherita_29",117,252,"Property Assertion","BIN","ASK WHERE { <http://www.example.com/genealogy.owl#Margherita_29> <http://www.example.com/genealogy.owl#hasTopping> <http://www.example.com/genealogy.owl#MozzarellaTopping_dynamic_1> }","hasTopping","TRUE",1,1
"2hop-NamedPizza_Margherita_29_Margherita_29-Margherita_29-hasTopping-AmericanHot_131-NEG-BIN","NamedPizza_Margherita_29",117,252,"Property Assertion","BIN","ASK WHERE { <http://www.example.com/genealogy.owl#Margherita_29> <http://www.example.com/genealogy.owl#hasTopping> <http://www.example.com/genealogy.owl#AmericanHot_131> }","hasTopping","FALSE",1,1
"2hop-NamedPizza_Margherita_29_Margherita_29-Margherita_29-rdf:type-Food-BIN","NamedPizza_Margherita_29",117,252,"Membership","BIN","ASK WHERE { <http://www.example.com/genealogy.owl#Margherita_29> <http://www.w3.org/1999/02/22-rdf-syntax-ns#type> <http://www.example.com/genealogy.owl#Food> }","rdf:type","TRUE",3,3
"2hop-NamedPizza_Margherita_29_Margherita_29-Margherita_29-rdf:type-American-NEG-BIN","NamedPizza_Margherita_29",117,252,"Membership","BIN","ASK WHERE { <http://www.example.com/genealogy.owl#Margherita_29> <http://www.w3.org/1999/02/22-rdf-syntax-ns#type> <http://www.example.com/genealogy.owl#American> }","rdf:type","FALSE",3,3
"2hop-NamedPizza_Margherita_31_Margherita_31-Margherita_31-rdf:type-MC","NamedPizza_Margherita_31",117,252,"Membership","MC","SELECT ?x WHERE { <http://www.example.com/genealogy.owl#Margherita_31> <http://www.w3.org/1999/02/22-rdf-syntax-ns#type> ?x }","rdf:type","DomainConcept; Food; Pizza",4,4
"2hop-NamedPizza_Margherita_31_Margherita_31-Margherita_31-hasTopping-MozzarellaTopping_dynamic_1-BIN","NamedPizza_Margherita_31",117,252,"Property Assertion","BIN","ASK WHERE { <http://www.example.com/genealogy.owl#Margherita_31> <http://www.example.com/genealogy.owl#hasTopping> <http://www.example.com/genealogy.owl#MozzarellaTopping_dynamic_1> }","hasTopping","TRUE",1,1
"2hop-NamedPizza_Margherita_31_Margherita_31-Margherita_31-hasTopping-AmericanHot_131-NEG-BIN","NamedPizza_Margherita_31",117,252,"Property Assertion","BIN","ASK WHERE { <http://www.example.com/genealogy.owl#Margherita_31> <http://www.example.com/genealogy.owl#hasTopping> <http://www.example.com/genealogy.owl#AmericanHot_131> }","hasTopping","FALSE",1,1
"2hop-NamedPizza_Margherita_31_Margherita_31-Margherita_31-hasTopping-MC","NamedPizza_Margherita_31",117,252,"Property Assertion","MC","SELECT ?x WHERE { <http://www.example.com/genealogy.owl#Margherita_31> <http://www.example.com/genealogy.owl#hasTopping> ?x }","hasTopping","MozzarellaTopping_dynamic_1; TomatoTopping_dynamic_1",1,1
"2hop-NamedPizza_Margherita_31_Margherita_31-Margherita_31-hasIngredient-MC","NamedPizza_Margherita_31",117,252,"Property Assertion","MC","SELECT ?x WHERE { <http://www.example.com/genealogy.owl#Margherita_31> <http://www.example.com/genealogy.owl#hasIngredient> ?x }","hasIngredient","MozzarellaTopping_dynamic_1; TomatoTopping_dynamic_1",2,2
"2hop-NamedPizza_Margherita_31_Margherita_31-Margherita_31-rdf:type-Food-BIN","NamedPizza_Margherita_31",117,252,"Membership","BIN","ASK WHERE { <http://www.example.com/genealogy.owl#Margherita_31> <http://www.w3.org/1999/02/22-rdf-syntax-ns#type> <http://www.example.com/genealogy.owl#Food> }","rdf:type","TRUE",3,3
"2hop-NamedPizza_Margherita_31_Margherita_31-Margherita_31-rdf:type-American-NEG-BIN","NamedPizza_Margherita_31",117,252,"Membership","BIN","ASK WHERE { <http://www.example.com/genealogy.owl#Margherita_31> <http://www.w3.org/1999/02/22-rdf-syntax-ns#type> <http://www.example.com/genealogy.owl#American> }","rdf:type","FALSE",3,3
"2hop-NamedPizza_Margherita_31_Margherita_31-Margherita_31-hasIngredient-MozzarellaTopping_dynamic_1-BIN","NamedPizza_Margherita_31",117,252,"Property Assertion","BIN","ASK WHERE { <http://www.example.com/genealogy.owl#Margherita_31> <http://www.example.com/genealogy.owl#hasIngredient> <http://www.example.com/genealogy.owl#MozzarellaTopping_dynamic_1> }","hasIngredient","TRUE",2,2
"2hop-NamedPizza_Margherita_31_Margherita_31-Margherita_31-hasIngredient-AmericanHot_131-NEG-BIN","NamedPizza_Margherita_31",117,252,"Property Assertion","BIN","ASK WHERE { <http://www.example.com/genealogy.owl#Margherita_31> <http://www.example.com/genealogy.owl#hasIngredient> <http://www.example.com/genealogy.owl#AmericanHot_131> }","hasIngredient","FALSE",2,2
"2hop-NamedPizza_Margherita_73_Margherita_73-Margherita_73-hasIngredient-MC","NamedPizza_Margherita_73",117,252,"Property Assertion","MC","SELECT ?x WHERE { <http://www.example.com/genealogy.owl#Margherita_73> <http://www.example.com/genealogy.owl#hasIngredient> ?x }","hasIngredient","MozzarellaTopping_dynamic_1; TomatoTopping_dynamic_1",2,2
"2hop-NamedPizza_Margherita_73_Margherita_73-Margherita_73-rdf:type-Food-BIN","NamedPizza_Margherita_73",117,252,"Membership","BIN","ASK WHERE { <http://www.example.com/genealogy.owl#Margherita_73> <http://www.w3.org/1999/02/22-rdf-syntax-ns#type> <http://www.example.com/genealogy.owl#Food> }","rdf:type","TRUE",3,3
"2hop-NamedPizza_Margherita_73_Margherita_73-Margherita_73-rdf:type-American-NEG-BIN","NamedPizza_Margherita_73",117,252,"Membership","BIN","ASK WHERE { <http://www.example.com/genealogy.owl#Margherita_73> <http://www.w3.org/1999/02/22-rdf-syntax-ns#type> <http://www.example.com/genealogy.owl#American> }","rdf:type","FALSE",3,3
"2hop-NamedPizza_Margherita_73_Margherita_73-Margherita_73-rdf:type-MC","NamedPizza_Margherita_73",117,252,"Membership","MC","SELECT ?x WHERE { <http://www.example.com/genealogy.owl#Margherita_73> <http://www.w3.org/1999/02/22-rdf-syntax-ns#type> ?x }","rdf:type","DomainConcept; Food; Pizza",3,3
"2hop-NamedPizza_Margherita_73_Margherita_73-Margherita_73-hasTopping-MC","NamedPizza_Margherita_73",117,252,"Property Assertion","MC","SELECT ?x WHERE { <http://www.example.com/genealogy.owl#Margherita_73> <http://www.example.com/genealogy.owl#hasTopping> ?x }","hasTopping","MozzarellaTopping_dynamic_1; TomatoTopping_dynamic_1",1,1
"2hop-NamedPizza_Margherita_73_Margherita_73-Margherita_73-hasTopping-MozzarellaTopping_dynamic_1-BIN","NamedPizza_Margherita_73",117,252,"Property Assertion","BIN","ASK WHERE { <http://www.example.com/genealogy.owl#Margherita_73> <http://www.example.com/genealogy.owl#hasTopping> <http://www.example.com/genealogy.owl#MozzarellaTopping_dynamic_1> }","hasTopping","TRUE",1,1
"2hop-NamedPizza_Margherita_73_Margherita_73-Margherita_73-hasTopping-AmericanHot_131-NEG-BIN","NamedPizza_Margherita_73",117,252,"Property Assertion","BIN","ASK WHERE { <http://www.example.com/genealogy.owl#Margherita_73> <http://www.example.com/genealogy.owl#hasTopping> <http://www.example.com/genealogy.owl#AmericanHot_131> }","hasTopping","FALSE",1,1
"2hop-NamedPizza_Margherita_73_Margherita_73-Margherita_73-hasIngredient-MozzarellaTopping_dynamic_1-BIN","NamedPizza_Margherita_73",117,252,"Property Assertion","BIN","ASK WHERE { <http://www.example.com/genealogy.owl#Margherita_73> <http://www.example.com/genealogy.owl#hasIngredient> <http://www.example.com/genealogy.owl#MozzarellaTopping_dynamic_1> }","hasIngredient","TRUE",2,2
"2hop-NamedPizza_Margherita_73_Margherita_73-Margherita_73-hasIngredient-AmericanHot_131-NEG-BIN","NamedPizza_Margherita_73",117,252,"Property Assertion","BIN","ASK WHERE { <http://www.example.com/genealogy.owl#Margherita_73> <http://www.example.com/genealogy.owl#hasIngredient> <http://www.example.com/genealogy.owl#AmericanHot_131> }","hasIngredient","FALSE",2,2
"2hop-NamedPizza_Margherita_77_Margherita_77-Margherita_77-rdf:type-MC","NamedPizza_Margherita_77",117,252,"Membership","MC","SELECT ?x WHERE { <http://www.example.com/genealogy.owl#Margherita_77> <http://www.w3.org/1999/02/22-rdf-syntax-ns#type> ?x }","rdf:type","DomainConcept; Food; Pizza",2,2
"2hop-NamedPizza_Margherita_77_Margherita_77-Margherita_77-hasIngredient-MC","NamedPizza_Margherita_77",117,252,"Property Assertion","MC","SELECT ?x WHERE { <http://www.example.com/genealogy.owl#Margherita_77> <http://www.example.com/genealogy.owl#hasIngredient> ?x }","hasIngredient","MozzarellaTopping_dynamic_1; TomatoTopping_dynamic_1",2,2
"2hop-NamedPizza_Margherita_77_Margherita_77-Margherita_77-hasTopping-MozzarellaTopping_dynamic_1-BIN","NamedPizza_Margherita_77",117,252,"Property Assertion","BIN","ASK WHERE { <http://www.example.com/genealogy.owl#Margherita_77> <http://www.example.com/genealogy.owl#hasTopping> <http://www.example.com/genealogy.owl#MozzarellaTopping_dynamic_1> }","hasTopping","TRUE",1,1
"2hop-NamedPizza_Margherita_77_Margherita_77-Margherita_77-hasTopping-AmericanHot_131-NEG-BIN","NamedPizza_Margherita_77",117,252,"Property Assertion","BIN","ASK WHERE { <http://www.example.com/genealogy.owl#Margherita_77> <http://www.example.com/genealogy.owl#hasTopping> <http://www.example.com/genealogy.owl#AmericanHot_131> }","hasTopping","FALSE",1,1
"2hop-NamedPizza_Margherita_77_Margherita_77-Margherita_77-hasTopping-MC","NamedPizza_Margherita_77",117,252,"Property Assertion","MC","SELECT ?x WHERE { <http://www.example.com/genealogy.owl#Margherita_77> <http://www.example.com/genealogy.owl#hasTopping> ?x }","hasTopping","MozzarellaTopping_dynamic_1; TomatoTopping_dynamic_1",1,1
"2hop-NamedPizza_Margherita_77_Margherita_77-Margherita_77-rdf:type-Food-BIN","NamedPizza_Margherita_77",117,252,"Membership","BIN","ASK WHERE { <http://www.example.com/genealogy.owl#Margherita_77> <http://www.w3.org/1999/02/22-rdf-syntax-ns#type> <http://www.example.com/genealogy.owl#Food> }","rdf:type","TRUE",3,3
"2hop-NamedPizza_Margherita_77_Margherita_77-Margherita_77-rdf:type-American-NEG-BIN","NamedPizza_Margherita_77",117,252,"Membership","BIN","ASK WHERE { <http://www.example.com/genealogy.owl#Margherita_77> <http://www.w3.org/1999/02/22-rdf-syntax-ns#type> <http://www.example.com/genealogy.owl#American> }","rdf:type","FALSE",3,3
"2hop-NamedPizza_Margherita_77_Margherita_77-Margherita_77-hasIngredient-MozzarellaTopping_dynamic_1-BIN","NamedPizza_Margherita_77",117,252,"Property Assertion","BIN","ASK WHERE { <http://www.example.com/genealogy.owl#Margherita_77> <http://www.example.com/genealogy.owl#hasIngredient> <http://www.example.com/genealogy.owl#MozzarellaTopping_dynamic_1> }","hasIngredient","TRUE",2,2
"2hop-NamedPizza_Margherita_77_Margherita_77-Margherita_77-hasIngredient-AmericanHot_131-NEG-BIN","NamedPizza_Margherita_77",117,252,"Property Assertion","BIN","ASK WHERE { <http://www.example.com/genealogy.owl#Margherita_77> <http://www.example.com/genealogy.owl#hasIngredient> <http://www.example.com/genealogy.owl#AmericanHot_131> }","hasIngredient","FALSE",2,2
"2hop-NamedPizza_Margherita_97_Margherita_97-Margherita_97-hasIngredient-MozzarellaTopping_dynamic_1-BIN","NamedPizza_Margherita_97",117,252,"Property Assertion","BIN","ASK WHERE { <http://www.example.com/genealogy.owl#Margherita_97> <http://www.example.com/genealogy.owl#hasIngredient> <http://www.example.com/genealogy.owl#MozzarellaTopping_dynamic_1> }","hasIngredient","TRUE",2,2
"2hop-NamedPizza_Margherita_97_Margherita_97-Margherita_97-hasIngredient-AmericanHot_131-NEG-BIN","NamedPizza_Margherita_97",117,252,"Property Assertion","BIN","ASK WHERE { <http://www.example.com/genealogy.owl#Margherita_97> <http://www.example.com/genealogy.owl#hasIngredient> <http://www.example.com/genealogy.owl#AmericanHot_131> }","hasIngredient","FALSE",2,2
"2hop-NamedPizza_Margherita_97_Margherita_97-Margherita_97-hasIngredient-MC","NamedPizza_Margherita_97",117,252,"Property Assertion","MC","SELECT ?x WHERE { <http://www.example.com/genealogy.owl#Margherita_97> <http://www.example.com/genealogy.owl#hasIngredient> ?x }","hasIngredient","MozzarellaTopping_dynamic_1; TomatoTopping_dynamic_1",2,2
"2hop-NamedPizza_Margherita_97_Margherita_97-Margherita_97-hasTopping-MC","NamedPizza_Margherita_97",117,252,"Property Assertion","MC","SELECT ?x WHERE { <http://www.example.com/genealogy.owl#Margherita_97> <http://www.example.com/genealogy.owl#hasTopping> ?x }","hasTopping","MozzarellaTopping_dynamic_1; TomatoTopping_dynamic_1",1,1
"2hop-NamedPizza_Margherita_97_Margherita_97-Margherita_97-rdf:type-MC","NamedPizza_Margherita_97",117,252,"Membership","MC","SELECT ?x WHERE { <http://www.example.com/genealogy.owl#Margherita_97> <http://www.w3.org/1999/02/22-rdf-syntax-ns#type> ?x }","rdf:type","DomainConcept; Food; Pizza",2,2
"2hop-NamedPizza_Margherita_97_Margherita_97-Margherita_97-hasTopping-MozzarellaTopping_dynamic_1-BIN","NamedPizza_Margherita_97",117,252,"Property Assertion","BIN","ASK WHERE { <http://www.example.com/genealogy.owl#Margherita_97> <http://www.example.com/genealogy.owl#hasTopping> <http://www.example.com/genealogy.owl#MozzarellaTopping_dynamic_1> }","hasTopping","TRUE",1,1
"2hop-NamedPizza_Margherita_97_Margherita_97-Margherita_97-hasTopping-AmericanHot_131-NEG-BIN","NamedPizza_Margherita_97",117,252,"Property Assertion","BIN","ASK WHERE { <http://www.example.com/genealogy.owl#Margherita_97> <http://www.example.com/genealogy.owl#hasTopping> <http://www.example.com/genealogy.owl#AmericanHot_131> }","hasTopping","FALSE",1,1
"2hop-NamedPizza_Margherita_97_Margherita_97-Margherita_97-rdf:type-Food-BIN","NamedPizza_Margherita_97",117,252,"Membership","BIN","ASK WHERE { <http://www.example.com/genealogy.owl#Margherita_97> <http://www.w3.org/1999/02/22-rdf-syntax-ns#type> <http://www.example.com/genealogy.owl#Food> }","rdf:type","TRUE",3,3
"2hop-NamedPizza_Margherita_97_Margherita_97-Margherita_97-rdf:type-American-NEG-BIN","NamedPizza_Margherita_97",117,252,"Membership","BIN","ASK WHERE { <http://www.example.com/genealogy.owl#Margherita_97> <http://www.w3.org/1999/02/22-rdf-syntax-ns#type> <http://www.example.com/genealogy.owl#American> }","rdf:type","FALSE",3,3
"2hop-NamedPizza_Mushroom_1_Mushroom_1-Mushroom_1-hasIngredient-MC","NamedPizza_Mushroom_1",117,253,"Property Assertion","MC","SELECT ?x WHERE { <http://www.example.com/genealogy.owl#Mushroom_1> <http://www.example.com/genealogy.owl#hasIngredient> ?x }","hasIngredient","MozzarellaTopping_dynamic_1; MushroomTopping_dynamic_1; TomatoTopping_dynamic_1",2,2
"2hop-NamedPizza_Mushroom_1_Mushroom_1-Mushroom_1-hasTopping-MozzarellaTopping_dynamic_1-BIN","NamedPizza_Mushroom_1",117,253,"Property Assertion","BIN","ASK WHERE { <http://www.example.com/genealogy.owl#Mushroom_1> <http://www.example.com/genealogy.owl#hasTopping> <http://www.example.com/genealogy.owl#MozzarellaTopping_dynamic_1> }","hasTopping","TRUE",1,1
"2hop-NamedPizza_Mushroom_1_Mushroom_1-Mushroom_1-hasTopping-AmericanHot_131-NEG-BIN","NamedPizza_Mushroom_1",117,253,"Property Assertion","BIN","ASK WHERE { <http://www.example.com/genealogy.owl#Mushroom_1> <http://www.example.com/genealogy.owl#hasTopping> <http://www.example.com/genealogy.owl#AmericanHot_131> }","hasTopping","FALSE",1,1
"2hop-NamedPizza_Mushroom_1_Mushroom_1-Mushroom_1-hasTopping-MC","NamedPizza_Mushroom_1",117,253,"Property Assertion","MC","SELECT ?x WHERE { <http://www.example.com/genealogy.owl#Mushroom_1> <http://www.example.com/genealogy.owl#hasTopping> ?x }","hasTopping","MozzarellaTopping_dynamic_1; MushroomTopping_dynamic_1; TomatoTopping_dynamic_1",1,1
"2hop-NamedPizza_Mushroom_1_Mushroom_1-Mushroom_1-hasIngredient-MozzarellaTopping_dynamic_1-BIN","NamedPizza_Mushroom_1",117,253,"Property Assertion","BIN","ASK WHERE { <http://www.example.com/genealogy.owl#Mushroom_1> <http://www.example.com/genealogy.owl#hasIngredient> <http://www.example.com/genealogy.owl#MozzarellaTopping_dynamic_1> }","hasIngredient","TRUE",2,2
"2hop-NamedPizza_Mushroom_1_Mushroom_1-Mushroom_1-hasIngredient-AmericanHot_131-NEG-BIN","NamedPizza_Mushroom_1",117,253,"Property Assertion","BIN","ASK WHERE { <http://www.example.com/genealogy.owl#Mushroom_1> <http://www.example.com/genealogy.owl#hasIngredient> <http://www.example.com/genealogy.owl#AmericanHot_131> }","hasIngredient","FALSE",2,2
"2hop-NamedPizza_Mushroom_1_Mushroom_1-Mushroom_1-rdf:type-MC","NamedPizza_Mushroom_1",117,253,"Membership","MC","SELECT ?x WHERE { <http://www.example.com/genealogy.owl#Mushroom_1> <http://www.w3.org/1999/02/22-rdf-syntax-ns#type> ?x }","rdf:type","DomainConcept; Food; Pizza",4,4
"2hop-NamedPizza_Mushroom_1_Mushroom_1-Mushroom_1-rdf:type-Food-BIN","NamedPizza_Mushroom_1",117,253,"Membership","BIN","ASK WHERE { <http://www.example.com/genealogy.owl#Mushroom_1> <http://www.w3.org/1999/02/22-rdf-syntax-ns#type> <http://www.example.com/genealogy.owl#Food> }","rdf:type","TRUE",3,3
"2hop-NamedPizza_Mushroom_1_Mushroom_1-Mushroom_1-rdf:type-American-NEG-BIN","NamedPizza_Mushroom_1",117,253,"Membership","BIN","ASK WHERE { <http://www.example.com/genealogy.owl#Mushroom_1> <http://www.w3.org/1999/02/22-rdf-syntax-ns#type> <http://www.example.com/genealogy.owl#American> }","rdf:type","FALSE",3,3
"2hop-NamedPizza_Mushroom_103_Mushroom_103-Mushroom_103-hasIngredient-MozzarellaTopping_dynamic_1-BIN","NamedPizza_Mushroom_103",117,253,"Property Assertion","BIN","ASK WHERE { <http://www.example.com/genealogy.owl#Mushroom_103> <http://www.example.com/genealogy.owl#hasIngredient> <http://www.example.com/genealogy.owl#MozzarellaTopping_dynamic_1> }","hasIngredient","TRUE",2,2
"2hop-NamedPizza_Mushroom_103_Mushroom_103-Mushroom_103-hasIngredient-AmericanHot_131-NEG-BIN","NamedPizza_Mushroom_103",117,253,"Property Assertion","BIN","ASK WHERE { <http://www.example.com/genealogy.owl#Mushroom_103> <http://www.example.com/genealogy.owl#hasIngredient> <http://www.example.com/genealogy.owl#AmericanHot_131> }","hasIngredient","FALSE",2,2
"2hop-NamedPizza_Mushroom_103_Mushroom_103-Mushroom_103-hasIngredient-MC","NamedPizza_Mushroom_103",117,253,"Property Assertion","MC","SELECT ?x WHERE { <http://www.example.com/genealogy.owl#Mushroom_103> <http://www.example.com/genealogy.owl#hasIngredient> ?x }","hasIngredient","MozzarellaTopping_dynamic_1; MushroomTopping_dynamic_1; TomatoTopping_dynamic_1",2,2
"2hop-NamedPizza_Mushroom_103_Mushroom_103-Mushroom_103-hasTopping-MC","NamedPizza_Mushroom_103",117,253,"Property Assertion","MC","SELECT ?x WHERE { <http://www.example.com/genealogy.owl#Mushroom_103> <http://www.example.com/genealogy.owl#hasTopping> ?x }","hasTopping","MozzarellaTopping_dynamic_1; MushroomTopping_dynamic_1; TomatoTopping_dynamic_1",1,1
"2hop-NamedPizza_Mushroom_103_Mushroom_103-Mushroom_103-rdf:type-Food-BIN","NamedPizza_Mushroom_103",117,253,"Membership","BIN","ASK WHERE { <http://www.example.com/genealogy.owl#Mushroom_103> <http://www.w3.org/1999/02/22-rdf-syntax-ns#type> <http://www.example.com/genealogy.owl#Food> }","rdf:type","TRUE",3,3
"2hop-NamedPizza_Mushroom_103_Mushroom_103-Mushroom_103-rdf:type-American-NEG-BIN","NamedPizza_Mushroom_103",117,253,"Membership","BIN","ASK WHERE { <http://www.example.com/genealogy.owl#Mushroom_103> <http://www.w3.org/1999/02/22-rdf-syntax-ns#type> <http://www.example.com/genealogy.owl#American> }","rdf:type","FALSE",3,3
"2hop-NamedPizza_Mushroom_103_Mushroom_103-Mushroom_103-rdf:type-MC","NamedPizza_Mushroom_103",117,253,"Membership","MC","SELECT ?x WHERE { <http://www.example.com/genealogy.owl#Mushroom_103> <http://www.w3.org/1999/02/22-rdf-syntax-ns#type> ?x }","rdf:type","DomainConcept; Food; Pizza",3,3
"2hop-NamedPizza_Mushroom_103_Mushroom_103-Mushroom_103-hasTopping-MozzarellaTopping_dynamic_1-BIN","NamedPizza_Mushroom_103",117,253,"Property Assertion","BIN","ASK WHERE { <http://www.example.com/genealogy.owl#Mushroom_103> <http://www.example.com/genealogy.owl#hasTopping> <http://www.example.com/genealogy.owl#MozzarellaTopping_dynamic_1> }","hasTopping","TRUE",1,1
"2hop-NamedPizza_Mushroom_103_Mushroom_103-Mushroom_103-hasTopping-AmericanHot_131-NEG-BIN","NamedPizza_Mushroom_103",117,253,"Property Assertion","BIN","ASK WHERE { <http://www.example.com/genealogy.owl#Mushroom_103> <http://www.example.com/genealogy.owl#hasTopping> <http://www.example.com/genealogy.owl#AmericanHot_131> }","hasTopping","FALSE",1,1
"2hop-NamedPizza_Mushroom_124_Mushroom_124-Mushroom_124-hasTopping-MC","NamedPizza_Mushroom_124",117,253,"Property Assertion","MC","SELECT ?x WHERE { <http://www.example.com/genealogy.owl#Mushroom_124> <http://www.example.com/genealogy.owl#hasTopping> ?x }","hasTopping","MozzarellaTopping_dynamic_1; MushroomTopping_dynamic_1; TomatoTopping_dynamic_1",1,1
"2hop-NamedPizza_Mushroom_124_Mushroom_124-Mushroom_124-hasIngredient-MC","NamedPizza_Mushroom_124",117,253,"Property Assertion","MC","SELECT ?x WHERE { <http://www.example.com/genealogy.owl#Mushroom_124> <http://www.example.com/genealogy.owl#hasIngredient> ?x }","hasIngredient","MozzarellaTopping_dynamic_1; MushroomTopping_dynamic_1; TomatoTopping_dynamic_1",2,2
"2hop-NamedPizza_Mushroom_124_Mushroom_124-Mushroom_124-rdf:type-MC","NamedPizza_Mushroom_124",117,253,"Membership","MC","SELECT ?x WHERE { <http://www.example.com/genealogy.owl#Mushroom_124> <http://www.w3.org/1999/02/22-rdf-syntax-ns#type> ?x }","rdf:type","DomainConcept; Food; Pizza",2,2
"2hop-NamedPizza_Mushroom_124_Mushroom_124-Mushroom_124-rdf:type-Food-BIN","NamedPizza_Mushroom_124",117,253,"Membership","BIN","ASK WHERE { <http://www.example.com/genealogy.owl#Mushroom_124> <http://www.w3.org/1999/02/22-rdf-syntax-ns#type> <http://www.example.com/genealogy.owl#Food> }","rdf:type","TRUE",3,3
"2hop-NamedPizza_Mushroom_124_Mushroom_124-Mushroom_124-rdf:type-American-NEG-BIN","NamedPizza_Mushroom_124",117,253,"Membership","BIN","ASK WHERE { <http://www.example.com/genealogy.owl#Mushroom_124> <http://www.w3.org/1999/02/22-rdf-syntax-ns#type> <http://www.example.com/genealogy.owl#American> }","rdf:type","FALSE",3,3
"2hop-NamedPizza_Mushroom_124_Mushroom_124-Mushroom_124-hasIngredient-MozzarellaTopping_dynamic_1-BIN","NamedPizza_Mushroom_124",117,253,"Property Assertion","BIN","ASK WHERE { <http://www.example.com/genealogy.owl#Mushroom_124> <http://www.example.com/genealogy.owl#hasIngredient> <http://www.example.com/genealogy.owl#MozzarellaTopping_dynamic_1> }","hasIngredient","TRUE",2,2
"2hop-NamedPizza_Mushroom_124_Mushroom_124-Mushroom_124-hasIngredient-AmericanHot_131-NEG-BIN","NamedPizza_Mushroom_124",117,253,"Property Assertion","BIN","ASK WHERE { <http://www.example.com/genealogy.owl#Mushroom_124> <http://www.example.com/genealogy.owl#hasIngredient> <http://www.example.com/genealogy.owl#AmericanHot_131> }","hasIngredient","FALSE",2,2
"2hop-NamedPizza_Mushroom_124_Mushroom_124-Mushroom_124-hasTopping-MozzarellaTopping_dynamic_1-BIN","NamedPizza_Mushroom_124",117,253,"Property Assertion","BIN","ASK WHERE { <http://www.example.com/genealogy.owl#Mushroom_124> <http://www.example.com/genealogy.owl#hasTopping> <http://www.example.com/genealogy.owl#MozzarellaTopping_dynamic_1> }","hasTopping","TRUE",1,1
"2hop-NamedPizza_Mushroom_124_Mushroom_124-Mushroom_124-hasTopping-AmericanHot_131-NEG-BIN","NamedPizza_Mushroom_124",117,253,"Property Assertion","BIN","ASK WHERE { <http://www.example.com/genealogy.owl#Mushroom_124> <http://www.example.com/genealogy.owl#hasTopping> <http://www.example.com/genealogy.owl#AmericanHot_131> }","hasTopping","FALSE",1,1
"2hop-NamedPizza_Mushroom_152_Mushroom_152-Mushroom_152-hasTopping-MC","NamedPizza_Mushroom_152",117,253,"Property Assertion","MC","SELECT ?x WHERE { <http://www.example.com/genealogy.owl#Mushroom_152> <http://www.example.com/genealogy.owl#hasTopping> ?x }","hasTopping","MozzarellaTopping_dynamic_1; MushroomTopping_dynamic_1; TomatoTopping_dynamic_1",1,1
"2hop-NamedPizza_Mushroom_152_Mushroom_152-Mushroom_152-hasIngredient-MozzarellaTopping_dynamic_1-BIN","NamedPizza_Mushroom_152",117,253,"Property Assertion","BIN","ASK WHERE { <http://www.example.com/genealogy.owl#Mushroom_152> <http://www.example.com/genealogy.owl#hasIngredient> <http://www.example.com/genealogy.owl#MozzarellaTopping_dynamic_1> }","hasIngredient","TRUE",2,2
"2hop-NamedPizza_Mushroom_152_Mushroom_152-Mushroom_152-hasIngredient-AmericanHot_131-NEG-BIN","NamedPizza_Mushroom_152",117,253,"Property Assertion","BIN","ASK WHERE { <http://www.example.com/genealogy.owl#Mushroom_152> <http://www.example.com/genealogy.owl#hasIngredient> <http://www.example.com/genealogy.owl#AmericanHot_131> }","hasIngredient","FALSE",2,2
"2hop-NamedPizza_Mushroom_152_Mushroom_152-Mushroom_152-hasIngredient-MC","NamedPizza_Mushroom_152",117,253,"Property Assertion","MC","SELECT ?x WHERE { <http://www.example.com/genealogy.owl#Mushroom_152> <http://www.example.com/genealogy.owl#hasIngredient> ?x }","hasIngredient","MozzarellaTopping_dynamic_1; MushroomTopping_dynamic_1; TomatoTopping_dynamic_1",2,2
"2hop-NamedPizza_Mushroom_152_Mushroom_152-Mushroom_152-rdf:type-MC","NamedPizza_Mushroom_152",117,253,"Membership","MC","SELECT ?x WHERE { <http://www.example.com/genealogy.owl#Mushroom_152> <http://www.w3.org/1999/02/22-rdf-syntax-ns#type> ?x }","rdf:type","DomainConcept; Food; Pizza",2,2
"2hop-NamedPizza_Mushroom_152_Mushroom_152-Mushroom_152-hasTopping-MozzarellaTopping_dynamic_1-BIN","NamedPizza_Mushroom_152",117,253,"Property Assertion","BIN","ASK WHERE { <http://www.example.com/genealogy.owl#Mushroom_152> <http://www.example.com/genealogy.owl#hasTopping> <http://www.example.com/genealogy.owl#MozzarellaTopping_dynamic_1> }","hasTopping","TRUE",1,1
"2hop-NamedPizza_Mushroom_152_Mushroom_152-Mushroom_152-hasTopping-AmericanHot_131-NEG-BIN","NamedPizza_Mushroom_152",117,253,"Property Assertion","BIN","ASK WHERE { <http://www.example.com/genealogy.owl#Mushroom_152> <http://www.example.com/genealogy.owl#hasTopping> <http://www.example.com/genealogy.owl#AmericanHot_131> }","hasTopping","FALSE",1,1
"2hop-NamedPizza_Mushroom_152_Mushroom_152-Mushroom_152-rdf:type-Food-BIN","NamedPizza_Mushroom_152",117,253,"Membership","BIN","ASK WHERE { <http://www.example.com/genealogy.owl#Mushroom_152> <http://www.w3.org/1999/02/22-rdf-syntax-ns#type> <http://www.example.com/genealogy.owl#Food> }","rdf:type","TRUE",3,3
"2hop-NamedPizza_Mushroom_152_Mushroom_152-Mushroom_152-rdf:type-American-NEG-BIN","NamedPizza_Mushroom_152",117,253,"Membership","BIN","ASK WHERE { <http://www.example.com/genealogy.owl#Mushroom_152> <http://www.w3.org/1999/02/22-rdf-syntax-ns#type> <http://www.example.com/genealogy.owl#American> }","rdf:type","FALSE",3,3
"2hop-NamedPizza_Mushroom_170_Mushroom_170-Mushroom_170-hasTopping-MC","NamedPizza_Mushroom_170",117,253,"Property Assertion","MC","SELECT ?x WHERE { <http://www.example.com/genealogy.owl#Mushroom_170> <http://www.example.com/genealogy.owl#hasTopping> ?x }","hasTopping","MozzarellaTopping_dynamic_1; MushroomTopping_dynamic_1; TomatoTopping_dynamic_1",1,1
"2hop-NamedPizza_Mushroom_170_Mushroom_170-Mushroom_170-rdf:type-MC","NamedPizza_Mushroom_170",117,253,"Membership","MC","SELECT ?x WHERE { <http://www.example.com/genealogy.owl#Mushroom_170> <http://www.w3.org/1999/02/22-rdf-syntax-ns#type> ?x }","rdf:type","DomainConcept; Food; Pizza",2,2
"2hop-NamedPizza_Mushroom_170_Mushroom_170-Mushroom_170-hasIngredient-MC","NamedPizza_Mushroom_170",117,253,"Property Assertion","MC","SELECT ?x WHERE { <http://www.example.com/genealogy.owl#Mushroom_170> <http://www.example.com/genealogy.owl#hasIngredient> ?x }","hasIngredient","MozzarellaTopping_dynamic_1; MushroomTopping_dynamic_1; TomatoTopping_dynamic_1",2,2
"2hop-NamedPizza_Mushroom_170_Mushroom_170-Mushroom_170-rdf:type-Food-BIN","NamedPizza_Mushroom_170",117,253,"Membership","BIN","ASK WHERE { <http://www.example.com/genealogy.owl#Mushroom_170> <http://www.w3.org/1999/02/22-rdf-syntax-ns#type> <http://www.example.com/genealogy.owl#Food> }","rdf:type","TRUE",3,3
"2hop-NamedPizza_Mushroom_170_Mushroom_170-Mushroom_170-rdf:type-American-NEG-BIN","NamedPizza_Mushroom_170",117,253,"Membership","BIN","ASK WHERE { <http://www.example.com/genealogy.owl#Mushroom_170> <http://www.w3.org/1999/02/22-rdf-syntax-ns#type> <http://www.example.com/genealogy.owl#American> }","rdf:type","FALSE",3,3
"2hop-NamedPizza_Mushroom_170_Mushroom_170-Mushroom_170-hasIngredient-MozzarellaTopping_dynamic_1-BIN","NamedPizza_Mushroom_170",117,253,"Property Assertion","BIN","ASK WHERE { <http://www.example.com/genealogy.owl#Mushroom_170> <http://www.example.com/genealogy.owl#hasIngredient> <http://www.example.com/genealogy.owl#MozzarellaTopping_dynamic_1> }","hasIngredient","TRUE",2,2
"2hop-NamedPizza_Mushroom_170_Mushroom_170-Mushroom_170-hasIngredient-AmericanHot_131-NEG-BIN","NamedPizza_Mushroom_170",117,253,"Property Assertion","BIN","ASK WHERE { <http://www.example.com/genealogy.owl#Mushroom_170> <http://www.example.com/genealogy.owl#hasIngredient> <http://www.example.com/genealogy.owl#AmericanHot_131> }","hasIngredient","FALSE",2,2
"2hop-NamedPizza_Mushroom_170_Mushroom_170-Mushroom_170-hasTopping-MozzarellaTopping_dynamic_1-BIN","NamedPizza_Mushroom_170",117,253,"Property Assertion","BIN","ASK WHERE { <http://www.example.com/genealogy.owl#Mushroom_170> <http://www.example.com/genealogy.owl#hasTopping> <http://www.example.com/genealogy.owl#MozzarellaTopping_dynamic_1> }","hasTopping","TRUE",1,1
"2hop-NamedPizza_Mushroom_170_Mushroom_170-Mushroom_170-hasTopping-AmericanHot_131-NEG-BIN","NamedPizza_Mushroom_170",117,253,"Property Assertion","BIN","ASK WHERE { <http://www.example.com/genealogy.owl#Mushroom_170> <http://www.example.com/genealogy.owl#hasTopping> <http://www.example.com/genealogy.owl#AmericanHot_131> }","hasTopping","FALSE",1,1
"2hop-NamedPizza_Mushroom_200_Mushroom_200-Mushroom_200-hasTopping-MozzarellaTopping_dynamic_1-BIN","NamedPizza_Mushroom_200",117,253,"Property Assertion","BIN","ASK WHERE { <http://www.example.com/genealogy.owl#Mushroom_200> <http://www.example.com/genealogy.owl#hasTopping> <http://www.example.com/genealogy.owl#MozzarellaTopping_dynamic_1> }","hasTopping","TRUE",1,1
"2hop-NamedPizza_Mushroom_200_Mushroom_200-Mushroom_200-hasTopping-AmericanHot_131-NEG-BIN","NamedPizza_Mushroom_200",117,253,"Property Assertion","BIN","ASK WHERE { <http://www.example.com/genealogy.owl#Mushroom_200> <http://www.example.com/genealogy.owl#hasTopping> <http://www.example.com/genealogy.owl#AmericanHot_131> }","hasTopping","FALSE",1,1
"2hop-NamedPizza_Mushroom_200_Mushroom_200-Mushroom_200-hasTopping-MC","NamedPizza_Mushroom_200",117,253,"Property Assertion","MC","SELECT ?x WHERE { <http://www.example.com/genealogy.owl#Mushroom_200> <http://www.example.com/genealogy.owl#hasTopping> ?x }","hasTopping","MozzarellaTopping_dynamic_1; MushroomTopping_dynamic_1; TomatoTopping_dynamic_1",1,1
"2hop-NamedPizza_Mushroom_200_Mushroom_200-Mushroom_200-rdf:type-MC","NamedPizza_Mushroom_200",117,253,"Membership","MC","SELECT ?x WHERE { <http://www.example.com/genealogy.owl#Mushroom_200> <http://www.w3.org/1999/02/22-rdf-syntax-ns#type> ?x }","rdf:type","DomainConcept; Food; Pizza",2,2
"2hop-NamedPizza_Mushroom_200_Mushroom_200-Mushroom_200-hasIngredient-MC","NamedPizza_Mushroom_200",117,253,"Property Assertion","MC","SELECT ?x WHERE { <http://www.example.com/genealogy.owl#Mushroom_200> <http://www.example.com/genealogy.owl#hasIngredient> ?x }","hasIngredient","MozzarellaTopping_dynamic_1; MushroomTopping_dynamic_1; TomatoTopping_dynamic_1",2,2
"2hop-NamedPizza_Mushroom_200_Mushroom_200-Mushroom_200-hasIngredient-MozzarellaTopping_dynamic_1-BIN","NamedPizza_Mushroom_200",117,253,"Property Assertion","BIN","ASK WHERE { <http://www.example.com/genealogy.owl#Mushroom_200> <http://www.example.com/genealogy.owl#hasIngredient> <http://www.example.com/genealogy.owl#MozzarellaTopping_dynamic_1> }","hasIngredient","TRUE",2,2
"2hop-NamedPizza_Mushroom_200_Mushroom_200-Mushroom_200-hasIngredient-AmericanHot_131-NEG-BIN","NamedPizza_Mushroom_200",117,253,"Property Assertion","BIN","ASK WHERE { <http://www.example.com/genealogy.owl#Mushroom_200> <http://www.example.com/genealogy.owl#hasIngredient> <http://www.example.com/genealogy.owl#AmericanHot_131> }","hasIngredient","FALSE",2,2
"2hop-NamedPizza_Mushroom_200_Mushroom_200-Mushroom_200-rdf:type-Food-BIN","NamedPizza_Mushroom_200",117,253,"Membership","BIN","ASK WHERE { <http://www.example.com/genealogy.owl#Mushroom_200> <http://www.w3.org/1999/02/22-rdf-syntax-ns#type> <http://www.example.com/genealogy.owl#Food> }","rdf:type","TRUE",3,3
"2hop-NamedPizza_Mushroom_200_Mushroom_200-Mushroom_200-rdf:type-American-NEG-BIN","NamedPizza_Mushroom_200",117,253,"Membership","BIN","ASK WHERE { <http://www.example.com/genealogy.owl#Mushroom_200> <http://www.w3.org/1999/02/22-rdf-syntax-ns#type> <http://www.example.com/genealogy.owl#American> }","rdf:type","FALSE",3,3
"2hop-NamedPizza_Mushroom_21_Mushroom_21-Mushroom_21-hasTopping-MC","NamedPizza_Mushroom_21",117,253,"Property Assertion","MC","SELECT ?x WHERE { <http://www.example.com/genealogy.owl#Mushroom_21> <http://www.example.com/genealogy.owl#hasTopping> ?x }","hasTopping","MozzarellaTopping_dynamic_1; MushroomTopping_dynamic_1; TomatoTopping_dynamic_1",1,1
"2hop-NamedPizza_Mushroom_21_Mushroom_21-Mushroom_21-hasTopping-MozzarellaTopping_dynamic_1-BIN","NamedPizza_Mushroom_21",117,253,"Property Assertion","BIN","ASK WHERE { <http://www.example.com/genealogy.owl#Mushroom_21> <http://www.example.com/genealogy.owl#hasTopping> <http://www.example.com/genealogy.owl#MozzarellaTopping_dynamic_1> }","hasTopping","TRUE",1,1
"2hop-NamedPizza_Mushroom_21_Mushroom_21-Mushroom_21-hasTopping-AmericanHot_131-NEG-BIN","NamedPizza_Mushroom_21",117,253,"Property Assertion","BIN","ASK WHERE { <http://www.example.com/genealogy.owl#Mushroom_21> <http://www.example.com/genealogy.owl#hasTopping> <http://www.example.com/genealogy.owl#AmericanHot_131> }","hasTopping","FALSE",1,1
"2hop-NamedPizza_Mushroom_21_Mushroom_21-Mushroom_21-hasIngredient-MozzarellaTopping_dynamic_1-BIN","NamedPizza_Mushroom_21",117,253,"Property Assertion","BIN","ASK WHERE { <http://www.example.com/genealogy.owl#Mushroom_21> <http://www.example.com/genealogy.owl#hasIngredient> <http://www.example.com/genealogy.owl#MozzarellaTopping_dynamic_1> }","hasIngredient","TRUE",2,2
"2hop-NamedPizza_Mushroom_21_Mushroom_21-Mushroom_21-hasIngredient-AmericanHot_131-NEG-BIN","NamedPizza_Mushroom_21",117,253,"Property Assertion","BIN","ASK WHERE { <http://www.example.com/genealogy.owl#Mushroom_21> <http://www.example.com/genealogy.owl#hasIngredient> <http://www.example.com/genealogy.owl#AmericanHot_131> }","hasIngredient","FALSE",2,2
"2hop-NamedPizza_Mushroom_21_Mushroom_21-Mushroom_21-hasIngredient-MC","NamedPizza_Mushroom_21",117,253,"Property Assertion","MC","SELECT ?x WHERE { <http://www.example.com/genealogy.owl#Mushroom_21> <http://www.example.com/genealogy.owl#hasIngredient> ?x }","hasIngredient","MozzarellaTopping_dynamic_1; MushroomTopping_dynamic_1; TomatoTopping_dynamic_1",2,2
"2hop-NamedPizza_Mushroom_21_Mushroom_21-Mushroom_21-rdf:type-Food-BIN","NamedPizza_Mushroom_21",117,253,"Membership","BIN","ASK WHERE { <http://www.example.com/genealogy.owl#Mushroom_21> <http://www.w3.org/1999/02/22-rdf-syntax-ns#type> <http://www.example.com/genealogy.owl#Food> }","rdf:type","TRUE",3,3
"2hop-NamedPizza_Mushroom_21_Mushroom_21-Mushroom_21-rdf:type-American-NEG-BIN","NamedPizza_Mushroom_21",117,253,"Membership","BIN","ASK WHERE { <http://www.example.com/genealogy.owl#Mushroom_21> <http://www.w3.org/1999/02/22-rdf-syntax-ns#type> <http://www.example.com/genealogy.owl#American> }","rdf:type","FALSE",3,3
"2hop-NamedPizza_Mushroom_21_Mushroom_21-Mushroom_21-rdf:type-MC","NamedPizza_Mushroom_21",117,253,"Membership","MC","SELECT ?x WHERE { <http://www.example.com/genealogy.owl#Mushroom_21> <http://www.w3.org/1999/02/22-rdf-syntax-ns#type> ?x }","rdf:type","DomainConcept; Food; Pizza",3,3
"2hop-NamedPizza_Mushroom_224_Mushroom_224-Mushroom_224-rdf:type-MC","NamedPizza_Mushroom_224",117,253,"Membership","MC","SELECT ?x WHERE { <http://www.example.com/genealogy.owl#Mushroom_224> <http://www.w3.org/1999/02/22-rdf-syntax-ns#type> ?x }","rdf:type","DomainConcept; Food; Pizza",2,2
"2hop-NamedPizza_Mushroom_224_Mushroom_224-Mushroom_224-hasIngredient-MC","NamedPizza_Mushroom_224",117,253,"Property Assertion","MC","SELECT ?x WHERE { <http://www.example.com/genealogy.owl#Mushroom_224> <http://www.example.com/genealogy.owl#hasIngredient> ?x }","hasIngredient","MozzarellaTopping_dynamic_1; MushroomTopping_dynamic_1; TomatoTopping_dynamic_1",2,2
"2hop-NamedPizza_Mushroom_224_Mushroom_224-Mushroom_224-hasTopping-MC","NamedPizza_Mushroom_224",117,253,"Property Assertion","MC","SELECT ?x WHERE { <http://www.example.com/genealogy.owl#Mushroom_224> <http://www.example.com/genealogy.owl#hasTopping> ?x }","hasTopping","MozzarellaTopping_dynamic_1; MushroomTopping_dynamic_1; TomatoTopping_dynamic_1",1,1
"2hop-NamedPizza_Mushroom_224_Mushroom_224-Mushroom_224-hasIngredient-MozzarellaTopping_dynamic_1-BIN","NamedPizza_Mushroom_224",117,253,"Property Assertion","BIN","ASK WHERE { <http://www.example.com/genealogy.owl#Mushroom_224> <http://www.example.com/genealogy.owl#hasIngredient> <http://www.example.com/genealogy.owl#MozzarellaTopping_dynamic_1> }","hasIngredient","TRUE",2,2
"2hop-NamedPizza_Mushroom_224_Mushroom_224-Mushroom_224-hasIngredient-AmericanHot_131-NEG-BIN","NamedPizza_Mushroom_224",117,253,"Property Assertion","BIN","ASK WHERE { <http://www.example.com/genealogy.owl#Mushroom_224> <http://www.example.com/genealogy.owl#hasIngredient> <http://www.example.com/genealogy.owl#AmericanHot_131> }","hasIngredient","FALSE",2,2
"2hop-NamedPizza_Mushroom_224_Mushroom_224-Mushroom_224-rdf:type-Food-BIN","NamedPizza_Mushroom_224",117,253,"Membership","BIN","ASK WHERE { <http://www.example.com/genealogy.owl#Mushroom_224> <http://www.w3.org/1999/02/22-rdf-syntax-ns#type> <http://www.example.com/genealogy.owl#Food> }","rdf:type","TRUE",3,3
"2hop-NamedPizza_Mushroom_224_Mushroom_224-Mushroom_224-rdf:type-American-NEG-BIN","NamedPizza_Mushroom_224",117,253,"Membership","BIN","ASK WHERE { <http://www.example.com/genealogy.owl#Mushroom_224> <http://www.w3.org/1999/02/22-rdf-syntax-ns#type> <http://www.example.com/genealogy.owl#American> }","rdf:type","FALSE",3,3
"2hop-NamedPizza_Mushroom_224_Mushroom_224-Mushroom_224-hasTopping-MozzarellaTopping_dynamic_1-BIN","NamedPizza_Mushroom_224",117,253,"Property Assertion","BIN","ASK WHERE { <http://www.example.com/genealogy.owl#Mushroom_224> <http://www.example.com/genealogy.owl#hasTopping> <http://www.example.com/genealogy.owl#MozzarellaTopping_dynamic_1> }","hasTopping","TRUE",1,1
"2hop-NamedPizza_Mushroom_224_Mushroom_224-Mushroom_224-hasTopping-AmericanHot_131-NEG-BIN","NamedPizza_Mushroom_224",117,253,"Property Assertion","BIN","ASK WHERE { <http://www.example.com/genealogy.owl#Mushroom_224> <http://www.example.com/genealogy.owl#hasTopping> <http://www.example.com/genealogy.owl#AmericanHot_131> }","hasTopping","FALSE",1,1
"2hop-NamedPizza_Mushroom_35_Mushroom_35-Mushroom_35-rdf:type-MC","NamedPizza_Mushroom_35",117,253,"Membership","MC","SELECT ?x WHERE { <http://www.example.com/genealogy.owl#Mushroom_35> <http://www.w3.org/1999/02/22-rdf-syntax-ns#type> ?x }","rdf:type","DomainConcept; Food; Pizza",4,4
"2hop-NamedPizza_Mushroom_35_Mushroom_35-Mushroom_35-hasTopping-MC","NamedPizza_Mushroom_35",117,253,"Property Assertion","MC","SELECT ?x WHERE { <http://www.example.com/genealogy.owl#Mushroom_35> <http://www.example.com/genealogy.owl#hasTopping> ?x }","hasTopping","MozzarellaTopping_dynamic_1; MushroomTopping_dynamic_1; TomatoTopping_dynamic_1",1,1
"2hop-NamedPizza_Mushroom_35_Mushroom_35-Mushroom_35-hasTopping-MozzarellaTopping_dynamic_1-BIN","NamedPizza_Mushroom_35",117,253,"Property Assertion","BIN","ASK WHERE { <http://www.example.com/genealogy.owl#Mushroom_35> <http://www.example.com/genealogy.owl#hasTopping> <http://www.example.com/genealogy.owl#MozzarellaTopping_dynamic_1> }","hasTopping","TRUE",1,1
"2hop-NamedPizza_Mushroom_35_Mushroom_35-Mushroom_35-hasTopping-AmericanHot_131-NEG-BIN","NamedPizza_Mushroom_35",117,253,"Property Assertion","BIN","ASK WHERE { <http://www.example.com/genealogy.owl#Mushroom_35> <http://www.example.com/genealogy.owl#hasTopping> <http://www.example.com/genealogy.owl#AmericanHot_131> }","hasTopping","FALSE",1,1
"2hop-NamedPizza_Mushroom_35_Mushroom_35-Mushroom_35-hasIngredient-MC","NamedPizza_Mushroom_35",117,253,"Property Assertion","MC","SELECT ?x WHERE { <http://www.example.com/genealogy.owl#Mushroom_35> <http://www.example.com/genealogy.owl#hasIngredient> ?x }","hasIngredient","MozzarellaTopping_dynamic_1; MushroomTopping_dynamic_1; TomatoTopping_dynamic_1",2,2
"2hop-NamedPizza_Mushroom_35_Mushroom_35-Mushroom_35-rdf:type-Food-BIN","NamedPizza_Mushroom_35",117,253,"Membership","BIN","ASK WHERE { <http://www.example.com/genealogy.owl#Mushroom_35> <http://www.w3.org/1999/02/22-rdf-syntax-ns#type> <http://www.example.com/genealogy.owl#Food> }","rdf:type","TRUE",3,3
"2hop-NamedPizza_Mushroom_35_Mushroom_35-Mushroom_35-rdf:type-American-NEG-BIN","NamedPizza_Mushroom_35",117,253,"Membership","BIN","ASK WHERE { <http://www.example.com/genealogy.owl#Mushroom_35> <http://www.w3.org/1999/02/22-rdf-syntax-ns#type> <http://www.example.com/genealogy.owl#American> }","rdf:type","FALSE",3,3
"2hop-NamedPizza_Mushroom_35_Mushroom_35-Mushroom_35-hasIngredient-MozzarellaTopping_dynamic_1-BIN","NamedPizza_Mushroom_35",117,253,"Property Assertion","BIN","ASK WHERE { <http://www.example.com/genealogy.owl#Mushroom_35> <http://www.example.com/genealogy.owl#hasIngredient> <http://www.example.com/genealogy.owl#MozzarellaTopping_dynamic_1> }","hasIngredient","TRUE",2,2
"2hop-NamedPizza_Mushroom_35_Mushroom_35-Mushroom_35-hasIngredient-AmericanHot_131-NEG-BIN","NamedPizza_Mushroom_35",117,253,"Property Assertion","BIN","ASK WHERE { <http://www.example.com/genealogy.owl#Mushroom_35> <http://www.example.com/genealogy.owl#hasIngredient> <http://www.example.com/genealogy.owl#AmericanHot_131> }","hasIngredient","FALSE",2,2
"2hop-NamedPizza_Mushroom_40_Mushroom_40-Mushroom_40-hasTopping-MozzarellaTopping_dynamic_1-BIN","NamedPizza_Mushroom_40",117,253,"Property Assertion","BIN","ASK WHERE { <http://www.example.com/genealogy.owl#Mushroom_40> <http://www.example.com/genealogy.owl#hasTopping> <http://www.example.com/genealogy.owl#MozzarellaTopping_dynamic_1> }","hasTopping","TRUE",1,1
"2hop-NamedPizza_Mushroom_40_Mushroom_40-Mushroom_40-hasTopping-AmericanHot_131-NEG-BIN","NamedPizza_Mushroom_40",117,253,"Property Assertion","BIN","ASK WHERE { <http://www.example.com/genealogy.owl#Mushroom_40> <http://www.example.com/genealogy.owl#hasTopping> <http://www.example.com/genealogy.owl#AmericanHot_131> }","hasTopping","FALSE",1,1
"2hop-NamedPizza_Mushroom_40_Mushroom_40-Mushroom_40-hasTopping-MC","NamedPizza_Mushroom_40",117,253,"Property Assertion","MC","SELECT ?x WHERE { <http://www.example.com/genealogy.owl#Mushroom_40> <http://www.example.com/genealogy.owl#hasTopping> ?x }","hasTopping","MozzarellaTopping_dynamic_1; MushroomTopping_dynamic_1; TomatoTopping_dynamic_1",1,1
"2hop-NamedPizza_Mushroom_40_Mushroom_40-Mushroom_40-rdf:type-Food-BIN","NamedPizza_Mushroom_40",117,253,"Membership","BIN","ASK WHERE { <http://www.example.com/genealogy.owl#Mushroom_40> <http://www.w3.org/1999/02/22-rdf-syntax-ns#type> <http://www.example.com/genealogy.owl#Food> }","rdf:type","TRUE",3,3
"2hop-NamedPizza_Mushroom_40_Mushroom_40-Mushroom_40-rdf:type-American-NEG-BIN","NamedPizza_Mushroom_40",117,253,"Membership","BIN","ASK WHERE { <http://www.example.com/genealogy.owl#Mushroom_40> <http://www.w3.org/1999/02/22-rdf-syntax-ns#type> <http://www.example.com/genealogy.owl#American> }","rdf:type","FALSE",3,3
"2hop-NamedPizza_Mushroom_40_Mushroom_40-Mushroom_40-rdf:type-MC","NamedPizza_Mushroom_40",117,253,"Membership","MC","SELECT ?x WHERE { <http://www.example.com/genealogy.owl#Mushroom_40> <http://www.w3.org/1999/02/22-rdf-syntax-ns#type> ?x }","rdf:type","DomainConcept; Food; Pizza",3,3
"2hop-NamedPizza_Mushroom_40_Mushroom_40-Mushroom_40-hasIngredient-MC","NamedPizza_Mushroom_40",117,253,"Property Assertion","MC","SELECT ?x WHERE { <http://www.example.com/genealogy.owl#Mushroom_40> <http://www.example.com/genealogy.owl#hasIngredient> ?x }","hasIngredient","MozzarellaTopping_dynamic_1; MushroomTopping_dynamic_1; TomatoTopping_dynamic_1",2,2
"2hop-NamedPizza_Mushroom_40_Mushroom_40-Mushroom_40-hasIngredient-MozzarellaTopping_dynamic_1-BIN","NamedPizza_Mushroom_40",117,253,"Property Assertion","BIN","ASK WHERE { <http://www.example.com/genealogy.owl#Mushroom_40> <http://www.example.com/genealogy.owl#hasIngredient> <http://www.example.com/genealogy.owl#MozzarellaTopping_dynamic_1> }","hasIngredient","TRUE",2,2
"2hop-NamedPizza_Mushroom_40_Mushroom_40-Mushroom_40-hasIngredient-AmericanHot_131-NEG-BIN","NamedPizza_Mushroom_40",117,253,"Property Assertion","BIN","ASK WHERE { <http://www.example.com/genealogy.owl#Mushroom_40> <http://www.example.com/genealogy.owl#hasIngredient> <http://www.example.com/genealogy.owl#AmericanHot_131> }","hasIngredient","FALSE",2,2
"2hop-NamedPizza_Mushroom_5_Mushroom_5-Mushroom_5-hasIngredient-MC","NamedPizza_Mushroom_5",117,253,"Property Assertion","MC","SELECT ?x WHERE { <http://www.example.com/genealogy.owl#Mushroom_5> <http://www.example.com/genealogy.owl#hasIngredient> ?x }","hasIngredient","MozzarellaTopping_dynamic_1; MushroomTopping_dynamic_1; TomatoTopping_dynamic_1",2,2
"2hop-NamedPizza_Mushroom_5_Mushroom_5-Mushroom_5-rdf:type-MC","NamedPizza_Mushroom_5",117,253,"Membership","MC","SELECT ?x WHERE { <http://www.example.com/genealogy.owl#Mushroom_5> <http://www.w3.org/1999/02/22-rdf-syntax-ns#type> ?x }","rdf:type","DomainConcept; Food; Pizza",2,2
"2hop-NamedPizza_Mushroom_5_Mushroom_5-Mushroom_5-hasTopping-MC","NamedPizza_Mushroom_5",117,253,"Property Assertion","MC","SELECT ?x WHERE { <http://www.example.com/genealogy.owl#Mushroom_5> <http://www.example.com/genealogy.owl#hasTopping> ?x }","hasTopping","MozzarellaTopping_dynamic_1; MushroomTopping_dynamic_1; TomatoTopping_dynamic_1",1,1
"2hop-NamedPizza_Mushroom_5_Mushroom_5-Mushroom_5-rdf:type-Food-BIN","NamedPizza_Mushroom_5",117,253,"Membership","BIN","ASK WHERE { <http://www.example.com/genealogy.owl#Mushroom_5> <http://www.w3.org/1999/02/22-rdf-syntax-ns#type> <http://www.example.com/genealogy.owl#Food> }","rdf:type","TRUE",3,3
"2hop-NamedPizza_Mushroom_5_Mushroom_5-Mushroom_5-rdf:type-American-NEG-BIN","NamedPizza_Mushroom_5",117,253,"Membership","BIN","ASK WHERE { <http://www.example.com/genealogy.owl#Mushroom_5> <http://www.w3.org/1999/02/22-rdf-syntax-ns#type> <http://www.example.com/genealogy.owl#American> }","rdf:type","FALSE",3,3
"2hop-NamedPizza_Mushroom_5_Mushroom_5-Mushroom_5-hasTopping-MozzarellaTopping_dynamic_1-BIN","NamedPizza_Mushroom_5",117,253,"Property Assertion","BIN","ASK WHERE { <http://www.example.com/genealogy.owl#Mushroom_5> <http://www.example.com/genealogy.owl#hasTopping> <http://www.example.com/genealogy.owl#MozzarellaTopping_dynamic_1> }","hasTopping","TRUE",1,1
"2hop-NamedPizza_Mushroom_5_Mushroom_5-Mushroom_5-hasTopping-AmericanHot_131-NEG-BIN","NamedPizza_Mushroom_5",117,253,"Property Assertion","BIN","ASK WHERE { <http://www.example.com/genealogy.owl#Mushroom_5> <http://www.example.com/genealogy.owl#hasTopping> <http://www.example.com/genealogy.owl#AmericanHot_131> }","hasTopping","FALSE",1,1
"2hop-NamedPizza_Mushroom_5_Mushroom_5-Mushroom_5-hasIngredient-MozzarellaTopping_dynamic_1-BIN","NamedPizza_Mushroom_5",117,253,"Property Assertion","BIN","ASK WHERE { <http://www.example.com/genealogy.owl#Mushroom_5> <http://www.example.com/genealogy.owl#hasIngredient> <http://www.example.com/genealogy.owl#MozzarellaTopping_dynamic_1> }","hasIngredient","TRUE",2,2
"2hop-NamedPizza_Mushroom_5_Mushroom_5-Mushroom_5-hasIngredient-AmericanHot_131-NEG-BIN","NamedPizza_Mushroom_5",117,253,"Property Assertion","BIN","ASK WHERE { <http://www.example.com/genealogy.owl#Mushroom_5> <http://www.example.com/genealogy.owl#hasIngredient> <http://www.example.com/genealogy.owl#AmericanHot_131> }","hasIngredient","FALSE",2,2
"2hop-NamedPizza_Mushroom_80_Mushroom_80-Mushroom_80-rdf:type-MC","NamedPizza_Mushroom_80",117,253,"Membership","MC","SELECT ?x WHERE { <http://www.example.com/genealogy.owl#Mushroom_80> <http://www.w3.org/1999/02/22-rdf-syntax-ns#type> ?x }","rdf:type","DomainConcept; Food; Pizza",4,4
"2hop-NamedPizza_Mushroom_80_Mushroom_80-Mushroom_80-rdf:type-Food-BIN","NamedPizza_Mushroom_80",117,253,"Membership","BIN","ASK WHERE { <http://www.example.com/genealogy.owl#Mushroom_80> <http://www.w3.org/1999/02/22-rdf-syntax-ns#type> <http://www.example.com/genealogy.owl#Food> }","rdf:type","TRUE",3,3
"2hop-NamedPizza_Mushroom_80_Mushroom_80-Mushroom_80-rdf:type-American-NEG-BIN","NamedPizza_Mushroom_80",117,253,"Membership","BIN","ASK WHERE { <http://www.example.com/genealogy.owl#Mushroom_80> <http://www.w3.org/1999/02/22-rdf-syntax-ns#type> <http://www.example.com/genealogy.owl#American> }","rdf:type","FALSE",3,3
"2hop-NamedPizza_Mushroom_80_Mushroom_80-Mushroom_80-hasIngredient-MC","NamedPizza_Mushroom_80",117,253,"Property Assertion","MC","SELECT ?x WHERE { <http://www.example.com/genealogy.owl#Mushroom_80> <http://www.example.com/genealogy.owl#hasIngredient> ?x }","hasIngredient","MozzarellaTopping_dynamic_1; MushroomTopping_dynamic_1; TomatoTopping_dynamic_1",2,2
"2hop-NamedPizza_Mushroom_80_Mushroom_80-Mushroom_80-hasIngredient-MozzarellaTopping_dynamic_1-BIN","NamedPizza_Mushroom_80",117,253,"Property Assertion","BIN","ASK WHERE { <http://www.example.com/genealogy.owl#Mushroom_80> <http://www.example.com/genealogy.owl#hasIngredient> <http://www.example.com/genealogy.owl#MozzarellaTopping_dynamic_1> }","hasIngredient","TRUE",2,2
"2hop-NamedPizza_Mushroom_80_Mushroom_80-Mushroom_80-hasIngredient-AmericanHot_131-NEG-BIN","NamedPizza_Mushroom_80",117,253,"Property Assertion","BIN","ASK WHERE { <http://www.example.com/genealogy.owl#Mushroom_80> <http://www.example.com/genealogy.owl#hasIngredient> <http://www.example.com/genealogy.owl#AmericanHot_131> }","hasIngredient","FALSE",2,2
"2hop-NamedPizza_Mushroom_80_Mushroom_80-Mushroom_80-hasTopping-MC","NamedPizza_Mushroom_80",117,253,"Property Assertion","MC","SELECT ?x WHERE { <http://www.example.com/genealogy.owl#Mushroom_80> <http://www.example.com/genealogy.owl#hasTopping> ?x }","hasTopping","MozzarellaTopping_dynamic_1; MushroomTopping_dynamic_1; TomatoTopping_dynamic_1",1,1
"2hop-NamedPizza_Mushroom_80_Mushroom_80-Mushroom_80-hasTopping-MozzarellaTopping_dynamic_1-BIN","NamedPizza_Mushroom_80",117,253,"Property Assertion","BIN","ASK WHERE { <http://www.example.com/genealogy.owl#Mushroom_80> <http://www.example.com/genealogy.owl#hasTopping> <http://www.example.com/genealogy.owl#MozzarellaTopping_dynamic_1> }","hasTopping","TRUE",1,1
"2hop-NamedPizza_Mushroom_80_Mushroom_80-Mushroom_80-hasTopping-AmericanHot_131-NEG-BIN","NamedPizza_Mushroom_80",117,253,"Property Assertion","BIN","ASK WHERE { <http://www.example.com/genealogy.owl#Mushroom_80> <http://www.example.com/genealogy.owl#hasTopping> <http://www.example.com/genealogy.owl#AmericanHot_131> }","hasTopping","FALSE",1,1
"2hop-NamedPizza_Napoletana_102_Napoletana_102-Napoletana_102-hasIngredient-MC","NamedPizza_Napoletana_102",117,255,"Property Assertion","MC","SELECT ?x WHERE { <http://www.example.com/genealogy.owl#Napoletana_102> <http://www.example.com/genealogy.owl#hasIngredient> ?x }","hasIngredient","AnchoviesTopping_dynamic_1; CaperTopping_dynamic_1; MozzarellaTopping_dynamic_1; OliveTopping_dynamic_1; TomatoTopping_dynamic_1",2,2
"2hop-NamedPizza_Napoletana_102_Napoletana_102-Napoletana_102-hasTopping-AnchoviesTopping_dynamic_1-BIN","NamedPizza_Napoletana_102",117,255,"Property Assertion","BIN","ASK WHERE { <http://www.example.com/genealogy.owl#Napoletana_102> <http://www.example.com/genealogy.owl#hasTopping> <http://www.example.com/genealogy.owl#AnchoviesTopping_dynamic_1> }","hasTopping","TRUE",1,1
"2hop-NamedPizza_Napoletana_102_Napoletana_102-Napoletana_102-hasTopping-AmericanHot_131-NEG-BIN","NamedPizza_Napoletana_102",117,255,"Property Assertion","BIN","ASK WHERE { <http://www.example.com/genealogy.owl#Napoletana_102> <http://www.example.com/genealogy.owl#hasTopping> <http://www.example.com/genealogy.owl#AmericanHot_131> }","hasTopping","FALSE",1,1
"2hop-NamedPizza_Napoletana_102_Napoletana_102-Napoletana_102-hasTopping-MC","NamedPizza_Napoletana_102",117,255,"Property Assertion","MC","SELECT ?x WHERE { <http://www.example.com/genealogy.owl#Napoletana_102> <http://www.example.com/genealogy.owl#hasTopping> ?x }","hasTopping","AnchoviesTopping_dynamic_1; CaperTopping_dynamic_1; MozzarellaTopping_dynamic_1; OliveTopping_dynamic_1; TomatoTopping_dynamic_1",1,1
"2hop-NamedPizza_Napoletana_102_Napoletana_102-Napoletana_102-hasIngredient-AnchoviesTopping_dynamic_1-BIN","NamedPizza_Napoletana_102",117,255,"Property Assertion","BIN","ASK WHERE { <http://www.example.com/genealogy.owl#Napoletana_102> <http://www.example.com/genealogy.owl#hasIngredient> <http://www.example.com/genealogy.owl#AnchoviesTopping_dynamic_1> }","hasIngredient","TRUE",2,2
"2hop-NamedPizza_Napoletana_102_Napoletana_102-Napoletana_102-hasIngredient-AmericanHot_131-NEG-BIN","NamedPizza_Napoletana_102",117,255,"Property Assertion","BIN","ASK WHERE { <http://www.example.com/genealogy.owl#Napoletana_102> <http://www.example.com/genealogy.owl#hasIngredient> <http://www.example.com/genealogy.owl#AmericanHot_131> }","hasIngredient","FALSE",2,2
"2hop-NamedPizza_Napoletana_102_Napoletana_102-Napoletana_102-rdf:type-MC","NamedPizza_Napoletana_102",117,255,"Membership","MC","SELECT ?x WHERE { <http://www.example.com/genealogy.owl#Napoletana_102> <http://www.w3.org/1999/02/22-rdf-syntax-ns#type> ?x }","rdf:type","DomainConcept; Food; Pizza",2,2
"2hop-NamedPizza_Napoletana_102_Napoletana_102-Napoletana_102-rdf:type-Food-BIN","NamedPizza_Napoletana_102",117,255,"Membership","BIN","ASK WHERE { <http://www.example.com/genealogy.owl#Napoletana_102> <http://www.w3.org/1999/02/22-rdf-syntax-ns#type> <http://www.example.com/genealogy.owl#Food> }","rdf:type","TRUE",3,3
"2hop-NamedPizza_Napoletana_102_Napoletana_102-Napoletana_102-rdf:type-American-NEG-BIN","NamedPizza_Napoletana_102",117,255,"Membership","BIN","ASK WHERE { <http://www.example.com/genealogy.owl#Napoletana_102> <http://www.w3.org/1999/02/22-rdf-syntax-ns#type> <http://www.example.com/genealogy.owl#American> }","rdf:type","FALSE",3,3
"2hop-NamedPizza_Napoletana_126_Napoletana_126-Napoletana_126-hasIngredient-MC","NamedPizza_Napoletana_126",117,255,"Property Assertion","MC","SELECT ?x WHERE { <http://www.example.com/genealogy.owl#Napoletana_126> <http://www.example.com/genealogy.owl#hasIngredient> ?x }","hasIngredient","AnchoviesTopping_dynamic_1; CaperTopping_dynamic_1; MozzarellaTopping_dynamic_1; OliveTopping_dynamic_1; TomatoTopping_dynamic_1",2,2
"2hop-NamedPizza_Napoletana_126_Napoletana_126-Napoletana_126-hasTopping-AnchoviesTopping_dynamic_1-BIN","NamedPizza_Napoletana_126",117,255,"Property Assertion","BIN","ASK WHERE { <http://www.example.com/genealogy.owl#Napoletana_126> <http://www.example.com/genealogy.owl#hasTopping> <http://www.example.com/genealogy.owl#AnchoviesTopping_dynamic_1> }","hasTopping","TRUE",1,1
"2hop-NamedPizza_Napoletana_126_Napoletana_126-Napoletana_126-hasTopping-AmericanHot_131-NEG-BIN","NamedPizza_Napoletana_126",117,255,"Property Assertion","BIN","ASK WHERE { <http://www.example.com/genealogy.owl#Napoletana_126> <http://www.example.com/genealogy.owl#hasTopping> <http://www.example.com/genealogy.owl#AmericanHot_131> }","hasTopping","FALSE",1,1
"2hop-NamedPizza_Napoletana_126_Napoletana_126-Napoletana_126-hasTopping-MC","NamedPizza_Napoletana_126",117,255,"Property Assertion","MC","SELECT ?x WHERE { <http://www.example.com/genealogy.owl#Napoletana_126> <http://www.example.com/genealogy.owl#hasTopping> ?x }","hasTopping","AnchoviesTopping_dynamic_1; CaperTopping_dynamic_1; MozzarellaTopping_dynamic_1; OliveTopping_dynamic_1; TomatoTopping_dynamic_1",1,1
"2hop-NamedPizza_Napoletana_126_Napoletana_126-Napoletana_126-rdf:type-MC","NamedPizza_Napoletana_126",117,255,"Membership","MC","SELECT ?x WHERE { <http://www.example.com/genealogy.owl#Napoletana_126> <http://www.w3.org/1999/02/22-rdf-syntax-ns#type> ?x }","rdf:type","DomainConcept; Food; Pizza",2,2
"2hop-NamedPizza_Napoletana_126_Napoletana_126-Napoletana_126-hasIngredient-AnchoviesTopping_dynamic_1-BIN","NamedPizza_Napoletana_126",117,255,"Property Assertion","BIN","ASK WHERE { <http://www.example.com/genealogy.owl#Napoletana_126> <http://www.example.com/genealogy.owl#hasIngredient> <http://www.example.com/genealogy.owl#AnchoviesTopping_dynamic_1> }","hasIngredient","TRUE",2,2
"2hop-NamedPizza_Napoletana_126_Napoletana_126-Napoletana_126-hasIngredient-AmericanHot_131-NEG-BIN","NamedPizza_Napoletana_126",117,255,"Property Assertion","BIN","ASK WHERE { <http://www.example.com/genealogy.owl#Napoletana_126> <http://www.example.com/genealogy.owl#hasIngredient> <http://www.example.com/genealogy.owl#AmericanHot_131> }","hasIngredient","FALSE",2,2
"2hop-NamedPizza_Napoletana_126_Napoletana_126-Napoletana_126-rdf:type-Food-BIN","NamedPizza_Napoletana_126",117,255,"Membership","BIN","ASK WHERE { <http://www.example.com/genealogy.owl#Napoletana_126> <http://www.w3.org/1999/02/22-rdf-syntax-ns#type> <http://www.example.com/genealogy.owl#Food> }","rdf:type","TRUE",3,3
"2hop-NamedPizza_Napoletana_126_Napoletana_126-Napoletana_126-rdf:type-American-NEG-BIN","NamedPizza_Napoletana_126",117,255,"Membership","BIN","ASK WHERE { <http://www.example.com/genealogy.owl#Napoletana_126> <http://www.w3.org/1999/02/22-rdf-syntax-ns#type> <http://www.example.com/genealogy.owl#American> }","rdf:type","FALSE",3,3
"2hop-NamedPizza_Napoletana_151_Napoletana_151-Napoletana_151-hasTopping-MC","NamedPizza_Napoletana_151",117,255,"Property Assertion","MC","SELECT ?x WHERE { <http://www.example.com/genealogy.owl#Napoletana_151> <http://www.example.com/genealogy.owl#hasTopping> ?x }","hasTopping","AnchoviesTopping_dynamic_1; CaperTopping_dynamic_1; MozzarellaTopping_dynamic_1; OliveTopping_dynamic_1; TomatoTopping_dynamic_1",1,1
"2hop-NamedPizza_Napoletana_151_Napoletana_151-Napoletana_151-hasIngredient-MC","NamedPizza_Napoletana_151",117,255,"Property Assertion","MC","SELECT ?x WHERE { <http://www.example.com/genealogy.owl#Napoletana_151> <http://www.example.com/genealogy.owl#hasIngredient> ?x }","hasIngredient","AnchoviesTopping_dynamic_1; CaperTopping_dynamic_1; MozzarellaTopping_dynamic_1; OliveTopping_dynamic_1; TomatoTopping_dynamic_1",2,2
"2hop-NamedPizza_Napoletana_151_Napoletana_151-Napoletana_151-rdf:type-MC","NamedPizza_Napoletana_151",117,255,"Membership","MC","SELECT ?x WHERE { <http://www.example.com/genealogy.owl#Napoletana_151> <http://www.w3.org/1999/02/22-rdf-syntax-ns#type> ?x }","rdf:type","DomainConcept; Food; Pizza",2,2
"2hop-NamedPizza_Napoletana_151_Napoletana_151-Napoletana_151-hasIngredient-AnchoviesTopping_dynamic_1-BIN","NamedPizza_Napoletana_151",117,255,"Property Assertion","BIN","ASK WHERE { <http://www.example.com/genealogy.owl#Napoletana_151> <http://www.example.com/genealogy.owl#hasIngredient> <http://www.example.com/genealogy.owl#AnchoviesTopping_dynamic_1> }","hasIngredient","TRUE",2,2
"2hop-NamedPizza_Napoletana_151_Napoletana_151-Napoletana_151-hasIngredient-AmericanHot_131-NEG-BIN","NamedPizza_Napoletana_151",117,255,"Property Assertion","BIN","ASK WHERE { <http://www.example.com/genealogy.owl#Napoletana_151> <http://www.example.com/genealogy.owl#hasIngredient> <http://www.example.com/genealogy.owl#AmericanHot_131> }","hasIngredient","FALSE",2,2
"2hop-NamedPizza_Napoletana_151_Napoletana_151-Napoletana_151-hasTopping-AnchoviesTopping_dynamic_1-BIN","NamedPizza_Napoletana_151",117,255,"Property Assertion","BIN","ASK WHERE { <http://www.example.com/genealogy.owl#Napoletana_151> <http://www.example.com/genealogy.owl#hasTopping> <http://www.example.com/genealogy.owl#AnchoviesTopping_dynamic_1> }","hasTopping","TRUE",1,1
"2hop-NamedPizza_Napoletana_151_Napoletana_151-Napoletana_151-hasTopping-AmericanHot_131-NEG-BIN","NamedPizza_Napoletana_151",117,255,"Property Assertion","BIN","ASK WHERE { <http://www.example.com/genealogy.owl#Napoletana_151> <http://www.example.com/genealogy.owl#hasTopping> <http://www.example.com/genealogy.owl#AmericanHot_131> }","hasTopping","FALSE",1,1
"2hop-NamedPizza_Napoletana_151_Napoletana_151-Napoletana_151-rdf:type-Food-BIN","NamedPizza_Napoletana_151",117,255,"Membership","BIN","ASK WHERE { <http://www.example.com/genealogy.owl#Napoletana_151> <http://www.w3.org/1999/02/22-rdf-syntax-ns#type> <http://www.example.com/genealogy.owl#Food> }","rdf:type","TRUE",3,3
"2hop-NamedPizza_Napoletana_151_Napoletana_151-Napoletana_151-rdf:type-American-NEG-BIN","NamedPizza_Napoletana_151",117,255,"Membership","BIN","ASK WHERE { <http://www.example.com/genealogy.owl#Napoletana_151> <http://www.w3.org/1999/02/22-rdf-syntax-ns#type> <http://www.example.com/genealogy.owl#American> }","rdf:type","FALSE",3,3
"2hop-NamedPizza_Napoletana_169_Napoletana_169-Napoletana_169-rdf:type-MC","NamedPizza_Napoletana_169",117,255,"Membership","MC","SELECT ?x WHERE { <http://www.example.com/genealogy.owl#Napoletana_169> <http://www.w3.org/1999/02/22-rdf-syntax-ns#type> ?x }","rdf:type","DomainConcept; Food; Pizza",4,4
"2hop-NamedPizza_Napoletana_169_Napoletana_169-Napoletana_169-hasTopping-MC","NamedPizza_Napoletana_169",117,255,"Property Assertion","MC","SELECT ?x WHERE { <http://www.example.com/genealogy.owl#Napoletana_169> <http://www.example.com/genealogy.owl#hasTopping> ?x }","hasTopping","AnchoviesTopping_dynamic_1; CaperTopping_dynamic_1; MozzarellaTopping_dynamic_1; OliveTopping_dynamic_1; TomatoTopping_dynamic_1",1,1
"2hop-NamedPizza_Napoletana_169_Napoletana_169-Napoletana_169-rdf:type-Food-BIN","NamedPizza_Napoletana_169",117,255,"Membership","BIN","ASK WHERE { <http://www.example.com/genealogy.owl#Napoletana_169> <http://www.w3.org/1999/02/22-rdf-syntax-ns#type> <http://www.example.com/genealogy.owl#Food> }","rdf:type","TRUE",3,3
"2hop-NamedPizza_Napoletana_169_Napoletana_169-Napoletana_169-rdf:type-American-NEG-BIN","NamedPizza_Napoletana_169",117,255,"Membership","BIN","ASK WHERE { <http://www.example.com/genealogy.owl#Napoletana_169> <http://www.w3.org/1999/02/22-rdf-syntax-ns#type> <http://www.example.com/genealogy.owl#American> }","rdf:type","FALSE",3,3
"2hop-NamedPizza_Napoletana_169_Napoletana_169-Napoletana_169-hasIngredient-AnchoviesTopping_dynamic_1-BIN","NamedPizza_Napoletana_169",117,255,"Property Assertion","BIN","ASK WHERE { <http://www.example.com/genealogy.owl#Napoletana_169> <http://www.example.com/genealogy.owl#hasIngredient> <http://www.example.com/genealogy.owl#AnchoviesTopping_dynamic_1> }","hasIngredient","TRUE",2,2
"2hop-NamedPizza_Napoletana_169_Napoletana_169-Napoletana_169-hasIngredient-AmericanHot_131-NEG-BIN","NamedPizza_Napoletana_169",117,255,"Property Assertion","BIN","ASK WHERE { <http://www.example.com/genealogy.owl#Napoletana_169> <http://www.example.com/genealogy.owl#hasIngredient> <http://www.example.com/genealogy.owl#AmericanHot_131> }","hasIngredient","FALSE",2,2
"2hop-NamedPizza_Napoletana_169_Napoletana_169-Napoletana_169-hasIngredient-MC","NamedPizza_Napoletana_169",117,255,"Property Assertion","MC","SELECT ?x WHERE { <http://www.example.com/genealogy.owl#Napoletana_169> <http://www.example.com/genealogy.owl#hasIngredient> ?x }","hasIngredient","AnchoviesTopping_dynamic_1; CaperTopping_dynamic_1; MozzarellaTopping_dynamic_1; OliveTopping_dynamic_1; TomatoTopping_dynamic_1",2,2
"2hop-NamedPizza_Napoletana_169_Napoletana_169-Napoletana_169-hasTopping-AnchoviesTopping_dynamic_1-BIN","NamedPizza_Napoletana_169",117,255,"Property Assertion","BIN","ASK WHERE { <http://www.example.com/genealogy.owl#Napoletana_169> <http://www.example.com/genealogy.owl#hasTopping> <http://www.example.com/genealogy.owl#AnchoviesTopping_dynamic_1> }","hasTopping","TRUE",1,1
"2hop-NamedPizza_Napoletana_169_Napoletana_169-Napoletana_169-hasTopping-AmericanHot_131-NEG-BIN","NamedPizza_Napoletana_169",117,255,"Property Assertion","BIN","ASK WHERE { <http://www.example.com/genealogy.owl#Napoletana_169> <http://www.example.com/genealogy.owl#hasTopping> <http://www.example.com/genealogy.owl#AmericanHot_131> }","hasTopping","FALSE",1,1
"2hop-NamedPizza_Napoletana_189_Napoletana_189-Napoletana_189-rdf:type-MC","NamedPizza_Napoletana_189",117,255,"Membership","MC","SELECT ?x WHERE { <http://www.example.com/genealogy.owl#Napoletana_189> <http://www.w3.org/1999/02/22-rdf-syntax-ns#type> ?x }","rdf:type","DomainConcept; Food; Pizza",4,4
"2hop-NamedPizza_Napoletana_189_Napoletana_189-Napoletana_189-rdf:type-Food-BIN","NamedPizza_Napoletana_189",117,255,"Membership","BIN","ASK WHERE { <http://www.example.com/genealogy.owl#Napoletana_189> <http://www.w3.org/1999/02/22-rdf-syntax-ns#type> <http://www.example.com/genealogy.owl#Food> }","rdf:type","TRUE",3,3
"2hop-NamedPizza_Napoletana_189_Napoletana_189-Napoletana_189-rdf:type-American-NEG-BIN","NamedPizza_Napoletana_189",117,255,"Membership","BIN","ASK WHERE { <http://www.example.com/genealogy.owl#Napoletana_189> <http://www.w3.org/1999/02/22-rdf-syntax-ns#type> <http://www.example.com/genealogy.owl#American> }","rdf:type","FALSE",3,3
"2hop-NamedPizza_Napoletana_189_Napoletana_189-Napoletana_189-hasTopping-MC","NamedPizza_Napoletana_189",117,255,"Property Assertion","MC","SELECT ?x WHERE { <http://www.example.com/genealogy.owl#Napoletana_189> <http://www.example.com/genealogy.owl#hasTopping> ?x }","hasTopping","AnchoviesTopping_dynamic_1; CaperTopping_dynamic_1; MozzarellaTopping_dynamic_1; OliveTopping_dynamic_1; TomatoTopping_dynamic_1",1,1
"2hop-NamedPizza_Napoletana_189_Napoletana_189-Napoletana_189-hasIngredient-MC","NamedPizza_Napoletana_189",117,255,"Property Assertion","MC","SELECT ?x WHERE { <http://www.example.com/genealogy.owl#Napoletana_189> <http://www.example.com/genealogy.owl#hasIngredient> ?x }","hasIngredient","AnchoviesTopping_dynamic_1; CaperTopping_dynamic_1; MozzarellaTopping_dynamic_1; OliveTopping_dynamic_1; TomatoTopping_dynamic_1",2,2
"2hop-NamedPizza_Napoletana_189_Napoletana_189-Napoletana_189-hasTopping-AnchoviesTopping_dynamic_1-BIN","NamedPizza_Napoletana_189",117,255,"Property Assertion","BIN","ASK WHERE { <http://www.example.com/genealogy.owl#Napoletana_189> <http://www.example.com/genealogy.owl#hasTopping> <http://www.example.com/genealogy.owl#AnchoviesTopping_dynamic_1> }","hasTopping","TRUE",1,1
"2hop-NamedPizza_Napoletana_189_Napoletana_189-Napoletana_189-hasTopping-AmericanHot_131-NEG-BIN","NamedPizza_Napoletana_189",117,255,"Property Assertion","BIN","ASK WHERE { <http://www.example.com/genealogy.owl#Napoletana_189> <http://www.example.com/genealogy.owl#hasTopping> <http://www.example.com/genealogy.owl#AmericanHot_131> }","hasTopping","FALSE",1,1
"2hop-NamedPizza_Napoletana_189_Napoletana_189-Napoletana_189-hasIngredient-AnchoviesTopping_dynamic_1-BIN","NamedPizza_Napoletana_189",117,255,"Property Assertion","BIN","ASK WHERE { <http://www.example.com/genealogy.owl#Napoletana_189> <http://www.example.com/genealogy.owl#hasIngredient> <http://www.example.com/genealogy.owl#AnchoviesTopping_dynamic_1> }","hasIngredient","TRUE",2,2
"2hop-NamedPizza_Napoletana_189_Napoletana_189-Napoletana_189-hasIngredient-AmericanHot_131-NEG-BIN","NamedPizza_Napoletana_189",117,255,"Property Assertion","BIN","ASK WHERE { <http://www.example.com/genealogy.owl#Napoletana_189> <http://www.example.com/genealogy.owl#hasIngredient> <http://www.example.com/genealogy.owl#AmericanHot_131> }","hasIngredient","FALSE",2,2
"2hop-NamedPizza_Napoletana_195_Napoletana_195-Napoletana_195-hasTopping-MC","NamedPizza_Napoletana_195",117,255,"Property Assertion","MC","SELECT ?x WHERE { <http://www.example.com/genealogy.owl#Napoletana_195> <http://www.example.com/genealogy.owl#hasTopping> ?x }","hasTopping","AnchoviesTopping_dynamic_1; CaperTopping_dynamic_1; MozzarellaTopping_dynamic_1; OliveTopping_dynamic_1; TomatoTopping_dynamic_1",1,1
"2hop-NamedPizza_Napoletana_195_Napoletana_195-Napoletana_195-rdf:type-MC","NamedPizza_Napoletana_195",117,255,"Membership","MC","SELECT ?x WHERE { <http://www.example.com/genealogy.owl#Napoletana_195> <http://www.w3.org/1999/02/22-rdf-syntax-ns#type> ?x }","rdf:type","DomainConcept; Food; Pizza",4,4
"2hop-NamedPizza_Napoletana_195_Napoletana_195-Napoletana_195-hasIngredient-AnchoviesTopping_dynamic_1-BIN","NamedPizza_Napoletana_195",117,255,"Property Assertion","BIN","ASK WHERE { <http://www.example.com/genealogy.owl#Napoletana_195> <http://www.example.com/genealogy.owl#hasIngredient> <http://www.example.com/genealogy.owl#AnchoviesTopping_dynamic_1> }","hasIngredient","TRUE",2,2
"2hop-NamedPizza_Napoletana_195_Napoletana_195-Napoletana_195-hasIngredient-AmericanHot_131-NEG-BIN","NamedPizza_Napoletana_195",117,255,"Property Assertion","BIN","ASK WHERE { <http://www.example.com/genealogy.owl#Napoletana_195> <http://www.example.com/genealogy.owl#hasIngredient> <http://www.example.com/genealogy.owl#AmericanHot_131> }","hasIngredient","FALSE",2,2
"2hop-NamedPizza_Napoletana_195_Napoletana_195-Napoletana_195-hasIngredient-MC","NamedPizza_Napoletana_195",117,255,"Property Assertion","MC","SELECT ?x WHERE { <http://www.example.com/genealogy.owl#Napoletana_195> <http://www.example.com/genealogy.owl#hasIngredient> ?x }","hasIngredient","AnchoviesTopping_dynamic_1; CaperTopping_dynamic_1; MozzarellaTopping_dynamic_1; OliveTopping_dynamic_1; TomatoTopping_dynamic_1",2,2
"2hop-NamedPizza_Napoletana_195_Napoletana_195-Napoletana_195-rdf:type-Food-BIN","NamedPizza_Napoletana_195",117,255,"Membership","BIN","ASK WHERE { <http://www.example.com/genealogy.owl#Napoletana_195> <http://www.w3.org/1999/02/22-rdf-syntax-ns#type> <http://www.example.com/genealogy.owl#Food> }","rdf:type","TRUE",3,3
"2hop-NamedPizza_Napoletana_195_Napoletana_195-Napoletana_195-rdf:type-American-NEG-BIN","NamedPizza_Napoletana_195",117,255,"Membership","BIN","ASK WHERE { <http://www.example.com/genealogy.owl#Napoletana_195> <http://www.w3.org/1999/02/22-rdf-syntax-ns#type> <http://www.example.com/genealogy.owl#American> }","rdf:type","FALSE",3,3
"2hop-NamedPizza_Napoletana_195_Napoletana_195-Napoletana_195-hasTopping-AnchoviesTopping_dynamic_1-BIN","NamedPizza_Napoletana_195",117,255,"Property Assertion","BIN","ASK WHERE { <http://www.example.com/genealogy.owl#Napoletana_195> <http://www.example.com/genealogy.owl#hasTopping> <http://www.example.com/genealogy.owl#AnchoviesTopping_dynamic_1> }","hasTopping","TRUE",1,1
"2hop-NamedPizza_Napoletana_195_Napoletana_195-Napoletana_195-hasTopping-AmericanHot_131-NEG-BIN","NamedPizza_Napoletana_195",117,255,"Property Assertion","BIN","ASK WHERE { <http://www.example.com/genealogy.owl#Napoletana_195> <http://www.example.com/genealogy.owl#hasTopping> <http://www.example.com/genealogy.owl#AmericanHot_131> }","hasTopping","FALSE",1,1
"2hop-NamedPizza_Napoletana_203_Napoletana_203-Napoletana_203-hasTopping-AnchoviesTopping_dynamic_1-BIN","NamedPizza_Napoletana_203",117,255,"Property Assertion","BIN","ASK WHERE { <http://www.example.com/genealogy.owl#Napoletana_203> <http://www.example.com/genealogy.owl#hasTopping> <http://www.example.com/genealogy.owl#AnchoviesTopping_dynamic_1> }","hasTopping","TRUE",1,1
"2hop-NamedPizza_Napoletana_203_Napoletana_203-Napoletana_203-hasTopping-AmericanHot_131-NEG-BIN","NamedPizza_Napoletana_203",117,255,"Property Assertion","BIN","ASK WHERE { <http://www.example.com/genealogy.owl#Napoletana_203> <http://www.example.com/genealogy.owl#hasTopping> <http://www.example.com/genealogy.owl#AmericanHot_131> }","hasTopping","FALSE",1,1
"2hop-NamedPizza_Napoletana_203_Napoletana_203-Napoletana_203-hasTopping-MC","NamedPizza_Napoletana_203",117,255,"Property Assertion","MC","SELECT ?x WHERE { <http://www.example.com/genealogy.owl#Napoletana_203> <http://www.example.com/genealogy.owl#hasTopping> ?x }","hasTopping","AnchoviesTopping_dynamic_1; CaperTopping_dynamic_1; MozzarellaTopping_dynamic_1; OliveTopping_dynamic_1; TomatoTopping_dynamic_1",1,1
"2hop-NamedPizza_Napoletana_203_Napoletana_203-Napoletana_203-hasIngredient-MC","NamedPizza_Napoletana_203",117,255,"Property Assertion","MC","SELECT ?x WHERE { <http://www.example.com/genealogy.owl#Napoletana_203> <http://www.example.com/genealogy.owl#hasIngredient> ?x }","hasIngredient","AnchoviesTopping_dynamic_1; CaperTopping_dynamic_1; MozzarellaTopping_dynamic_1; OliveTopping_dynamic_1; TomatoTopping_dynamic_1",2,2
"2hop-NamedPizza_Napoletana_203_Napoletana_203-Napoletana_203-rdf:type-Food-BIN","NamedPizza_Napoletana_203",117,255,"Membership","BIN","ASK WHERE { <http://www.example.com/genealogy.owl#Napoletana_203> <http://www.w3.org/1999/02/22-rdf-syntax-ns#type> <http://www.example.com/genealogy.owl#Food> }","rdf:type","TRUE",3,3
"2hop-NamedPizza_Napoletana_203_Napoletana_203-Napoletana_203-rdf:type-American-NEG-BIN","NamedPizza_Napoletana_203",117,255,"Membership","BIN","ASK WHERE { <http://www.example.com/genealogy.owl#Napoletana_203> <http://www.w3.org/1999/02/22-rdf-syntax-ns#type> <http://www.example.com/genealogy.owl#American> }","rdf:type","FALSE",3,3
"2hop-NamedPizza_Napoletana_203_Napoletana_203-Napoletana_203-rdf:type-MC","NamedPizza_Napoletana_203",117,255,"Membership","MC","SELECT ?x WHERE { <http://www.example.com/genealogy.owl#Napoletana_203> <http://www.w3.org/1999/02/22-rdf-syntax-ns#type> ?x }","rdf:type","DomainConcept; Food; Pizza",3,3
"2hop-NamedPizza_Napoletana_203_Napoletana_203-Napoletana_203-hasIngredient-AnchoviesTopping_dynamic_1-BIN","NamedPizza_Napoletana_203",117,255,"Property Assertion","BIN","ASK WHERE { <http://www.example.com/genealogy.owl#Napoletana_203> <http://www.example.com/genealogy.owl#hasIngredient> <http://www.example.com/genealogy.owl#AnchoviesTopping_dynamic_1> }","hasIngredient","TRUE",2,2
"2hop-NamedPizza_Napoletana_203_Napoletana_203-Napoletana_203-hasIngredient-AmericanHot_131-NEG-BIN","NamedPizza_Napoletana_203",117,255,"Property Assertion","BIN","ASK WHERE { <http://www.example.com/genealogy.owl#Napoletana_203> <http://www.example.com/genealogy.owl#hasIngredient> <http://www.example.com/genealogy.owl#AmericanHot_131> }","hasIngredient","FALSE",2,2
"2hop-NamedPizza_Napoletana_211_Napoletana_211-Napoletana_211-hasIngredient-AnchoviesTopping_dynamic_1-BIN","NamedPizza_Napoletana_211",117,255,"Property Assertion","BIN","ASK WHERE { <http://www.example.com/genealogy.owl#Napoletana_211> <http://www.example.com/genealogy.owl#hasIngredient> <http://www.example.com/genealogy.owl#AnchoviesTopping_dynamic_1> }","hasIngredient","TRUE",2,2
"2hop-NamedPizza_Napoletana_211_Napoletana_211-Napoletana_211-hasIngredient-AmericanHot_131-NEG-BIN","NamedPizza_Napoletana_211",117,255,"Property Assertion","BIN","ASK WHERE { <http://www.example.com/genealogy.owl#Napoletana_211> <http://www.example.com/genealogy.owl#hasIngredient> <http://www.example.com/genealogy.owl#AmericanHot_131> }","hasIngredient","FALSE",2,2
"2hop-NamedPizza_Napoletana_211_Napoletana_211-Napoletana_211-hasIngredient-MC","NamedPizza_Napoletana_211",117,255,"Property Assertion","MC","SELECT ?x WHERE { <http://www.example.com/genealogy.owl#Napoletana_211> <http://www.example.com/genealogy.owl#hasIngredient> ?x }","hasIngredient","AnchoviesTopping_dynamic_1; CaperTopping_dynamic_1; MozzarellaTopping_dynamic_1; OliveTopping_dynamic_1; TomatoTopping_dynamic_1",2,2
"2hop-NamedPizza_Napoletana_211_Napoletana_211-Napoletana_211-hasTopping-MC","NamedPizza_Napoletana_211",117,255,"Property Assertion","MC","SELECT ?x WHERE { <http://www.example.com/genealogy.owl#Napoletana_211> <http://www.example.com/genealogy.owl#hasTopping> ?x }","hasTopping","AnchoviesTopping_dynamic_1; CaperTopping_dynamic_1; MozzarellaTopping_dynamic_1; OliveTopping_dynamic_1; TomatoTopping_dynamic_1",1,1
"2hop-NamedPizza_Napoletana_211_Napoletana_211-Napoletana_211-hasTopping-AnchoviesTopping_dynamic_1-BIN","NamedPizza_Napoletana_211",117,255,"Property Assertion","BIN","ASK WHERE { <http://www.example.com/genealogy.owl#Napoletana_211> <http://www.example.com/genealogy.owl#hasTopping> <http://www.example.com/genealogy.owl#AnchoviesTopping_dynamic_1> }","hasTopping","TRUE",1,1
"2hop-NamedPizza_Napoletana_211_Napoletana_211-Napoletana_211-hasTopping-AmericanHot_131-NEG-BIN","NamedPizza_Napoletana_211",117,255,"Property Assertion","BIN","ASK WHERE { <http://www.example.com/genealogy.owl#Napoletana_211> <http://www.example.com/genealogy.owl#hasTopping> <http://www.example.com/genealogy.owl#AmericanHot_131> }","hasTopping","FALSE",1,1
"2hop-NamedPizza_Napoletana_211_Napoletana_211-Napoletana_211-rdf:type-Food-BIN","NamedPizza_Napoletana_211",117,255,"Membership","BIN","ASK WHERE { <http://www.example.com/genealogy.owl#Napoletana_211> <http://www.w3.org/1999/02/22-rdf-syntax-ns#type> <http://www.example.com/genealogy.owl#Food> }","rdf:type","TRUE",3,3
"2hop-NamedPizza_Napoletana_211_Napoletana_211-Napoletana_211-rdf:type-American-NEG-BIN","NamedPizza_Napoletana_211",117,255,"Membership","BIN","ASK WHERE { <http://www.example.com/genealogy.owl#Napoletana_211> <http://www.w3.org/1999/02/22-rdf-syntax-ns#type> <http://www.example.com/genealogy.owl#American> }","rdf:type","FALSE",3,3
"2hop-NamedPizza_Napoletana_211_Napoletana_211-Napoletana_211-rdf:type-MC","NamedPizza_Napoletana_211",117,255,"Membership","MC","SELECT ?x WHERE { <http://www.example.com/genealogy.owl#Napoletana_211> <http://www.w3.org/1999/02/22-rdf-syntax-ns#type> ?x }","rdf:type","DomainConcept; Food; Pizza",3,3
"2hop-NamedPizza_Napoletana_248_Napoletana_248-Napoletana_248-hasTopping-MC","NamedPizza_Napoletana_248",117,255,"Property Assertion","MC","SELECT ?x WHERE { <http://www.example.com/genealogy.owl#Napoletana_248> <http://www.example.com/genealogy.owl#hasTopping> ?x }","hasTopping","AnchoviesTopping_dynamic_1; CaperTopping_dynamic_1; MozzarellaTopping_dynamic_1; OliveTopping_dynamic_1; TomatoTopping_dynamic_1",1,1
"2hop-NamedPizza_Napoletana_248_Napoletana_248-Napoletana_248-rdf:type-Food-BIN","NamedPizza_Napoletana_248",117,255,"Membership","BIN","ASK WHERE { <http://www.example.com/genealogy.owl#Napoletana_248> <http://www.w3.org/1999/02/22-rdf-syntax-ns#type> <http://www.example.com/genealogy.owl#Food> }","rdf:type","TRUE",3,3
"2hop-NamedPizza_Napoletana_248_Napoletana_248-Napoletana_248-rdf:type-American-NEG-BIN","NamedPizza_Napoletana_248",117,255,"Membership","BIN","ASK WHERE { <http://www.example.com/genealogy.owl#Napoletana_248> <http://www.w3.org/1999/02/22-rdf-syntax-ns#type> <http://www.example.com/genealogy.owl#American> }","rdf:type","FALSE",3,3
"2hop-NamedPizza_Napoletana_248_Napoletana_248-Napoletana_248-rdf:type-MC","NamedPizza_Napoletana_248",117,255,"Membership","MC","SELECT ?x WHERE { <http://www.example.com/genealogy.owl#Napoletana_248> <http://www.w3.org/1999/02/22-rdf-syntax-ns#type> ?x }","rdf:type","DomainConcept; Food; Pizza",3,3
"2hop-NamedPizza_Napoletana_248_Napoletana_248-Napoletana_248-hasIngredient-MC","NamedPizza_Napoletana_248",117,255,"Property Assertion","MC","SELECT ?x WHERE { <http://www.example.com/genealogy.owl#Napoletana_248> <http://www.example.com/genealogy.owl#hasIngredient> ?x }","hasIngredient","AnchoviesTopping_dynamic_1; CaperTopping_dynamic_1; MozzarellaTopping_dynamic_1; OliveTopping_dynamic_1; TomatoTopping_dynamic_1",2,2
"2hop-NamedPizza_Napoletana_248_Napoletana_248-Napoletana_248-hasIngredient-AnchoviesTopping_dynamic_1-BIN","NamedPizza_Napoletana_248",117,255,"Property Assertion","BIN","ASK WHERE { <http://www.example.com/genealogy.owl#Napoletana_248> <http://www.example.com/genealogy.owl#hasIngredient> <http://www.example.com/genealogy.owl#AnchoviesTopping_dynamic_1> }","hasIngredient","TRUE",2,2
"2hop-NamedPizza_Napoletana_248_Napoletana_248-Napoletana_248-hasIngredient-AmericanHot_131-NEG-BIN","NamedPizza_Napoletana_248",117,255,"Property Assertion","BIN","ASK WHERE { <http://www.example.com/genealogy.owl#Napoletana_248> <http://www.example.com/genealogy.owl#hasIngredient> <http://www.example.com/genealogy.owl#AmericanHot_131> }","hasIngredient","FALSE",2,2
"2hop-NamedPizza_Napoletana_248_Napoletana_248-Napoletana_248-hasTopping-AnchoviesTopping_dynamic_1-BIN","NamedPizza_Napoletana_248",117,255,"Property Assertion","BIN","ASK WHERE { <http://www.example.com/genealogy.owl#Napoletana_248> <http://www.example.com/genealogy.owl#hasTopping> <http://www.example.com/genealogy.owl#AnchoviesTopping_dynamic_1> }","hasTopping","TRUE",1,1
"2hop-NamedPizza_Napoletana_248_Napoletana_248-Napoletana_248-hasTopping-AmericanHot_131-NEG-BIN","NamedPizza_Napoletana_248",117,255,"Property Assertion","BIN","ASK WHERE { <http://www.example.com/genealogy.owl#Napoletana_248> <http://www.example.com/genealogy.owl#hasTopping> <http://www.example.com/genealogy.owl#AmericanHot_131> }","hasTopping","FALSE",1,1
"2hop-NamedPizza_Napoletana_83_Napoletana_83-Napoletana_83-hasIngredient-MC","NamedPizza_Napoletana_83",117,255,"Property Assertion","MC","SELECT ?x WHERE { <http://www.example.com/genealogy.owl#Napoletana_83> <http://www.example.com/genealogy.owl#hasIngredient> ?x }","hasIngredient","AnchoviesTopping_dynamic_1; CaperTopping_dynamic_1; MozzarellaTopping_dynamic_1; OliveTopping_dynamic_1; TomatoTopping_dynamic_1",2,2
"2hop-NamedPizza_Napoletana_83_Napoletana_83-Napoletana_83-hasTopping-MC","NamedPizza_Napoletana_83",117,255,"Property Assertion","MC","SELECT ?x WHERE { <http://www.example.com/genealogy.owl#Napoletana_83> <http://www.example.com/genealogy.owl#hasTopping> ?x }","hasTopping","AnchoviesTopping_dynamic_1; CaperTopping_dynamic_1; MozzarellaTopping_dynamic_1; OliveTopping_dynamic_1; TomatoTopping_dynamic_1",1,1
"2hop-NamedPizza_Napoletana_83_Napoletana_83-Napoletana_83-rdf:type-MC","NamedPizza_Napoletana_83",117,255,"Membership","MC","SELECT ?x WHERE { <http://www.example.com/genealogy.owl#Napoletana_83> <http://www.w3.org/1999/02/22-rdf-syntax-ns#type> ?x }","rdf:type","DomainConcept; Food; Pizza",4,4
"2hop-NamedPizza_Napoletana_83_Napoletana_83-Napoletana_83-hasIngredient-AnchoviesTopping_dynamic_1-BIN","NamedPizza_Napoletana_83",117,255,"Property Assertion","BIN","ASK WHERE { <http://www.example.com/genealogy.owl#Napoletana_83> <http://www.example.com/genealogy.owl#hasIngredient> <http://www.example.com/genealogy.owl#AnchoviesTopping_dynamic_1> }","hasIngredient","TRUE",2,2
"2hop-NamedPizza_Napoletana_83_Napoletana_83-Napoletana_83-hasIngredient-AmericanHot_131-NEG-BIN","NamedPizza_Napoletana_83",117,255,"Property Assertion","BIN","ASK WHERE { <http://www.example.com/genealogy.owl#Napoletana_83> <http://www.example.com/genealogy.owl#hasIngredient> <http://www.example.com/genealogy.owl#AmericanHot_131> }","hasIngredient","FALSE",2,2
"2hop-NamedPizza_Napoletana_83_Napoletana_83-Napoletana_83-hasTopping-AnchoviesTopping_dynamic_1-BIN","NamedPizza_Napoletana_83",117,255,"Property Assertion","BIN","ASK WHERE { <http://www.example.com/genealogy.owl#Napoletana_83> <http://www.example.com/genealogy.owl#hasTopping> <http://www.example.com/genealogy.owl#AnchoviesTopping_dynamic_1> }","hasTopping","TRUE",1,1
"2hop-NamedPizza_Napoletana_83_Napoletana_83-Napoletana_83-hasTopping-AmericanHot_131-NEG-BIN","NamedPizza_Napoletana_83",117,255,"Property Assertion","BIN","ASK WHERE { <http://www.example.com/genealogy.owl#Napoletana_83> <http://www.example.com/genealogy.owl#hasTopping> <http://www.example.com/genealogy.owl#AmericanHot_131> }","hasTopping","FALSE",1,1
"2hop-NamedPizza_Napoletana_83_Napoletana_83-Napoletana_83-rdf:type-Food-BIN","NamedPizza_Napoletana_83",117,255,"Membership","BIN","ASK WHERE { <http://www.example.com/genealogy.owl#Napoletana_83> <http://www.w3.org/1999/02/22-rdf-syntax-ns#type> <http://www.example.com/genealogy.owl#Food> }","rdf:type","TRUE",3,3
"2hop-NamedPizza_Napoletana_83_Napoletana_83-Napoletana_83-rdf:type-American-NEG-BIN","NamedPizza_Napoletana_83",117,255,"Membership","BIN","ASK WHERE { <http://www.example.com/genealogy.owl#Napoletana_83> <http://www.w3.org/1999/02/22-rdf-syntax-ns#type> <http://www.example.com/genealogy.owl#American> }","rdf:type","FALSE",3,3
"2hop-NamedPizza_Parmense_121_Parmense_121-Parmense_121-hasIngredient-MC","NamedPizza_Parmense_121",117,255,"Property Assertion","MC","SELECT ?x WHERE { <http://www.example.com/genealogy.owl#Parmense_121> <http://www.example.com/genealogy.owl#hasIngredient> ?x }","hasIngredient","AsparagusTopping_dynamic_1; HamTopping_dynamic_1; MozzarellaTopping_dynamic_1; ParmesanTopping_dynamic_1; TomatoTopping_dynamic_1",2,2
"2hop-NamedPizza_Parmense_121_Parmense_121-Parmense_121-hasTopping-MC","NamedPizza_Parmense_121",117,255,"Property Assertion","MC","SELECT ?x WHERE { <http://www.example.com/genealogy.owl#Parmense_121> <http://www.example.com/genealogy.owl#hasTopping> ?x }","hasTopping","AsparagusTopping_dynamic_1; HamTopping_dynamic_1; MozzarellaTopping_dynamic_1; ParmesanTopping_dynamic_1; TomatoTopping_dynamic_1",1,1
"2hop-NamedPizza_Parmense_121_Parmense_121-Parmense_121-rdf:type-Food-BIN","NamedPizza_Parmense_121",117,255,"Membership","BIN","ASK WHERE { <http://www.example.com/genealogy.owl#Parmense_121> <http://www.w3.org/1999/02/22-rdf-syntax-ns#type> <http://www.example.com/genealogy.owl#Food> }","rdf:type","TRUE",3,3
"2hop-NamedPizza_Parmense_121_Parmense_121-Parmense_121-rdf:type-American-NEG-BIN","NamedPizza_Parmense_121",117,255,"Membership","BIN","ASK WHERE { <http://www.example.com/genealogy.owl#Parmense_121> <http://www.w3.org/1999/02/22-rdf-syntax-ns#type> <http://www.example.com/genealogy.owl#American> }","rdf:type","FALSE",3,3
"2hop-NamedPizza_Parmense_121_Parmense_121-Parmense_121-rdf:type-MC","NamedPizza_Parmense_121",117,255,"Membership","MC","SELECT ?x WHERE { <http://www.example.com/genealogy.owl#Parmense_121> <http://www.w3.org/1999/02/22-rdf-syntax-ns#type> ?x }","rdf:type","DomainConcept; Food; Pizza",3,3
"2hop-NamedPizza_Parmense_121_Parmense_121-Parmense_121-hasIngredient-AsparagusTopping_dynamic_1-BIN","NamedPizza_Parmense_121",117,255,"Property Assertion","BIN","ASK WHERE { <http://www.example.com/genealogy.owl#Parmense_121> <http://www.example.com/genealogy.owl#hasIngredient> <http://www.example.com/genealogy.owl#AsparagusTopping_dynamic_1> }","hasIngredient","TRUE",2,2
"2hop-NamedPizza_Parmense_121_Parmense_121-Parmense_121-hasIngredient-AmericanHot_131-NEG-BIN","NamedPizza_Parmense_121",117,255,"Property Assertion","BIN","ASK WHERE { <http://www.example.com/genealogy.owl#Parmense_121> <http://www.example.com/genealogy.owl#hasIngredient> <http://www.example.com/genealogy.owl#AmericanHot_131> }","hasIngredient","FALSE",2,2
"2hop-NamedPizza_Parmense_121_Parmense_121-Parmense_121-hasTopping-AsparagusTopping_dynamic_1-BIN","NamedPizza_Parmense_121",117,255,"Property Assertion","BIN","ASK WHERE { <http://www.example.com/genealogy.owl#Parmense_121> <http://www.example.com/genealogy.owl#hasTopping> <http://www.example.com/genealogy.owl#AsparagusTopping_dynamic_1> }","hasTopping","TRUE",1,1
"2hop-NamedPizza_Parmense_121_Parmense_121-Parmense_121-hasTopping-AmericanHot_131-NEG-BIN","NamedPizza_Parmense_121",117,255,"Property Assertion","BIN","ASK WHERE { <http://www.example.com/genealogy.owl#Parmense_121> <http://www.example.com/genealogy.owl#hasTopping> <http://www.example.com/genealogy.owl#AmericanHot_131> }","hasTopping","FALSE",1,1
"2hop-NamedPizza_Parmense_129_Parmense_129-Parmense_129-hasTopping-MC","NamedPizza_Parmense_129",117,255,"Property Assertion","MC","SELECT ?x WHERE { <http://www.example.com/genealogy.owl#Parmense_129> <http://www.example.com/genealogy.owl#hasTopping> ?x }","hasTopping","AsparagusTopping_dynamic_1; HamTopping_dynamic_1; MozzarellaTopping_dynamic_1; ParmesanTopping_dynamic_1; TomatoTopping_dynamic_1",1,1
"2hop-NamedPizza_Parmense_129_Parmense_129-Parmense_129-hasIngredient-MC","NamedPizza_Parmense_129",117,255,"Property Assertion","MC","SELECT ?x WHERE { <http://www.example.com/genealogy.owl#Parmense_129> <http://www.example.com/genealogy.owl#hasIngredient> ?x }","hasIngredient","AsparagusTopping_dynamic_1; HamTopping_dynamic_1; MozzarellaTopping_dynamic_1; ParmesanTopping_dynamic_1; TomatoTopping_dynamic_1",2,2
"2hop-NamedPizza_Parmense_129_Parmense_129-Parmense_129-rdf:type-Food-BIN","NamedPizza_Parmense_129",117,255,"Membership","BIN","ASK WHERE { <http://www.example.com/genealogy.owl#Parmense_129> <http://www.w3.org/1999/02/22-rdf-syntax-ns#type> <http://www.example.com/genealogy.owl#Food> }","rdf:type","TRUE",3,3
"2hop-NamedPizza_Parmense_129_Parmense_129-Parmense_129-rdf:type-American-NEG-BIN","NamedPizza_Parmense_129",117,255,"Membership","BIN","ASK WHERE { <http://www.example.com/genealogy.owl#Parmense_129> <http://www.w3.org/1999/02/22-rdf-syntax-ns#type> <http://www.example.com/genealogy.owl#American> }","rdf:type","FALSE",3,3
"2hop-NamedPizza_Parmense_129_Parmense_129-Parmense_129-rdf:type-MC","NamedPizza_Parmense_129",117,255,"Membership","MC","SELECT ?x WHERE { <http://www.example.com/genealogy.owl#Parmense_129> <http://www.w3.org/1999/02/22-rdf-syntax-ns#type> ?x }","rdf:type","DomainConcept; Food; Pizza",3,3
"2hop-NamedPizza_Parmense_129_Parmense_129-Parmense_129-hasIngredient-AsparagusTopping_dynamic_1-BIN","NamedPizza_Parmense_129",117,255,"Property Assertion","BIN","ASK WHERE { <http://www.example.com/genealogy.owl#Parmense_129> <http://www.example.com/genealogy.owl#hasIngredient> <http://www.example.com/genealogy.owl#AsparagusTopping_dynamic_1> }","hasIngredient","TRUE",2,2
"2hop-NamedPizza_Parmense_129_Parmense_129-Parmense_129-hasIngredient-AmericanHot_131-NEG-BIN","NamedPizza_Parmense_129",117,255,"Property Assertion","BIN","ASK WHERE { <http://www.example.com/genealogy.owl#Parmense_129> <http://www.example.com/genealogy.owl#hasIngredient> <http://www.example.com/genealogy.owl#AmericanHot_131> }","hasIngredient","FALSE",2,2
"2hop-NamedPizza_Parmense_129_Parmense_129-Parmense_129-hasTopping-AsparagusTopping_dynamic_1-BIN","NamedPizza_Parmense_129",117,255,"Property Assertion","BIN","ASK WHERE { <http://www.example.com/genealogy.owl#Parmense_129> <http://www.example.com/genealogy.owl#hasTopping> <http://www.example.com/genealogy.owl#AsparagusTopping_dynamic_1> }","hasTopping","TRUE",1,1
"2hop-NamedPizza_Parmense_129_Parmense_129-Parmense_129-hasTopping-AmericanHot_131-NEG-BIN","NamedPizza_Parmense_129",117,255,"Property Assertion","BIN","ASK WHERE { <http://www.example.com/genealogy.owl#Parmense_129> <http://www.example.com/genealogy.owl#hasTopping> <http://www.example.com/genealogy.owl#AmericanHot_131> }","hasTopping","FALSE",1,1
"2hop-NamedPizza_Parmense_165_Parmense_165-Parmense_165-hasTopping-MC","NamedPizza_Parmense_165",117,255,"Property Assertion","MC","SELECT ?x WHERE { <http://www.example.com/genealogy.owl#Parmense_165> <http://www.example.com/genealogy.owl#hasTopping> ?x }","hasTopping","AsparagusTopping_dynamic_1; HamTopping_dynamic_1; MozzarellaTopping_dynamic_1; ParmesanTopping_dynamic_1; TomatoTopping_dynamic_1",1,1
"2hop-NamedPizza_Parmense_165_Parmense_165-Parmense_165-hasIngredient-MC","NamedPizza_Parmense_165",117,255,"Property Assertion","MC","SELECT ?x WHERE { <http://www.example.com/genealogy.owl#Parmense_165> <http://www.example.com/genealogy.owl#hasIngredient> ?x }","hasIngredient","AsparagusTopping_dynamic_1; HamTopping_dynamic_1; MozzarellaTopping_dynamic_1; ParmesanTopping_dynamic_1; TomatoTopping_dynamic_1",2,2
"2hop-NamedPizza_Parmense_165_Parmense_165-Parmense_165-rdf:type-MC","NamedPizza_Parmense_165",117,255,"Membership","MC","SELECT ?x WHERE { <http://www.example.com/genealogy.owl#Parmense_165> <http://www.w3.org/1999/02/22-rdf-syntax-ns#type> ?x }","rdf:type","DomainConcept; Food; Pizza",2,2
"2hop-NamedPizza_Parmense_165_Parmense_165-Parmense_165-hasTopping-AsparagusTopping_dynamic_1-BIN","NamedPizza_Parmense_165",117,255,"Property Assertion","BIN","ASK WHERE { <http://www.example.com/genealogy.owl#Parmense_165> <http://www.example.com/genealogy.owl#hasTopping> <http://www.example.com/genealogy.owl#AsparagusTopping_dynamic_1> }","hasTopping","TRUE",1,1
"2hop-NamedPizza_Parmense_165_Parmense_165-Parmense_165-hasTopping-AmericanHot_131-NEG-BIN","NamedPizza_Parmense_165",117,255,"Property Assertion","BIN","ASK WHERE { <http://www.example.com/genealogy.owl#Parmense_165> <http://www.example.com/genealogy.owl#hasTopping> <http://www.example.com/genealogy.owl#AmericanHot_131> }","hasTopping","FALSE",1,1
"2hop-NamedPizza_Parmense_165_Parmense_165-Parmense_165-hasIngredient-AsparagusTopping_dynamic_1-BIN","NamedPizza_Parmense_165",117,255,"Property Assertion","BIN","ASK WHERE { <http://www.example.com/genealogy.owl#Parmense_165> <http://www.example.com/genealogy.owl#hasIngredient> <http://www.example.com/genealogy.owl#AsparagusTopping_dynamic_1> }","hasIngredient","TRUE",2,2
"2hop-NamedPizza_Parmense_165_Parmense_165-Parmense_165-hasIngredient-AmericanHot_131-NEG-BIN","NamedPizza_Parmense_165",117,255,"Property Assertion","BIN","ASK WHERE { <http://www.example.com/genealogy.owl#Parmense_165> <http://www.example.com/genealogy.owl#hasIngredient> <http://www.example.com/genealogy.owl#AmericanHot_131> }","hasIngredient","FALSE",2,2
"2hop-NamedPizza_Parmense_165_Parmense_165-Parmense_165-rdf:type-Food-BIN","NamedPizza_Parmense_165",117,255,"Membership","BIN","ASK WHERE { <http://www.example.com/genealogy.owl#Parmense_165> <http://www.w3.org/1999/02/22-rdf-syntax-ns#type> <http://www.example.com/genealogy.owl#Food> }","rdf:type","TRUE",3,3
"2hop-NamedPizza_Parmense_165_Parmense_165-Parmense_165-rdf:type-American-NEG-BIN","NamedPizza_Parmense_165",117,255,"Membership","BIN","ASK WHERE { <http://www.example.com/genealogy.owl#Parmense_165> <http://www.w3.org/1999/02/22-rdf-syntax-ns#type> <http://www.example.com/genealogy.owl#American> }","rdf:type","FALSE",3,3
"2hop-NamedPizza_Parmense_173_Parmense_173-Parmense_173-hasIngredient-MC","NamedPizza_Parmense_173",117,255,"Property Assertion","MC","SELECT ?x WHERE { <http://www.example.com/genealogy.owl#Parmense_173> <http://www.example.com/genealogy.owl#hasIngredient> ?x }","hasIngredient","AsparagusTopping_dynamic_1; HamTopping_dynamic_1; MozzarellaTopping_dynamic_1; ParmesanTopping_dynamic_1; TomatoTopping_dynamic_1",2,2
"2hop-NamedPizza_Parmense_173_Parmense_173-Parmense_173-hasTopping-MC","NamedPizza_Parmense_173",117,255,"Property Assertion","MC","SELECT ?x WHERE { <http://www.example.com/genealogy.owl#Parmense_173> <http://www.example.com/genealogy.owl#hasTopping> ?x }","hasTopping","AsparagusTopping_dynamic_1; HamTopping_dynamic_1; MozzarellaTopping_dynamic_1; ParmesanTopping_dynamic_1; TomatoTopping_dynamic_1",1,1
"2hop-NamedPizza_Parmense_173_Parmense_173-Parmense_173-rdf:type-MC","NamedPizza_Parmense_173",117,255,"Membership","MC","SELECT ?x WHERE { <http://www.example.com/genealogy.owl#Parmense_173> <http://www.w3.org/1999/02/22-rdf-syntax-ns#type> ?x }","rdf:type","DomainConcept; Food; Pizza",4,4
"2hop-NamedPizza_Parmense_173_Parmense_173-Parmense_173-hasTopping-AsparagusTopping_dynamic_1-BIN","NamedPizza_Parmense_173",117,255,"Property Assertion","BIN","ASK WHERE { <http://www.example.com/genealogy.owl#Parmense_173> <http://www.example.com/genealogy.owl#hasTopping> <http://www.example.com/genealogy.owl#AsparagusTopping_dynamic_1> }","hasTopping","TRUE",1,1
"2hop-NamedPizza_Parmense_173_Parmense_173-Parmense_173-hasTopping-AmericanHot_131-NEG-BIN","NamedPizza_Parmense_173",117,255,"Property Assertion","BIN","ASK WHERE { <http://www.example.com/genealogy.owl#Parmense_173> <http://www.example.com/genealogy.owl#hasTopping> <http://www.example.com/genealogy.owl#AmericanHot_131> }","hasTopping","FALSE",1,1
"2hop-NamedPizza_Parmense_173_Parmense_173-Parmense_173-rdf:type-Food-BIN","NamedPizza_Parmense_173",117,255,"Membership","BIN","ASK WHERE { <http://www.example.com/genealogy.owl#Parmense_173> <http://www.w3.org/1999/02/22-rdf-syntax-ns#type> <http://www.example.com/genealogy.owl#Food> }","rdf:type","TRUE",3,3
"2hop-NamedPizza_Parmense_173_Parmense_173-Parmense_173-rdf:type-American-NEG-BIN","NamedPizza_Parmense_173",117,255,"Membership","BIN","ASK WHERE { <http://www.example.com/genealogy.owl#Parmense_173> <http://www.w3.org/1999/02/22-rdf-syntax-ns#type> <http://www.example.com/genealogy.owl#American> }","rdf:type","FALSE",3,3
"2hop-NamedPizza_Parmense_173_Parmense_173-Parmense_173-hasIngredient-AsparagusTopping_dynamic_1-BIN","NamedPizza_Parmense_173",117,255,"Property Assertion","BIN","ASK WHERE { <http://www.example.com/genealogy.owl#Parmense_173> <http://www.example.com/genealogy.owl#hasIngredient> <http://www.example.com/genealogy.owl#AsparagusTopping_dynamic_1> }","hasIngredient","TRUE",2,2
"2hop-NamedPizza_Parmense_173_Parmense_173-Parmense_173-hasIngredient-AmericanHot_131-NEG-BIN","NamedPizza_Parmense_173",117,255,"Property Assertion","BIN","ASK WHERE { <http://www.example.com/genealogy.owl#Parmense_173> <http://www.example.com/genealogy.owl#hasIngredient> <http://www.example.com/genealogy.owl#AmericanHot_131> }","hasIngredient","FALSE",2,2
"2hop-NamedPizza_Parmense_221_Parmense_221-Parmense_221-hasTopping-MC","NamedPizza_Parmense_221",117,255,"Property Assertion","MC","SELECT ?x WHERE { <http://www.example.com/genealogy.owl#Parmense_221> <http://www.example.com/genealogy.owl#hasTopping> ?x }","hasTopping","AsparagusTopping_dynamic_1; HamTopping_dynamic_1; MozzarellaTopping_dynamic_1; ParmesanTopping_dynamic_1; TomatoTopping_dynamic_1",1,1
"2hop-NamedPizza_Parmense_221_Parmense_221-Parmense_221-hasIngredient-AsparagusTopping_dynamic_1-BIN","NamedPizza_Parmense_221",117,255,"Property Assertion","BIN","ASK WHERE { <http://www.example.com/genealogy.owl#Parmense_221> <http://www.example.com/genealogy.owl#hasIngredient> <http://www.example.com/genealogy.owl#AsparagusTopping_dynamic_1> }","hasIngredient","TRUE",2,2
"2hop-NamedPizza_Parmense_221_Parmense_221-Parmense_221-hasIngredient-AmericanHot_131-NEG-BIN","NamedPizza_Parmense_221",117,255,"Property Assertion","BIN","ASK WHERE { <http://www.example.com/genealogy.owl#Parmense_221> <http://www.example.com/genealogy.owl#hasIngredient> <http://www.example.com/genealogy.owl#AmericanHot_131> }","hasIngredient","FALSE",2,2
"2hop-NamedPizza_Parmense_221_Parmense_221-Parmense_221-hasIngredient-MC","NamedPizza_Parmense_221",117,255,"Property Assertion","MC","SELECT ?x WHERE { <http://www.example.com/genealogy.owl#Parmense_221> <http://www.example.com/genealogy.owl#hasIngredient> ?x }","hasIngredient","AsparagusTopping_dynamic_1; HamTopping_dynamic_1; MozzarellaTopping_dynamic_1; ParmesanTopping_dynamic_1; TomatoTopping_dynamic_1",2,2
"2hop-NamedPizza_Parmense_221_Parmense_221-Parmense_221-rdf:type-MC","NamedPizza_Parmense_221",117,255,"Membership","MC","SELECT ?x WHERE { <http://www.example.com/genealogy.owl#Parmense_221> <http://www.w3.org/1999/02/22-rdf-syntax-ns#type> ?x }","rdf:type","DomainConcept; Food; Pizza",4,4
"2hop-NamedPizza_Parmense_221_Parmense_221-Parmense_221-rdf:type-Food-BIN","NamedPizza_Parmense_221",117,255,"Membership","BIN","ASK WHERE { <http://www.example.com/genealogy.owl#Parmense_221> <http://www.w3.org/1999/02/22-rdf-syntax-ns#type> <http://www.example.com/genealogy.owl#Food> }","rdf:type","TRUE",3,3
"2hop-NamedPizza_Parmense_221_Parmense_221-Parmense_221-rdf:type-American-NEG-BIN","NamedPizza_Parmense_221",117,255,"Membership","BIN","ASK WHERE { <http://www.example.com/genealogy.owl#Parmense_221> <http://www.w3.org/1999/02/22-rdf-syntax-ns#type> <http://www.example.com/genealogy.owl#American> }","rdf:type","FALSE",3,3
"2hop-NamedPizza_Parmense_221_Parmense_221-Parmense_221-hasTopping-AsparagusTopping_dynamic_1-BIN","NamedPizza_Parmense_221",117,255,"Property Assertion","BIN","ASK WHERE { <http://www.example.com/genealogy.owl#Parmense_221> <http://www.example.com/genealogy.owl#hasTopping> <http://www.example.com/genealogy.owl#AsparagusTopping_dynamic_1> }","hasTopping","TRUE",1,1
"2hop-NamedPizza_Parmense_221_Parmense_221-Parmense_221-hasTopping-AmericanHot_131-NEG-BIN","NamedPizza_Parmense_221",117,255,"Property Assertion","BIN","ASK WHERE { <http://www.example.com/genealogy.owl#Parmense_221> <http://www.example.com/genealogy.owl#hasTopping> <http://www.example.com/genealogy.owl#AmericanHot_131> }","hasTopping","FALSE",1,1
"2hop-NamedPizza_Parmense_23_Parmense_23-Parmense_23-hasIngredient-MC","NamedPizza_Parmense_23",117,255,"Property Assertion","MC","SELECT ?x WHERE { <http://www.example.com/genealogy.owl#Parmense_23> <http://www.example.com/genealogy.owl#hasIngredient> ?x }","hasIngredient","AsparagusTopping_dynamic_1; HamTopping_dynamic_1; MozzarellaTopping_dynamic_1; ParmesanTopping_dynamic_1; TomatoTopping_dynamic_1",2,2
"2hop-NamedPizza_Parmense_23_Parmense_23-Parmense_23-hasTopping-MC","NamedPizza_Parmense_23",117,255,"Property Assertion","MC","SELECT ?x WHERE { <http://www.example.com/genealogy.owl#Parmense_23> <http://www.example.com/genealogy.owl#hasTopping> ?x }","hasTopping","AsparagusTopping_dynamic_1; HamTopping_dynamic_1; MozzarellaTopping_dynamic_1; ParmesanTopping_dynamic_1; TomatoTopping_dynamic_1",1,1
"2hop-NamedPizza_Parmense_23_Parmense_23-Parmense_23-rdf:type-Food-BIN","NamedPizza_Parmense_23",117,255,"Membership","BIN","ASK WHERE { <http://www.example.com/genealogy.owl#Parmense_23> <http://www.w3.org/1999/02/22-rdf-syntax-ns#type> <http://www.example.com/genealogy.owl#Food> }","rdf:type","TRUE",3,3
"2hop-NamedPizza_Parmense_23_Parmense_23-Parmense_23-rdf:type-American-NEG-BIN","NamedPizza_Parmense_23",117,255,"Membership","BIN","ASK WHERE { <http://www.example.com/genealogy.owl#Parmense_23> <http://www.w3.org/1999/02/22-rdf-syntax-ns#type> <http://www.example.com/genealogy.owl#American> }","rdf:type","FALSE",3,3
"2hop-NamedPizza_Parmense_23_Parmense_23-Parmense_23-rdf:type-MC","NamedPizza_Parmense_23",117,255,"Membership","MC","SELECT ?x WHERE { <http://www.example.com/genealogy.owl#Parmense_23> <http://www.w3.org/1999/02/22-rdf-syntax-ns#type> ?x }","rdf:type","DomainConcept; Food; Pizza",3,3
"2hop-NamedPizza_Parmense_23_Parmense_23-Parmense_23-hasTopping-AsparagusTopping_dynamic_1-BIN","NamedPizza_Parmense_23",117,255,"Property Assertion","BIN","ASK WHERE { <http://www.example.com/genealogy.owl#Parmense_23> <http://www.example.com/genealogy.owl#hasTopping> <http://www.example.com/genealogy.owl#AsparagusTopping_dynamic_1> }","hasTopping","TRUE",1,1
"2hop-NamedPizza_Parmense_23_Parmense_23-Parmense_23-hasTopping-AmericanHot_131-NEG-BIN","NamedPizza_Parmense_23",117,255,"Property Assertion","BIN","ASK WHERE { <http://www.example.com/genealogy.owl#Parmense_23> <http://www.example.com/genealogy.owl#hasTopping> <http://www.example.com/genealogy.owl#AmericanHot_131> }","hasTopping","FALSE",1,1
"2hop-NamedPizza_Parmense_23_Parmense_23-Parmense_23-hasIngredient-AsparagusTopping_dynamic_1-BIN","NamedPizza_Parmense_23",117,255,"Property Assertion","BIN","ASK WHERE { <http://www.example.com/genealogy.owl#Parmense_23> <http://www.example.com/genealogy.owl#hasIngredient> <http://www.example.com/genealogy.owl#AsparagusTopping_dynamic_1> }","hasIngredient","TRUE",2,2
"2hop-NamedPizza_Parmense_23_Parmense_23-Parmense_23-hasIngredient-AmericanHot_131-NEG-BIN","NamedPizza_Parmense_23",117,255,"Property Assertion","BIN","ASK WHERE { <http://www.example.com/genealogy.owl#Parmense_23> <http://www.example.com/genealogy.owl#hasIngredient> <http://www.example.com/genealogy.owl#AmericanHot_131> }","hasIngredient","FALSE",2,2
"2hop-NamedPizza_Parmense_30_Parmense_30-Parmense_30-rdf:type-MC","NamedPizza_Parmense_30",117,255,"Membership","MC","SELECT ?x WHERE { <http://www.example.com/genealogy.owl#Parmense_30> <http://www.w3.org/1999/02/22-rdf-syntax-ns#type> ?x }","rdf:type","DomainConcept; Food; Pizza",4,4
"2hop-NamedPizza_Parmense_30_Parmense_30-Parmense_30-hasIngredient-AsparagusTopping_dynamic_1-BIN","NamedPizza_Parmense_30",117,255,"Property Assertion","BIN","ASK WHERE { <http://www.example.com/genealogy.owl#Parmense_30> <http://www.example.com/genealogy.owl#hasIngredient> <http://www.example.com/genealogy.owl#AsparagusTopping_dynamic_1> }","hasIngredient","TRUE",2,2
"2hop-NamedPizza_Parmense_30_Parmense_30-Parmense_30-hasIngredient-AmericanHot_131-NEG-BIN","NamedPizza_Parmense_30",117,255,"Property Assertion","BIN","ASK WHERE { <http://www.example.com/genealogy.owl#Parmense_30> <http://www.example.com/genealogy.owl#hasIngredient> <http://www.example.com/genealogy.owl#AmericanHot_131> }","hasIngredient","FALSE",2,2
"2hop-NamedPizza_Parmense_30_Parmense_30-Parmense_30-hasIngredient-MC","NamedPizza_Parmense_30",117,255,"Property Assertion","MC","SELECT ?x WHERE { <http://www.example.com/genealogy.owl#Parmense_30> <http://www.example.com/genealogy.owl#hasIngredient> ?x }","hasIngredient","AsparagusTopping_dynamic_1; HamTopping_dynamic_1; MozzarellaTopping_dynamic_1; ParmesanTopping_dynamic_1; TomatoTopping_dynamic_1",2,2
"2hop-NamedPizza_Parmense_30_Parmense_30-Parmense_30-rdf:type-Food-BIN","NamedPizza_Parmense_30",117,255,"Membership","BIN","ASK WHERE { <http://www.example.com/genealogy.owl#Parmense_30> <http://www.w3.org/1999/02/22-rdf-syntax-ns#type> <http://www.example.com/genealogy.owl#Food> }","rdf:type","TRUE",3,3
"2hop-NamedPizza_Parmense_30_Parmense_30-Parmense_30-rdf:type-American-NEG-BIN","NamedPizza_Parmense_30",117,255,"Membership","BIN","ASK WHERE { <http://www.example.com/genealogy.owl#Parmense_30> <http://www.w3.org/1999/02/22-rdf-syntax-ns#type> <http://www.example.com/genealogy.owl#American> }","rdf:type","FALSE",3,3
"2hop-NamedPizza_Parmense_30_Parmense_30-Parmense_30-hasTopping-MC","NamedPizza_Parmense_30",117,255,"Property Assertion","MC","SELECT ?x WHERE { <http://www.example.com/genealogy.owl#Parmense_30> <http://www.example.com/genealogy.owl#hasTopping> ?x }","hasTopping","AsparagusTopping_dynamic_1; HamTopping_dynamic_1; MozzarellaTopping_dynamic_1; ParmesanTopping_dynamic_1; TomatoTopping_dynamic_1",1,1
"2hop-NamedPizza_Parmense_30_Parmense_30-Parmense_30-hasTopping-AsparagusTopping_dynamic_1-BIN","NamedPizza_Parmense_30",117,255,"Property Assertion","BIN","ASK WHERE { <http://www.example.com/genealogy.owl#Parmense_30> <http://www.example.com/genealogy.owl#hasTopping> <http://www.example.com/genealogy.owl#AsparagusTopping_dynamic_1> }","hasTopping","TRUE",1,1
"2hop-NamedPizza_Parmense_30_Parmense_30-Parmense_30-hasTopping-AmericanHot_131-NEG-BIN","NamedPizza_Parmense_30",117,255,"Property Assertion","BIN","ASK WHERE { <http://www.example.com/genealogy.owl#Parmense_30> <http://www.example.com/genealogy.owl#hasTopping> <http://www.example.com/genealogy.owl#AmericanHot_131> }","hasTopping","FALSE",1,1
"2hop-NamedPizza_Parmense_43_Parmense_43-Parmense_43-hasIngredient-MC","NamedPizza_Parmense_43",117,255,"Property Assertion","MC","SELECT ?x WHERE { <http://www.example.com/genealogy.owl#Parmense_43> <http://www.example.com/genealogy.owl#hasIngredient> ?x }","hasIngredient","AsparagusTopping_dynamic_1; HamTopping_dynamic_1; MozzarellaTopping_dynamic_1; ParmesanTopping_dynamic_1; TomatoTopping_dynamic_1",2,2
"2hop-NamedPizza_Parmense_43_Parmense_43-Parmense_43-hasTopping-AsparagusTopping_dynamic_1-BIN","NamedPizza_Parmense_43",117,255,"Property Assertion","BIN","ASK WHERE { <http://www.example.com/genealogy.owl#Parmense_43> <http://www.example.com/genealogy.owl#hasTopping> <http://www.example.com/genealogy.owl#AsparagusTopping_dynamic_1> }","hasTopping","TRUE",1,1
"2hop-NamedPizza_Parmense_43_Parmense_43-Parmense_43-hasTopping-AmericanHot_131-NEG-BIN","NamedPizza_Parmense_43",117,255,"Property Assertion","BIN","ASK WHERE { <http://www.example.com/genealogy.owl#Parmense_43> <http://www.example.com/genealogy.owl#hasTopping> <http://www.example.com/genealogy.owl#AmericanHot_131> }","hasTopping","FALSE",1,1
"2hop-NamedPizza_Parmense_43_Parmense_43-Parmense_43-hasTopping-MC","NamedPizza_Parmense_43",117,255,"Property Assertion","MC","SELECT ?x WHERE { <http://www.example.com/genealogy.owl#Parmense_43> <http://www.example.com/genealogy.owl#hasTopping> ?x }","hasTopping","AsparagusTopping_dynamic_1; HamTopping_dynamic_1; MozzarellaTopping_dynamic_1; ParmesanTopping_dynamic_1; TomatoTopping_dynamic_1",1,1
"2hop-NamedPizza_Parmense_43_Parmense_43-Parmense_43-rdf:type-MC","NamedPizza_Parmense_43",117,255,"Membership","MC","SELECT ?x WHERE { <http://www.example.com/genealogy.owl#Parmense_43> <http://www.w3.org/1999/02/22-rdf-syntax-ns#type> ?x }","rdf:type","DomainConcept; Food; Pizza",4,4
"2hop-NamedPizza_Parmense_43_Parmense_43-Parmense_43-rdf:type-Food-BIN","NamedPizza_Parmense_43",117,255,"Membership","BIN","ASK WHERE { <http://www.example.com/genealogy.owl#Parmense_43> <http://www.w3.org/1999/02/22-rdf-syntax-ns#type> <http://www.example.com/genealogy.owl#Food> }","rdf:type","TRUE",3,3
"2hop-NamedPizza_Parmense_43_Parmense_43-Parmense_43-rdf:type-American-NEG-BIN","NamedPizza_Parmense_43",117,255,"Membership","BIN","ASK WHERE { <http://www.example.com/genealogy.owl#Parmense_43> <http://www.w3.org/1999/02/22-rdf-syntax-ns#type> <http://www.example.com/genealogy.owl#American> }","rdf:type","FALSE",3,3
"2hop-NamedPizza_Parmense_43_Parmense_43-Parmense_43-hasIngredient-AsparagusTopping_dynamic_1-BIN","NamedPizza_Parmense_43",117,255,"Property Assertion","BIN","ASK WHERE { <http://www.example.com/genealogy.owl#Parmense_43> <http://www.example.com/genealogy.owl#hasIngredient> <http://www.example.com/genealogy.owl#AsparagusTopping_dynamic_1> }","hasIngredient","TRUE",2,2
"2hop-NamedPizza_Parmense_43_Parmense_43-Parmense_43-hasIngredient-AmericanHot_131-NEG-BIN","NamedPizza_Parmense_43",117,255,"Property Assertion","BIN","ASK WHERE { <http://www.example.com/genealogy.owl#Parmense_43> <http://www.example.com/genealogy.owl#hasIngredient> <http://www.example.com/genealogy.owl#AmericanHot_131> }","hasIngredient","FALSE",2,2
"2hop-NamedPizza_Parmense_55_Parmense_55-Parmense_55-hasIngredient-MC","NamedPizza_Parmense_55",117,255,"Property Assertion","MC","SELECT ?x WHERE { <http://www.example.com/genealogy.owl#Parmense_55> <http://www.example.com/genealogy.owl#hasIngredient> ?x }","hasIngredient","AsparagusTopping_dynamic_1; HamTopping_dynamic_1; MozzarellaTopping_dynamic_1; ParmesanTopping_dynamic_1; TomatoTopping_dynamic_1",2,2
"2hop-NamedPizza_Parmense_55_Parmense_55-Parmense_55-hasTopping-AsparagusTopping_dynamic_1-BIN","NamedPizza_Parmense_55",117,255,"Property Assertion","BIN","ASK WHERE { <http://www.example.com/genealogy.owl#Parmense_55> <http://www.example.com/genealogy.owl#hasTopping> <http://www.example.com/genealogy.owl#AsparagusTopping_dynamic_1> }","hasTopping","TRUE",1,1
"2hop-NamedPizza_Parmense_55_Parmense_55-Parmense_55-hasTopping-AmericanHot_131-NEG-BIN","NamedPizza_Parmense_55",117,255,"Property Assertion","BIN","ASK WHERE { <http://www.example.com/genealogy.owl#Parmense_55> <http://www.example.com/genealogy.owl#hasTopping> <http://www.example.com/genealogy.owl#AmericanHot_131> }","hasTopping","FALSE",1,1
"2hop-NamedPizza_Parmense_55_Parmense_55-Parmense_55-hasTopping-MC","NamedPizza_Parmense_55",117,255,"Property Assertion","MC","SELECT ?x WHERE { <http://www.example.com/genealogy.owl#Parmense_55> <http://www.example.com/genealogy.owl#hasTopping> ?x }","hasTopping","AsparagusTopping_dynamic_1; HamTopping_dynamic_1; MozzarellaTopping_dynamic_1; ParmesanTopping_dynamic_1; TomatoTopping_dynamic_1",1,1
"2hop-NamedPizza_Parmense_55_Parmense_55-Parmense_55-hasIngredient-AsparagusTopping_dynamic_1-BIN","NamedPizza_Parmense_55",117,255,"Property Assertion","BIN","ASK WHERE { <http://www.example.com/genealogy.owl#Parmense_55> <http://www.example.com/genealogy.owl#hasIngredient> <http://www.example.com/genealogy.owl#AsparagusTopping_dynamic_1> }","hasIngredient","TRUE",2,2
"2hop-NamedPizza_Parmense_55_Parmense_55-Parmense_55-hasIngredient-AmericanHot_131-NEG-BIN","NamedPizza_Parmense_55",117,255,"Property Assertion","BIN","ASK WHERE { <http://www.example.com/genealogy.owl#Parmense_55> <http://www.example.com/genealogy.owl#hasIngredient> <http://www.example.com/genealogy.owl#AmericanHot_131> }","hasIngredient","FALSE",2,2
"2hop-NamedPizza_Parmense_55_Parmense_55-Parmense_55-rdf:type-Food-BIN","NamedPizza_Parmense_55",117,255,"Membership","BIN","ASK WHERE { <http://www.example.com/genealogy.owl#Parmense_55> <http://www.w3.org/1999/02/22-rdf-syntax-ns#type> <http://www.example.com/genealogy.owl#Food> }","rdf:type","TRUE",3,3
"2hop-NamedPizza_Parmense_55_Parmense_55-Parmense_55-rdf:type-American-NEG-BIN","NamedPizza_Parmense_55",117,255,"Membership","BIN","ASK WHERE { <http://www.example.com/genealogy.owl#Parmense_55> <http://www.w3.org/1999/02/22-rdf-syntax-ns#type> <http://www.example.com/genealogy.owl#American> }","rdf:type","FALSE",3,3
"2hop-NamedPizza_Parmense_55_Parmense_55-Parmense_55-rdf:type-MC","NamedPizza_Parmense_55",117,255,"Membership","MC","SELECT ?x WHERE { <http://www.example.com/genealogy.owl#Parmense_55> <http://www.w3.org/1999/02/22-rdf-syntax-ns#type> ?x }","rdf:type","DomainConcept; Food; Pizza",3,3
"2hop-NamedPizza_Parmense_76_Parmense_76-Parmense_76-hasIngredient-MC","NamedPizza_Parmense_76",117,255,"Property Assertion","MC","SELECT ?x WHERE { <http://www.example.com/genealogy.owl#Parmense_76> <http://www.example.com/genealogy.owl#hasIngredient> ?x }","hasIngredient","AsparagusTopping_dynamic_1; HamTopping_dynamic_1; MozzarellaTopping_dynamic_1; ParmesanTopping_dynamic_1; TomatoTopping_dynamic_1",2,2
"2hop-NamedPizza_Parmense_76_Parmense_76-Parmense_76-hasIngredient-AsparagusTopping_dynamic_1-BIN","NamedPizza_Parmense_76",117,255,"Property Assertion","BIN","ASK WHERE { <http://www.example.com/genealogy.owl#Parmense_76> <http://www.example.com/genealogy.owl#hasIngredient> <http://www.example.com/genealogy.owl#AsparagusTopping_dynamic_1> }","hasIngredient","TRUE",2,2
"2hop-NamedPizza_Parmense_76_Parmense_76-Parmense_76-hasIngredient-AmericanHot_131-NEG-BIN","NamedPizza_Parmense_76",117,255,"Property Assertion","BIN","ASK WHERE { <http://www.example.com/genealogy.owl#Parmense_76> <http://www.example.com/genealogy.owl#hasIngredient> <http://www.example.com/genealogy.owl#AmericanHot_131> }","hasIngredient","FALSE",2,2
"2hop-NamedPizza_Parmense_76_Parmense_76-Parmense_76-rdf:type-MC","NamedPizza_Parmense_76",117,255,"Membership","MC","SELECT ?x WHERE { <http://www.example.com/genealogy.owl#Parmense_76> <http://www.w3.org/1999/02/22-rdf-syntax-ns#type> ?x }","rdf:type","DomainConcept; Food; Pizza",2,2
"2hop-NamedPizza_Parmense_76_Parmense_76-Parmense_76-hasTopping-MC","NamedPizza_Parmense_76",117,255,"Property Assertion","MC","SELECT ?x WHERE { <http://www.example.com/genealogy.owl#Parmense_76> <http://www.example.com/genealogy.owl#hasTopping> ?x }","hasTopping","AsparagusTopping_dynamic_1; HamTopping_dynamic_1; MozzarellaTopping_dynamic_1; ParmesanTopping_dynamic_1; TomatoTopping_dynamic_1",1,1
"2hop-NamedPizza_Parmense_76_Parmense_76-Parmense_76-hasTopping-AsparagusTopping_dynamic_1-BIN","NamedPizza_Parmense_76",117,255,"Property Assertion","BIN","ASK WHERE { <http://www.example.com/genealogy.owl#Parmense_76> <http://www.example.com/genealogy.owl#hasTopping> <http://www.example.com/genealogy.owl#AsparagusTopping_dynamic_1> }","hasTopping","TRUE",1,1
"2hop-NamedPizza_Parmense_76_Parmense_76-Parmense_76-hasTopping-AmericanHot_131-NEG-BIN","NamedPizza_Parmense_76",117,255,"Property Assertion","BIN","ASK WHERE { <http://www.example.com/genealogy.owl#Parmense_76> <http://www.example.com/genealogy.owl#hasTopping> <http://www.example.com/genealogy.owl#AmericanHot_131> }","hasTopping","FALSE",1,1
"2hop-NamedPizza_Parmense_76_Parmense_76-Parmense_76-rdf:type-Food-BIN","NamedPizza_Parmense_76",117,255,"Membership","BIN","ASK WHERE { <http://www.example.com/genealogy.owl#Parmense_76> <http://www.w3.org/1999/02/22-rdf-syntax-ns#type> <http://www.example.com/genealogy.owl#Food> }","rdf:type","TRUE",3,3
"2hop-NamedPizza_Parmense_76_Parmense_76-Parmense_76-rdf:type-American-NEG-BIN","NamedPizza_Parmense_76",117,255,"Membership","BIN","ASK WHERE { <http://www.example.com/genealogy.owl#Parmense_76> <http://www.w3.org/1999/02/22-rdf-syntax-ns#type> <http://www.example.com/genealogy.owl#American> }","rdf:type","FALSE",3,3
"2hop-NamedPizza_Parmense_78_Parmense_78-Parmense_78-rdf:type-Food-BIN","NamedPizza_Parmense_78",117,255,"Membership","BIN","ASK WHERE { <http://www.example.com/genealogy.owl#Parmense_78> <http://www.w3.org/1999/02/22-rdf-syntax-ns#type> <http://www.example.com/genealogy.owl#Food> }","rdf:type","TRUE",3,3
"2hop-NamedPizza_Parmense_78_Parmense_78-Parmense_78-rdf:type-American-NEG-BIN","NamedPizza_Parmense_78",117,255,"Membership","BIN","ASK WHERE { <http://www.example.com/genealogy.owl#Parmense_78> <http://www.w3.org/1999/02/22-rdf-syntax-ns#type> <http://www.example.com/genealogy.owl#American> }","rdf:type","FALSE",3,3
"2hop-NamedPizza_Parmense_78_Parmense_78-Parmense_78-rdf:type-MC","NamedPizza_Parmense_78",117,255,"Membership","MC","SELECT ?x WHERE { <http://www.example.com/genealogy.owl#Parmense_78> <http://www.w3.org/1999/02/22-rdf-syntax-ns#type> ?x }","rdf:type","DomainConcept; Food; Pizza",3,3
"2hop-NamedPizza_Parmense_78_Parmense_78-Parmense_78-hasIngredient-MC","NamedPizza_Parmense_78",117,255,"Property Assertion","MC","SELECT ?x WHERE { <http://www.example.com/genealogy.owl#Parmense_78> <http://www.example.com/genealogy.owl#hasIngredient> ?x }","hasIngredient","AsparagusTopping_dynamic_1; HamTopping_dynamic_1; MozzarellaTopping_dynamic_1; ParmesanTopping_dynamic_1; TomatoTopping_dynamic_1",2,2
"2hop-NamedPizza_Parmense_78_Parmense_78-Parmense_78-hasTopping-MC","NamedPizza_Parmense_78",117,255,"Property Assertion","MC","SELECT ?x WHERE { <http://www.example.com/genealogy.owl#Parmense_78> <http://www.example.com/genealogy.owl#hasTopping> ?x }","hasTopping","AsparagusTopping_dynamic_1; HamTopping_dynamic_1; MozzarellaTopping_dynamic_1; ParmesanTopping_dynamic_1; TomatoTopping_dynamic_1",1,1
"2hop-NamedPizza_Parmense_78_Parmense_78-Parmense_78-hasTopping-AsparagusTopping_dynamic_1-BIN","NamedPizza_Parmense_78",117,255,"Property Assertion","BIN","ASK WHERE { <http://www.example.com/genealogy.owl#Parmense_78> <http://www.example.com/genealogy.owl#hasTopping> <http://www.example.com/genealogy.owl#AsparagusTopping_dynamic_1> }","hasTopping","TRUE",1,1
"2hop-NamedPizza_Parmense_78_Parmense_78-Parmense_78-hasTopping-AmericanHot_131-NEG-BIN","NamedPizza_Parmense_78",117,255,"Property Assertion","BIN","ASK WHERE { <http://www.example.com/genealogy.owl#Parmense_78> <http://www.example.com/genealogy.owl#hasTopping> <http://www.example.com/genealogy.owl#AmericanHot_131> }","hasTopping","FALSE",1,1
"2hop-NamedPizza_Parmense_78_Parmense_78-Parmense_78-hasIngredient-AsparagusTopping_dynamic_1-BIN","NamedPizza_Parmense_78",117,255,"Property Assertion","BIN","ASK WHERE { <http://www.example.com/genealogy.owl#Parmense_78> <http://www.example.com/genealogy.owl#hasIngredient> <http://www.example.com/genealogy.owl#AsparagusTopping_dynamic_1> }","hasIngredient","TRUE",2,2
"2hop-NamedPizza_Parmense_78_Parmense_78-Parmense_78-hasIngredient-AmericanHot_131-NEG-BIN","NamedPizza_Parmense_78",117,255,"Property Assertion","BIN","ASK WHERE { <http://www.example.com/genealogy.owl#Parmense_78> <http://www.example.com/genealogy.owl#hasIngredient> <http://www.example.com/genealogy.owl#AmericanHot_131> }","hasIngredient","FALSE",2,2
"2hop-NamedPizza_Parmense_96_Parmense_96-Parmense_96-hasIngredient-MC","NamedPizza_Parmense_96",117,255,"Property Assertion","MC","SELECT ?x WHERE { <http://www.example.com/genealogy.owl#Parmense_96> <http://www.example.com/genealogy.owl#hasIngredient> ?x }","hasIngredient","AsparagusTopping_dynamic_1; HamTopping_dynamic_1; MozzarellaTopping_dynamic_1; ParmesanTopping_dynamic_1; TomatoTopping_dynamic_1",2,2
"2hop-NamedPizza_Parmense_96_Parmense_96-Parmense_96-hasTopping-MC","NamedPizza_Parmense_96",117,255,"Property Assertion","MC","SELECT ?x WHERE { <http://www.example.com/genealogy.owl#Parmense_96> <http://www.example.com/genealogy.owl#hasTopping> ?x }","hasTopping","AsparagusTopping_dynamic_1; HamTopping_dynamic_1; MozzarellaTopping_dynamic_1; ParmesanTopping_dynamic_1; TomatoTopping_dynamic_1",1,1
"2hop-NamedPizza_Parmense_96_Parmense_96-Parmense_96-rdf:type-Food-BIN","NamedPizza_Parmense_96",117,255,"Membership","BIN","ASK WHERE { <http://www.example.com/genealogy.owl#Parmense_96> <http://www.w3.org/1999/02/22-rdf-syntax-ns#type> <http://www.example.com/genealogy.owl#Food> }","rdf:type","TRUE",3,3
"2hop-NamedPizza_Parmense_96_Parmense_96-Parmense_96-rdf:type-American-NEG-BIN","NamedPizza_Parmense_96",117,255,"Membership","BIN","ASK WHERE { <http://www.example.com/genealogy.owl#Parmense_96> <http://www.w3.org/1999/02/22-rdf-syntax-ns#type> <http://www.example.com/genealogy.owl#American> }","rdf:type","FALSE",3,3
"2hop-NamedPizza_Parmense_96_Parmense_96-Parmense_96-rdf:type-MC","NamedPizza_Parmense_96",117,255,"Membership","MC","SELECT ?x WHERE { <http://www.example.com/genealogy.owl#Parmense_96> <http://www.w3.org/1999/02/22-rdf-syntax-ns#type> ?x }","rdf:type","DomainConcept; Food; Pizza",3,3
"2hop-NamedPizza_Parmense_96_Parmense_96-Parmense_96-hasTopping-AsparagusTopping_dynamic_1-BIN","NamedPizza_Parmense_96",117,255,"Property Assertion","BIN","ASK WHERE { <http://www.example.com/genealogy.owl#Parmense_96> <http://www.example.com/genealogy.owl#hasTopping> <http://www.example.com/genealogy.owl#AsparagusTopping_dynamic_1> }","hasTopping","TRUE",1,1
"2hop-NamedPizza_Parmense_96_Parmense_96-Parmense_96-hasTopping-AmericanHot_131-NEG-BIN","NamedPizza_Parmense_96",117,255,"Property Assertion","BIN","ASK WHERE { <http://www.example.com/genealogy.owl#Parmense_96> <http://www.example.com/genealogy.owl#hasTopping> <http://www.example.com/genealogy.owl#AmericanHot_131> }","hasTopping","FALSE",1,1
"2hop-NamedPizza_Parmense_96_Parmense_96-Parmense_96-hasIngredient-AsparagusTopping_dynamic_1-BIN","NamedPizza_Parmense_96",117,255,"Property Assertion","BIN","ASK WHERE { <http://www.example.com/genealogy.owl#Parmense_96> <http://www.example.com/genealogy.owl#hasIngredient> <http://www.example.com/genealogy.owl#AsparagusTopping_dynamic_1> }","hasIngredient","TRUE",2,2
"2hop-NamedPizza_Parmense_96_Parmense_96-Parmense_96-hasIngredient-AmericanHot_131-NEG-BIN","NamedPizza_Parmense_96",117,255,"Property Assertion","BIN","ASK WHERE { <http://www.example.com/genealogy.owl#Parmense_96> <http://www.example.com/genealogy.owl#hasIngredient> <http://www.example.com/genealogy.owl#AmericanHot_131> }","hasIngredient","FALSE",2,2
"2hop-NamedPizza_PolloAdAstra_11_PolloAdAstra_11-PolloAdAstra_11-hasTopping-MC","NamedPizza_PolloAdAstra_11",117,257,"Property Assertion","MC","SELECT ?x WHERE { <http://www.example.com/genealogy.owl#PolloAdAstra_11> <http://www.example.com/genealogy.owl#hasTopping> ?x }","hasTopping","CajunSpiceTopping_dynamic_1; ChickenTopping_dynamic_1; GarlicTopping_dynamic_1; MozzarellaTopping_dynamic_1; RedOnionTopping_dynamic_1; SweetPepperTopping_dynamic_1; TomatoTopping_dynamic_1",1,1
"2hop-NamedPizza_PolloAdAstra_11_PolloAdAstra_11-PolloAdAstra_11-hasIngredient-MC","NamedPizza_PolloAdAstra_11",117,257,"Property Assertion","MC","SELECT ?x WHERE { <http://www.example.com/genealogy.owl#PolloAdAstra_11> <http://www.example.com/genealogy.owl#hasIngredient> ?x }","hasIngredient","CajunSpiceTopping_dynamic_1; ChickenTopping_dynamic_1; GarlicTopping_dynamic_1; MozzarellaTopping_dynamic_1; RedOnionTopping_dynamic_1; SweetPepperTopping_dynamic_1; TomatoTopping_dynamic_1",2,2
"2hop-NamedPizza_PolloAdAstra_11_PolloAdAstra_11-PolloAdAstra_11-rdf:type-Food-BIN","NamedPizza_PolloAdAstra_11",117,257,"Membership","BIN","ASK WHERE { <http://www.example.com/genealogy.owl#PolloAdAstra_11> <http://www.w3.org/1999/02/22-rdf-syntax-ns#type> <http://www.example.com/genealogy.owl#Food> }","rdf:type","TRUE",3,3
"2hop-NamedPizza_PolloAdAstra_11_PolloAdAstra_11-PolloAdAstra_11-rdf:type-American-NEG-BIN","NamedPizza_PolloAdAstra_11",117,257,"Membership","BIN","ASK WHERE { <http://www.example.com/genealogy.owl#PolloAdAstra_11> <http://www.w3.org/1999/02/22-rdf-syntax-ns#type> <http://www.example.com/genealogy.owl#American> }","rdf:type","FALSE",3,3
"2hop-NamedPizza_PolloAdAstra_11_PolloAdAstra_11-PolloAdAstra_11-rdf:type-MC","NamedPizza_PolloAdAstra_11",117,257,"Membership","MC","SELECT ?x WHERE { <http://www.example.com/genealogy.owl#PolloAdAstra_11> <http://www.w3.org/1999/02/22-rdf-syntax-ns#type> ?x }","rdf:type","DomainConcept; Food; Pizza",3,3
"2hop-NamedPizza_PolloAdAstra_11_PolloAdAstra_11-PolloAdAstra_11-hasIngredient-CajunSpiceTopping_dynamic_1-BIN","NamedPizza_PolloAdAstra_11",117,257,"Property Assertion","BIN","ASK WHERE { <http://www.example.com/genealogy.owl#PolloAdAstra_11> <http://www.example.com/genealogy.owl#hasIngredient> <http://www.example.com/genealogy.owl#CajunSpiceTopping_dynamic_1> }","hasIngredient","TRUE",2,2
"2hop-NamedPizza_PolloAdAstra_11_PolloAdAstra_11-PolloAdAstra_11-hasIngredient-AmericanHot_131-NEG-BIN","NamedPizza_PolloAdAstra_11",117,257,"Property Assertion","BIN","ASK WHERE { <http://www.example.com/genealogy.owl#PolloAdAstra_11> <http://www.example.com/genealogy.owl#hasIngredient> <http://www.example.com/genealogy.owl#AmericanHot_131> }","hasIngredient","FALSE",2,2
"2hop-NamedPizza_PolloAdAstra_11_PolloAdAstra_11-PolloAdAstra_11-hasTopping-CajunSpiceTopping_dynamic_1-BIN","NamedPizza_PolloAdAstra_11",117,257,"Property Assertion","BIN","ASK WHERE { <http://www.example.com/genealogy.owl#PolloAdAstra_11> <http://www.example.com/genealogy.owl#hasTopping> <http://www.example.com/genealogy.owl#CajunSpiceTopping_dynamic_1> }","hasTopping","TRUE",1,1
"2hop-NamedPizza_PolloAdAstra_11_PolloAdAstra_11-PolloAdAstra_11-hasTopping-AmericanHot_131-NEG-BIN","NamedPizza_PolloAdAstra_11",117,257,"Property Assertion","BIN","ASK WHERE { <http://www.example.com/genealogy.owl#PolloAdAstra_11> <http://www.example.com/genealogy.owl#hasTopping> <http://www.example.com/genealogy.owl#AmericanHot_131> }","hasTopping","FALSE",1,1
"2hop-NamedPizza_PolloAdAstra_115_PolloAdAstra_115-PolloAdAstra_115-hasIngredient-MC","NamedPizza_PolloAdAstra_115",117,257,"Property Assertion","MC","SELECT ?x WHERE { <http://www.example.com/genealogy.owl#PolloAdAstra_115> <http://www.example.com/genealogy.owl#hasIngredient> ?x }","hasIngredient","CajunSpiceTopping_dynamic_1; ChickenTopping_dynamic_1; GarlicTopping_dynamic_1; MozzarellaTopping_dynamic_1; RedOnionTopping_dynamic_1; SweetPepperTopping_dynamic_1; TomatoTopping_dynamic_1",2,2
"2hop-NamedPizza_PolloAdAstra_115_PolloAdAstra_115-PolloAdAstra_115-hasIngredient-CajunSpiceTopping_dynamic_1-BIN","NamedPizza_PolloAdAstra_115",117,257,"Property Assertion","BIN","ASK WHERE { <http://www.example.com/genealogy.owl#PolloAdAstra_115> <http://www.example.com/genealogy.owl#hasIngredient> <http://www.example.com/genealogy.owl#CajunSpiceTopping_dynamic_1> }","hasIngredient","TRUE",2,2
"2hop-NamedPizza_PolloAdAstra_115_PolloAdAstra_115-PolloAdAstra_115-hasIngredient-AmericanHot_131-NEG-BIN","NamedPizza_PolloAdAstra_115",117,257,"Property Assertion","BIN","ASK WHERE { <http://www.example.com/genealogy.owl#PolloAdAstra_115> <http://www.example.com/genealogy.owl#hasIngredient> <http://www.example.com/genealogy.owl#AmericanHot_131> }","hasIngredient","FALSE",2,2
"2hop-NamedPizza_PolloAdAstra_115_PolloAdAstra_115-PolloAdAstra_115-hasTopping-MC","NamedPizza_PolloAdAstra_115",117,257,"Property Assertion","MC","SELECT ?x WHERE { <http://www.example.com/genealogy.owl#PolloAdAstra_115> <http://www.example.com/genealogy.owl#hasTopping> ?x }","hasTopping","CajunSpiceTopping_dynamic_1; ChickenTopping_dynamic_1; GarlicTopping_dynamic_1; MozzarellaTopping_dynamic_1; RedOnionTopping_dynamic_1; SweetPepperTopping_dynamic_1; TomatoTopping_dynamic_1",1,1
"2hop-NamedPizza_PolloAdAstra_115_PolloAdAstra_115-PolloAdAstra_115-rdf:type-Food-BIN","NamedPizza_PolloAdAstra_115",117,257,"Membership","BIN","ASK WHERE { <http://www.example.com/genealogy.owl#PolloAdAstra_115> <http://www.w3.org/1999/02/22-rdf-syntax-ns#type> <http://www.example.com/genealogy.owl#Food> }","rdf:type","TRUE",3,3
"2hop-NamedPizza_PolloAdAstra_115_PolloAdAstra_115-PolloAdAstra_115-rdf:type-American-NEG-BIN","NamedPizza_PolloAdAstra_115",117,257,"Membership","BIN","ASK WHERE { <http://www.example.com/genealogy.owl#PolloAdAstra_115> <http://www.w3.org/1999/02/22-rdf-syntax-ns#type> <http://www.example.com/genealogy.owl#American> }","rdf:type","FALSE",3,3
"2hop-NamedPizza_PolloAdAstra_115_PolloAdAstra_115-PolloAdAstra_115-rdf:type-MC","NamedPizza_PolloAdAstra_115",117,257,"Membership","MC","SELECT ?x WHERE { <http://www.example.com/genealogy.owl#PolloAdAstra_115> <http://www.w3.org/1999/02/22-rdf-syntax-ns#type> ?x }","rdf:type","DomainConcept; Food; Pizza",3,3
"2hop-NamedPizza_PolloAdAstra_115_PolloAdAstra_115-PolloAdAstra_115-hasTopping-CajunSpiceTopping_dynamic_1-BIN","NamedPizza_PolloAdAstra_115",117,257,"Property Assertion","BIN","ASK WHERE { <http://www.example.com/genealogy.owl#PolloAdAstra_115> <http://www.example.com/genealogy.owl#hasTopping> <http://www.example.com/genealogy.owl#CajunSpiceTopping_dynamic_1> }","hasTopping","TRUE",1,1
"2hop-NamedPizza_PolloAdAstra_115_PolloAdAstra_115-PolloAdAstra_115-hasTopping-AmericanHot_131-NEG-BIN","NamedPizza_PolloAdAstra_115",117,257,"Property Assertion","BIN","ASK WHERE { <http://www.example.com/genealogy.owl#PolloAdAstra_115> <http://www.example.com/genealogy.owl#hasTopping> <http://www.example.com/genealogy.owl#AmericanHot_131> }","hasTopping","FALSE",1,1
"2hop-NamedPizza_PolloAdAstra_178_PolloAdAstra_178-PolloAdAstra_178-rdf:type-MC","NamedPizza_PolloAdAstra_178",117,257,"Membership","MC","SELECT ?x WHERE { <http://www.example.com/genealogy.owl#PolloAdAstra_178> <http://www.w3.org/1999/02/22-rdf-syntax-ns#type> ?x }","rdf:type","DomainConcept; Food; Pizza",2,2
"2hop-NamedPizza_PolloAdAstra_178_PolloAdAstra_178-PolloAdAstra_178-hasTopping-MC","NamedPizza_PolloAdAstra_178",117,257,"Property Assertion","MC","SELECT ?x WHERE { <http://www.example.com/genealogy.owl#PolloAdAstra_178> <http://www.example.com/genealogy.owl#hasTopping> ?x }","hasTopping","CajunSpiceTopping_dynamic_1; ChickenTopping_dynamic_1; GarlicTopping_dynamic_1; MozzarellaTopping_dynamic_1; RedOnionTopping_dynamic_1; SweetPepperTopping_dynamic_1; TomatoTopping_dynamic_1",1,1
"2hop-NamedPizza_PolloAdAstra_178_PolloAdAstra_178-PolloAdAstra_178-hasTopping-CajunSpiceTopping_dynamic_1-BIN","NamedPizza_PolloAdAstra_178",117,257,"Property Assertion","BIN","ASK WHERE { <http://www.example.com/genealogy.owl#PolloAdAstra_178> <http://www.example.com/genealogy.owl#hasTopping> <http://www.example.com/genealogy.owl#CajunSpiceTopping_dynamic_1> }","hasTopping","TRUE",1,1
"2hop-NamedPizza_PolloAdAstra_178_PolloAdAstra_178-PolloAdAstra_178-hasTopping-AmericanHot_131-NEG-BIN","NamedPizza_PolloAdAstra_178",117,257,"Property Assertion","BIN","ASK WHERE { <http://www.example.com/genealogy.owl#PolloAdAstra_178> <http://www.example.com/genealogy.owl#hasTopping> <http://www.example.com/genealogy.owl#AmericanHot_131> }","hasTopping","FALSE",1,1
"2hop-NamedPizza_PolloAdAstra_178_PolloAdAstra_178-PolloAdAstra_178-hasIngredient-MC","NamedPizza_PolloAdAstra_178",117,257,"Property Assertion","MC","SELECT ?x WHERE { <http://www.example.com/genealogy.owl#PolloAdAstra_178> <http://www.example.com/genealogy.owl#hasIngredient> ?x }","hasIngredient","CajunSpiceTopping_dynamic_1; ChickenTopping_dynamic_1; GarlicTopping_dynamic_1; MozzarellaTopping_dynamic_1; RedOnionTopping_dynamic_1; SweetPepperTopping_dynamic_1; TomatoTopping_dynamic_1",2,2
"2hop-NamedPizza_PolloAdAstra_178_PolloAdAstra_178-PolloAdAstra_178-hasIngredient-CajunSpiceTopping_dynamic_1-BIN","NamedPizza_PolloAdAstra_178",117,257,"Property Assertion","BIN","ASK WHERE { <http://www.example.com/genealogy.owl#PolloAdAstra_178> <http://www.example.com/genealogy.owl#hasIngredient> <http://www.example.com/genealogy.owl#CajunSpiceTopping_dynamic_1> }","hasIngredient","TRUE",2,2
"2hop-NamedPizza_PolloAdAstra_178_PolloAdAstra_178-PolloAdAstra_178-hasIngredient-AmericanHot_131-NEG-BIN","NamedPizza_PolloAdAstra_178",117,257,"Property Assertion","BIN","ASK WHERE { <http://www.example.com/genealogy.owl#PolloAdAstra_178> <http://www.example.com/genealogy.owl#hasIngredient> <http://www.example.com/genealogy.owl#AmericanHot_131> }","hasIngredient","FALSE",2,2
"2hop-NamedPizza_PolloAdAstra_178_PolloAdAstra_178-PolloAdAstra_178-rdf:type-Food-BIN","NamedPizza_PolloAdAstra_178",117,257,"Membership","BIN","ASK WHERE { <http://www.example.com/genealogy.owl#PolloAdAstra_178> <http://www.w3.org/1999/02/22-rdf-syntax-ns#type> <http://www.example.com/genealogy.owl#Food> }","rdf:type","TRUE",3,3
"2hop-NamedPizza_PolloAdAstra_178_PolloAdAstra_178-PolloAdAstra_178-rdf:type-American-NEG-BIN","NamedPizza_PolloAdAstra_178",117,257,"Membership","BIN","ASK WHERE { <http://www.example.com/genealogy.owl#PolloAdAstra_178> <http://www.w3.org/1999/02/22-rdf-syntax-ns#type> <http://www.example.com/genealogy.owl#American> }","rdf:type","FALSE",3,3
"2hop-NamedPizza_PolloAdAstra_18_PolloAdAstra_18-PolloAdAstra_18-hasIngredient-MC","NamedPizza_PolloAdAstra_18",117,257,"Property Assertion","MC","SELECT ?x WHERE { <http://www.example.com/genealogy.owl#PolloAdAstra_18> <http://www.example.com/genealogy.owl#hasIngredient> ?x }","hasIngredient","CajunSpiceTopping_dynamic_1; ChickenTopping_dynamic_1; GarlicTopping_dynamic_1; MozzarellaTopping_dynamic_1; RedOnionTopping_dynamic_1; SweetPepperTopping_dynamic_1; TomatoTopping_dynamic_1",2,2
"2hop-NamedPizza_PolloAdAstra_18_PolloAdAstra_18-PolloAdAstra_18-hasTopping-MC","NamedPizza_PolloAdAstra_18",117,257,"Property Assertion","MC","SELECT ?x WHERE { <http://www.example.com/genealogy.owl#PolloAdAstra_18> <http://www.example.com/genealogy.owl#hasTopping> ?x }","hasTopping","CajunSpiceTopping_dynamic_1; ChickenTopping_dynamic_1; GarlicTopping_dynamic_1; MozzarellaTopping_dynamic_1; RedOnionTopping_dynamic_1; SweetPepperTopping_dynamic_1; TomatoTopping_dynamic_1",1,1
"2hop-NamedPizza_PolloAdAstra_18_PolloAdAstra_18-PolloAdAstra_18-hasTopping-CajunSpiceTopping_dynamic_1-BIN","NamedPizza_PolloAdAstra_18",117,257,"Property Assertion","BIN","ASK WHERE { <http://www.example.com/genealogy.owl#PolloAdAstra_18> <http://www.example.com/genealogy.owl#hasTopping> <http://www.example.com/genealogy.owl#CajunSpiceTopping_dynamic_1> }","hasTopping","TRUE",1,1
"2hop-NamedPizza_PolloAdAstra_18_PolloAdAstra_18-PolloAdAstra_18-hasTopping-AmericanHot_131-NEG-BIN","NamedPizza_PolloAdAstra_18",117,257,"Property Assertion","BIN","ASK WHERE { <http://www.example.com/genealogy.owl#PolloAdAstra_18> <http://www.example.com/genealogy.owl#hasTopping> <http://www.example.com/genealogy.owl#AmericanHot_131> }","hasTopping","FALSE",1,1
"2hop-NamedPizza_PolloAdAstra_18_PolloAdAstra_18-PolloAdAstra_18-rdf:type-Food-BIN","NamedPizza_PolloAdAstra_18",117,257,"Membership","BIN","ASK WHERE { <http://www.example.com/genealogy.owl#PolloAdAstra_18> <http://www.w3.org/1999/02/22-rdf-syntax-ns#type> <http://www.example.com/genealogy.owl#Food> }","rdf:type","TRUE",3,3
"2hop-NamedPizza_PolloAdAstra_18_PolloAdAstra_18-PolloAdAstra_18-rdf:type-American-NEG-BIN","NamedPizza_PolloAdAstra_18",117,257,"Membership","BIN","ASK WHERE { <http://www.example.com/genealogy.owl#PolloAdAstra_18> <http://www.w3.org/1999/02/22-rdf-syntax-ns#type> <http://www.example.com/genealogy.owl#American> }","rdf:type","FALSE",3,3
"2hop-NamedPizza_PolloAdAstra_18_PolloAdAstra_18-PolloAdAstra_18-rdf:type-MC","NamedPizza_PolloAdAstra_18",117,257,"Membership","MC","SELECT ?x WHERE { <http://www.example.com/genealogy.owl#PolloAdAstra_18> <http://www.w3.org/1999/02/22-rdf-syntax-ns#type> ?x }","rdf:type","DomainConcept; Food; Pizza",3,3
"2hop-NamedPizza_PolloAdAstra_18_PolloAdAstra_18-PolloAdAstra_18-hasIngredient-CajunSpiceTopping_dynamic_1-BIN","NamedPizza_PolloAdAstra_18",117,257,"Property Assertion","BIN","ASK WHERE { <http://www.example.com/genealogy.owl#PolloAdAstra_18> <http://www.example.com/genealogy.owl#hasIngredient> <http://www.example.com/genealogy.owl#CajunSpiceTopping_dynamic_1> }","hasIngredient","TRUE",2,2
"2hop-NamedPizza_PolloAdAstra_18_PolloAdAstra_18-PolloAdAstra_18-hasIngredient-AmericanHot_131-NEG-BIN","NamedPizza_PolloAdAstra_18",117,257,"Property Assertion","BIN","ASK WHERE { <http://www.example.com/genealogy.owl#PolloAdAstra_18> <http://www.example.com/genealogy.owl#hasIngredient> <http://www.example.com/genealogy.owl#AmericanHot_131> }","hasIngredient","FALSE",2,2
"2hop-NamedPizza_PolloAdAstra_205_PolloAdAstra_205-PolloAdAstra_205-hasTopping-MC","NamedPizza_PolloAdAstra_205",117,257,"Property Assertion","MC","SELECT ?x WHERE { <http://www.example.com/genealogy.owl#PolloAdAstra_205> <http://www.example.com/genealogy.owl#hasTopping> ?x }","hasTopping","CajunSpiceTopping_dynamic_1; ChickenTopping_dynamic_1; GarlicTopping_dynamic_1; MozzarellaTopping_dynamic_1; RedOnionTopping_dynamic_1; SweetPepperTopping_dynamic_1; TomatoTopping_dynamic_1",1,1
"2hop-NamedPizza_PolloAdAstra_205_PolloAdAstra_205-PolloAdAstra_205-hasIngredient-MC","NamedPizza_PolloAdAstra_205",117,257,"Property Assertion","MC","SELECT ?x WHERE { <http://www.example.com/genealogy.owl#PolloAdAstra_205> <http://www.example.com/genealogy.owl#hasIngredient> ?x }","hasIngredient","CajunSpiceTopping_dynamic_1; ChickenTopping_dynamic_1; GarlicTopping_dynamic_1; MozzarellaTopping_dynamic_1; RedOnionTopping_dynamic_1; SweetPepperTopping_dynamic_1; TomatoTopping_dynamic_1",2,2
"2hop-NamedPizza_PolloAdAstra_205_PolloAdAstra_205-PolloAdAstra_205-rdf:type-MC","NamedPizza_PolloAdAstra_205",117,257,"Membership","MC","SELECT ?x WHERE { <http://www.example.com/genealogy.owl#PolloAdAstra_205> <http://www.w3.org/1999/02/22-rdf-syntax-ns#type> ?x }","rdf:type","DomainConcept; Food; Pizza",4,4
"2hop-NamedPizza_PolloAdAstra_205_PolloAdAstra_205-PolloAdAstra_205-hasIngredient-CajunSpiceTopping_dynamic_1-BIN","NamedPizza_PolloAdAstra_205",117,257,"Property Assertion","BIN","ASK WHERE { <http://www.example.com/genealogy.owl#PolloAdAstra_205> <http://www.example.com/genealogy.owl#hasIngredient> <http://www.example.com/genealogy.owl#CajunSpiceTopping_dynamic_1> }","hasIngredient","TRUE",2,2
"2hop-NamedPizza_PolloAdAstra_205_PolloAdAstra_205-PolloAdAstra_205-hasIngredient-AmericanHot_131-NEG-BIN","NamedPizza_PolloAdAstra_205",117,257,"Property Assertion","BIN","ASK WHERE { <http://www.example.com/genealogy.owl#PolloAdAstra_205> <http://www.example.com/genealogy.owl#hasIngredient> <http://www.example.com/genealogy.owl#AmericanHot_131> }","hasIngredient","FALSE",2,2
"2hop-NamedPizza_PolloAdAstra_205_PolloAdAstra_205-PolloAdAstra_205-hasTopping-CajunSpiceTopping_dynamic_1-BIN","NamedPizza_PolloAdAstra_205",117,257,"Property Assertion","BIN","ASK WHERE { <http://www.example.com/genealogy.owl#PolloAdAstra_205> <http://www.example.com/genealogy.owl#hasTopping> <http://www.example.com/genealogy.owl#CajunSpiceTopping_dynamic_1> }","hasTopping","TRUE",1,1
"2hop-NamedPizza_PolloAdAstra_205_PolloAdAstra_205-PolloAdAstra_205-hasTopping-AmericanHot_131-NEG-BIN","NamedPizza_PolloAdAstra_205",117,257,"Property Assertion","BIN","ASK WHERE { <http://www.example.com/genealogy.owl#PolloAdAstra_205> <http://www.example.com/genealogy.owl#hasTopping> <http://www.example.com/genealogy.owl#AmericanHot_131> }","hasTopping","FALSE",1,1
"2hop-NamedPizza_PolloAdAstra_205_PolloAdAstra_205-PolloAdAstra_205-rdf:type-Food-BIN","NamedPizza_PolloAdAstra_205",117,257,"Membership","BIN","ASK WHERE { <http://www.example.com/genealogy.owl#PolloAdAstra_205> <http://www.w3.org/1999/02/22-rdf-syntax-ns#type> <http://www.example.com/genealogy.owl#Food> }","rdf:type","TRUE",3,3
"2hop-NamedPizza_PolloAdAstra_205_PolloAdAstra_205-PolloAdAstra_205-rdf:type-American-NEG-BIN","NamedPizza_PolloAdAstra_205",117,257,"Membership","BIN","ASK WHERE { <http://www.example.com/genealogy.owl#PolloAdAstra_205> <http://www.w3.org/1999/02/22-rdf-syntax-ns#type> <http://www.example.com/genealogy.owl#American> }","rdf:type","FALSE",3,3
"2hop-NamedPizza_PolloAdAstra_22_PolloAdAstra_22-PolloAdAstra_22-hasIngredient-MC","NamedPizza_PolloAdAstra_22",117,257,"Property Assertion","MC","SELECT ?x WHERE { <http://www.example.com/genealogy.owl#PolloAdAstra_22> <http://www.example.com/genealogy.owl#hasIngredient> ?x }","hasIngredient","CajunSpiceTopping_dynamic_1; ChickenTopping_dynamic_1; GarlicTopping_dynamic_1; MozzarellaTopping_dynamic_1; RedOnionTopping_dynamic_1; SweetPepperTopping_dynamic_1; TomatoTopping_dynamic_1",2,2
"2hop-NamedPizza_PolloAdAstra_22_PolloAdAstra_22-PolloAdAstra_22-hasTopping-MC","NamedPizza_PolloAdAstra_22",117,257,"Property Assertion","MC","SELECT ?x WHERE { <http://www.example.com/genealogy.owl#PolloAdAstra_22> <http://www.example.com/genealogy.owl#hasTopping> ?x }","hasTopping","CajunSpiceTopping_dynamic_1; ChickenTopping_dynamic_1; GarlicTopping_dynamic_1; MozzarellaTopping_dynamic_1; RedOnionTopping_dynamic_1; SweetPepperTopping_dynamic_1; TomatoTopping_dynamic_1",1,1
"2hop-NamedPizza_PolloAdAstra_22_PolloAdAstra_22-PolloAdAstra_22-rdf:type-MC","NamedPizza_PolloAdAstra_22",117,257,"Membership","MC","SELECT ?x WHERE { <http://www.example.com/genealogy.owl#PolloAdAstra_22> <http://www.w3.org/1999/02/22-rdf-syntax-ns#type> ?x }","rdf:type","DomainConcept; Food; Pizza",4,4
"2hop-NamedPizza_PolloAdAstra_22_PolloAdAstra_22-PolloAdAstra_22-hasIngredient-CajunSpiceTopping_dynamic_1-BIN","NamedPizza_PolloAdAstra_22",117,257,"Property Assertion","BIN","ASK WHERE { <http://www.example.com/genealogy.owl#PolloAdAstra_22> <http://www.example.com/genealogy.owl#hasIngredient> <http://www.example.com/genealogy.owl#CajunSpiceTopping_dynamic_1> }","hasIngredient","TRUE",2,2
"2hop-NamedPizza_PolloAdAstra_22_PolloAdAstra_22-PolloAdAstra_22-hasIngredient-AmericanHot_131-NEG-BIN","NamedPizza_PolloAdAstra_22",117,257,"Property Assertion","BIN","ASK WHERE { <http://www.example.com/genealogy.owl#PolloAdAstra_22> <http://www.example.com/genealogy.owl#hasIngredient> <http://www.example.com/genealogy.owl#AmericanHot_131> }","hasIngredient","FALSE",2,2
"2hop-NamedPizza_PolloAdAstra_22_PolloAdAstra_22-PolloAdAstra_22-hasTopping-CajunSpiceTopping_dynamic_1-BIN","NamedPizza_PolloAdAstra_22",117,257,"Property Assertion","BIN","ASK WHERE { <http://www.example.com/genealogy.owl#PolloAdAstra_22> <http://www.example.com/genealogy.owl#hasTopping> <http://www.example.com/genealogy.owl#CajunSpiceTopping_dynamic_1> }","hasTopping","TRUE",1,1
"2hop-NamedPizza_PolloAdAstra_22_PolloAdAstra_22-PolloAdAstra_22-hasTopping-AmericanHot_131-NEG-BIN","NamedPizza_PolloAdAstra_22",117,257,"Property Assertion","BIN","ASK WHERE { <http://www.example.com/genealogy.owl#PolloAdAstra_22> <http://www.example.com/genealogy.owl#hasTopping> <http://www.example.com/genealogy.owl#AmericanHot_131> }","hasTopping","FALSE",1,1
"2hop-NamedPizza_PolloAdAstra_22_PolloAdAstra_22-PolloAdAstra_22-rdf:type-Food-BIN","NamedPizza_PolloAdAstra_22",117,257,"Membership","BIN","ASK WHERE { <http://www.example.com/genealogy.owl#PolloAdAstra_22> <http://www.w3.org/1999/02/22-rdf-syntax-ns#type> <http://www.example.com/genealogy.owl#Food> }","rdf:type","TRUE",3,3
"2hop-NamedPizza_PolloAdAstra_22_PolloAdAstra_22-PolloAdAstra_22-rdf:type-American-NEG-BIN","NamedPizza_PolloAdAstra_22",117,257,"Membership","BIN","ASK WHERE { <http://www.example.com/genealogy.owl#PolloAdAstra_22> <http://www.w3.org/1999/02/22-rdf-syntax-ns#type> <http://www.example.com/genealogy.owl#American> }","rdf:type","FALSE",3,3
"2hop-NamedPizza_PolloAdAstra_33_PolloAdAstra_33-PolloAdAstra_33-hasIngredient-CajunSpiceTopping_dynamic_1-BIN","NamedPizza_PolloAdAstra_33",117,257,"Property Assertion","BIN","ASK WHERE { <http://www.example.com/genealogy.owl#PolloAdAstra_33> <http://www.example.com/genealogy.owl#hasIngredient> <http://www.example.com/genealogy.owl#CajunSpiceTopping_dynamic_1> }","hasIngredient","TRUE",2,2
"2hop-NamedPizza_PolloAdAstra_33_PolloAdAstra_33-PolloAdAstra_33-hasIngredient-AmericanHot_131-NEG-BIN","NamedPizza_PolloAdAstra_33",117,257,"Property Assertion","BIN","ASK WHERE { <http://www.example.com/genealogy.owl#PolloAdAstra_33> <http://www.example.com/genealogy.owl#hasIngredient> <http://www.example.com/genealogy.owl#AmericanHot_131> }","hasIngredient","FALSE",2,2
"2hop-NamedPizza_PolloAdAstra_33_PolloAdAstra_33-PolloAdAstra_33-hasIngredient-MC","NamedPizza_PolloAdAstra_33",117,257,"Property Assertion","MC","SELECT ?x WHERE { <http://www.example.com/genealogy.owl#PolloAdAstra_33> <http://www.example.com/genealogy.owl#hasIngredient> ?x }","hasIngredient","CajunSpiceTopping_dynamic_1; ChickenTopping_dynamic_1; GarlicTopping_dynamic_1; MozzarellaTopping_dynamic_1; RedOnionTopping_dynamic_1; SweetPepperTopping_dynamic_1; TomatoTopping_dynamic_1",2,2
"2hop-NamedPizza_PolloAdAstra_33_PolloAdAstra_33-PolloAdAstra_33-hasTopping-MC","NamedPizza_PolloAdAstra_33",117,257,"Property Assertion","MC","SELECT ?x WHERE { <http://www.example.com/genealogy.owl#PolloAdAstra_33> <http://www.example.com/genealogy.owl#hasTopping> ?x }","hasTopping","CajunSpiceTopping_dynamic_1; ChickenTopping_dynamic_1; GarlicTopping_dynamic_1; MozzarellaTopping_dynamic_1; RedOnionTopping_dynamic_1; SweetPepperTopping_dynamic_1; TomatoTopping_dynamic_1",1,1
"2hop-NamedPizza_PolloAdAstra_33_PolloAdAstra_33-PolloAdAstra_33-rdf:type-MC","NamedPizza_PolloAdAstra_33",117,257,"Membership","MC","SELECT ?x WHERE { <http://www.example.com/genealogy.owl#PolloAdAstra_33> <http://www.w3.org/1999/02/22-rdf-syntax-ns#type> ?x }","rdf:type","DomainConcept; Food; Pizza",2,2
"2hop-NamedPizza_PolloAdAstra_33_PolloAdAstra_33-PolloAdAstra_33-rdf:type-Food-BIN","NamedPizza_PolloAdAstra_33",117,257,"Membership","BIN","ASK WHERE { <http://www.example.com/genealogy.owl#PolloAdAstra_33> <http://www.w3.org/1999/02/22-rdf-syntax-ns#type> <http://www.example.com/genealogy.owl#Food> }","rdf:type","TRUE",3,3
"2hop-NamedPizza_PolloAdAstra_33_PolloAdAstra_33-PolloAdAstra_33-rdf:type-American-NEG-BIN","NamedPizza_PolloAdAstra_33",117,257,"Membership","BIN","ASK WHERE { <http://www.example.com/genealogy.owl#PolloAdAstra_33> <http://www.w3.org/1999/02/22-rdf-syntax-ns#type> <http://www.example.com/genealogy.owl#American> }","rdf:type","FALSE",3,3
"2hop-NamedPizza_PolloAdAstra_33_PolloAdAstra_33-PolloAdAstra_33-hasTopping-CajunSpiceTopping_dynamic_1-BIN","NamedPizza_PolloAdAstra_33",117,257,"Property Assertion","BIN","ASK WHERE { <http://www.example.com/genealogy.owl#PolloAdAstra_33> <http://www.example.com/genealogy.owl#hasTopping> <http://www.example.com/genealogy.owl#CajunSpiceTopping_dynamic_1> }","hasTopping","TRUE",1,1
"2hop-NamedPizza_PolloAdAstra_33_PolloAdAstra_33-PolloAdAstra_33-hasTopping-AmericanHot_131-NEG-BIN","NamedPizza_PolloAdAstra_33",117,257,"Property Assertion","BIN","ASK WHERE { <http://www.example.com/genealogy.owl#PolloAdAstra_33> <http://www.example.com/genealogy.owl#hasTopping> <http://www.example.com/genealogy.owl#AmericanHot_131> }","hasTopping","FALSE",1,1
"2hop-NamedPizza_PolloAdAstra_70_PolloAdAstra_70-PolloAdAstra_70-hasIngredient-MC","NamedPizza_PolloAdAstra_70",117,257,"Property Assertion","MC","SELECT ?x WHERE { <http://www.example.com/genealogy.owl#PolloAdAstra_70> <http://www.example.com/genealogy.owl#hasIngredient> ?x }","hasIngredient","CajunSpiceTopping_dynamic_1; ChickenTopping_dynamic_1; GarlicTopping_dynamic_1; MozzarellaTopping_dynamic_1; RedOnionTopping_dynamic_1; SweetPepperTopping_dynamic_1; TomatoTopping_dynamic_1",2,2
"2hop-NamedPizza_PolloAdAstra_70_PolloAdAstra_70-PolloAdAstra_70-rdf:type-MC","NamedPizza_PolloAdAstra_70",117,257,"Membership","MC","SELECT ?x WHERE { <http://www.example.com/genealogy.owl#PolloAdAstra_70> <http://www.w3.org/1999/02/22-rdf-syntax-ns#type> ?x }","rdf:type","DomainConcept; Food; Pizza",2,2
"2hop-NamedPizza_PolloAdAstra_70_PolloAdAstra_70-PolloAdAstra_70-hasTopping-MC","NamedPizza_PolloAdAstra_70",117,257,"Property Assertion","MC","SELECT ?x WHERE { <http://www.example.com/genealogy.owl#PolloAdAstra_70> <http://www.example.com/genealogy.owl#hasTopping> ?x }","hasTopping","CajunSpiceTopping_dynamic_1; ChickenTopping_dynamic_1; GarlicTopping_dynamic_1; MozzarellaTopping_dynamic_1; RedOnionTopping_dynamic_1; SweetPepperTopping_dynamic_1; TomatoTopping_dynamic_1",1,1
"2hop-NamedPizza_PolloAdAstra_70_PolloAdAstra_70-PolloAdAstra_70-hasTopping-CajunSpiceTopping_dynamic_1-BIN","NamedPizza_PolloAdAstra_70",117,257,"Property Assertion","BIN","ASK WHERE { <http://www.example.com/genealogy.owl#PolloAdAstra_70> <http://www.example.com/genealogy.owl#hasTopping> <http://www.example.com/genealogy.owl#CajunSpiceTopping_dynamic_1> }","hasTopping","TRUE",1,1
"2hop-NamedPizza_PolloAdAstra_70_PolloAdAstra_70-PolloAdAstra_70-hasTopping-AmericanHot_131-NEG-BIN","NamedPizza_PolloAdAstra_70",117,257,"Property Assertion","BIN","ASK WHERE { <http://www.example.com/genealogy.owl#PolloAdAstra_70> <http://www.example.com/genealogy.owl#hasTopping> <http://www.example.com/genealogy.owl#AmericanHot_131> }","hasTopping","FALSE",1,1
"2hop-NamedPizza_PolloAdAstra_70_PolloAdAstra_70-PolloAdAstra_70-hasIngredient-CajunSpiceTopping_dynamic_1-BIN","NamedPizza_PolloAdAstra_70",117,257,"Property Assertion","BIN","ASK WHERE { <http://www.example.com/genealogy.owl#PolloAdAstra_70> <http://www.example.com/genealogy.owl#hasIngredient> <http://www.example.com/genealogy.owl#CajunSpiceTopping_dynamic_1> }","hasIngredient","TRUE",2,2
"2hop-NamedPizza_PolloAdAstra_70_PolloAdAstra_70-PolloAdAstra_70-hasIngredient-AmericanHot_131-NEG-BIN","NamedPizza_PolloAdAstra_70",117,257,"Property Assertion","BIN","ASK WHERE { <http://www.example.com/genealogy.owl#PolloAdAstra_70> <http://www.example.com/genealogy.owl#hasIngredient> <http://www.example.com/genealogy.owl#AmericanHot_131> }","hasIngredient","FALSE",2,2
"2hop-NamedPizza_PolloAdAstra_70_PolloAdAstra_70-PolloAdAstra_70-rdf:type-Food-BIN","NamedPizza_PolloAdAstra_70",117,257,"Membership","BIN","ASK WHERE { <http://www.example.com/genealogy.owl#PolloAdAstra_70> <http://www.w3.org/1999/02/22-rdf-syntax-ns#type> <http://www.example.com/genealogy.owl#Food> }","rdf:type","TRUE",3,3
"2hop-NamedPizza_PolloAdAstra_70_PolloAdAstra_70-PolloAdAstra_70-rdf:type-American-NEG-BIN","NamedPizza_PolloAdAstra_70",117,257,"Membership","BIN","ASK WHERE { <http://www.example.com/genealogy.owl#PolloAdAstra_70> <http://www.w3.org/1999/02/22-rdf-syntax-ns#type> <http://www.example.com/genealogy.owl#American> }","rdf:type","FALSE",3,3
"2hop-NamedPizza_PolloAdAstra_74_PolloAdAstra_74-PolloAdAstra_74-hasIngredient-MC","NamedPizza_PolloAdAstra_74",117,257,"Property Assertion","MC","SELECT ?x WHERE { <http://www.example.com/genealogy.owl#PolloAdAstra_74> <http://www.example.com/genealogy.owl#hasIngredient> ?x }","hasIngredient","CajunSpiceTopping_dynamic_1; ChickenTopping_dynamic_1; GarlicTopping_dynamic_1; MozzarellaTopping_dynamic_1; RedOnionTopping_dynamic_1; SweetPepperTopping_dynamic_1; TomatoTopping_dynamic_1",2,2
"2hop-NamedPizza_PolloAdAstra_74_PolloAdAstra_74-PolloAdAstra_74-hasTopping-MC","NamedPizza_PolloAdAstra_74",117,257,"Property Assertion","MC","SELECT ?x WHERE { <http://www.example.com/genealogy.owl#PolloAdAstra_74> <http://www.example.com/genealogy.owl#hasTopping> ?x }","hasTopping","CajunSpiceTopping_dynamic_1; ChickenTopping_dynamic_1; GarlicTopping_dynamic_1; MozzarellaTopping_dynamic_1; RedOnionTopping_dynamic_1; SweetPepperTopping_dynamic_1; TomatoTopping_dynamic_1",1,1
"2hop-NamedPizza_PolloAdAstra_74_PolloAdAstra_74-PolloAdAstra_74-rdf:type-Food-BIN","NamedPizza_PolloAdAstra_74",117,257,"Membership","BIN","ASK WHERE { <http://www.example.com/genealogy.owl#PolloAdAstra_74> <http://www.w3.org/1999/02/22-rdf-syntax-ns#type> <http://www.example.com/genealogy.owl#Food> }","rdf:type","TRUE",3,3
"2hop-NamedPizza_PolloAdAstra_74_PolloAdAstra_74-PolloAdAstra_74-rdf:type-American-NEG-BIN","NamedPizza_PolloAdAstra_74",117,257,"Membership","BIN","ASK WHERE { <http://www.example.com/genealogy.owl#PolloAdAstra_74> <http://www.w3.org/1999/02/22-rdf-syntax-ns#type> <http://www.example.com/genealogy.owl#American> }","rdf:type","FALSE",3,3
"2hop-NamedPizza_PolloAdAstra_74_PolloAdAstra_74-PolloAdAstra_74-rdf:type-MC","NamedPizza_PolloAdAstra_74",117,257,"Membership","MC","SELECT ?x WHERE { <http://www.example.com/genealogy.owl#PolloAdAstra_74> <http://www.w3.org/1999/02/22-rdf-syntax-ns#type> ?x }","rdf:type","DomainConcept; Food; Pizza",3,3
"2hop-NamedPizza_PolloAdAstra_74_PolloAdAstra_74-PolloAdAstra_74-hasIngredient-CajunSpiceTopping_dynamic_1-BIN","NamedPizza_PolloAdAstra_74",117,257,"Property Assertion","BIN","ASK WHERE { <http://www.example.com/genealogy.owl#PolloAdAstra_74> <http://www.example.com/genealogy.owl#hasIngredient> <http://www.example.com/genealogy.owl#CajunSpiceTopping_dynamic_1> }","hasIngredient","TRUE",2,2
"2hop-NamedPizza_PolloAdAstra_74_PolloAdAstra_74-PolloAdAstra_74-hasIngredient-AmericanHot_131-NEG-BIN","NamedPizza_PolloAdAstra_74",117,257,"Property Assertion","BIN","ASK WHERE { <http://www.example.com/genealogy.owl#PolloAdAstra_74> <http://www.example.com/genealogy.owl#hasIngredient> <http://www.example.com/genealogy.owl#AmericanHot_131> }","hasIngredient","FALSE",2,2
"2hop-NamedPizza_PolloAdAstra_74_PolloAdAstra_74-PolloAdAstra_74-hasTopping-CajunSpiceTopping_dynamic_1-BIN","NamedPizza_PolloAdAstra_74",117,257,"Property Assertion","BIN","ASK WHERE { <http://www.example.com/genealogy.owl#PolloAdAstra_74> <http://www.example.com/genealogy.owl#hasTopping> <http://www.example.com/genealogy.owl#CajunSpiceTopping_dynamic_1> }","hasTopping","TRUE",1,1
"2hop-NamedPizza_PolloAdAstra_74_PolloAdAstra_74-PolloAdAstra_74-hasTopping-AmericanHot_131-NEG-BIN","NamedPizza_PolloAdAstra_74",117,257,"Property Assertion","BIN","ASK WHERE { <http://www.example.com/genealogy.owl#PolloAdAstra_74> <http://www.example.com/genealogy.owl#hasTopping> <http://www.example.com/genealogy.owl#AmericanHot_131> }","hasTopping","FALSE",1,1
"2hop-NamedPizza_PolloAdAstra_91_PolloAdAstra_91-PolloAdAstra_91-hasIngredient-MC","NamedPizza_PolloAdAstra_91",117,257,"Property Assertion","MC","SELECT ?x WHERE { <http://www.example.com/genealogy.owl#PolloAdAstra_91> <http://www.example.com/genealogy.owl#hasIngredient> ?x }","hasIngredient","CajunSpiceTopping_dynamic_1; ChickenTopping_dynamic_1; GarlicTopping_dynamic_1; MozzarellaTopping_dynamic_1; RedOnionTopping_dynamic_1; SweetPepperTopping_dynamic_1; TomatoTopping_dynamic_1",2,2
"2hop-NamedPizza_PolloAdAstra_91_PolloAdAstra_91-PolloAdAstra_91-hasTopping-MC","NamedPizza_PolloAdAstra_91",117,257,"Property Assertion","MC","SELECT ?x WHERE { <http://www.example.com/genealogy.owl#PolloAdAstra_91> <http://www.example.com/genealogy.owl#hasTopping> ?x }","hasTopping","CajunSpiceTopping_dynamic_1; ChickenTopping_dynamic_1; GarlicTopping_dynamic_1; MozzarellaTopping_dynamic_1; RedOnionTopping_dynamic_1; SweetPepperTopping_dynamic_1; TomatoTopping_dynamic_1",1,1
"2hop-NamedPizza_PolloAdAstra_91_PolloAdAstra_91-PolloAdAstra_91-rdf:type-MC","NamedPizza_PolloAdAstra_91",117,257,"Membership","MC","SELECT ?x WHERE { <http://www.example.com/genealogy.owl#PolloAdAstra_91> <http://www.w3.org/1999/02/22-rdf-syntax-ns#type> ?x }","rdf:type","DomainConcept; Food; Pizza",2,2
"2hop-NamedPizza_PolloAdAstra_91_PolloAdAstra_91-PolloAdAstra_91-hasTopping-CajunSpiceTopping_dynamic_1-BIN","NamedPizza_PolloAdAstra_91",117,257,"Property Assertion","BIN","ASK WHERE { <http://www.example.com/genealogy.owl#PolloAdAstra_91> <http://www.example.com/genealogy.owl#hasTopping> <http://www.example.com/genealogy.owl#CajunSpiceTopping_dynamic_1> }","hasTopping","TRUE",1,1
"2hop-NamedPizza_PolloAdAstra_91_PolloAdAstra_91-PolloAdAstra_91-hasTopping-AmericanHot_131-NEG-BIN","NamedPizza_PolloAdAstra_91",117,257,"Property Assertion","BIN","ASK WHERE { <http://www.example.com/genealogy.owl#PolloAdAstra_91> <http://www.example.com/genealogy.owl#hasTopping> <http://www.example.com/genealogy.owl#AmericanHot_131> }","hasTopping","FALSE",1,1
"2hop-NamedPizza_PolloAdAstra_91_PolloAdAstra_91-PolloAdAstra_91-rdf:type-Food-BIN","NamedPizza_PolloAdAstra_91",117,257,"Membership","BIN","ASK WHERE { <http://www.example.com/genealogy.owl#PolloAdAstra_91> <http://www.w3.org/1999/02/22-rdf-syntax-ns#type> <http://www.example.com/genealogy.owl#Food> }","rdf:type","TRUE",3,3
"2hop-NamedPizza_PolloAdAstra_91_PolloAdAstra_91-PolloAdAstra_91-rdf:type-American-NEG-BIN","NamedPizza_PolloAdAstra_91",117,257,"Membership","BIN","ASK WHERE { <http://www.example.com/genealogy.owl#PolloAdAstra_91> <http://www.w3.org/1999/02/22-rdf-syntax-ns#type> <http://www.example.com/genealogy.owl#American> }","rdf:type","FALSE",3,3
"2hop-NamedPizza_PolloAdAstra_91_PolloAdAstra_91-PolloAdAstra_91-hasIngredient-CajunSpiceTopping_dynamic_1-BIN","NamedPizza_PolloAdAstra_91",117,257,"Property Assertion","BIN","ASK WHERE { <http://www.example.com/genealogy.owl#PolloAdAstra_91> <http://www.example.com/genealogy.owl#hasIngredient> <http://www.example.com/genealogy.owl#CajunSpiceTopping_dynamic_1> }","hasIngredient","TRUE",2,2
"2hop-NamedPizza_PolloAdAstra_91_PolloAdAstra_91-PolloAdAstra_91-hasIngredient-AmericanHot_131-NEG-BIN","NamedPizza_PolloAdAstra_91",117,257,"Property Assertion","BIN","ASK WHERE { <http://www.example.com/genealogy.owl#PolloAdAstra_91> <http://www.example.com/genealogy.owl#hasIngredient> <http://www.example.com/genealogy.owl#AmericanHot_131> }","hasIngredient","FALSE",2,2
"2hop-NamedPizza_PolloAdAstra_95_PolloAdAstra_95-PolloAdAstra_95-hasTopping-CajunSpiceTopping_dynamic_1-BIN","NamedPizza_PolloAdAstra_95",117,257,"Property Assertion","BIN","ASK WHERE { <http://www.example.com/genealogy.owl#PolloAdAstra_95> <http://www.example.com/genealogy.owl#hasTopping> <http://www.example.com/genealogy.owl#CajunSpiceTopping_dynamic_1> }","hasTopping","TRUE",1,1
"2hop-NamedPizza_PolloAdAstra_95_PolloAdAstra_95-PolloAdAstra_95-hasTopping-AmericanHot_131-NEG-BIN","NamedPizza_PolloAdAstra_95",117,257,"Property Assertion","BIN","ASK WHERE { <http://www.example.com/genealogy.owl#PolloAdAstra_95> <http://www.example.com/genealogy.owl#hasTopping> <http://www.example.com/genealogy.owl#AmericanHot_131> }","hasTopping","FALSE",1,1
"2hop-NamedPizza_PolloAdAstra_95_PolloAdAstra_95-PolloAdAstra_95-hasTopping-MC","NamedPizza_PolloAdAstra_95",117,257,"Property Assertion","MC","SELECT ?x WHERE { <http://www.example.com/genealogy.owl#PolloAdAstra_95> <http://www.example.com/genealogy.owl#hasTopping> ?x }","hasTopping","CajunSpiceTopping_dynamic_1; ChickenTopping_dynamic_1; GarlicTopping_dynamic_1; MozzarellaTopping_dynamic_1; RedOnionTopping_dynamic_1; SweetPepperTopping_dynamic_1; TomatoTopping_dynamic_1",1,1
"2hop-NamedPizza_PolloAdAstra_95_PolloAdAstra_95-PolloAdAstra_95-hasIngredient-MC","NamedPizza_PolloAdAstra_95",117,257,"Property Assertion","MC","SELECT ?x WHERE { <http://www.example.com/genealogy.owl#PolloAdAstra_95> <http://www.example.com/genealogy.owl#hasIngredient> ?x }","hasIngredient","CajunSpiceTopping_dynamic_1; ChickenTopping_dynamic_1; GarlicTopping_dynamic_1; MozzarellaTopping_dynamic_1; RedOnionTopping_dynamic_1; SweetPepperTopping_dynamic_1; TomatoTopping_dynamic_1",2,2
"2hop-NamedPizza_PolloAdAstra_95_PolloAdAstra_95-PolloAdAstra_95-hasIngredient-CajunSpiceTopping_dynamic_1-BIN","NamedPizza_PolloAdAstra_95",117,257,"Property Assertion","BIN","ASK WHERE { <http://www.example.com/genealogy.owl#PolloAdAstra_95> <http://www.example.com/genealogy.owl#hasIngredient> <http://www.example.com/genealogy.owl#CajunSpiceTopping_dynamic_1> }","hasIngredient","TRUE",2,2
"2hop-NamedPizza_PolloAdAstra_95_PolloAdAstra_95-PolloAdAstra_95-hasIngredient-AmericanHot_131-NEG-BIN","NamedPizza_PolloAdAstra_95",117,257,"Property Assertion","BIN","ASK WHERE { <http://www.example.com/genealogy.owl#PolloAdAstra_95> <http://www.example.com/genealogy.owl#hasIngredient> <http://www.example.com/genealogy.owl#AmericanHot_131> }","hasIngredient","FALSE",2,2
"2hop-NamedPizza_PolloAdAstra_95_PolloAdAstra_95-PolloAdAstra_95-rdf:type-Food-BIN","NamedPizza_PolloAdAstra_95",117,257,"Membership","BIN","ASK WHERE { <http://www.example.com/genealogy.owl#PolloAdAstra_95> <http://www.w3.org/1999/02/22-rdf-syntax-ns#type> <http://www.example.com/genealogy.owl#Food> }","rdf:type","TRUE",3,3
"2hop-NamedPizza_PolloAdAstra_95_PolloAdAstra_95-PolloAdAstra_95-rdf:type-American-NEG-BIN","NamedPizza_PolloAdAstra_95",117,257,"Membership","BIN","ASK WHERE { <http://www.example.com/genealogy.owl#PolloAdAstra_95> <http://www.w3.org/1999/02/22-rdf-syntax-ns#type> <http://www.example.com/genealogy.owl#American> }","rdf:type","FALSE",3,3
"2hop-NamedPizza_PolloAdAstra_95_PolloAdAstra_95-PolloAdAstra_95-rdf:type-MC","NamedPizza_PolloAdAstra_95",117,257,"Membership","MC","SELECT ?x WHERE { <http://www.example.com/genealogy.owl#PolloAdAstra_95> <http://www.w3.org/1999/02/22-rdf-syntax-ns#type> ?x }","rdf:type","DomainConcept; Food; Pizza",3,3
"2hop-NamedPizza_PrinceCarlo_100_PrinceCarlo_100-PrinceCarlo_100-hasIngredient-MC","NamedPizza_PrinceCarlo_100",117,255,"Property Assertion","MC","SELECT ?x WHERE { <http://www.example.com/genealogy.owl#PrinceCarlo_100> <http://www.example.com/genealogy.owl#hasIngredient> ?x }","hasIngredient","LeekTopping_dynamic_1; MozzarellaTopping_dynamic_1; ParmesanTopping_dynamic_1; RosemaryTopping_dynamic_1; TomatoTopping_dynamic_1",2,2
"2hop-NamedPizza_PrinceCarlo_100_PrinceCarlo_100-PrinceCarlo_100-rdf:type-Food-BIN","NamedPizza_PrinceCarlo_100",117,255,"Membership","BIN","ASK WHERE { <http://www.example.com/genealogy.owl#PrinceCarlo_100> <http://www.w3.org/1999/02/22-rdf-syntax-ns#type> <http://www.example.com/genealogy.owl#Food> }","rdf:type","TRUE",3,3
"2hop-NamedPizza_PrinceCarlo_100_PrinceCarlo_100-PrinceCarlo_100-rdf:type-American-NEG-BIN","NamedPizza_PrinceCarlo_100",117,255,"Membership","BIN","ASK WHERE { <http://www.example.com/genealogy.owl#PrinceCarlo_100> <http://www.w3.org/1999/02/22-rdf-syntax-ns#type> <http://www.example.com/genealogy.owl#American> }","rdf:type","FALSE",3,3
"2hop-NamedPizza_PrinceCarlo_100_PrinceCarlo_100-PrinceCarlo_100-rdf:type-MC","NamedPizza_PrinceCarlo_100",117,255,"Membership","MC","SELECT ?x WHERE { <http://www.example.com/genealogy.owl#PrinceCarlo_100> <http://www.w3.org/1999/02/22-rdf-syntax-ns#type> ?x }","rdf:type","DomainConcept; Food; Pizza",3,3
"2hop-NamedPizza_PrinceCarlo_100_PrinceCarlo_100-PrinceCarlo_100-hasTopping-MC","NamedPizza_PrinceCarlo_100",117,255,"Property Assertion","MC","SELECT ?x WHERE { <http://www.example.com/genealogy.owl#PrinceCarlo_100> <http://www.example.com/genealogy.owl#hasTopping> ?x }","hasTopping","LeekTopping_dynamic_1; MozzarellaTopping_dynamic_1; ParmesanTopping_dynamic_1; RosemaryTopping_dynamic_1; TomatoTopping_dynamic_1",1,1
"2hop-NamedPizza_PrinceCarlo_100_PrinceCarlo_100-PrinceCarlo_100-hasTopping-LeekTopping_dynamic_1-BIN","NamedPizza_PrinceCarlo_100",117,255,"Property Assertion","BIN","ASK WHERE { <http://www.example.com/genealogy.owl#PrinceCarlo_100> <http://www.example.com/genealogy.owl#hasTopping> <http://www.example.com/genealogy.owl#LeekTopping_dynamic_1> }","hasTopping","TRUE",1,1
"2hop-NamedPizza_PrinceCarlo_100_PrinceCarlo_100-PrinceCarlo_100-hasTopping-AmericanHot_131-NEG-BIN","NamedPizza_PrinceCarlo_100",117,255,"Property Assertion","BIN","ASK WHERE { <http://www.example.com/genealogy.owl#PrinceCarlo_100> <http://www.example.com/genealogy.owl#hasTopping> <http://www.example.com/genealogy.owl#AmericanHot_131> }","hasTopping","FALSE",1,1
"2hop-NamedPizza_PrinceCarlo_100_PrinceCarlo_100-PrinceCarlo_100-hasIngredient-LeekTopping_dynamic_1-BIN","NamedPizza_PrinceCarlo_100",117,255,"Property Assertion","BIN","ASK WHERE { <http://www.example.com/genealogy.owl#PrinceCarlo_100> <http://www.example.com/genealogy.owl#hasIngredient> <http://www.example.com/genealogy.owl#LeekTopping_dynamic_1> }","hasIngredient","TRUE",2,2
"2hop-NamedPizza_PrinceCarlo_100_PrinceCarlo_100-PrinceCarlo_100-hasIngredient-AmericanHot_131-NEG-BIN","NamedPizza_PrinceCarlo_100",117,255,"Property Assertion","BIN","ASK WHERE { <http://www.example.com/genealogy.owl#PrinceCarlo_100> <http://www.example.com/genealogy.owl#hasIngredient> <http://www.example.com/genealogy.owl#AmericanHot_131> }","hasIngredient","FALSE",2,2
"2hop-NamedPizza_PrinceCarlo_122_PrinceCarlo_122-PrinceCarlo_122-hasTopping-MC","NamedPizza_PrinceCarlo_122",117,255,"Property Assertion","MC","SELECT ?x WHERE { <http://www.example.com/genealogy.owl#PrinceCarlo_122> <http://www.example.com/genealogy.owl#hasTopping> ?x }","hasTopping","LeekTopping_dynamic_1; MozzarellaTopping_dynamic_1; ParmesanTopping_dynamic_1; RosemaryTopping_dynamic_1; TomatoTopping_dynamic_1",1,1
"2hop-NamedPizza_PrinceCarlo_122_PrinceCarlo_122-PrinceCarlo_122-hasIngredient-MC","NamedPizza_PrinceCarlo_122",117,255,"Property Assertion","MC","SELECT ?x WHERE { <http://www.example.com/genealogy.owl#PrinceCarlo_122> <http://www.example.com/genealogy.owl#hasIngredient> ?x }","hasIngredient","LeekTopping_dynamic_1; MozzarellaTopping_dynamic_1; ParmesanTopping_dynamic_1; RosemaryTopping_dynamic_1; TomatoTopping_dynamic_1",2,2
"2hop-NamedPizza_PrinceCarlo_122_PrinceCarlo_122-PrinceCarlo_122-hasTopping-LeekTopping_dynamic_1-BIN","NamedPizza_PrinceCarlo_122",117,255,"Property Assertion","BIN","ASK WHERE { <http://www.example.com/genealogy.owl#PrinceCarlo_122> <http://www.example.com/genealogy.owl#hasTopping> <http://www.example.com/genealogy.owl#LeekTopping_dynamic_1> }","hasTopping","TRUE",1,1
"2hop-NamedPizza_PrinceCarlo_122_PrinceCarlo_122-PrinceCarlo_122-hasTopping-AmericanHot_131-NEG-BIN","NamedPizza_PrinceCarlo_122",117,255,"Property Assertion","BIN","ASK WHERE { <http://www.example.com/genealogy.owl#PrinceCarlo_122> <http://www.example.com/genealogy.owl#hasTopping> <http://www.example.com/genealogy.owl#AmericanHot_131> }","hasTopping","FALSE",1,1
"2hop-NamedPizza_PrinceCarlo_122_PrinceCarlo_122-PrinceCarlo_122-hasIngredient-LeekTopping_dynamic_1-BIN","NamedPizza_PrinceCarlo_122",117,255,"Property Assertion","BIN","ASK WHERE { <http://www.example.com/genealogy.owl#PrinceCarlo_122> <http://www.example.com/genealogy.owl#hasIngredient> <http://www.example.com/genealogy.owl#LeekTopping_dynamic_1> }","hasIngredient","TRUE",2,2
"2hop-NamedPizza_PrinceCarlo_122_PrinceCarlo_122-PrinceCarlo_122-hasIngredient-AmericanHot_131-NEG-BIN","NamedPizza_PrinceCarlo_122",117,255,"Property Assertion","BIN","ASK WHERE { <http://www.example.com/genealogy.owl#PrinceCarlo_122> <http://www.example.com/genealogy.owl#hasIngredient> <http://www.example.com/genealogy.owl#AmericanHot_131> }","hasIngredient","FALSE",2,2
"2hop-NamedPizza_PrinceCarlo_122_PrinceCarlo_122-PrinceCarlo_122-rdf:type-Food-BIN","NamedPizza_PrinceCarlo_122",117,255,"Membership","BIN","ASK WHERE { <http://www.example.com/genealogy.owl#PrinceCarlo_122> <http://www.w3.org/1999/02/22-rdf-syntax-ns#type> <http://www.example.com/genealogy.owl#Food> }","rdf:type","TRUE",3,3
"2hop-NamedPizza_PrinceCarlo_122_PrinceCarlo_122-PrinceCarlo_122-rdf:type-American-NEG-BIN","NamedPizza_PrinceCarlo_122",117,255,"Membership","BIN","ASK WHERE { <http://www.example.com/genealogy.owl#PrinceCarlo_122> <http://www.w3.org/1999/02/22-rdf-syntax-ns#type> <http://www.example.com/genealogy.owl#American> }","rdf:type","FALSE",3,3
"2hop-NamedPizza_PrinceCarlo_122_PrinceCarlo_122-PrinceCarlo_122-rdf:type-MC","NamedPizza_PrinceCarlo_122",117,255,"Membership","MC","SELECT ?x WHERE { <http://www.example.com/genealogy.owl#PrinceCarlo_122> <http://www.w3.org/1999/02/22-rdf-syntax-ns#type> ?x }","rdf:type","DomainConcept; Food; Pizza",3,3
"2hop-NamedPizza_PrinceCarlo_155_PrinceCarlo_155-PrinceCarlo_155-rdf:type-MC","NamedPizza_PrinceCarlo_155",117,255,"Membership","MC","SELECT ?x WHERE { <http://www.example.com/genealogy.owl#PrinceCarlo_155> <http://www.w3.org/1999/02/22-rdf-syntax-ns#type> ?x }","rdf:type","DomainConcept; Food; Pizza",2,2
"2hop-NamedPizza_PrinceCarlo_155_PrinceCarlo_155-PrinceCarlo_155-hasIngredient-MC","NamedPizza_PrinceCarlo_155",117,255,"Property Assertion","MC","SELECT ?x WHERE { <http://www.example.com/genealogy.owl#PrinceCarlo_155> <http://www.example.com/genealogy.owl#hasIngredient> ?x }","hasIngredient","LeekTopping_dynamic_1; MozzarellaTopping_dynamic_1; ParmesanTopping_dynamic_1; RosemaryTopping_dynamic_1; TomatoTopping_dynamic_1",2,2
"2hop-NamedPizza_PrinceCarlo_155_PrinceCarlo_155-PrinceCarlo_155-hasTopping-MC","NamedPizza_PrinceCarlo_155",117,255,"Property Assertion","MC","SELECT ?x WHERE { <http://www.example.com/genealogy.owl#PrinceCarlo_155> <http://www.example.com/genealogy.owl#hasTopping> ?x }","hasTopping","LeekTopping_dynamic_1; MozzarellaTopping_dynamic_1; ParmesanTopping_dynamic_1; RosemaryTopping_dynamic_1; TomatoTopping_dynamic_1",1,1
"2hop-NamedPizza_PrinceCarlo_155_PrinceCarlo_155-PrinceCarlo_155-rdf:type-Food-BIN","NamedPizza_PrinceCarlo_155",117,255,"Membership","BIN","ASK WHERE { <http://www.example.com/genealogy.owl#PrinceCarlo_155> <http://www.w3.org/1999/02/22-rdf-syntax-ns#type> <http://www.example.com/genealogy.owl#Food> }","rdf:type","TRUE",3,3
"2hop-NamedPizza_PrinceCarlo_155_PrinceCarlo_155-PrinceCarlo_155-rdf:type-American-NEG-BIN","NamedPizza_PrinceCarlo_155",117,255,"Membership","BIN","ASK WHERE { <http://www.example.com/genealogy.owl#PrinceCarlo_155> <http://www.w3.org/1999/02/22-rdf-syntax-ns#type> <http://www.example.com/genealogy.owl#American> }","rdf:type","FALSE",3,3
"2hop-NamedPizza_PrinceCarlo_155_PrinceCarlo_155-PrinceCarlo_155-hasIngredient-LeekTopping_dynamic_1-BIN","NamedPizza_PrinceCarlo_155",117,255,"Property Assertion","BIN","ASK WHERE { <http://www.example.com/genealogy.owl#PrinceCarlo_155> <http://www.example.com/genealogy.owl#hasIngredient> <http://www.example.com/genealogy.owl#LeekTopping_dynamic_1> }","hasIngredient","TRUE",2,2
"2hop-NamedPizza_PrinceCarlo_155_PrinceCarlo_155-PrinceCarlo_155-hasIngredient-AmericanHot_131-NEG-BIN","NamedPizza_PrinceCarlo_155",117,255,"Property Assertion","BIN","ASK WHERE { <http://www.example.com/genealogy.owl#PrinceCarlo_155> <http://www.example.com/genealogy.owl#hasIngredient> <http://www.example.com/genealogy.owl#AmericanHot_131> }","hasIngredient","FALSE",2,2
"2hop-NamedPizza_PrinceCarlo_155_PrinceCarlo_155-PrinceCarlo_155-hasTopping-LeekTopping_dynamic_1-BIN","NamedPizza_PrinceCarlo_155",117,255,"Property Assertion","BIN","ASK WHERE { <http://www.example.com/genealogy.owl#PrinceCarlo_155> <http://www.example.com/genealogy.owl#hasTopping> <http://www.example.com/genealogy.owl#LeekTopping_dynamic_1> }","hasTopping","TRUE",1,1
"2hop-NamedPizza_PrinceCarlo_155_PrinceCarlo_155-PrinceCarlo_155-hasTopping-AmericanHot_131-NEG-BIN","NamedPizza_PrinceCarlo_155",117,255,"Property Assertion","BIN","ASK WHERE { <http://www.example.com/genealogy.owl#PrinceCarlo_155> <http://www.example.com/genealogy.owl#hasTopping> <http://www.example.com/genealogy.owl#AmericanHot_131> }","hasTopping","FALSE",1,1
"2hop-NamedPizza_PrinceCarlo_172_PrinceCarlo_172-PrinceCarlo_172-hasIngredient-MC","NamedPizza_PrinceCarlo_172",117,255,"Property Assertion","MC","SELECT ?x WHERE { <http://www.example.com/genealogy.owl#PrinceCarlo_172> <http://www.example.com/genealogy.owl#hasIngredient> ?x }","hasIngredient","LeekTopping_dynamic_1; MozzarellaTopping_dynamic_1; ParmesanTopping_dynamic_1; RosemaryTopping_dynamic_1; TomatoTopping_dynamic_1",2,2
"2hop-NamedPizza_PrinceCarlo_172_PrinceCarlo_172-PrinceCarlo_172-hasTopping-MC","NamedPizza_PrinceCarlo_172",117,255,"Property Assertion","MC","SELECT ?x WHERE { <http://www.example.com/genealogy.owl#PrinceCarlo_172> <http://www.example.com/genealogy.owl#hasTopping> ?x }","hasTopping","LeekTopping_dynamic_1; MozzarellaTopping_dynamic_1; ParmesanTopping_dynamic_1; RosemaryTopping_dynamic_1; TomatoTopping_dynamic_1",1,1
"2hop-NamedPizza_PrinceCarlo_172_PrinceCarlo_172-PrinceCarlo_172-rdf:type-MC","NamedPizza_PrinceCarlo_172",117,255,"Membership","MC","SELECT ?x WHERE { <http://www.example.com/genealogy.owl#PrinceCarlo_172> <http://www.w3.org/1999/02/22-rdf-syntax-ns#type> ?x }","rdf:type","DomainConcept; Food; Pizza",4,4
"2hop-NamedPizza_PrinceCarlo_172_PrinceCarlo_172-PrinceCarlo_172-hasTopping-LeekTopping_dynamic_1-BIN","NamedPizza_PrinceCarlo_172",117,255,"Property Assertion","BIN","ASK WHERE { <http://www.example.com/genealogy.owl#PrinceCarlo_172> <http://www.example.com/genealogy.owl#hasTopping> <http://www.example.com/genealogy.owl#LeekTopping_dynamic_1> }","hasTopping","TRUE",1,1
"2hop-NamedPizza_PrinceCarlo_172_PrinceCarlo_172-PrinceCarlo_172-hasTopping-AmericanHot_131-NEG-BIN","NamedPizza_PrinceCarlo_172",117,255,"Property Assertion","BIN","ASK WHERE { <http://www.example.com/genealogy.owl#PrinceCarlo_172> <http://www.example.com/genealogy.owl#hasTopping> <http://www.example.com/genealogy.owl#AmericanHot_131> }","hasTopping","FALSE",1,1
"2hop-NamedPizza_PrinceCarlo_172_PrinceCarlo_172-PrinceCarlo_172-hasIngredient-LeekTopping_dynamic_1-BIN","NamedPizza_PrinceCarlo_172",117,255,"Property Assertion","BIN","ASK WHERE { <http://www.example.com/genealogy.owl#PrinceCarlo_172> <http://www.example.com/genealogy.owl#hasIngredient> <http://www.example.com/genealogy.owl#LeekTopping_dynamic_1> }","hasIngredient","TRUE",2,2
"2hop-NamedPizza_PrinceCarlo_172_PrinceCarlo_172-PrinceCarlo_172-hasIngredient-AmericanHot_131-NEG-BIN","NamedPizza_PrinceCarlo_172",117,255,"Property Assertion","BIN","ASK WHERE { <http://www.example.com/genealogy.owl#PrinceCarlo_172> <http://www.example.com/genealogy.owl#hasIngredient> <http://www.example.com/genealogy.owl#AmericanHot_131> }","hasIngredient","FALSE",2,2
"2hop-NamedPizza_PrinceCarlo_172_PrinceCarlo_172-PrinceCarlo_172-rdf:type-Food-BIN","NamedPizza_PrinceCarlo_172",117,255,"Membership","BIN","ASK WHERE { <http://www.example.com/genealogy.owl#PrinceCarlo_172> <http://www.w3.org/1999/02/22-rdf-syntax-ns#type> <http://www.example.com/genealogy.owl#Food> }","rdf:type","TRUE",3,3
"2hop-NamedPizza_PrinceCarlo_172_PrinceCarlo_172-PrinceCarlo_172-rdf:type-American-NEG-BIN","NamedPizza_PrinceCarlo_172",117,255,"Membership","BIN","ASK WHERE { <http://www.example.com/genealogy.owl#PrinceCarlo_172> <http://www.w3.org/1999/02/22-rdf-syntax-ns#type> <http://www.example.com/genealogy.owl#American> }","rdf:type","FALSE",3,3
"2hop-NamedPizza_PrinceCarlo_187_PrinceCarlo_187-PrinceCarlo_187-rdf:type-Food-BIN","NamedPizza_PrinceCarlo_187",117,255,"Membership","BIN","ASK WHERE { <http://www.example.com/genealogy.owl#PrinceCarlo_187> <http://www.w3.org/1999/02/22-rdf-syntax-ns#type> <http://www.example.com/genealogy.owl#Food> }","rdf:type","TRUE",3,3
"2hop-NamedPizza_PrinceCarlo_187_PrinceCarlo_187-PrinceCarlo_187-rdf:type-American-NEG-BIN","NamedPizza_PrinceCarlo_187",117,255,"Membership","BIN","ASK WHERE { <http://www.example.com/genealogy.owl#PrinceCarlo_187> <http://www.w3.org/1999/02/22-rdf-syntax-ns#type> <http://www.example.com/genealogy.owl#American> }","rdf:type","FALSE",3,3
"2hop-NamedPizza_PrinceCarlo_187_PrinceCarlo_187-PrinceCarlo_187-rdf:type-MC","NamedPizza_PrinceCarlo_187",117,255,"Membership","MC","SELECT ?x WHERE { <http://www.example.com/genealogy.owl#PrinceCarlo_187> <http://www.w3.org/1999/02/22-rdf-syntax-ns#type> ?x }","rdf:type","DomainConcept; Food; Pizza",3,3
"2hop-NamedPizza_PrinceCarlo_187_PrinceCarlo_187-PrinceCarlo_187-hasTopping-MC","NamedPizza_PrinceCarlo_187",117,255,"Property Assertion","MC","SELECT ?x WHERE { <http://www.example.com/genealogy.owl#PrinceCarlo_187> <http://www.example.com/genealogy.owl#hasTopping> ?x }","hasTopping","LeekTopping_dynamic_1; MozzarellaTopping_dynamic_1; ParmesanTopping_dynamic_1; RosemaryTopping_dynamic_1; TomatoTopping_dynamic_1",1,1
"2hop-NamedPizza_PrinceCarlo_187_PrinceCarlo_187-PrinceCarlo_187-hasTopping-LeekTopping_dynamic_1-BIN","NamedPizza_PrinceCarlo_187",117,255,"Property Assertion","BIN","ASK WHERE { <http://www.example.com/genealogy.owl#PrinceCarlo_187> <http://www.example.com/genealogy.owl#hasTopping> <http://www.example.com/genealogy.owl#LeekTopping_dynamic_1> }","hasTopping","TRUE",1,1
"2hop-NamedPizza_PrinceCarlo_187_PrinceCarlo_187-PrinceCarlo_187-hasTopping-AmericanHot_131-NEG-BIN","NamedPizza_PrinceCarlo_187",117,255,"Property Assertion","BIN","ASK WHERE { <http://www.example.com/genealogy.owl#PrinceCarlo_187> <http://www.example.com/genealogy.owl#hasTopping> <http://www.example.com/genealogy.owl#AmericanHot_131> }","hasTopping","FALSE",1,1
"2hop-NamedPizza_PrinceCarlo_187_PrinceCarlo_187-PrinceCarlo_187-hasIngredient-MC","NamedPizza_PrinceCarlo_187",117,255,"Property Assertion","MC","SELECT ?x WHERE { <http://www.example.com/genealogy.owl#PrinceCarlo_187> <http://www.example.com/genealogy.owl#hasIngredient> ?x }","hasIngredient","LeekTopping_dynamic_1; MozzarellaTopping_dynamic_1; ParmesanTopping_dynamic_1; RosemaryTopping_dynamic_1; TomatoTopping_dynamic_1",2,2
"2hop-NamedPizza_PrinceCarlo_187_PrinceCarlo_187-PrinceCarlo_187-hasIngredient-LeekTopping_dynamic_1-BIN","NamedPizza_PrinceCarlo_187",117,255,"Property Assertion","BIN","ASK WHERE { <http://www.example.com/genealogy.owl#PrinceCarlo_187> <http://www.example.com/genealogy.owl#hasIngredient> <http://www.example.com/genealogy.owl#LeekTopping_dynamic_1> }","hasIngredient","TRUE",2,2
"2hop-NamedPizza_PrinceCarlo_187_PrinceCarlo_187-PrinceCarlo_187-hasIngredient-AmericanHot_131-NEG-BIN","NamedPizza_PrinceCarlo_187",117,255,"Property Assertion","BIN","ASK WHERE { <http://www.example.com/genealogy.owl#PrinceCarlo_187> <http://www.example.com/genealogy.owl#hasIngredient> <http://www.example.com/genealogy.owl#AmericanHot_131> }","hasIngredient","FALSE",2,2
"2hop-NamedPizza_PrinceCarlo_39_PrinceCarlo_39-PrinceCarlo_39-hasTopping-MC","NamedPizza_PrinceCarlo_39",117,255,"Property Assertion","MC","SELECT ?x WHERE { <http://www.example.com/genealogy.owl#PrinceCarlo_39> <http://www.example.com/genealogy.owl#hasTopping> ?x }","hasTopping","LeekTopping_dynamic_1; MozzarellaTopping_dynamic_1; ParmesanTopping_dynamic_1; RosemaryTopping_dynamic_1; TomatoTopping_dynamic_1",1,1
"2hop-NamedPizza_PrinceCarlo_39_PrinceCarlo_39-PrinceCarlo_39-hasIngredient-MC","NamedPizza_PrinceCarlo_39",117,255,"Property Assertion","MC","SELECT ?x WHERE { <http://www.example.com/genealogy.owl#PrinceCarlo_39> <http://www.example.com/genealogy.owl#hasIngredient> ?x }","hasIngredient","LeekTopping_dynamic_1; MozzarellaTopping_dynamic_1; ParmesanTopping_dynamic_1; RosemaryTopping_dynamic_1; TomatoTopping_dynamic_1",2,2
"2hop-NamedPizza_PrinceCarlo_39_PrinceCarlo_39-PrinceCarlo_39-rdf:type-MC","NamedPizza_PrinceCarlo_39",117,255,"Membership","MC","SELECT ?x WHERE { <http://www.example.com/genealogy.owl#PrinceCarlo_39> <http://www.w3.org/1999/02/22-rdf-syntax-ns#type> ?x }","rdf:type","DomainConcept; Food; Pizza",2,2
"2hop-NamedPizza_PrinceCarlo_39_PrinceCarlo_39-PrinceCarlo_39-rdf:type-Food-BIN","NamedPizza_PrinceCarlo_39",117,255,"Membership","BIN","ASK WHERE { <http://www.example.com/genealogy.owl#PrinceCarlo_39> <http://www.w3.org/1999/02/22-rdf-syntax-ns#type> <http://www.example.com/genealogy.owl#Food> }","rdf:type","TRUE",3,3
"2hop-NamedPizza_PrinceCarlo_39_PrinceCarlo_39-PrinceCarlo_39-rdf:type-American-NEG-BIN","NamedPizza_PrinceCarlo_39",117,255,"Membership","BIN","ASK WHERE { <http://www.example.com/genealogy.owl#PrinceCarlo_39> <http://www.w3.org/1999/02/22-rdf-syntax-ns#type> <http://www.example.com/genealogy.owl#American> }","rdf:type","FALSE",3,3
"2hop-NamedPizza_PrinceCarlo_39_PrinceCarlo_39-PrinceCarlo_39-hasIngredient-LeekTopping_dynamic_1-BIN","NamedPizza_PrinceCarlo_39",117,255,"Property Assertion","BIN","ASK WHERE { <http://www.example.com/genealogy.owl#PrinceCarlo_39> <http://www.example.com/genealogy.owl#hasIngredient> <http://www.example.com/genealogy.owl#LeekTopping_dynamic_1> }","hasIngredient","TRUE",2,2
"2hop-NamedPizza_PrinceCarlo_39_PrinceCarlo_39-PrinceCarlo_39-hasIngredient-AmericanHot_131-NEG-BIN","NamedPizza_PrinceCarlo_39",117,255,"Property Assertion","BIN","ASK WHERE { <http://www.example.com/genealogy.owl#PrinceCarlo_39> <http://www.example.com/genealogy.owl#hasIngredient> <http://www.example.com/genealogy.owl#AmericanHot_131> }","hasIngredient","FALSE",2,2
"2hop-NamedPizza_PrinceCarlo_39_PrinceCarlo_39-PrinceCarlo_39-hasTopping-LeekTopping_dynamic_1-BIN","NamedPizza_PrinceCarlo_39",117,255,"Property Assertion","BIN","ASK WHERE { <http://www.example.com/genealogy.owl#PrinceCarlo_39> <http://www.example.com/genealogy.owl#hasTopping> <http://www.example.com/genealogy.owl#LeekTopping_dynamic_1> }","hasTopping","TRUE",1,1
"2hop-NamedPizza_PrinceCarlo_39_PrinceCarlo_39-PrinceCarlo_39-hasTopping-AmericanHot_131-NEG-BIN","NamedPizza_PrinceCarlo_39",117,255,"Property Assertion","BIN","ASK WHERE { <http://www.example.com/genealogy.owl#PrinceCarlo_39> <http://www.example.com/genealogy.owl#hasTopping> <http://www.example.com/genealogy.owl#AmericanHot_131> }","hasTopping","FALSE",1,1
"2hop-NamedPizza_PrinceCarlo_8_PrinceCarlo_8-PrinceCarlo_8-rdf:type-MC","NamedPizza_PrinceCarlo_8",117,255,"Membership","MC","SELECT ?x WHERE { <http://www.example.com/genealogy.owl#PrinceCarlo_8> <http://www.w3.org/1999/02/22-rdf-syntax-ns#type> ?x }","rdf:type","DomainConcept; Food; Pizza",4,4
"2hop-NamedPizza_PrinceCarlo_8_PrinceCarlo_8-PrinceCarlo_8-hasTopping-MC","NamedPizza_PrinceCarlo_8",117,255,"Property Assertion","MC","SELECT ?x WHERE { <http://www.example.com/genealogy.owl#PrinceCarlo_8> <http://www.example.com/genealogy.owl#hasTopping> ?x }","hasTopping","LeekTopping_dynamic_1; MozzarellaTopping_dynamic_1; ParmesanTopping_dynamic_1; RosemaryTopping_dynamic_1; TomatoTopping_dynamic_1",1,1
"2hop-NamedPizza_PrinceCarlo_8_PrinceCarlo_8-PrinceCarlo_8-hasIngredient-MC","NamedPizza_PrinceCarlo_8",117,255,"Property Assertion","MC","SELECT ?x WHERE { <http://www.example.com/genealogy.owl#PrinceCarlo_8> <http://www.example.com/genealogy.owl#hasIngredient> ?x }","hasIngredient","LeekTopping_dynamic_1; MozzarellaTopping_dynamic_1; ParmesanTopping_dynamic_1; RosemaryTopping_dynamic_1; TomatoTopping_dynamic_1",2,2
"2hop-NamedPizza_PrinceCarlo_8_PrinceCarlo_8-PrinceCarlo_8-hasTopping-LeekTopping_dynamic_1-BIN","NamedPizza_PrinceCarlo_8",117,255,"Property Assertion","BIN","ASK WHERE { <http://www.example.com/genealogy.owl#PrinceCarlo_8> <http://www.example.com/genealogy.owl#hasTopping> <http://www.example.com/genealogy.owl#LeekTopping_dynamic_1> }","hasTopping","TRUE",1,1
"2hop-NamedPizza_PrinceCarlo_8_PrinceCarlo_8-PrinceCarlo_8-hasTopping-AmericanHot_131-NEG-BIN","NamedPizza_PrinceCarlo_8",117,255,"Property Assertion","BIN","ASK WHERE { <http://www.example.com/genealogy.owl#PrinceCarlo_8> <http://www.example.com/genealogy.owl#hasTopping> <http://www.example.com/genealogy.owl#AmericanHot_131> }","hasTopping","FALSE",1,1
"2hop-NamedPizza_PrinceCarlo_8_PrinceCarlo_8-PrinceCarlo_8-rdf:type-Food-BIN","NamedPizza_PrinceCarlo_8",117,255,"Membership","BIN","ASK WHERE { <http://www.example.com/genealogy.owl#PrinceCarlo_8> <http://www.w3.org/1999/02/22-rdf-syntax-ns#type> <http://www.example.com/genealogy.owl#Food> }","rdf:type","TRUE",3,3
"2hop-NamedPizza_PrinceCarlo_8_PrinceCarlo_8-PrinceCarlo_8-rdf:type-American-NEG-BIN","NamedPizza_PrinceCarlo_8",117,255,"Membership","BIN","ASK WHERE { <http://www.example.com/genealogy.owl#PrinceCarlo_8> <http://www.w3.org/1999/02/22-rdf-syntax-ns#type> <http://www.example.com/genealogy.owl#American> }","rdf:type","FALSE",3,3
"2hop-NamedPizza_PrinceCarlo_8_PrinceCarlo_8-PrinceCarlo_8-hasIngredient-LeekTopping_dynamic_1-BIN","NamedPizza_PrinceCarlo_8",117,255,"Property Assertion","BIN","ASK WHERE { <http://www.example.com/genealogy.owl#PrinceCarlo_8> <http://www.example.com/genealogy.owl#hasIngredient> <http://www.example.com/genealogy.owl#LeekTopping_dynamic_1> }","hasIngredient","TRUE",2,2
"2hop-NamedPizza_PrinceCarlo_8_PrinceCarlo_8-PrinceCarlo_8-hasIngredient-AmericanHot_131-NEG-BIN","NamedPizza_PrinceCarlo_8",117,255,"Property Assertion","BIN","ASK WHERE { <http://www.example.com/genealogy.owl#PrinceCarlo_8> <http://www.example.com/genealogy.owl#hasIngredient> <http://www.example.com/genealogy.owl#AmericanHot_131> }","hasIngredient","FALSE",2,2
"2hop-NamedPizza_PrinceCarlo_85_PrinceCarlo_85-PrinceCarlo_85-hasTopping-MC","NamedPizza_PrinceCarlo_85",117,255,"Property Assertion","MC","SELECT ?x WHERE { <http://www.example.com/genealogy.owl#PrinceCarlo_85> <http://www.example.com/genealogy.owl#hasTopping> ?x }","hasTopping","LeekTopping_dynamic_1; MozzarellaTopping_dynamic_1; ParmesanTopping_dynamic_1; RosemaryTopping_dynamic_1; TomatoTopping_dynamic_1",1,1
"2hop-NamedPizza_PrinceCarlo_85_PrinceCarlo_85-PrinceCarlo_85-rdf:type-Food-BIN","NamedPizza_PrinceCarlo_85",117,255,"Membership","BIN","ASK WHERE { <http://www.example.com/genealogy.owl#PrinceCarlo_85> <http://www.w3.org/1999/02/22-rdf-syntax-ns#type> <http://www.example.com/genealogy.owl#Food> }","rdf:type","TRUE",3,3
"2hop-NamedPizza_PrinceCarlo_85_PrinceCarlo_85-PrinceCarlo_85-rdf:type-American-NEG-BIN","NamedPizza_PrinceCarlo_85",117,255,"Membership","BIN","ASK WHERE { <http://www.example.com/genealogy.owl#PrinceCarlo_85> <http://www.w3.org/1999/02/22-rdf-syntax-ns#type> <http://www.example.com/genealogy.owl#American> }","rdf:type","FALSE",3,3
"2hop-NamedPizza_PrinceCarlo_85_PrinceCarlo_85-PrinceCarlo_85-rdf:type-MC","NamedPizza_PrinceCarlo_85",117,255,"Membership","MC","SELECT ?x WHERE { <http://www.example.com/genealogy.owl#PrinceCarlo_85> <http://www.w3.org/1999/02/22-rdf-syntax-ns#type> ?x }","rdf:type","DomainConcept; Food; Pizza",3,3
"2hop-NamedPizza_PrinceCarlo_85_PrinceCarlo_85-PrinceCarlo_85-hasIngredient-MC","NamedPizza_PrinceCarlo_85",117,255,"Property Assertion","MC","SELECT ?x WHERE { <http://www.example.com/genealogy.owl#PrinceCarlo_85> <http://www.example.com/genealogy.owl#hasIngredient> ?x }","hasIngredient","LeekTopping_dynamic_1; MozzarellaTopping_dynamic_1; ParmesanTopping_dynamic_1; RosemaryTopping_dynamic_1; TomatoTopping_dynamic_1",2,2
"2hop-NamedPizza_PrinceCarlo_85_PrinceCarlo_85-PrinceCarlo_85-hasIngredient-LeekTopping_dynamic_1-BIN","NamedPizza_PrinceCarlo_85",117,255,"Property Assertion","BIN","ASK WHERE { <http://www.example.com/genealogy.owl#PrinceCarlo_85> <http://www.example.com/genealogy.owl#hasIngredient> <http://www.example.com/genealogy.owl#LeekTopping_dynamic_1> }","hasIngredient","TRUE",2,2
"2hop-NamedPizza_PrinceCarlo_85_PrinceCarlo_85-PrinceCarlo_85-hasIngredient-AmericanHot_131-NEG-BIN","NamedPizza_PrinceCarlo_85",117,255,"Property Assertion","BIN","ASK WHERE { <http://www.example.com/genealogy.owl#PrinceCarlo_85> <http://www.example.com/genealogy.owl#hasIngredient> <http://www.example.com/genealogy.owl#AmericanHot_131> }","hasIngredient","FALSE",2,2
"2hop-NamedPizza_PrinceCarlo_85_PrinceCarlo_85-PrinceCarlo_85-hasTopping-LeekTopping_dynamic_1-BIN","NamedPizza_PrinceCarlo_85",117,255,"Property Assertion","BIN","ASK WHERE { <http://www.example.com/genealogy.owl#PrinceCarlo_85> <http://www.example.com/genealogy.owl#hasTopping> <http://www.example.com/genealogy.owl#LeekTopping_dynamic_1> }","hasTopping","TRUE",1,1
"2hop-NamedPizza_PrinceCarlo_85_PrinceCarlo_85-PrinceCarlo_85-hasTopping-AmericanHot_131-NEG-BIN","NamedPizza_PrinceCarlo_85",117,255,"Property Assertion","BIN","ASK WHERE { <http://www.example.com/genealogy.owl#PrinceCarlo_85> <http://www.example.com/genealogy.owl#hasTopping> <http://www.example.com/genealogy.owl#AmericanHot_131> }","hasTopping","FALSE",1,1
"2hop-NamedPizza_PrinceCarlo_86_PrinceCarlo_86-PrinceCarlo_86-hasTopping-MC","NamedPizza_PrinceCarlo_86",117,255,"Property Assertion","MC","SELECT ?x WHERE { <http://www.example.com/genealogy.owl#PrinceCarlo_86> <http://www.example.com/genealogy.owl#hasTopping> ?x }","hasTopping","LeekTopping_dynamic_1; MozzarellaTopping_dynamic_1; ParmesanTopping_dynamic_1; RosemaryTopping_dynamic_1; TomatoTopping_dynamic_1",1,1
"2hop-NamedPizza_PrinceCarlo_86_PrinceCarlo_86-PrinceCarlo_86-hasIngredient-MC","NamedPizza_PrinceCarlo_86",117,255,"Property Assertion","MC","SELECT ?x WHERE { <http://www.example.com/genealogy.owl#PrinceCarlo_86> <http://www.example.com/genealogy.owl#hasIngredient> ?x }","hasIngredient","LeekTopping_dynamic_1; MozzarellaTopping_dynamic_1; ParmesanTopping_dynamic_1; RosemaryTopping_dynamic_1; TomatoTopping_dynamic_1",2,2
"2hop-NamedPizza_PrinceCarlo_86_PrinceCarlo_86-PrinceCarlo_86-hasIngredient-LeekTopping_dynamic_1-BIN","NamedPizza_PrinceCarlo_86",117,255,"Property Assertion","BIN","ASK WHERE { <http://www.example.com/genealogy.owl#PrinceCarlo_86> <http://www.example.com/genealogy.owl#hasIngredient> <http://www.example.com/genealogy.owl#LeekTopping_dynamic_1> }","hasIngredient","TRUE",2,2
"2hop-NamedPizza_PrinceCarlo_86_PrinceCarlo_86-PrinceCarlo_86-hasIngredient-AmericanHot_131-NEG-BIN","NamedPizza_PrinceCarlo_86",117,255,"Property Assertion","BIN","ASK WHERE { <http://www.example.com/genealogy.owl#PrinceCarlo_86> <http://www.example.com/genealogy.owl#hasIngredient> <http://www.example.com/genealogy.owl#AmericanHot_131> }","hasIngredient","FALSE",2,2
"2hop-NamedPizza_PrinceCarlo_86_PrinceCarlo_86-PrinceCarlo_86-rdf:type-Food-BIN","NamedPizza_PrinceCarlo_86",117,255,"Membership","BIN","ASK WHERE { <http://www.example.com/genealogy.owl#PrinceCarlo_86> <http://www.w3.org/1999/02/22-rdf-syntax-ns#type> <http://www.example.com/genealogy.owl#Food> }","rdf:type","TRUE",3,3
"2hop-NamedPizza_PrinceCarlo_86_PrinceCarlo_86-PrinceCarlo_86-rdf:type-American-NEG-BIN","NamedPizza_PrinceCarlo_86",117,255,"Membership","BIN","ASK WHERE { <http://www.example.com/genealogy.owl#PrinceCarlo_86> <http://www.w3.org/1999/02/22-rdf-syntax-ns#type> <http://www.example.com/genealogy.owl#American> }","rdf:type","FALSE",3,3
"2hop-NamedPizza_PrinceCarlo_86_PrinceCarlo_86-PrinceCarlo_86-rdf:type-MC","NamedPizza_PrinceCarlo_86",117,255,"Membership","MC","SELECT ?x WHERE { <http://www.example.com/genealogy.owl#PrinceCarlo_86> <http://www.w3.org/1999/02/22-rdf-syntax-ns#type> ?x }","rdf:type","DomainConcept; Food; Pizza",3,3
"2hop-NamedPizza_PrinceCarlo_86_PrinceCarlo_86-PrinceCarlo_86-hasTopping-LeekTopping_dynamic_1-BIN","NamedPizza_PrinceCarlo_86",117,255,"Property Assertion","BIN","ASK WHERE { <http://www.example.com/genealogy.owl#PrinceCarlo_86> <http://www.example.com/genealogy.owl#hasTopping> <http://www.example.com/genealogy.owl#LeekTopping_dynamic_1> }","hasTopping","TRUE",1,1
"2hop-NamedPizza_PrinceCarlo_86_PrinceCarlo_86-PrinceCarlo_86-hasTopping-AmericanHot_131-NEG-BIN","NamedPizza_PrinceCarlo_86",117,255,"Property Assertion","BIN","ASK WHERE { <http://www.example.com/genealogy.owl#PrinceCarlo_86> <http://www.example.com/genealogy.owl#hasTopping> <http://www.example.com/genealogy.owl#AmericanHot_131> }","hasTopping","FALSE",1,1
"2hop-NamedPizza_PrinceCarlo_93_PrinceCarlo_93-PrinceCarlo_93-hasTopping-LeekTopping_dynamic_1-BIN","NamedPizza_PrinceCarlo_93",117,255,"Property Assertion","BIN","ASK WHERE { <http://www.example.com/genealogy.owl#PrinceCarlo_93> <http://www.example.com/genealogy.owl#hasTopping> <http://www.example.com/genealogy.owl#LeekTopping_dynamic_1> }","hasTopping","TRUE",1,1
"2hop-NamedPizza_PrinceCarlo_93_PrinceCarlo_93-PrinceCarlo_93-hasTopping-AmericanHot_131-NEG-BIN","NamedPizza_PrinceCarlo_93",117,255,"Property Assertion","BIN","ASK WHERE { <http://www.example.com/genealogy.owl#PrinceCarlo_93> <http://www.example.com/genealogy.owl#hasTopping> <http://www.example.com/genealogy.owl#AmericanHot_131> }","hasTopping","FALSE",1,1
"2hop-NamedPizza_PrinceCarlo_93_PrinceCarlo_93-PrinceCarlo_93-hasTopping-MC","NamedPizza_PrinceCarlo_93",117,255,"Property Assertion","MC","SELECT ?x WHERE { <http://www.example.com/genealogy.owl#PrinceCarlo_93> <http://www.example.com/genealogy.owl#hasTopping> ?x }","hasTopping","LeekTopping_dynamic_1; MozzarellaTopping_dynamic_1; ParmesanTopping_dynamic_1; RosemaryTopping_dynamic_1; TomatoTopping_dynamic_1",1,1
"2hop-NamedPizza_PrinceCarlo_93_PrinceCarlo_93-PrinceCarlo_93-hasIngredient-MC","NamedPizza_PrinceCarlo_93",117,255,"Property Assertion","MC","SELECT ?x WHERE { <http://www.example.com/genealogy.owl#PrinceCarlo_93> <http://www.example.com/genealogy.owl#hasIngredient> ?x }","hasIngredient","LeekTopping_dynamic_1; MozzarellaTopping_dynamic_1; ParmesanTopping_dynamic_1; RosemaryTopping_dynamic_1; TomatoTopping_dynamic_1",2,2
"2hop-NamedPizza_PrinceCarlo_93_PrinceCarlo_93-PrinceCarlo_93-rdf:type-Food-BIN","NamedPizza_PrinceCarlo_93",117,255,"Membership","BIN","ASK WHERE { <http://www.example.com/genealogy.owl#PrinceCarlo_93> <http://www.w3.org/1999/02/22-rdf-syntax-ns#type> <http://www.example.com/genealogy.owl#Food> }","rdf:type","TRUE",3,3
"2hop-NamedPizza_PrinceCarlo_93_PrinceCarlo_93-PrinceCarlo_93-rdf:type-American-NEG-BIN","NamedPizza_PrinceCarlo_93",117,255,"Membership","BIN","ASK WHERE { <http://www.example.com/genealogy.owl#PrinceCarlo_93> <http://www.w3.org/1999/02/22-rdf-syntax-ns#type> <http://www.example.com/genealogy.owl#American> }","rdf:type","FALSE",3,3
"2hop-NamedPizza_PrinceCarlo_93_PrinceCarlo_93-PrinceCarlo_93-rdf:type-MC","NamedPizza_PrinceCarlo_93",117,255,"Membership","MC","SELECT ?x WHERE { <http://www.example.com/genealogy.owl#PrinceCarlo_93> <http://www.w3.org/1999/02/22-rdf-syntax-ns#type> ?x }","rdf:type","DomainConcept; Food; Pizza",3,3
"2hop-NamedPizza_PrinceCarlo_93_PrinceCarlo_93-PrinceCarlo_93-hasIngredient-LeekTopping_dynamic_1-BIN","NamedPizza_PrinceCarlo_93",117,255,"Property Assertion","BIN","ASK WHERE { <http://www.example.com/genealogy.owl#PrinceCarlo_93> <http://www.example.com/genealogy.owl#hasIngredient> <http://www.example.com/genealogy.owl#LeekTopping_dynamic_1> }","hasIngredient","TRUE",2,2
"2hop-NamedPizza_PrinceCarlo_93_PrinceCarlo_93-PrinceCarlo_93-hasIngredient-AmericanHot_131-NEG-BIN","NamedPizza_PrinceCarlo_93",117,255,"Property Assertion","BIN","ASK WHERE { <http://www.example.com/genealogy.owl#PrinceCarlo_93> <http://www.example.com/genealogy.owl#hasIngredient> <http://www.example.com/genealogy.owl#AmericanHot_131> }","hasIngredient","FALSE",2,2
"2hop-NamedPizza_QuattroFormaggi_111_QuattroFormaggi_111-QuattroFormaggi_111-hasIngredient-FourCheesesTopping_dynamic_1-BIN","NamedPizza_QuattroFormaggi_111",117,252,"Property Assertion","BIN","ASK WHERE { <http://www.example.com/genealogy.owl#QuattroFormaggi_111> <http://www.example.com/genealogy.owl#hasIngredient> <http://www.example.com/genealogy.owl#FourCheesesTopping_dynamic_1> }","hasIngredient","TRUE",2,2
"2hop-NamedPizza_QuattroFormaggi_111_QuattroFormaggi_111-QuattroFormaggi_111-hasIngredient-AmericanHot_131-NEG-BIN","NamedPizza_QuattroFormaggi_111",117,252,"Property Assertion","BIN","ASK WHERE { <http://www.example.com/genealogy.owl#QuattroFormaggi_111> <http://www.example.com/genealogy.owl#hasIngredient> <http://www.example.com/genealogy.owl#AmericanHot_131> }","hasIngredient","FALSE",2,2
"2hop-NamedPizza_QuattroFormaggi_111_QuattroFormaggi_111-QuattroFormaggi_111-hasIngredient-MC","NamedPizza_QuattroFormaggi_111",117,252,"Property Assertion","MC","SELECT ?x WHERE { <http://www.example.com/genealogy.owl#QuattroFormaggi_111> <http://www.example.com/genealogy.owl#hasIngredient> ?x }","hasIngredient","FourCheesesTopping_dynamic_1; TomatoTopping_dynamic_1",2,2
"2hop-NamedPizza_QuattroFormaggi_111_QuattroFormaggi_111-QuattroFormaggi_111-rdf:type-MC","NamedPizza_QuattroFormaggi_111",117,252,"Membership","MC","SELECT ?x WHERE { <http://www.example.com/genealogy.owl#QuattroFormaggi_111> <http://www.w3.org/1999/02/22-rdf-syntax-ns#type> ?x }","rdf:type","DomainConcept; Food; Pizza",2,2
"2hop-NamedPizza_QuattroFormaggi_111_QuattroFormaggi_111-QuattroFormaggi_111-hasTopping-FourCheesesTopping_dynamic_1-BIN","NamedPizza_QuattroFormaggi_111",117,252,"Property Assertion","BIN","ASK WHERE { <http://www.example.com/genealogy.owl#QuattroFormaggi_111> <http://www.example.com/genealogy.owl#hasTopping> <http://www.example.com/genealogy.owl#FourCheesesTopping_dynamic_1> }","hasTopping","TRUE",1,1
"2hop-NamedPizza_QuattroFormaggi_111_QuattroFormaggi_111-QuattroFormaggi_111-hasTopping-AmericanHot_131-NEG-BIN","NamedPizza_QuattroFormaggi_111",117,252,"Property Assertion","BIN","ASK WHERE { <http://www.example.com/genealogy.owl#QuattroFormaggi_111> <http://www.example.com/genealogy.owl#hasTopping> <http://www.example.com/genealogy.owl#AmericanHot_131> }","hasTopping","FALSE",1,1
"2hop-NamedPizza_QuattroFormaggi_111_QuattroFormaggi_111-QuattroFormaggi_111-hasTopping-MC","NamedPizza_QuattroFormaggi_111",117,252,"Property Assertion","MC","SELECT ?x WHERE { <http://www.example.com/genealogy.owl#QuattroFormaggi_111> <http://www.example.com/genealogy.owl#hasTopping> ?x }","hasTopping","FourCheesesTopping_dynamic_1; TomatoTopping_dynamic_1",1,1
"2hop-NamedPizza_QuattroFormaggi_111_QuattroFormaggi_111-QuattroFormaggi_111-rdf:type-Food-BIN","NamedPizza_QuattroFormaggi_111",117,252,"Membership","BIN","ASK WHERE { <http://www.example.com/genealogy.owl#QuattroFormaggi_111> <http://www.w3.org/1999/02/22-rdf-syntax-ns#type> <http://www.example.com/genealogy.owl#Food> }","rdf:type","TRUE",3,3
"2hop-NamedPizza_QuattroFormaggi_111_QuattroFormaggi_111-QuattroFormaggi_111-rdf:type-American-NEG-BIN","NamedPizza_QuattroFormaggi_111",117,252,"Membership","BIN","ASK WHERE { <http://www.example.com/genealogy.owl#QuattroFormaggi_111> <http://www.w3.org/1999/02/22-rdf-syntax-ns#type> <http://www.example.com/genealogy.owl#American> }","rdf:type","FALSE",3,3
"2hop-NamedPizza_QuattroFormaggi_116_QuattroFormaggi_116-QuattroFormaggi_116-rdf:type-MC","NamedPizza_QuattroFormaggi_116",117,252,"Membership","MC","SELECT ?x WHERE { <http://www.example.com/genealogy.owl#QuattroFormaggi_116> <http://www.w3.org/1999/02/22-rdf-syntax-ns#type> ?x }","rdf:type","DomainConcept; Food; Pizza",2,2
"2hop-NamedPizza_QuattroFormaggi_116_QuattroFormaggi_116-QuattroFormaggi_116-hasTopping-MC","NamedPizza_QuattroFormaggi_116",117,252,"Property Assertion","MC","SELECT ?x WHERE { <http://www.example.com/genealogy.owl#QuattroFormaggi_116> <http://www.example.com/genealogy.owl#hasTopping> ?x }","hasTopping","FourCheesesTopping_dynamic_1; TomatoTopping_dynamic_1",1,1
"2hop-NamedPizza_QuattroFormaggi_116_QuattroFormaggi_116-QuattroFormaggi_116-hasTopping-FourCheesesTopping_dynamic_1-BIN","NamedPizza_QuattroFormaggi_116",117,252,"Property Assertion","BIN","ASK WHERE { <http://www.example.com/genealogy.owl#QuattroFormaggi_116> <http://www.example.com/genealogy.owl#hasTopping> <http://www.example.com/genealogy.owl#FourCheesesTopping_dynamic_1> }","hasTopping","TRUE",1,1
"2hop-NamedPizza_QuattroFormaggi_116_QuattroFormaggi_116-QuattroFormaggi_116-hasTopping-AmericanHot_131-NEG-BIN","NamedPizza_QuattroFormaggi_116",117,252,"Property Assertion","BIN","ASK WHERE { <http://www.example.com/genealogy.owl#QuattroFormaggi_116> <http://www.example.com/genealogy.owl#hasTopping> <http://www.example.com/genealogy.owl#AmericanHot_131> }","hasTopping","FALSE",1,1
"2hop-NamedPizza_QuattroFormaggi_116_QuattroFormaggi_116-QuattroFormaggi_116-hasIngredient-FourCheesesTopping_dynamic_1-BIN","NamedPizza_QuattroFormaggi_116",117,252,"Property Assertion","BIN","ASK WHERE { <http://www.example.com/genealogy.owl#QuattroFormaggi_116> <http://www.example.com/genealogy.owl#hasIngredient> <http://www.example.com/genealogy.owl#FourCheesesTopping_dynamic_1> }","hasIngredient","TRUE",2,2
"2hop-NamedPizza_QuattroFormaggi_116_QuattroFormaggi_116-QuattroFormaggi_116-hasIngredient-AmericanHot_131-NEG-BIN","NamedPizza_QuattroFormaggi_116",117,252,"Property Assertion","BIN","ASK WHERE { <http://www.example.com/genealogy.owl#QuattroFormaggi_116> <http://www.example.com/genealogy.owl#hasIngredient> <http://www.example.com/genealogy.owl#AmericanHot_131> }","hasIngredient","FALSE",2,2
"2hop-NamedPizza_QuattroFormaggi_116_QuattroFormaggi_116-QuattroFormaggi_116-hasIngredient-MC","NamedPizza_QuattroFormaggi_116",117,252,"Property Assertion","MC","SELECT ?x WHERE { <http://www.example.com/genealogy.owl#QuattroFormaggi_116> <http://www.example.com/genealogy.owl#hasIngredient> ?x }","hasIngredient","FourCheesesTopping_dynamic_1; TomatoTopping_dynamic_1",2,2
"2hop-NamedPizza_QuattroFormaggi_116_QuattroFormaggi_116-QuattroFormaggi_116-rdf:type-Food-BIN","NamedPizza_QuattroFormaggi_116",117,252,"Membership","BIN","ASK WHERE { <http://www.example.com/genealogy.owl#QuattroFormaggi_116> <http://www.w3.org/1999/02/22-rdf-syntax-ns#type> <http://www.example.com/genealogy.owl#Food> }","rdf:type","TRUE",3,3
"2hop-NamedPizza_QuattroFormaggi_116_QuattroFormaggi_116-QuattroFormaggi_116-rdf:type-American-NEG-BIN","NamedPizza_QuattroFormaggi_116",117,252,"Membership","BIN","ASK WHERE { <http://www.example.com/genealogy.owl#QuattroFormaggi_116> <http://www.w3.org/1999/02/22-rdf-syntax-ns#type> <http://www.example.com/genealogy.owl#American> }","rdf:type","FALSE",3,3
"2hop-NamedPizza_QuattroFormaggi_120_QuattroFormaggi_120-QuattroFormaggi_120-hasTopping-MC","NamedPizza_QuattroFormaggi_120",117,252,"Property Assertion","MC","SELECT ?x WHERE { <http://www.example.com/genealogy.owl#QuattroFormaggi_120> <http://www.example.com/genealogy.owl#hasTopping> ?x }","hasTopping","FourCheesesTopping_dynamic_1; TomatoTopping_dynamic_1",1,1
"2hop-NamedPizza_QuattroFormaggi_120_QuattroFormaggi_120-QuattroFormaggi_120-hasIngredient-MC","NamedPizza_QuattroFormaggi_120",117,252,"Property Assertion","MC","SELECT ?x WHERE { <http://www.example.com/genealogy.owl#QuattroFormaggi_120> <http://www.example.com/genealogy.owl#hasIngredient> ?x }","hasIngredient","FourCheesesTopping_dynamic_1; TomatoTopping_dynamic_1",2,2
"2hop-NamedPizza_QuattroFormaggi_120_QuattroFormaggi_120-QuattroFormaggi_120-hasIngredient-FourCheesesTopping_dynamic_1-BIN","NamedPizza_QuattroFormaggi_120",117,252,"Property Assertion","BIN","ASK WHERE { <http://www.example.com/genealogy.owl#QuattroFormaggi_120> <http://www.example.com/genealogy.owl#hasIngredient> <http://www.example.com/genealogy.owl#FourCheesesTopping_dynamic_1> }","hasIngredient","TRUE",2,2
"2hop-NamedPizza_QuattroFormaggi_120_QuattroFormaggi_120-QuattroFormaggi_120-hasIngredient-AmericanHot_131-NEG-BIN","NamedPizza_QuattroFormaggi_120",117,252,"Property Assertion","BIN","ASK WHERE { <http://www.example.com/genealogy.owl#QuattroFormaggi_120> <http://www.example.com/genealogy.owl#hasIngredient> <http://www.example.com/genealogy.owl#AmericanHot_131> }","hasIngredient","FALSE",2,2
"2hop-NamedPizza_QuattroFormaggi_120_QuattroFormaggi_120-QuattroFormaggi_120-rdf:type-Food-BIN","NamedPizza_QuattroFormaggi_120",117,252,"Membership","BIN","ASK WHERE { <http://www.example.com/genealogy.owl#QuattroFormaggi_120> <http://www.w3.org/1999/02/22-rdf-syntax-ns#type> <http://www.example.com/genealogy.owl#Food> }","rdf:type","TRUE",3,3
"2hop-NamedPizza_QuattroFormaggi_120_QuattroFormaggi_120-QuattroFormaggi_120-rdf:type-American-NEG-BIN","NamedPizza_QuattroFormaggi_120",117,252,"Membership","BIN","ASK WHERE { <http://www.example.com/genealogy.owl#QuattroFormaggi_120> <http://www.w3.org/1999/02/22-rdf-syntax-ns#type> <http://www.example.com/genealogy.owl#American> }","rdf:type","FALSE",3,3
"2hop-NamedPizza_QuattroFormaggi_120_QuattroFormaggi_120-QuattroFormaggi_120-rdf:type-MC","NamedPizza_QuattroFormaggi_120",117,252,"Membership","MC","SELECT ?x WHERE { <http://www.example.com/genealogy.owl#QuattroFormaggi_120> <http://www.w3.org/1999/02/22-rdf-syntax-ns#type> ?x }","rdf:type","DomainConcept; Food; Pizza",3,3
"2hop-NamedPizza_QuattroFormaggi_120_QuattroFormaggi_120-QuattroFormaggi_120-hasTopping-FourCheesesTopping_dynamic_1-BIN","NamedPizza_QuattroFormaggi_120",117,252,"Property Assertion","BIN","ASK WHERE { <http://www.example.com/genealogy.owl#QuattroFormaggi_120> <http://www.example.com/genealogy.owl#hasTopping> <http://www.example.com/genealogy.owl#FourCheesesTopping_dynamic_1> }","hasTopping","TRUE",1,1
"2hop-NamedPizza_QuattroFormaggi_120_QuattroFormaggi_120-QuattroFormaggi_120-hasTopping-AmericanHot_131-NEG-BIN","NamedPizza_QuattroFormaggi_120",117,252,"Property Assertion","BIN","ASK WHERE { <http://www.example.com/genealogy.owl#QuattroFormaggi_120> <http://www.example.com/genealogy.owl#hasTopping> <http://www.example.com/genealogy.owl#AmericanHot_131> }","hasTopping","FALSE",1,1
"2hop-NamedPizza_QuattroFormaggi_137_QuattroFormaggi_137-QuattroFormaggi_137-hasIngredient-FourCheesesTopping_dynamic_1-BIN","NamedPizza_QuattroFormaggi_137",117,252,"Property Assertion","BIN","ASK WHERE { <http://www.example.com/genealogy.owl#QuattroFormaggi_137> <http://www.example.com/genealogy.owl#hasIngredient> <http://www.example.com/genealogy.owl#FourCheesesTopping_dynamic_1> }","hasIngredient","TRUE",2,2
"2hop-NamedPizza_QuattroFormaggi_137_QuattroFormaggi_137-QuattroFormaggi_137-hasIngredient-AmericanHot_131-NEG-BIN","NamedPizza_QuattroFormaggi_137",117,252,"Property Assertion","BIN","ASK WHERE { <http://www.example.com/genealogy.owl#QuattroFormaggi_137> <http://www.example.com/genealogy.owl#hasIngredient> <http://www.example.com/genealogy.owl#AmericanHot_131> }","hasIngredient","FALSE",2,2
"2hop-NamedPizza_QuattroFormaggi_137_QuattroFormaggi_137-QuattroFormaggi_137-hasIngredient-MC","NamedPizza_QuattroFormaggi_137",117,252,"Property Assertion","MC","SELECT ?x WHERE { <http://www.example.com/genealogy.owl#QuattroFormaggi_137> <http://www.example.com/genealogy.owl#hasIngredient> ?x }","hasIngredient","FourCheesesTopping_dynamic_1; TomatoTopping_dynamic_1",2,2
"2hop-NamedPizza_QuattroFormaggi_137_QuattroFormaggi_137-QuattroFormaggi_137-hasTopping-FourCheesesTopping_dynamic_1-BIN","NamedPizza_QuattroFormaggi_137",117,252,"Property Assertion","BIN","ASK WHERE { <http://www.example.com/genealogy.owl#QuattroFormaggi_137> <http://www.example.com/genealogy.owl#hasTopping> <http://www.example.com/genealogy.owl#FourCheesesTopping_dynamic_1> }","hasTopping","TRUE",1,1
"2hop-NamedPizza_QuattroFormaggi_137_QuattroFormaggi_137-QuattroFormaggi_137-hasTopping-AmericanHot_131-NEG-BIN","NamedPizza_QuattroFormaggi_137",117,252,"Property Assertion","BIN","ASK WHERE { <http://www.example.com/genealogy.owl#QuattroFormaggi_137> <http://www.example.com/genealogy.owl#hasTopping> <http://www.example.com/genealogy.owl#AmericanHot_131> }","hasTopping","FALSE",1,1
"2hop-NamedPizza_QuattroFormaggi_137_QuattroFormaggi_137-QuattroFormaggi_137-hasTopping-MC","NamedPizza_QuattroFormaggi_137",117,252,"Property Assertion","MC","SELECT ?x WHERE { <http://www.example.com/genealogy.owl#QuattroFormaggi_137> <http://www.example.com/genealogy.owl#hasTopping> ?x }","hasTopping","FourCheesesTopping_dynamic_1; TomatoTopping_dynamic_1",1,1
"2hop-NamedPizza_QuattroFormaggi_137_QuattroFormaggi_137-QuattroFormaggi_137-rdf:type-MC","NamedPizza_QuattroFormaggi_137",117,252,"Membership","MC","SELECT ?x WHERE { <http://www.example.com/genealogy.owl#QuattroFormaggi_137> <http://www.w3.org/1999/02/22-rdf-syntax-ns#type> ?x }","rdf:type","DomainConcept; Food; Pizza",4,4
"2hop-NamedPizza_QuattroFormaggi_137_QuattroFormaggi_137-QuattroFormaggi_137-rdf:type-Food-BIN","NamedPizza_QuattroFormaggi_137",117,252,"Membership","BIN","ASK WHERE { <http://www.example.com/genealogy.owl#QuattroFormaggi_137> <http://www.w3.org/1999/02/22-rdf-syntax-ns#type> <http://www.example.com/genealogy.owl#Food> }","rdf:type","TRUE",3,3
"2hop-NamedPizza_QuattroFormaggi_137_QuattroFormaggi_137-QuattroFormaggi_137-rdf:type-American-NEG-BIN","NamedPizza_QuattroFormaggi_137",117,252,"Membership","BIN","ASK WHERE { <http://www.example.com/genealogy.owl#QuattroFormaggi_137> <http://www.w3.org/1999/02/22-rdf-syntax-ns#type> <http://www.example.com/genealogy.owl#American> }","rdf:type","FALSE",3,3
"2hop-NamedPizza_QuattroFormaggi_168_QuattroFormaggi_168-QuattroFormaggi_168-hasIngredient-FourCheesesTopping_dynamic_1-BIN","NamedPizza_QuattroFormaggi_168",117,252,"Property Assertion","BIN","ASK WHERE { <http://www.example.com/genealogy.owl#QuattroFormaggi_168> <http://www.example.com/genealogy.owl#hasIngredient> <http://www.example.com/genealogy.owl#FourCheesesTopping_dynamic_1> }","hasIngredient","TRUE",2,2
"2hop-NamedPizza_QuattroFormaggi_168_QuattroFormaggi_168-QuattroFormaggi_168-hasIngredient-AmericanHot_131-NEG-BIN","NamedPizza_QuattroFormaggi_168",117,252,"Property Assertion","BIN","ASK WHERE { <http://www.example.com/genealogy.owl#QuattroFormaggi_168> <http://www.example.com/genealogy.owl#hasIngredient> <http://www.example.com/genealogy.owl#AmericanHot_131> }","hasIngredient","FALSE",2,2
"2hop-NamedPizza_QuattroFormaggi_168_QuattroFormaggi_168-QuattroFormaggi_168-hasIngredient-MC","NamedPizza_QuattroFormaggi_168",117,252,"Property Assertion","MC","SELECT ?x WHERE { <http://www.example.com/genealogy.owl#QuattroFormaggi_168> <http://www.example.com/genealogy.owl#hasIngredient> ?x }","hasIngredient","FourCheesesTopping_dynamic_1; TomatoTopping_dynamic_1",2,2
"2hop-NamedPizza_QuattroFormaggi_168_QuattroFormaggi_168-QuattroFormaggi_168-hasTopping-FourCheesesTopping_dynamic_1-BIN","NamedPizza_QuattroFormaggi_168",117,252,"Property Assertion","BIN","ASK WHERE { <http://www.example.com/genealogy.owl#QuattroFormaggi_168> <http://www.example.com/genealogy.owl#hasTopping> <http://www.example.com/genealogy.owl#FourCheesesTopping_dynamic_1> }","hasTopping","TRUE",1,1
"2hop-NamedPizza_QuattroFormaggi_168_QuattroFormaggi_168-QuattroFormaggi_168-hasTopping-AmericanHot_131-NEG-BIN","NamedPizza_QuattroFormaggi_168",117,252,"Property Assertion","BIN","ASK WHERE { <http://www.example.com/genealogy.owl#QuattroFormaggi_168> <http://www.example.com/genealogy.owl#hasTopping> <http://www.example.com/genealogy.owl#AmericanHot_131> }","hasTopping","FALSE",1,1
"2hop-NamedPizza_QuattroFormaggi_168_QuattroFormaggi_168-QuattroFormaggi_168-hasTopping-MC","NamedPizza_QuattroFormaggi_168",117,252,"Property Assertion","MC","SELECT ?x WHERE { <http://www.example.com/genealogy.owl#QuattroFormaggi_168> <http://www.example.com/genealogy.owl#hasTopping> ?x }","hasTopping","FourCheesesTopping_dynamic_1; TomatoTopping_dynamic_1",1,1
"2hop-NamedPizza_QuattroFormaggi_168_QuattroFormaggi_168-QuattroFormaggi_168-rdf:type-MC","NamedPizza_QuattroFormaggi_168",117,252,"Membership","MC","SELECT ?x WHERE { <http://www.example.com/genealogy.owl#QuattroFormaggi_168> <http://www.w3.org/1999/02/22-rdf-syntax-ns#type> ?x }","rdf:type","DomainConcept; Food; Pizza",4,4
"2hop-NamedPizza_QuattroFormaggi_168_QuattroFormaggi_168-QuattroFormaggi_168-rdf:type-Food-BIN","NamedPizza_QuattroFormaggi_168",117,252,"Membership","BIN","ASK WHERE { <http://www.example.com/genealogy.owl#QuattroFormaggi_168> <http://www.w3.org/1999/02/22-rdf-syntax-ns#type> <http://www.example.com/genealogy.owl#Food> }","rdf:type","TRUE",3,3
"2hop-NamedPizza_QuattroFormaggi_168_QuattroFormaggi_168-QuattroFormaggi_168-rdf:type-American-NEG-BIN","NamedPizza_QuattroFormaggi_168",117,252,"Membership","BIN","ASK WHERE { <http://www.example.com/genealogy.owl#QuattroFormaggi_168> <http://www.w3.org/1999/02/22-rdf-syntax-ns#type> <http://www.example.com/genealogy.owl#American> }","rdf:type","FALSE",3,3
"2hop-NamedPizza_QuattroFormaggi_185_QuattroFormaggi_185-QuattroFormaggi_185-rdf:type-MC","NamedPizza_QuattroFormaggi_185",117,252,"Membership","MC","SELECT ?x WHERE { <http://www.example.com/genealogy.owl#QuattroFormaggi_185> <http://www.w3.org/1999/02/22-rdf-syntax-ns#type> ?x }","rdf:type","DomainConcept; Food; Pizza",2,2
"2hop-NamedPizza_QuattroFormaggi_185_QuattroFormaggi_185-QuattroFormaggi_185-hasIngredient-MC","NamedPizza_QuattroFormaggi_185",117,252,"Property Assertion","MC","SELECT ?x WHERE { <http://www.example.com/genealogy.owl#QuattroFormaggi_185> <http://www.example.com/genealogy.owl#hasIngredient> ?x }","hasIngredient","FourCheesesTopping_dynamic_1; TomatoTopping_dynamic_1",2,2
"2hop-NamedPizza_QuattroFormaggi_185_QuattroFormaggi_185-QuattroFormaggi_185-rdf:type-Food-BIN","NamedPizza_QuattroFormaggi_185",117,252,"Membership","BIN","ASK WHERE { <http://www.example.com/genealogy.owl#QuattroFormaggi_185> <http://www.w3.org/1999/02/22-rdf-syntax-ns#type> <http://www.example.com/genealogy.owl#Food> }","rdf:type","TRUE",3,3
"2hop-NamedPizza_QuattroFormaggi_185_QuattroFormaggi_185-QuattroFormaggi_185-rdf:type-American-NEG-BIN","NamedPizza_QuattroFormaggi_185",117,252,"Membership","BIN","ASK WHERE { <http://www.example.com/genealogy.owl#QuattroFormaggi_185> <http://www.w3.org/1999/02/22-rdf-syntax-ns#type> <http://www.example.com/genealogy.owl#American> }","rdf:type","FALSE",3,3
"2hop-NamedPizza_QuattroFormaggi_185_QuattroFormaggi_185-QuattroFormaggi_185-hasTopping-MC","NamedPizza_QuattroFormaggi_185",117,252,"Property Assertion","MC","SELECT ?x WHERE { <http://www.example.com/genealogy.owl#QuattroFormaggi_185> <http://www.example.com/genealogy.owl#hasTopping> ?x }","hasTopping","FourCheesesTopping_dynamic_1; TomatoTopping_dynamic_1",1,1
"2hop-NamedPizza_QuattroFormaggi_185_QuattroFormaggi_185-QuattroFormaggi_185-hasIngredient-FourCheesesTopping_dynamic_1-BIN","NamedPizza_QuattroFormaggi_185",117,252,"Property Assertion","BIN","ASK WHERE { <http://www.example.com/genealogy.owl#QuattroFormaggi_185> <http://www.example.com/genealogy.owl#hasIngredient> <http://www.example.com/genealogy.owl#FourCheesesTopping_dynamic_1> }","hasIngredient","TRUE",2,2
"2hop-NamedPizza_QuattroFormaggi_185_QuattroFormaggi_185-QuattroFormaggi_185-hasIngredient-AmericanHot_131-NEG-BIN","NamedPizza_QuattroFormaggi_185",117,252,"Property Assertion","BIN","ASK WHERE { <http://www.example.com/genealogy.owl#QuattroFormaggi_185> <http://www.example.com/genealogy.owl#hasIngredient> <http://www.example.com/genealogy.owl#AmericanHot_131> }","hasIngredient","FALSE",2,2
"2hop-NamedPizza_QuattroFormaggi_185_QuattroFormaggi_185-QuattroFormaggi_185-hasTopping-FourCheesesTopping_dynamic_1-BIN","NamedPizza_QuattroFormaggi_185",117,252,"Property Assertion","BIN","ASK WHERE { <http://www.example.com/genealogy.owl#QuattroFormaggi_185> <http://www.example.com/genealogy.owl#hasTopping> <http://www.example.com/genealogy.owl#FourCheesesTopping_dynamic_1> }","hasTopping","TRUE",1,1
"2hop-NamedPizza_QuattroFormaggi_185_QuattroFormaggi_185-QuattroFormaggi_185-hasTopping-AmericanHot_131-NEG-BIN","NamedPizza_QuattroFormaggi_185",117,252,"Property Assertion","BIN","ASK WHERE { <http://www.example.com/genealogy.owl#QuattroFormaggi_185> <http://www.example.com/genealogy.owl#hasTopping> <http://www.example.com/genealogy.owl#AmericanHot_131> }","hasTopping","FALSE",1,1
"2hop-NamedPizza_QuattroFormaggi_219_QuattroFormaggi_219-QuattroFormaggi_219-rdf:type-MC","NamedPizza_QuattroFormaggi_219",117,252,"Membership","MC","SELECT ?x WHERE { <http://www.example.com/genealogy.owl#QuattroFormaggi_219> <http://www.w3.org/1999/02/22-rdf-syntax-ns#type> ?x }","rdf:type","DomainConcept; Food; Pizza",2,2
"2hop-NamedPizza_QuattroFormaggi_219_QuattroFormaggi_219-QuattroFormaggi_219-hasTopping-MC","NamedPizza_QuattroFormaggi_219",117,252,"Property Assertion","MC","SELECT ?x WHERE { <http://www.example.com/genealogy.owl#QuattroFormaggi_219> <http://www.example.com/genealogy.owl#hasTopping> ?x }","hasTopping","FourCheesesTopping_dynamic_1; TomatoTopping_dynamic_1",1,1
"2hop-NamedPizza_QuattroFormaggi_219_QuattroFormaggi_219-QuattroFormaggi_219-hasIngredient-MC","NamedPizza_QuattroFormaggi_219",117,252,"Property Assertion","MC","SELECT ?x WHERE { <http://www.example.com/genealogy.owl#QuattroFormaggi_219> <http://www.example.com/genealogy.owl#hasIngredient> ?x }","hasIngredient","FourCheesesTopping_dynamic_1; TomatoTopping_dynamic_1",2,2
"2hop-NamedPizza_QuattroFormaggi_219_QuattroFormaggi_219-QuattroFormaggi_219-hasIngredient-FourCheesesTopping_dynamic_1-BIN","NamedPizza_QuattroFormaggi_219",117,252,"Property Assertion","BIN","ASK WHERE { <http://www.example.com/genealogy.owl#QuattroFormaggi_219> <http://www.example.com/genealogy.owl#hasIngredient> <http://www.example.com/genealogy.owl#FourCheesesTopping_dynamic_1> }","hasIngredient","TRUE",2,2
"2hop-NamedPizza_QuattroFormaggi_219_QuattroFormaggi_219-QuattroFormaggi_219-hasIngredient-AmericanHot_131-NEG-BIN","NamedPizza_QuattroFormaggi_219",117,252,"Property Assertion","BIN","ASK WHERE { <http://www.example.com/genealogy.owl#QuattroFormaggi_219> <http://www.example.com/genealogy.owl#hasIngredient> <http://www.example.com/genealogy.owl#AmericanHot_131> }","hasIngredient","FALSE",2,2
"2hop-NamedPizza_QuattroFormaggi_219_QuattroFormaggi_219-QuattroFormaggi_219-hasTopping-FourCheesesTopping_dynamic_1-BIN","NamedPizza_QuattroFormaggi_219",117,252,"Property Assertion","BIN","ASK WHERE { <http://www.example.com/genealogy.owl#QuattroFormaggi_219> <http://www.example.com/genealogy.owl#hasTopping> <http://www.example.com/genealogy.owl#FourCheesesTopping_dynamic_1> }","hasTopping","TRUE",1,1
"2hop-NamedPizza_QuattroFormaggi_219_QuattroFormaggi_219-QuattroFormaggi_219-hasTopping-AmericanHot_131-NEG-BIN","NamedPizza_QuattroFormaggi_219",117,252,"Property Assertion","BIN","ASK WHERE { <http://www.example.com/genealogy.owl#QuattroFormaggi_219> <http://www.example.com/genealogy.owl#hasTopping> <http://www.example.com/genealogy.owl#AmericanHot_131> }","hasTopping","FALSE",1,1
"2hop-NamedPizza_QuattroFormaggi_219_QuattroFormaggi_219-QuattroFormaggi_219-rdf:type-Food-BIN","NamedPizza_QuattroFormaggi_219",117,252,"Membership","BIN","ASK WHERE { <http://www.example.com/genealogy.owl#QuattroFormaggi_219> <http://www.w3.org/1999/02/22-rdf-syntax-ns#type> <http://www.example.com/genealogy.owl#Food> }","rdf:type","TRUE",3,3
"2hop-NamedPizza_QuattroFormaggi_219_QuattroFormaggi_219-QuattroFormaggi_219-rdf:type-American-NEG-BIN","NamedPizza_QuattroFormaggi_219",117,252,"Membership","BIN","ASK WHERE { <http://www.example.com/genealogy.owl#QuattroFormaggi_219> <http://www.w3.org/1999/02/22-rdf-syntax-ns#type> <http://www.example.com/genealogy.owl#American> }","rdf:type","FALSE",3,3
"2hop-NamedPizza_QuattroFormaggi_223_QuattroFormaggi_223-QuattroFormaggi_223-hasIngredient-MC","NamedPizza_QuattroFormaggi_223",117,252,"Property Assertion","MC","SELECT ?x WHERE { <http://www.example.com/genealogy.owl#QuattroFormaggi_223> <http://www.example.com/genealogy.owl#hasIngredient> ?x }","hasIngredient","FourCheesesTopping_dynamic_1; TomatoTopping_dynamic_1",2,2
"2hop-NamedPizza_QuattroFormaggi_223_QuattroFormaggi_223-QuattroFormaggi_223-hasTopping-FourCheesesTopping_dynamic_1-BIN","NamedPizza_QuattroFormaggi_223",117,252,"Property Assertion","BIN","ASK WHERE { <http://www.example.com/genealogy.owl#QuattroFormaggi_223> <http://www.example.com/genealogy.owl#hasTopping> <http://www.example.com/genealogy.owl#FourCheesesTopping_dynamic_1> }","hasTopping","TRUE",1,1
"2hop-NamedPizza_QuattroFormaggi_223_QuattroFormaggi_223-QuattroFormaggi_223-hasTopping-AmericanHot_131-NEG-BIN","NamedPizza_QuattroFormaggi_223",117,252,"Property Assertion","BIN","ASK WHERE { <http://www.example.com/genealogy.owl#QuattroFormaggi_223> <http://www.example.com/genealogy.owl#hasTopping> <http://www.example.com/genealogy.owl#AmericanHot_131> }","hasTopping","FALSE",1,1
"2hop-NamedPizza_QuattroFormaggi_223_QuattroFormaggi_223-QuattroFormaggi_223-hasTopping-MC","NamedPizza_QuattroFormaggi_223",117,252,"Property Assertion","MC","SELECT ?x WHERE { <http://www.example.com/genealogy.owl#QuattroFormaggi_223> <http://www.example.com/genealogy.owl#hasTopping> ?x }","hasTopping","FourCheesesTopping_dynamic_1; TomatoTopping_dynamic_1",1,1
"2hop-NamedPizza_QuattroFormaggi_223_QuattroFormaggi_223-QuattroFormaggi_223-rdf:type-Food-BIN","NamedPizza_QuattroFormaggi_223",117,252,"Membership","BIN","ASK WHERE { <http://www.example.com/genealogy.owl#QuattroFormaggi_223> <http://www.w3.org/1999/02/22-rdf-syntax-ns#type> <http://www.example.com/genealogy.owl#Food> }","rdf:type","TRUE",3,3
"2hop-NamedPizza_QuattroFormaggi_223_QuattroFormaggi_223-QuattroFormaggi_223-rdf:type-American-NEG-BIN","NamedPizza_QuattroFormaggi_223",117,252,"Membership","BIN","ASK WHERE { <http://www.example.com/genealogy.owl#QuattroFormaggi_223> <http://www.w3.org/1999/02/22-rdf-syntax-ns#type> <http://www.example.com/genealogy.owl#American> }","rdf:type","FALSE",3,3
"2hop-NamedPizza_QuattroFormaggi_223_QuattroFormaggi_223-QuattroFormaggi_223-rdf:type-MC","NamedPizza_QuattroFormaggi_223",117,252,"Membership","MC","SELECT ?x WHERE { <http://www.example.com/genealogy.owl#QuattroFormaggi_223> <http://www.w3.org/1999/02/22-rdf-syntax-ns#type> ?x }","rdf:type","DomainConcept; Food; Pizza",3,3
"2hop-NamedPizza_QuattroFormaggi_223_QuattroFormaggi_223-QuattroFormaggi_223-hasIngredient-FourCheesesTopping_dynamic_1-BIN","NamedPizza_QuattroFormaggi_223",117,252,"Property Assertion","BIN","ASK WHERE { <http://www.example.com/genealogy.owl#QuattroFormaggi_223> <http://www.example.com/genealogy.owl#hasIngredient> <http://www.example.com/genealogy.owl#FourCheesesTopping_dynamic_1> }","hasIngredient","TRUE",2,2
"2hop-NamedPizza_QuattroFormaggi_223_QuattroFormaggi_223-QuattroFormaggi_223-hasIngredient-AmericanHot_131-NEG-BIN","NamedPizza_QuattroFormaggi_223",117,252,"Property Assertion","BIN","ASK WHERE { <http://www.example.com/genealogy.owl#QuattroFormaggi_223> <http://www.example.com/genealogy.owl#hasIngredient> <http://www.example.com/genealogy.owl#AmericanHot_131> }","hasIngredient","FALSE",2,2
"2hop-NamedPizza_QuattroFormaggi_51_QuattroFormaggi_51-QuattroFormaggi_51-hasTopping-MC","NamedPizza_QuattroFormaggi_51",117,252,"Property Assertion","MC","SELECT ?x WHERE { <http://www.example.com/genealogy.owl#QuattroFormaggi_51> <http://www.example.com/genealogy.owl#hasTopping> ?x }","hasTopping","FourCheesesTopping_dynamic_1; TomatoTopping_dynamic_1",1,1
"2hop-NamedPizza_QuattroFormaggi_51_QuattroFormaggi_51-QuattroFormaggi_51-rdf:type-MC","NamedPizza_QuattroFormaggi_51",117,252,"Membership","MC","SELECT ?x WHERE { <http://www.example.com/genealogy.owl#QuattroFormaggi_51> <http://www.w3.org/1999/02/22-rdf-syntax-ns#type> ?x }","rdf:type","DomainConcept; Food; Pizza",4,4
"2hop-NamedPizza_QuattroFormaggi_51_QuattroFormaggi_51-QuattroFormaggi_51-hasTopping-FourCheesesTopping_dynamic_1-BIN","NamedPizza_QuattroFormaggi_51",117,252,"Property Assertion","BIN","ASK WHERE { <http://www.example.com/genealogy.owl#QuattroFormaggi_51> <http://www.example.com/genealogy.owl#hasTopping> <http://www.example.com/genealogy.owl#FourCheesesTopping_dynamic_1> }","hasTopping","TRUE",1,1
"2hop-NamedPizza_QuattroFormaggi_51_QuattroFormaggi_51-QuattroFormaggi_51-hasTopping-AmericanHot_131-NEG-BIN","NamedPizza_QuattroFormaggi_51",117,252,"Property Assertion","BIN","ASK WHERE { <http://www.example.com/genealogy.owl#QuattroFormaggi_51> <http://www.example.com/genealogy.owl#hasTopping> <http://www.example.com/genealogy.owl#AmericanHot_131> }","hasTopping","FALSE",1,1
"2hop-NamedPizza_QuattroFormaggi_51_QuattroFormaggi_51-QuattroFormaggi_51-rdf:type-Food-BIN","NamedPizza_QuattroFormaggi_51",117,252,"Membership","BIN","ASK WHERE { <http://www.example.com/genealogy.owl#QuattroFormaggi_51> <http://www.w3.org/1999/02/22-rdf-syntax-ns#type> <http://www.example.com/genealogy.owl#Food> }","rdf:type","TRUE",3,3
"2hop-NamedPizza_QuattroFormaggi_51_QuattroFormaggi_51-QuattroFormaggi_51-rdf:type-American-NEG-BIN","NamedPizza_QuattroFormaggi_51",117,252,"Membership","BIN","ASK WHERE { <http://www.example.com/genealogy.owl#QuattroFormaggi_51> <http://www.w3.org/1999/02/22-rdf-syntax-ns#type> <http://www.example.com/genealogy.owl#American> }","rdf:type","FALSE",3,3
"2hop-NamedPizza_QuattroFormaggi_51_QuattroFormaggi_51-QuattroFormaggi_51-hasIngredient-MC","NamedPizza_QuattroFormaggi_51",117,252,"Property Assertion","MC","SELECT ?x WHERE { <http://www.example.com/genealogy.owl#QuattroFormaggi_51> <http://www.example.com/genealogy.owl#hasIngredient> ?x }","hasIngredient","FourCheesesTopping_dynamic_1; TomatoTopping_dynamic_1",2,2
"2hop-NamedPizza_QuattroFormaggi_51_QuattroFormaggi_51-QuattroFormaggi_51-hasIngredient-FourCheesesTopping_dynamic_1-BIN","NamedPizza_QuattroFormaggi_51",117,252,"Property Assertion","BIN","ASK WHERE { <http://www.example.com/genealogy.owl#QuattroFormaggi_51> <http://www.example.com/genealogy.owl#hasIngredient> <http://www.example.com/genealogy.owl#FourCheesesTopping_dynamic_1> }","hasIngredient","TRUE",2,2
"2hop-NamedPizza_QuattroFormaggi_51_QuattroFormaggi_51-QuattroFormaggi_51-hasIngredient-AmericanHot_131-NEG-BIN","NamedPizza_QuattroFormaggi_51",117,252,"Property Assertion","BIN","ASK WHERE { <http://www.example.com/genealogy.owl#QuattroFormaggi_51> <http://www.example.com/genealogy.owl#hasIngredient> <http://www.example.com/genealogy.owl#AmericanHot_131> }","hasIngredient","FALSE",2,2
"2hop-NamedPizza_QuattroFormaggi_66_QuattroFormaggi_66-QuattroFormaggi_66-rdf:type-MC","NamedPizza_QuattroFormaggi_66",117,252,"Membership","MC","SELECT ?x WHERE { <http://www.example.com/genealogy.owl#QuattroFormaggi_66> <http://www.w3.org/1999/02/22-rdf-syntax-ns#type> ?x }","rdf:type","DomainConcept; Food; Pizza",2,2
"2hop-NamedPizza_QuattroFormaggi_66_QuattroFormaggi_66-QuattroFormaggi_66-hasIngredient-FourCheesesTopping_dynamic_1-BIN","NamedPizza_QuattroFormaggi_66",117,252,"Property Assertion","BIN","ASK WHERE { <http://www.example.com/genealogy.owl#QuattroFormaggi_66> <http://www.example.com/genealogy.owl#hasIngredient> <http://www.example.com/genealogy.owl#FourCheesesTopping_dynamic_1> }","hasIngredient","TRUE",2,2
"2hop-NamedPizza_QuattroFormaggi_66_QuattroFormaggi_66-QuattroFormaggi_66-hasIngredient-AmericanHot_131-NEG-BIN","NamedPizza_QuattroFormaggi_66",117,252,"Property Assertion","BIN","ASK WHERE { <http://www.example.com/genealogy.owl#QuattroFormaggi_66> <http://www.example.com/genealogy.owl#hasIngredient> <http://www.example.com/genealogy.owl#AmericanHot_131> }","hasIngredient","FALSE",2,2
"2hop-NamedPizza_QuattroFormaggi_66_QuattroFormaggi_66-QuattroFormaggi_66-hasIngredient-MC","NamedPizza_QuattroFormaggi_66",117,252,"Property Assertion","MC","SELECT ?x WHERE { <http://www.example.com/genealogy.owl#QuattroFormaggi_66> <http://www.example.com/genealogy.owl#hasIngredient> ?x }","hasIngredient","FourCheesesTopping_dynamic_1; TomatoTopping_dynamic_1",2,2
"2hop-NamedPizza_QuattroFormaggi_66_QuattroFormaggi_66-QuattroFormaggi_66-hasTopping-MC","NamedPizza_QuattroFormaggi_66",117,252,"Property Assertion","MC","SELECT ?x WHERE { <http://www.example.com/genealogy.owl#QuattroFormaggi_66> <http://www.example.com/genealogy.owl#hasTopping> ?x }","hasTopping","FourCheesesTopping_dynamic_1; TomatoTopping_dynamic_1",1,1
"2hop-NamedPizza_QuattroFormaggi_66_QuattroFormaggi_66-QuattroFormaggi_66-rdf:type-Food-BIN","NamedPizza_QuattroFormaggi_66",117,252,"Membership","BIN","ASK WHERE { <http://www.example.com/genealogy.owl#QuattroFormaggi_66> <http://www.w3.org/1999/02/22-rdf-syntax-ns#type> <http://www.example.com/genealogy.owl#Food> }","rdf:type","TRUE",3,3
"2hop-NamedPizza_QuattroFormaggi_66_QuattroFormaggi_66-QuattroFormaggi_66-rdf:type-American-NEG-BIN","NamedPizza_QuattroFormaggi_66",117,252,"Membership","BIN","ASK WHERE { <http://www.example.com/genealogy.owl#QuattroFormaggi_66> <http://www.w3.org/1999/02/22-rdf-syntax-ns#type> <http://www.example.com/genealogy.owl#American> }","rdf:type","FALSE",3,3
"2hop-NamedPizza_QuattroFormaggi_66_QuattroFormaggi_66-QuattroFormaggi_66-hasTopping-FourCheesesTopping_dynamic_1-BIN","NamedPizza_QuattroFormaggi_66",117,252,"Property Assertion","BIN","ASK WHERE { <http://www.example.com/genealogy.owl#QuattroFormaggi_66> <http://www.example.com/genealogy.owl#hasTopping> <http://www.example.com/genealogy.owl#FourCheesesTopping_dynamic_1> }","hasTopping","TRUE",1,1
"2hop-NamedPizza_QuattroFormaggi_66_QuattroFormaggi_66-QuattroFormaggi_66-hasTopping-AmericanHot_131-NEG-BIN","NamedPizza_QuattroFormaggi_66",117,252,"Property Assertion","BIN","ASK WHERE { <http://www.example.com/genealogy.owl#QuattroFormaggi_66> <http://www.example.com/genealogy.owl#hasTopping> <http://www.example.com/genealogy.owl#AmericanHot_131> }","hasTopping","FALSE",1,1
"2hop-NamedPizza_QuattroFormaggi_81_QuattroFormaggi_81-QuattroFormaggi_81-hasTopping-MC","NamedPizza_QuattroFormaggi_81",117,252,"Property Assertion","MC","SELECT ?x WHERE { <http://www.example.com/genealogy.owl#QuattroFormaggi_81> <http://www.example.com/genealogy.owl#hasTopping> ?x }","hasTopping","FourCheesesTopping_dynamic_1; TomatoTopping_dynamic_1",1,1
"2hop-NamedPizza_QuattroFormaggi_81_QuattroFormaggi_81-QuattroFormaggi_81-rdf:type-MC","NamedPizza_QuattroFormaggi_81",117,252,"Membership","MC","SELECT ?x WHERE { <http://www.example.com/genealogy.owl#QuattroFormaggi_81> <http://www.w3.org/1999/02/22-rdf-syntax-ns#type> ?x }","rdf:type","DomainConcept; Food; Pizza",2,2
"2hop-NamedPizza_QuattroFormaggi_81_QuattroFormaggi_81-QuattroFormaggi_81-hasTopping-FourCheesesTopping_dynamic_1-BIN","NamedPizza_QuattroFormaggi_81",117,252,"Property Assertion","BIN","ASK WHERE { <http://www.example.com/genealogy.owl#QuattroFormaggi_81> <http://www.example.com/genealogy.owl#hasTopping> <http://www.example.com/genealogy.owl#FourCheesesTopping_dynamic_1> }","hasTopping","TRUE",1,1
"2hop-NamedPizza_QuattroFormaggi_81_QuattroFormaggi_81-QuattroFormaggi_81-hasTopping-AmericanHot_131-NEG-BIN","NamedPizza_QuattroFormaggi_81",117,252,"Property Assertion","BIN","ASK WHERE { <http://www.example.com/genealogy.owl#QuattroFormaggi_81> <http://www.example.com/genealogy.owl#hasTopping> <http://www.example.com/genealogy.owl#AmericanHot_131> }","hasTopping","FALSE",1,1
"2hop-NamedPizza_QuattroFormaggi_81_QuattroFormaggi_81-QuattroFormaggi_81-hasIngredient-FourCheesesTopping_dynamic_1-BIN","NamedPizza_QuattroFormaggi_81",117,252,"Property Assertion","BIN","ASK WHERE { <http://www.example.com/genealogy.owl#QuattroFormaggi_81> <http://www.example.com/genealogy.owl#hasIngredient> <http://www.example.com/genealogy.owl#FourCheesesTopping_dynamic_1> }","hasIngredient","TRUE",2,2
"2hop-NamedPizza_QuattroFormaggi_81_QuattroFormaggi_81-QuattroFormaggi_81-hasIngredient-AmericanHot_131-NEG-BIN","NamedPizza_QuattroFormaggi_81",117,252,"Property Assertion","BIN","ASK WHERE { <http://www.example.com/genealogy.owl#QuattroFormaggi_81> <http://www.example.com/genealogy.owl#hasIngredient> <http://www.example.com/genealogy.owl#AmericanHot_131> }","hasIngredient","FALSE",2,2
"2hop-NamedPizza_QuattroFormaggi_81_QuattroFormaggi_81-QuattroFormaggi_81-hasIngredient-MC","NamedPizza_QuattroFormaggi_81",117,252,"Property Assertion","MC","SELECT ?x WHERE { <http://www.example.com/genealogy.owl#QuattroFormaggi_81> <http://www.example.com/genealogy.owl#hasIngredient> ?x }","hasIngredient","FourCheesesTopping_dynamic_1; TomatoTopping_dynamic_1",2,2
"2hop-NamedPizza_QuattroFormaggi_81_QuattroFormaggi_81-QuattroFormaggi_81-rdf:type-Food-BIN","NamedPizza_QuattroFormaggi_81",117,252,"Membership","BIN","ASK WHERE { <http://www.example.com/genealogy.owl#QuattroFormaggi_81> <http://www.w3.org/1999/02/22-rdf-syntax-ns#type> <http://www.example.com/genealogy.owl#Food> }","rdf:type","TRUE",3,3
"2hop-NamedPizza_QuattroFormaggi_81_QuattroFormaggi_81-QuattroFormaggi_81-rdf:type-American-NEG-BIN","NamedPizza_QuattroFormaggi_81",117,252,"Membership","BIN","ASK WHERE { <http://www.example.com/genealogy.owl#QuattroFormaggi_81> <http://www.w3.org/1999/02/22-rdf-syntax-ns#type> <http://www.example.com/genealogy.owl#American> }","rdf:type","FALSE",3,3
"2hop-NamedPizza_Rosa_135_Rosa_135-Rosa_135-rdf:type-MC","NamedPizza_Rosa_135",117,253,"Membership","MC","SELECT ?x WHERE { <http://www.example.com/genealogy.owl#Rosa_135> <http://www.w3.org/1999/02/22-rdf-syntax-ns#type> ?x }","rdf:type","DomainConcept; Food; Pizza",4,4
"2hop-NamedPizza_Rosa_135_Rosa_135-Rosa_135-hasIngredient-GorgonzolaTopping_dynamic_1-BIN","NamedPizza_Rosa_135",117,253,"Property Assertion","BIN","ASK WHERE { <http://www.example.com/genealogy.owl#Rosa_135> <http://www.example.com/genealogy.owl#hasIngredient> <http://www.example.com/genealogy.owl#GorgonzolaTopping_dynamic_1> }","hasIngredient","TRUE",2,2
"2hop-NamedPizza_Rosa_135_Rosa_135-Rosa_135-hasIngredient-AmericanHot_131-NEG-BIN","NamedPizza_Rosa_135",117,253,"Property Assertion","BIN","ASK WHERE { <http://www.example.com/genealogy.owl#Rosa_135> <http://www.example.com/genealogy.owl#hasIngredient> <http://www.example.com/genealogy.owl#AmericanHot_131> }","hasIngredient","FALSE",2,2
"2hop-NamedPizza_Rosa_135_Rosa_135-Rosa_135-hasIngredient-MC","NamedPizza_Rosa_135",117,253,"Property Assertion","MC","SELECT ?x WHERE { <http://www.example.com/genealogy.owl#Rosa_135> <http://www.example.com/genealogy.owl#hasIngredient> ?x }","hasIngredient","GorgonzolaTopping_dynamic_1; MozzarellaTopping_dynamic_1; TomatoTopping_dynamic_1",2,2
"2hop-NamedPizza_Rosa_135_Rosa_135-Rosa_135-hasTopping-MC","NamedPizza_Rosa_135",117,253,"Property Assertion","MC","SELECT ?x WHERE { <http://www.example.com/genealogy.owl#Rosa_135> <http://www.example.com/genealogy.owl#hasTopping> ?x }","hasTopping","GorgonzolaTopping_dynamic_1; MozzarellaTopping_dynamic_1; TomatoTopping_dynamic_1",1,1
"2hop-NamedPizza_Rosa_135_Rosa_135-Rosa_135-rdf:type-Food-BIN","NamedPizza_Rosa_135",117,253,"Membership","BIN","ASK WHERE { <http://www.example.com/genealogy.owl#Rosa_135> <http://www.w3.org/1999/02/22-rdf-syntax-ns#type> <http://www.example.com/genealogy.owl#Food> }","rdf:type","TRUE",3,3
"2hop-NamedPizza_Rosa_135_Rosa_135-Rosa_135-rdf:type-American-NEG-BIN","NamedPizza_Rosa_135",117,253,"Membership","BIN","ASK WHERE { <http://www.example.com/genealogy.owl#Rosa_135> <http://www.w3.org/1999/02/22-rdf-syntax-ns#type> <http://www.example.com/genealogy.owl#American> }","rdf:type","FALSE",3,3
"2hop-NamedPizza_Rosa_135_Rosa_135-Rosa_135-hasTopping-GorgonzolaTopping_dynamic_1-BIN","NamedPizza_Rosa_135",117,253,"Property Assertion","BIN","ASK WHERE { <http://www.example.com/genealogy.owl#Rosa_135> <http://www.example.com/genealogy.owl#hasTopping> <http://www.example.com/genealogy.owl#GorgonzolaTopping_dynamic_1> }","hasTopping","TRUE",1,1
"2hop-NamedPizza_Rosa_135_Rosa_135-Rosa_135-hasTopping-AmericanHot_131-NEG-BIN","NamedPizza_Rosa_135",117,253,"Property Assertion","BIN","ASK WHERE { <http://www.example.com/genealogy.owl#Rosa_135> <http://www.example.com/genealogy.owl#hasTopping> <http://www.example.com/genealogy.owl#AmericanHot_131> }","hasTopping","FALSE",1,1
"2hop-NamedPizza_Rosa_161_Rosa_161-Rosa_161-hasTopping-GorgonzolaTopping_dynamic_1-BIN","NamedPizza_Rosa_161",117,253,"Property Assertion","BIN","ASK WHERE { <http://www.example.com/genealogy.owl#Rosa_161> <http://www.example.com/genealogy.owl#hasTopping> <http://www.example.com/genealogy.owl#GorgonzolaTopping_dynamic_1> }","hasTopping","TRUE",1,1
"2hop-NamedPizza_Rosa_161_Rosa_161-Rosa_161-hasTopping-AmericanHot_131-NEG-BIN","NamedPizza_Rosa_161",117,253,"Property Assertion","BIN","ASK WHERE { <http://www.example.com/genealogy.owl#Rosa_161> <http://www.example.com/genealogy.owl#hasTopping> <http://www.example.com/genealogy.owl#AmericanHot_131> }","hasTopping","FALSE",1,1
"2hop-NamedPizza_Rosa_161_Rosa_161-Rosa_161-hasTopping-MC","NamedPizza_Rosa_161",117,253,"Property Assertion","MC","SELECT ?x WHERE { <http://www.example.com/genealogy.owl#Rosa_161> <http://www.example.com/genealogy.owl#hasTopping> ?x }","hasTopping","GorgonzolaTopping_dynamic_1; MozzarellaTopping_dynamic_1; TomatoTopping_dynamic_1",1,1
"2hop-NamedPizza_Rosa_161_Rosa_161-Rosa_161-hasIngredient-GorgonzolaTopping_dynamic_1-BIN","NamedPizza_Rosa_161",117,253,"Property Assertion","BIN","ASK WHERE { <http://www.example.com/genealogy.owl#Rosa_161> <http://www.example.com/genealogy.owl#hasIngredient> <http://www.example.com/genealogy.owl#GorgonzolaTopping_dynamic_1> }","hasIngredient","TRUE",2,2
"2hop-NamedPizza_Rosa_161_Rosa_161-Rosa_161-hasIngredient-AmericanHot_131-NEG-BIN","NamedPizza_Rosa_161",117,253,"Property Assertion","BIN","ASK WHERE { <http://www.example.com/genealogy.owl#Rosa_161> <http://www.example.com/genealogy.owl#hasIngredient> <http://www.example.com/genealogy.owl#AmericanHot_131> }","hasIngredient","FALSE",2,2
"2hop-NamedPizza_Rosa_161_Rosa_161-Rosa_161-hasIngredient-MC","NamedPizza_Rosa_161",117,253,"Property Assertion","MC","SELECT ?x WHERE { <http://www.example.com/genealogy.owl#Rosa_161> <http://www.example.com/genealogy.owl#hasIngredient> ?x }","hasIngredient","GorgonzolaTopping_dynamic_1; MozzarellaTopping_dynamic_1; TomatoTopping_dynamic_1",2,2
"2hop-NamedPizza_Rosa_161_Rosa_161-Rosa_161-rdf:type-MC","NamedPizza_Rosa_161",117,253,"Membership","MC","SELECT ?x WHERE { <http://www.example.com/genealogy.owl#Rosa_161> <http://www.w3.org/1999/02/22-rdf-syntax-ns#type> ?x }","rdf:type","DomainConcept; Food; Pizza",2,2
"2hop-NamedPizza_Rosa_161_Rosa_161-Rosa_161-rdf:type-Food-BIN","NamedPizza_Rosa_161",117,253,"Membership","BIN","ASK WHERE { <http://www.example.com/genealogy.owl#Rosa_161> <http://www.w3.org/1999/02/22-rdf-syntax-ns#type> <http://www.example.com/genealogy.owl#Food> }","rdf:type","TRUE",3,3
"2hop-NamedPizza_Rosa_161_Rosa_161-Rosa_161-rdf:type-American-NEG-BIN","NamedPizza_Rosa_161",117,253,"Membership","BIN","ASK WHERE { <http://www.example.com/genealogy.owl#Rosa_161> <http://www.w3.org/1999/02/22-rdf-syntax-ns#type> <http://www.example.com/genealogy.owl#American> }","rdf:type","FALSE",3,3
"2hop-NamedPizza_Rosa_166_Rosa_166-Rosa_166-hasIngredient-MC","NamedPizza_Rosa_166",117,253,"Property Assertion","MC","SELECT ?x WHERE { <http://www.example.com/genealogy.owl#Rosa_166> <http://www.example.com/genealogy.owl#hasIngredient> ?x }","hasIngredient","GorgonzolaTopping_dynamic_1; MozzarellaTopping_dynamic_1; TomatoTopping_dynamic_1",2,2
"2hop-NamedPizza_Rosa_166_Rosa_166-Rosa_166-hasIngredient-GorgonzolaTopping_dynamic_1-BIN","NamedPizza_Rosa_166",117,253,"Property Assertion","BIN","ASK WHERE { <http://www.example.com/genealogy.owl#Rosa_166> <http://www.example.com/genealogy.owl#hasIngredient> <http://www.example.com/genealogy.owl#GorgonzolaTopping_dynamic_1> }","hasIngredient","TRUE",2,2
"2hop-NamedPizza_Rosa_166_Rosa_166-Rosa_166-hasIngredient-AmericanHot_131-NEG-BIN","NamedPizza_Rosa_166",117,253,"Property Assertion","BIN","ASK WHERE { <http://www.example.com/genealogy.owl#Rosa_166> <http://www.example.com/genealogy.owl#hasIngredient> <http://www.example.com/genealogy.owl#AmericanHot_131> }","hasIngredient","FALSE",2,2
"2hop-NamedPizza_Rosa_166_Rosa_166-Rosa_166-hasTopping-MC","NamedPizza_Rosa_166",117,253,"Property Assertion","MC","SELECT ?x WHERE { <http://www.example.com/genealogy.owl#Rosa_166> <http://www.example.com/genealogy.owl#hasTopping> ?x }","hasTopping","GorgonzolaTopping_dynamic_1; MozzarellaTopping_dynamic_1; TomatoTopping_dynamic_1",1,1
"2hop-NamedPizza_Rosa_166_Rosa_166-Rosa_166-hasTopping-GorgonzolaTopping_dynamic_1-BIN","NamedPizza_Rosa_166",117,253,"Property Assertion","BIN","ASK WHERE { <http://www.example.com/genealogy.owl#Rosa_166> <http://www.example.com/genealogy.owl#hasTopping> <http://www.example.com/genealogy.owl#GorgonzolaTopping_dynamic_1> }","hasTopping","TRUE",1,1
"2hop-NamedPizza_Rosa_166_Rosa_166-Rosa_166-hasTopping-AmericanHot_131-NEG-BIN","NamedPizza_Rosa_166",117,253,"Property Assertion","BIN","ASK WHERE { <http://www.example.com/genealogy.owl#Rosa_166> <http://www.example.com/genealogy.owl#hasTopping> <http://www.example.com/genealogy.owl#AmericanHot_131> }","hasTopping","FALSE",1,1
"2hop-NamedPizza_Rosa_166_Rosa_166-Rosa_166-rdf:type-MC","NamedPizza_Rosa_166",117,253,"Membership","MC","SELECT ?x WHERE { <http://www.example.com/genealogy.owl#Rosa_166> <http://www.w3.org/1999/02/22-rdf-syntax-ns#type> ?x }","rdf:type","DomainConcept; Food; Pizza",4,4
"2hop-NamedPizza_Rosa_166_Rosa_166-Rosa_166-rdf:type-Food-BIN","NamedPizza_Rosa_166",117,253,"Membership","BIN","ASK WHERE { <http://www.example.com/genealogy.owl#Rosa_166> <http://www.w3.org/1999/02/22-rdf-syntax-ns#type> <http://www.example.com/genealogy.owl#Food> }","rdf:type","TRUE",3,3
"2hop-NamedPizza_Rosa_166_Rosa_166-Rosa_166-rdf:type-American-NEG-BIN","NamedPizza_Rosa_166",117,253,"Membership","BIN","ASK WHERE { <http://www.example.com/genealogy.owl#Rosa_166> <http://www.w3.org/1999/02/22-rdf-syntax-ns#type> <http://www.example.com/genealogy.owl#American> }","rdf:type","FALSE",3,3
"2hop-NamedPizza_Rosa_201_Rosa_201-Rosa_201-hasTopping-MC","NamedPizza_Rosa_201",117,253,"Property Assertion","MC","SELECT ?x WHERE { <http://www.example.com/genealogy.owl#Rosa_201> <http://www.example.com/genealogy.owl#hasTopping> ?x }","hasTopping","GorgonzolaTopping_dynamic_1; MozzarellaTopping_dynamic_1; TomatoTopping_dynamic_1",1,1
"2hop-NamedPizza_Rosa_201_Rosa_201-Rosa_201-hasIngredient-MC","NamedPizza_Rosa_201",117,253,"Property Assertion","MC","SELECT ?x WHERE { <http://www.example.com/genealogy.owl#Rosa_201> <http://www.example.com/genealogy.owl#hasIngredient> ?x }","hasIngredient","GorgonzolaTopping_dynamic_1; MozzarellaTopping_dynamic_1; TomatoTopping_dynamic_1",2,2
"2hop-NamedPizza_Rosa_201_Rosa_201-Rosa_201-hasIngredient-GorgonzolaTopping_dynamic_1-BIN","NamedPizza_Rosa_201",117,253,"Property Assertion","BIN","ASK WHERE { <http://www.example.com/genealogy.owl#Rosa_201> <http://www.example.com/genealogy.owl#hasIngredient> <http://www.example.com/genealogy.owl#GorgonzolaTopping_dynamic_1> }","hasIngredient","TRUE",2,2
"2hop-NamedPizza_Rosa_201_Rosa_201-Rosa_201-hasIngredient-AmericanHot_131-NEG-BIN","NamedPizza_Rosa_201",117,253,"Property Assertion","BIN","ASK WHERE { <http://www.example.com/genealogy.owl#Rosa_201> <http://www.example.com/genealogy.owl#hasIngredient> <http://www.example.com/genealogy.owl#AmericanHot_131> }","hasIngredient","FALSE",2,2
"2hop-NamedPizza_Rosa_201_Rosa_201-Rosa_201-rdf:type-Food-BIN","NamedPizza_Rosa_201",117,253,"Membership","BIN","ASK WHERE { <http://www.example.com/genealogy.owl#Rosa_201> <http://www.w3.org/1999/02/22-rdf-syntax-ns#type> <http://www.example.com/genealogy.owl#Food> }","rdf:type","TRUE",3,3
"2hop-NamedPizza_Rosa_201_Rosa_201-Rosa_201-rdf:type-American-NEG-BIN","NamedPizza_Rosa_201",117,253,"Membership","BIN","ASK WHERE { <http://www.example.com/genealogy.owl#Rosa_201> <http://www.w3.org/1999/02/22-rdf-syntax-ns#type> <http://www.example.com/genealogy.owl#American> }","rdf:type","FALSE",3,3
"2hop-NamedPizza_Rosa_201_Rosa_201-Rosa_201-rdf:type-MC","NamedPizza_Rosa_201",117,253,"Membership","MC","SELECT ?x WHERE { <http://www.example.com/genealogy.owl#Rosa_201> <http://www.w3.org/1999/02/22-rdf-syntax-ns#type> ?x }","rdf:type","DomainConcept; Food; Pizza",3,3
"2hop-NamedPizza_Rosa_201_Rosa_201-Rosa_201-hasTopping-GorgonzolaTopping_dynamic_1-BIN","NamedPizza_Rosa_201",117,253,"Property Assertion","BIN","ASK WHERE { <http://www.example.com/genealogy.owl#Rosa_201> <http://www.example.com/genealogy.owl#hasTopping> <http://www.example.com/genealogy.owl#GorgonzolaTopping_dynamic_1> }","hasTopping","TRUE",1,1
"2hop-NamedPizza_Rosa_201_Rosa_201-Rosa_201-hasTopping-AmericanHot_131-NEG-BIN","NamedPizza_Rosa_201",117,253,"Property Assertion","BIN","ASK WHERE { <http://www.example.com/genealogy.owl#Rosa_201> <http://www.example.com/genealogy.owl#hasTopping> <http://www.example.com/genealogy.owl#AmericanHot_131> }","hasTopping","FALSE",1,1
"2hop-NamedPizza_Rosa_208_Rosa_208-Rosa_208-hasIngredient-MC","NamedPizza_Rosa_208",117,253,"Property Assertion","MC","SELECT ?x WHERE { <http://www.example.com/genealogy.owl#Rosa_208> <http://www.example.com/genealogy.owl#hasIngredient> ?x }","hasIngredient","GorgonzolaTopping_dynamic_1; MozzarellaTopping_dynamic_1; TomatoTopping_dynamic_1",2,2
"2hop-NamedPizza_Rosa_208_Rosa_208-Rosa_208-hasIngredient-GorgonzolaTopping_dynamic_1-BIN","NamedPizza_Rosa_208",117,253,"Property Assertion","BIN","ASK WHERE { <http://www.example.com/genealogy.owl#Rosa_208> <http://www.example.com/genealogy.owl#hasIngredient> <http://www.example.com/genealogy.owl#GorgonzolaTopping_dynamic_1> }","hasIngredient","TRUE",2,2
"2hop-NamedPizza_Rosa_208_Rosa_208-Rosa_208-hasIngredient-AmericanHot_131-NEG-BIN","NamedPizza_Rosa_208",117,253,"Property Assertion","BIN","ASK WHERE { <http://www.example.com/genealogy.owl#Rosa_208> <http://www.example.com/genealogy.owl#hasIngredient> <http://www.example.com/genealogy.owl#AmericanHot_131> }","hasIngredient","FALSE",2,2
"2hop-NamedPizza_Rosa_208_Rosa_208-Rosa_208-hasTopping-MC","NamedPizza_Rosa_208",117,253,"Property Assertion","MC","SELECT ?x WHERE { <http://www.example.com/genealogy.owl#Rosa_208> <http://www.example.com/genealogy.owl#hasTopping> ?x }","hasTopping","GorgonzolaTopping_dynamic_1; MozzarellaTopping_dynamic_1; TomatoTopping_dynamic_1",1,1
"2hop-NamedPizza_Rosa_208_Rosa_208-Rosa_208-hasTopping-GorgonzolaTopping_dynamic_1-BIN","NamedPizza_Rosa_208",117,253,"Property Assertion","BIN","ASK WHERE { <http://www.example.com/genealogy.owl#Rosa_208> <http://www.example.com/genealogy.owl#hasTopping> <http://www.example.com/genealogy.owl#GorgonzolaTopping_dynamic_1> }","hasTopping","TRUE",1,1
"2hop-NamedPizza_Rosa_208_Rosa_208-Rosa_208-hasTopping-AmericanHot_131-NEG-BIN","NamedPizza_Rosa_208",117,253,"Property Assertion","BIN","ASK WHERE { <http://www.example.com/genealogy.owl#Rosa_208> <http://www.example.com/genealogy.owl#hasTopping> <http://www.example.com/genealogy.owl#AmericanHot_131> }","hasTopping","FALSE",1,1
"2hop-NamedPizza_Rosa_208_Rosa_208-Rosa_208-rdf:type-MC","NamedPizza_Rosa_208",117,253,"Membership","MC","SELECT ?x WHERE { <http://www.example.com/genealogy.owl#Rosa_208> <http://www.w3.org/1999/02/22-rdf-syntax-ns#type> ?x }","rdf:type","DomainConcept; Food; Pizza",2,2
"2hop-NamedPizza_Rosa_208_Rosa_208-Rosa_208-rdf:type-Food-BIN","NamedPizza_Rosa_208",117,253,"Membership","BIN","ASK WHERE { <http://www.example.com/genealogy.owl#Rosa_208> <http://www.w3.org/1999/02/22-rdf-syntax-ns#type> <http://www.example.com/genealogy.owl#Food> }","rdf:type","TRUE",3,3
"2hop-NamedPizza_Rosa_208_Rosa_208-Rosa_208-rdf:type-American-NEG-BIN","NamedPizza_Rosa_208",117,253,"Membership","BIN","ASK WHERE { <http://www.example.com/genealogy.owl#Rosa_208> <http://www.w3.org/1999/02/22-rdf-syntax-ns#type> <http://www.example.com/genealogy.owl#American> }","rdf:type","FALSE",3,3
"2hop-NamedPizza_Rosa_82_Rosa_82-Rosa_82-rdf:type-Food-BIN","NamedPizza_Rosa_82",117,253,"Membership","BIN","ASK WHERE { <http://www.example.com/genealogy.owl#Rosa_82> <http://www.w3.org/1999/02/22-rdf-syntax-ns#type> <http://www.example.com/genealogy.owl#Food> }","rdf:type","TRUE",3,3
"2hop-NamedPizza_Rosa_82_Rosa_82-Rosa_82-rdf:type-American-NEG-BIN","NamedPizza_Rosa_82",117,253,"Membership","BIN","ASK WHERE { <http://www.example.com/genealogy.owl#Rosa_82> <http://www.w3.org/1999/02/22-rdf-syntax-ns#type> <http://www.example.com/genealogy.owl#American> }","rdf:type","FALSE",3,3
"2hop-NamedPizza_Rosa_82_Rosa_82-Rosa_82-rdf:type-MC","NamedPizza_Rosa_82",117,253,"Membership","MC","SELECT ?x WHERE { <http://www.example.com/genealogy.owl#Rosa_82> <http://www.w3.org/1999/02/22-rdf-syntax-ns#type> ?x }","rdf:type","DomainConcept; Food; Pizza",3,3
"2hop-NamedPizza_Rosa_82_Rosa_82-Rosa_82-hasIngredient-GorgonzolaTopping_dynamic_1-BIN","NamedPizza_Rosa_82",117,253,"Property Assertion","BIN","ASK WHERE { <http://www.example.com/genealogy.owl#Rosa_82> <http://www.example.com/genealogy.owl#hasIngredient> <http://www.example.com/genealogy.owl#GorgonzolaTopping_dynamic_1> }","hasIngredient","TRUE",2,2
"2hop-NamedPizza_Rosa_82_Rosa_82-Rosa_82-hasIngredient-AmericanHot_131-NEG-BIN","NamedPizza_Rosa_82",117,253,"Property Assertion","BIN","ASK WHERE { <http://www.example.com/genealogy.owl#Rosa_82> <http://www.example.com/genealogy.owl#hasIngredient> <http://www.example.com/genealogy.owl#AmericanHot_131> }","hasIngredient","FALSE",2,2
"2hop-NamedPizza_Rosa_82_Rosa_82-Rosa_82-hasIngredient-MC","NamedPizza_Rosa_82",117,253,"Property Assertion","MC","SELECT ?x WHERE { <http://www.example.com/genealogy.owl#Rosa_82> <http://www.example.com/genealogy.owl#hasIngredient> ?x }","hasIngredient","GorgonzolaTopping_dynamic_1; MozzarellaTopping_dynamic_1; TomatoTopping_dynamic_1",2,2
"2hop-NamedPizza_Rosa_82_Rosa_82-Rosa_82-hasTopping-MC","NamedPizza_Rosa_82",117,253,"Property Assertion","MC","SELECT ?x WHERE { <http://www.example.com/genealogy.owl#Rosa_82> <http://www.example.com/genealogy.owl#hasTopping> ?x }","hasTopping","GorgonzolaTopping_dynamic_1; MozzarellaTopping_dynamic_1; TomatoTopping_dynamic_1",1,1
"2hop-NamedPizza_Rosa_82_Rosa_82-Rosa_82-hasTopping-GorgonzolaTopping_dynamic_1-BIN","NamedPizza_Rosa_82",117,253,"Property Assertion","BIN","ASK WHERE { <http://www.example.com/genealogy.owl#Rosa_82> <http://www.example.com/genealogy.owl#hasTopping> <http://www.example.com/genealogy.owl#GorgonzolaTopping_dynamic_1> }","hasTopping","TRUE",1,1
"2hop-NamedPizza_Rosa_82_Rosa_82-Rosa_82-hasTopping-AmericanHot_131-NEG-BIN","NamedPizza_Rosa_82",117,253,"Property Assertion","BIN","ASK WHERE { <http://www.example.com/genealogy.owl#Rosa_82> <http://www.example.com/genealogy.owl#hasTopping> <http://www.example.com/genealogy.owl#AmericanHot_131> }","hasTopping","FALSE",1,1
"2hop-NamedPizza_Siciliana_0_Siciliana_0-Siciliana_0-hasTopping-MC","NamedPizza_Siciliana_0",117,257,"Property Assertion","MC","SELECT ?x WHERE { <http://www.example.com/genealogy.owl#Siciliana_0> <http://www.example.com/genealogy.owl#hasTopping> ?x }","hasTopping","AnchoviesTopping_dynamic_1; ArtichokeTopping_dynamic_1; GarlicTopping_dynamic_1; HamTopping_dynamic_1; MozzarellaTopping_dynamic_1; OliveTopping_dynamic_1; TomatoTopping_dynamic_1",1,1
"2hop-NamedPizza_Siciliana_0_Siciliana_0-Siciliana_0-hasIngredient-MC","NamedPizza_Siciliana_0",117,257,"Property Assertion","MC","SELECT ?x WHERE { <http://www.example.com/genealogy.owl#Siciliana_0> <http://www.example.com/genealogy.owl#hasIngredient> ?x }","hasIngredient","AnchoviesTopping_dynamic_1; ArtichokeTopping_dynamic_1; GarlicTopping_dynamic_1; HamTopping_dynamic_1; MozzarellaTopping_dynamic_1; OliveTopping_dynamic_1; TomatoTopping_dynamic_1",2,2
"2hop-NamedPizza_Siciliana_0_Siciliana_0-Siciliana_0-hasIngredient-AnchoviesTopping_dynamic_1-BIN","NamedPizza_Siciliana_0",117,257,"Property Assertion","BIN","ASK WHERE { <http://www.example.com/genealogy.owl#Siciliana_0> <http://www.example.com/genealogy.owl#hasIngredient> <http://www.example.com/genealogy.owl#AnchoviesTopping_dynamic_1> }","hasIngredient","TRUE",2,2
"2hop-NamedPizza_Siciliana_0_Siciliana_0-Siciliana_0-hasIngredient-AmericanHot_131-NEG-BIN","NamedPizza_Siciliana_0",117,257,"Property Assertion","BIN","ASK WHERE { <http://www.example.com/genealogy.owl#Siciliana_0> <http://www.example.com/genealogy.owl#hasIngredient> <http://www.example.com/genealogy.owl#AmericanHot_131> }","hasIngredient","FALSE",2,2
"2hop-NamedPizza_Siciliana_0_Siciliana_0-Siciliana_0-hasTopping-AnchoviesTopping_dynamic_1-BIN","NamedPizza_Siciliana_0",117,257,"Property Assertion","BIN","ASK WHERE { <http://www.example.com/genealogy.owl#Siciliana_0> <http://www.example.com/genealogy.owl#hasTopping> <http://www.example.com/genealogy.owl#AnchoviesTopping_dynamic_1> }","hasTopping","TRUE",1,1
"2hop-NamedPizza_Siciliana_0_Siciliana_0-Siciliana_0-hasTopping-AmericanHot_131-NEG-BIN","NamedPizza_Siciliana_0",117,257,"Property Assertion","BIN","ASK WHERE { <http://www.example.com/genealogy.owl#Siciliana_0> <http://www.example.com/genealogy.owl#hasTopping> <http://www.example.com/genealogy.owl#AmericanHot_131> }","hasTopping","FALSE",1,1
"2hop-NamedPizza_Siciliana_0_Siciliana_0-Siciliana_0-rdf:type-Food-BIN","NamedPizza_Siciliana_0",117,257,"Membership","BIN","ASK WHERE { <http://www.example.com/genealogy.owl#Siciliana_0> <http://www.w3.org/1999/02/22-rdf-syntax-ns#type> <http://www.example.com/genealogy.owl#Food> }","rdf:type","TRUE",3,3
"2hop-NamedPizza_Siciliana_0_Siciliana_0-Siciliana_0-rdf:type-American-NEG-BIN","NamedPizza_Siciliana_0",117,257,"Membership","BIN","ASK WHERE { <http://www.example.com/genealogy.owl#Siciliana_0> <http://www.w3.org/1999/02/22-rdf-syntax-ns#type> <http://www.example.com/genealogy.owl#American> }","rdf:type","FALSE",3,3
"2hop-NamedPizza_Siciliana_0_Siciliana_0-Siciliana_0-rdf:type-MC","NamedPizza_Siciliana_0",117,257,"Membership","MC","SELECT ?x WHERE { <http://www.example.com/genealogy.owl#Siciliana_0> <http://www.w3.org/1999/02/22-rdf-syntax-ns#type> ?x }","rdf:type","DomainConcept; Food; Pizza",3,3
"2hop-NamedPizza_Siciliana_109_Siciliana_109-Siciliana_109-hasTopping-MC","NamedPizza_Siciliana_109",117,257,"Property Assertion","MC","SELECT ?x WHERE { <http://www.example.com/genealogy.owl#Siciliana_109> <http://www.example.com/genealogy.owl#hasTopping> ?x }","hasTopping","AnchoviesTopping_dynamic_1; ArtichokeTopping_dynamic_1; GarlicTopping_dynamic_1; HamTopping_dynamic_1; MozzarellaTopping_dynamic_1; OliveTopping_dynamic_1; TomatoTopping_dynamic_1",1,1
"2hop-NamedPizza_Siciliana_109_Siciliana_109-Siciliana_109-rdf:type-MC","NamedPizza_Siciliana_109",117,257,"Membership","MC","SELECT ?x WHERE { <http://www.example.com/genealogy.owl#Siciliana_109> <http://www.w3.org/1999/02/22-rdf-syntax-ns#type> ?x }","rdf:type","DomainConcept; Food; Pizza",4,4
"2hop-NamedPizza_Siciliana_109_Siciliana_109-Siciliana_109-rdf:type-Food-BIN","NamedPizza_Siciliana_109",117,257,"Membership","BIN","ASK WHERE { <http://www.example.com/genealogy.owl#Siciliana_109> <http://www.w3.org/1999/02/22-rdf-syntax-ns#type> <http://www.example.com/genealogy.owl#Food> }","rdf:type","TRUE",3,3
"2hop-NamedPizza_Siciliana_109_Siciliana_109-Siciliana_109-rdf:type-American-NEG-BIN","NamedPizza_Siciliana_109",117,257,"Membership","BIN","ASK WHERE { <http://www.example.com/genealogy.owl#Siciliana_109> <http://www.w3.org/1999/02/22-rdf-syntax-ns#type> <http://www.example.com/genealogy.owl#American> }","rdf:type","FALSE",3,3
"2hop-NamedPizza_Siciliana_109_Siciliana_109-Siciliana_109-hasIngredient-MC","NamedPizza_Siciliana_109",117,257,"Property Assertion","MC","SELECT ?x WHERE { <http://www.example.com/genealogy.owl#Siciliana_109> <http://www.example.com/genealogy.owl#hasIngredient> ?x }","hasIngredient","AnchoviesTopping_dynamic_1; ArtichokeTopping_dynamic_1; GarlicTopping_dynamic_1; HamTopping_dynamic_1; MozzarellaTopping_dynamic_1; OliveTopping_dynamic_1; TomatoTopping_dynamic_1",2,2
"2hop-NamedPizza_Siciliana_109_Siciliana_109-Siciliana_109-hasTopping-AnchoviesTopping_dynamic_1-BIN","NamedPizza_Siciliana_109",117,257,"Property Assertion","BIN","ASK WHERE { <http://www.example.com/genealogy.owl#Siciliana_109> <http://www.example.com/genealogy.owl#hasTopping> <http://www.example.com/genealogy.owl#AnchoviesTopping_dynamic_1> }","hasTopping","TRUE",1,1
"2hop-NamedPizza_Siciliana_109_Siciliana_109-Siciliana_109-hasTopping-AmericanHot_131-NEG-BIN","NamedPizza_Siciliana_109",117,257,"Property Assertion","BIN","ASK WHERE { <http://www.example.com/genealogy.owl#Siciliana_109> <http://www.example.com/genealogy.owl#hasTopping> <http://www.example.com/genealogy.owl#AmericanHot_131> }","hasTopping","FALSE",1,1
"2hop-NamedPizza_Siciliana_109_Siciliana_109-Siciliana_109-hasIngredient-AnchoviesTopping_dynamic_1-BIN","NamedPizza_Siciliana_109",117,257,"Property Assertion","BIN","ASK WHERE { <http://www.example.com/genealogy.owl#Siciliana_109> <http://www.example.com/genealogy.owl#hasIngredient> <http://www.example.com/genealogy.owl#AnchoviesTopping_dynamic_1> }","hasIngredient","TRUE",2,2
"2hop-NamedPizza_Siciliana_109_Siciliana_109-Siciliana_109-hasIngredient-AmericanHot_131-NEG-BIN","NamedPizza_Siciliana_109",117,257,"Property Assertion","BIN","ASK WHERE { <http://www.example.com/genealogy.owl#Siciliana_109> <http://www.example.com/genealogy.owl#hasIngredient> <http://www.example.com/genealogy.owl#AmericanHot_131> }","hasIngredient","FALSE",2,2
"2hop-NamedPizza_Siciliana_113_Siciliana_113-Siciliana_113-hasTopping-MC","NamedPizza_Siciliana_113",117,257,"Property Assertion","MC","SELECT ?x WHERE { <http://www.example.com/genealogy.owl#Siciliana_113> <http://www.example.com/genealogy.owl#hasTopping> ?x }","hasTopping","AnchoviesTopping_dynamic_1; ArtichokeTopping_dynamic_1; GarlicTopping_dynamic_1; HamTopping_dynamic_1; MozzarellaTopping_dynamic_1; OliveTopping_dynamic_1; TomatoTopping_dynamic_1",1,1
"2hop-NamedPizza_Siciliana_113_Siciliana_113-Siciliana_113-rdf:type-MC","NamedPizza_Siciliana_113",117,257,"Membership","MC","SELECT ?x WHERE { <http://www.example.com/genealogy.owl#Siciliana_113> <http://www.w3.org/1999/02/22-rdf-syntax-ns#type> ?x }","rdf:type","DomainConcept; Food; Pizza",4,4
"2hop-NamedPizza_Siciliana_113_Siciliana_113-Siciliana_113-rdf:type-Food-BIN","NamedPizza_Siciliana_113",117,257,"Membership","BIN","ASK WHERE { <http://www.example.com/genealogy.owl#Siciliana_113> <http://www.w3.org/1999/02/22-rdf-syntax-ns#type> <http://www.example.com/genealogy.owl#Food> }","rdf:type","TRUE",3,3
"2hop-NamedPizza_Siciliana_113_Siciliana_113-Siciliana_113-rdf:type-American-NEG-BIN","NamedPizza_Siciliana_113",117,257,"Membership","BIN","ASK WHERE { <http://www.example.com/genealogy.owl#Siciliana_113> <http://www.w3.org/1999/02/22-rdf-syntax-ns#type> <http://www.example.com/genealogy.owl#American> }","rdf:type","FALSE",3,3
"2hop-NamedPizza_Siciliana_113_Siciliana_113-Siciliana_113-hasIngredient-MC","NamedPizza_Siciliana_113",117,257,"Property Assertion","MC","SELECT ?x WHERE { <http://www.example.com/genealogy.owl#Siciliana_113> <http://www.example.com/genealogy.owl#hasIngredient> ?x }","hasIngredient","AnchoviesTopping_dynamic_1; ArtichokeTopping_dynamic_1; GarlicTopping_dynamic_1; HamTopping_dynamic_1; MozzarellaTopping_dynamic_1; OliveTopping_dynamic_1; TomatoTopping_dynamic_1",2,2
"2hop-NamedPizza_Siciliana_113_Siciliana_113-Siciliana_113-hasTopping-AnchoviesTopping_dynamic_1-BIN","NamedPizza_Siciliana_113",117,257,"Property Assertion","BIN","ASK WHERE { <http://www.example.com/genealogy.owl#Siciliana_113> <http://www.example.com/genealogy.owl#hasTopping> <http://www.example.com/genealogy.owl#AnchoviesTopping_dynamic_1> }","hasTopping","TRUE",1,1
"2hop-NamedPizza_Siciliana_113_Siciliana_113-Siciliana_113-hasTopping-AmericanHot_131-NEG-BIN","NamedPizza_Siciliana_113",117,257,"Property Assertion","BIN","ASK WHERE { <http://www.example.com/genealogy.owl#Siciliana_113> <http://www.example.com/genealogy.owl#hasTopping> <http://www.example.com/genealogy.owl#AmericanHot_131> }","hasTopping","FALSE",1,1
"2hop-NamedPizza_Siciliana_113_Siciliana_113-Siciliana_113-hasIngredient-AnchoviesTopping_dynamic_1-BIN","NamedPizza_Siciliana_113",117,257,"Property Assertion","BIN","ASK WHERE { <http://www.example.com/genealogy.owl#Siciliana_113> <http://www.example.com/genealogy.owl#hasIngredient> <http://www.example.com/genealogy.owl#AnchoviesTopping_dynamic_1> }","hasIngredient","TRUE",2,2
"2hop-NamedPizza_Siciliana_113_Siciliana_113-Siciliana_113-hasIngredient-AmericanHot_131-NEG-BIN","NamedPizza_Siciliana_113",117,257,"Property Assertion","BIN","ASK WHERE { <http://www.example.com/genealogy.owl#Siciliana_113> <http://www.example.com/genealogy.owl#hasIngredient> <http://www.example.com/genealogy.owl#AmericanHot_131> }","hasIngredient","FALSE",2,2
"2hop-NamedPizza_Siciliana_154_Siciliana_154-Siciliana_154-hasIngredient-MC","NamedPizza_Siciliana_154",117,257,"Property Assertion","MC","SELECT ?x WHERE { <http://www.example.com/genealogy.owl#Siciliana_154> <http://www.example.com/genealogy.owl#hasIngredient> ?x }","hasIngredient","AnchoviesTopping_dynamic_1; ArtichokeTopping_dynamic_1; GarlicTopping_dynamic_1; HamTopping_dynamic_1; MozzarellaTopping_dynamic_1; OliveTopping_dynamic_1; TomatoTopping_dynamic_1",2,2
"2hop-NamedPizza_Siciliana_154_Siciliana_154-Siciliana_154-hasTopping-MC","NamedPizza_Siciliana_154",117,257,"Property Assertion","MC","SELECT ?x WHERE { <http://www.example.com/genealogy.owl#Siciliana_154> <http://www.example.com/genealogy.owl#hasTopping> ?x }","hasTopping","AnchoviesTopping_dynamic_1; ArtichokeTopping_dynamic_1; GarlicTopping_dynamic_1; HamTopping_dynamic_1; MozzarellaTopping_dynamic_1; OliveTopping_dynamic_1; TomatoTopping_dynamic_1",1,1
"2hop-NamedPizza_Siciliana_154_Siciliana_154-Siciliana_154-rdf:type-Food-BIN","NamedPizza_Siciliana_154",117,257,"Membership","BIN","ASK WHERE { <http://www.example.com/genealogy.owl#Siciliana_154> <http://www.w3.org/1999/02/22-rdf-syntax-ns#type> <http://www.example.com/genealogy.owl#Food> }","rdf:type","TRUE",3,3
"2hop-NamedPizza_Siciliana_154_Siciliana_154-Siciliana_154-rdf:type-American-NEG-BIN","NamedPizza_Siciliana_154",117,257,"Membership","BIN","ASK WHERE { <http://www.example.com/genealogy.owl#Siciliana_154> <http://www.w3.org/1999/02/22-rdf-syntax-ns#type> <http://www.example.com/genealogy.owl#American> }","rdf:type","FALSE",3,3
"2hop-NamedPizza_Siciliana_154_Siciliana_154-Siciliana_154-rdf:type-MC","NamedPizza_Siciliana_154",117,257,"Membership","MC","SELECT ?x WHERE { <http://www.example.com/genealogy.owl#Siciliana_154> <http://www.w3.org/1999/02/22-rdf-syntax-ns#type> ?x }","rdf:type","DomainConcept; Food; Pizza",3,3
"2hop-NamedPizza_Siciliana_154_Siciliana_154-Siciliana_154-hasIngredient-AnchoviesTopping_dynamic_1-BIN","NamedPizza_Siciliana_154",117,257,"Property Assertion","BIN","ASK WHERE { <http://www.example.com/genealogy.owl#Siciliana_154> <http://www.example.com/genealogy.owl#hasIngredient> <http://www.example.com/genealogy.owl#AnchoviesTopping_dynamic_1> }","hasIngredient","TRUE",2,2
"2hop-NamedPizza_Siciliana_154_Siciliana_154-Siciliana_154-hasIngredient-AmericanHot_131-NEG-BIN","NamedPizza_Siciliana_154",117,257,"Property Assertion","BIN","ASK WHERE { <http://www.example.com/genealogy.owl#Siciliana_154> <http://www.example.com/genealogy.owl#hasIngredient> <http://www.example.com/genealogy.owl#AmericanHot_131> }","hasIngredient","FALSE",2,2
"2hop-NamedPizza_Siciliana_154_Siciliana_154-Siciliana_154-hasTopping-AnchoviesTopping_dynamic_1-BIN","NamedPizza_Siciliana_154",117,257,"Property Assertion","BIN","ASK WHERE { <http://www.example.com/genealogy.owl#Siciliana_154> <http://www.example.com/genealogy.owl#hasTopping> <http://www.example.com/genealogy.owl#AnchoviesTopping_dynamic_1> }","hasTopping","TRUE",1,1
"2hop-NamedPizza_Siciliana_154_Siciliana_154-Siciliana_154-hasTopping-AmericanHot_131-NEG-BIN","NamedPizza_Siciliana_154",117,257,"Property Assertion","BIN","ASK WHERE { <http://www.example.com/genealogy.owl#Siciliana_154> <http://www.example.com/genealogy.owl#hasTopping> <http://www.example.com/genealogy.owl#AmericanHot_131> }","hasTopping","FALSE",1,1
"2hop-NamedPizza_Siciliana_157_Siciliana_157-Siciliana_157-hasIngredient-MC","NamedPizza_Siciliana_157",117,257,"Property Assertion","MC","SELECT ?x WHERE { <http://www.example.com/genealogy.owl#Siciliana_157> <http://www.example.com/genealogy.owl#hasIngredient> ?x }","hasIngredient","AnchoviesTopping_dynamic_1; ArtichokeTopping_dynamic_1; GarlicTopping_dynamic_1; HamTopping_dynamic_1; MozzarellaTopping_dynamic_1; OliveTopping_dynamic_1; TomatoTopping_dynamic_1",2,2
"2hop-NamedPizza_Siciliana_157_Siciliana_157-Siciliana_157-hasTopping-MC","NamedPizza_Siciliana_157",117,257,"Property Assertion","MC","SELECT ?x WHERE { <http://www.example.com/genealogy.owl#Siciliana_157> <http://www.example.com/genealogy.owl#hasTopping> ?x }","hasTopping","AnchoviesTopping_dynamic_1; ArtichokeTopping_dynamic_1; GarlicTopping_dynamic_1; HamTopping_dynamic_1; MozzarellaTopping_dynamic_1; OliveTopping_dynamic_1; TomatoTopping_dynamic_1",1,1
"2hop-NamedPizza_Siciliana_157_Siciliana_157-Siciliana_157-rdf:type-MC","NamedPizza_Siciliana_157",117,257,"Membership","MC","SELECT ?x WHERE { <http://www.example.com/genealogy.owl#Siciliana_157> <http://www.w3.org/1999/02/22-rdf-syntax-ns#type> ?x }","rdf:type","DomainConcept; Food; Pizza",2,2
"2hop-NamedPizza_Siciliana_157_Siciliana_157-Siciliana_157-rdf:type-Food-BIN","NamedPizza_Siciliana_157",117,257,"Membership","BIN","ASK WHERE { <http://www.example.com/genealogy.owl#Siciliana_157> <http://www.w3.org/1999/02/22-rdf-syntax-ns#type> <http://www.example.com/genealogy.owl#Food> }","rdf:type","TRUE",3,3
"2hop-NamedPizza_Siciliana_157_Siciliana_157-Siciliana_157-rdf:type-American-NEG-BIN","NamedPizza_Siciliana_157",117,257,"Membership","BIN","ASK WHERE { <http://www.example.com/genealogy.owl#Siciliana_157> <http://www.w3.org/1999/02/22-rdf-syntax-ns#type> <http://www.example.com/genealogy.owl#American> }","rdf:type","FALSE",3,3
"2hop-NamedPizza_Siciliana_157_Siciliana_157-Siciliana_157-hasTopping-AnchoviesTopping_dynamic_1-BIN","NamedPizza_Siciliana_157",117,257,"Property Assertion","BIN","ASK WHERE { <http://www.example.com/genealogy.owl#Siciliana_157> <http://www.example.com/genealogy.owl#hasTopping> <http://www.example.com/genealogy.owl#AnchoviesTopping_dynamic_1> }","hasTopping","TRUE",1,1
"2hop-NamedPizza_Siciliana_157_Siciliana_157-Siciliana_157-hasTopping-AmericanHot_131-NEG-BIN","NamedPizza_Siciliana_157",117,257,"Property Assertion","BIN","ASK WHERE { <http://www.example.com/genealogy.owl#Siciliana_157> <http://www.example.com/genealogy.owl#hasTopping> <http://www.example.com/genealogy.owl#AmericanHot_131> }","hasTopping","FALSE",1,1
"2hop-NamedPizza_Siciliana_157_Siciliana_157-Siciliana_157-hasIngredient-AnchoviesTopping_dynamic_1-BIN","NamedPizza_Siciliana_157",117,257,"Property Assertion","BIN","ASK WHERE { <http://www.example.com/genealogy.owl#Siciliana_157> <http://www.example.com/genealogy.owl#hasIngredient> <http://www.example.com/genealogy.owl#AnchoviesTopping_dynamic_1> }","hasIngredient","TRUE",2,2
"2hop-NamedPizza_Siciliana_157_Siciliana_157-Siciliana_157-hasIngredient-AmericanHot_131-NEG-BIN","NamedPizza_Siciliana_157",117,257,"Property Assertion","BIN","ASK WHERE { <http://www.example.com/genealogy.owl#Siciliana_157> <http://www.example.com/genealogy.owl#hasIngredient> <http://www.example.com/genealogy.owl#AmericanHot_131> }","hasIngredient","FALSE",2,2
"2hop-NamedPizza_Siciliana_164_Siciliana_164-Siciliana_164-hasIngredient-MC","NamedPizza_Siciliana_164",117,257,"Property Assertion","MC","SELECT ?x WHERE { <http://www.example.com/genealogy.owl#Siciliana_164> <http://www.example.com/genealogy.owl#hasIngredient> ?x }","hasIngredient","AnchoviesTopping_dynamic_1; ArtichokeTopping_dynamic_1; GarlicTopping_dynamic_1; HamTopping_dynamic_1; MozzarellaTopping_dynamic_1; OliveTopping_dynamic_1; TomatoTopping_dynamic_1",2,2
"2hop-NamedPizza_Siciliana_164_Siciliana_164-Siciliana_164-hasTopping-MC","NamedPizza_Siciliana_164",117,257,"Property Assertion","MC","SELECT ?x WHERE { <http://www.example.com/genealogy.owl#Siciliana_164> <http://www.example.com/genealogy.owl#hasTopping> ?x }","hasTopping","AnchoviesTopping_dynamic_1; ArtichokeTopping_dynamic_1; GarlicTopping_dynamic_1; HamTopping_dynamic_1; MozzarellaTopping_dynamic_1; OliveTopping_dynamic_1; TomatoTopping_dynamic_1",1,1
"2hop-NamedPizza_Siciliana_164_Siciliana_164-Siciliana_164-hasIngredient-AnchoviesTopping_dynamic_1-BIN","NamedPizza_Siciliana_164",117,257,"Property Assertion","BIN","ASK WHERE { <http://www.example.com/genealogy.owl#Siciliana_164> <http://www.example.com/genealogy.owl#hasIngredient> <http://www.example.com/genealogy.owl#AnchoviesTopping_dynamic_1> }","hasIngredient","TRUE",2,2
"2hop-NamedPizza_Siciliana_164_Siciliana_164-Siciliana_164-hasIngredient-AmericanHot_131-NEG-BIN","NamedPizza_Siciliana_164",117,257,"Property Assertion","BIN","ASK WHERE { <http://www.example.com/genealogy.owl#Siciliana_164> <http://www.example.com/genealogy.owl#hasIngredient> <http://www.example.com/genealogy.owl#AmericanHot_131> }","hasIngredient","FALSE",2,2
"2hop-NamedPizza_Siciliana_164_Siciliana_164-Siciliana_164-rdf:type-MC","NamedPizza_Siciliana_164",117,257,"Membership","MC","SELECT ?x WHERE { <http://www.example.com/genealogy.owl#Siciliana_164> <http://www.w3.org/1999/02/22-rdf-syntax-ns#type> ?x }","rdf:type","DomainConcept; Food; Pizza",2,2
"2hop-NamedPizza_Siciliana_164_Siciliana_164-Siciliana_164-hasTopping-AnchoviesTopping_dynamic_1-BIN","NamedPizza_Siciliana_164",117,257,"Property Assertion","BIN","ASK WHERE { <http://www.example.com/genealogy.owl#Siciliana_164> <http://www.example.com/genealogy.owl#hasTopping> <http://www.example.com/genealogy.owl#AnchoviesTopping_dynamic_1> }","hasTopping","TRUE",1,1
"2hop-NamedPizza_Siciliana_164_Siciliana_164-Siciliana_164-hasTopping-AmericanHot_131-NEG-BIN","NamedPizza_Siciliana_164",117,257,"Property Assertion","BIN","ASK WHERE { <http://www.example.com/genealogy.owl#Siciliana_164> <http://www.example.com/genealogy.owl#hasTopping> <http://www.example.com/genealogy.owl#AmericanHot_131> }","hasTopping","FALSE",1,1
"2hop-NamedPizza_Siciliana_164_Siciliana_164-Siciliana_164-rdf:type-Food-BIN","NamedPizza_Siciliana_164",117,257,"Membership","BIN","ASK WHERE { <http://www.example.com/genealogy.owl#Siciliana_164> <http://www.w3.org/1999/02/22-rdf-syntax-ns#type> <http://www.example.com/genealogy.owl#Food> }","rdf:type","TRUE",3,3
"2hop-NamedPizza_Siciliana_164_Siciliana_164-Siciliana_164-rdf:type-American-NEG-BIN","NamedPizza_Siciliana_164",117,257,"Membership","BIN","ASK WHERE { <http://www.example.com/genealogy.owl#Siciliana_164> <http://www.w3.org/1999/02/22-rdf-syntax-ns#type> <http://www.example.com/genealogy.owl#American> }","rdf:type","FALSE",3,3
"2hop-NamedPizza_Siciliana_167_Siciliana_167-Siciliana_167-hasIngredient-MC","NamedPizza_Siciliana_167",117,257,"Property Assertion","MC","SELECT ?x WHERE { <http://www.example.com/genealogy.owl#Siciliana_167> <http://www.example.com/genealogy.owl#hasIngredient> ?x }","hasIngredient","AnchoviesTopping_dynamic_1; ArtichokeTopping_dynamic_1; GarlicTopping_dynamic_1; HamTopping_dynamic_1; MozzarellaTopping_dynamic_1; OliveTopping_dynamic_1; TomatoTopping_dynamic_1",2,2
"2hop-NamedPizza_Siciliana_167_Siciliana_167-Siciliana_167-hasTopping-MC","NamedPizza_Siciliana_167",117,257,"Property Assertion","MC","SELECT ?x WHERE { <http://www.example.com/genealogy.owl#Siciliana_167> <http://www.example.com/genealogy.owl#hasTopping> ?x }","hasTopping","AnchoviesTopping_dynamic_1; ArtichokeTopping_dynamic_1; GarlicTopping_dynamic_1; HamTopping_dynamic_1; MozzarellaTopping_dynamic_1; OliveTopping_dynamic_1; TomatoTopping_dynamic_1",1,1
"2hop-NamedPizza_Siciliana_167_Siciliana_167-Siciliana_167-rdf:type-Food-BIN","NamedPizza_Siciliana_167",117,257,"Membership","BIN","ASK WHERE { <http://www.example.com/genealogy.owl#Siciliana_167> <http://www.w3.org/1999/02/22-rdf-syntax-ns#type> <http://www.example.com/genealogy.owl#Food> }","rdf:type","TRUE",3,3
"2hop-NamedPizza_Siciliana_167_Siciliana_167-Siciliana_167-rdf:type-American-NEG-BIN","NamedPizza_Siciliana_167",117,257,"Membership","BIN","ASK WHERE { <http://www.example.com/genealogy.owl#Siciliana_167> <http://www.w3.org/1999/02/22-rdf-syntax-ns#type> <http://www.example.com/genealogy.owl#American> }","rdf:type","FALSE",3,3
"2hop-NamedPizza_Siciliana_167_Siciliana_167-Siciliana_167-rdf:type-MC","NamedPizza_Siciliana_167",117,257,"Membership","MC","SELECT ?x WHERE { <http://www.example.com/genealogy.owl#Siciliana_167> <http://www.w3.org/1999/02/22-rdf-syntax-ns#type> ?x }","rdf:type","DomainConcept; Food; Pizza",3,3
"2hop-NamedPizza_Siciliana_167_Siciliana_167-Siciliana_167-hasTopping-AnchoviesTopping_dynamic_1-BIN","NamedPizza_Siciliana_167",117,257,"Property Assertion","BIN","ASK WHERE { <http://www.example.com/genealogy.owl#Siciliana_167> <http://www.example.com/genealogy.owl#hasTopping> <http://www.example.com/genealogy.owl#AnchoviesTopping_dynamic_1> }","hasTopping","TRUE",1,1
"2hop-NamedPizza_Siciliana_167_Siciliana_167-Siciliana_167-hasTopping-AmericanHot_131-NEG-BIN","NamedPizza_Siciliana_167",117,257,"Property Assertion","BIN","ASK WHERE { <http://www.example.com/genealogy.owl#Siciliana_167> <http://www.example.com/genealogy.owl#hasTopping> <http://www.example.com/genealogy.owl#AmericanHot_131> }","hasTopping","FALSE",1,1
"2hop-NamedPizza_Siciliana_167_Siciliana_167-Siciliana_167-hasIngredient-AnchoviesTopping_dynamic_1-BIN","NamedPizza_Siciliana_167",117,257,"Property Assertion","BIN","ASK WHERE { <http://www.example.com/genealogy.owl#Siciliana_167> <http://www.example.com/genealogy.owl#hasIngredient> <http://www.example.com/genealogy.owl#AnchoviesTopping_dynamic_1> }","hasIngredient","TRUE",2,2
"2hop-NamedPizza_Siciliana_167_Siciliana_167-Siciliana_167-hasIngredient-AmericanHot_131-NEG-BIN","NamedPizza_Siciliana_167",117,257,"Property Assertion","BIN","ASK WHERE { <http://www.example.com/genealogy.owl#Siciliana_167> <http://www.example.com/genealogy.owl#hasIngredient> <http://www.example.com/genealogy.owl#AmericanHot_131> }","hasIngredient","FALSE",2,2
"2hop-NamedPizza_Siciliana_196_Siciliana_196-Siciliana_196-hasTopping-MC","NamedPizza_Siciliana_196",117,257,"Property Assertion","MC","SELECT ?x WHERE { <http://www.example.com/genealogy.owl#Siciliana_196> <http://www.example.com/genealogy.owl#hasTopping> ?x }","hasTopping","AnchoviesTopping_dynamic_1; ArtichokeTopping_dynamic_1; GarlicTopping_dynamic_1; HamTopping_dynamic_1; MozzarellaTopping_dynamic_1; OliveTopping_dynamic_1; TomatoTopping_dynamic_1",1,1
"2hop-NamedPizza_Siciliana_196_Siciliana_196-Siciliana_196-hasIngredient-MC","NamedPizza_Siciliana_196",117,257,"Property Assertion","MC","SELECT ?x WHERE { <http://www.example.com/genealogy.owl#Siciliana_196> <http://www.example.com/genealogy.owl#hasIngredient> ?x }","hasIngredient","AnchoviesTopping_dynamic_1; ArtichokeTopping_dynamic_1; GarlicTopping_dynamic_1; HamTopping_dynamic_1; MozzarellaTopping_dynamic_1; OliveTopping_dynamic_1; TomatoTopping_dynamic_1",2,2
"2hop-NamedPizza_Siciliana_196_Siciliana_196-Siciliana_196-rdf:type-MC","NamedPizza_Siciliana_196",117,257,"Membership","MC","SELECT ?x WHERE { <http://www.example.com/genealogy.owl#Siciliana_196> <http://www.w3.org/1999/02/22-rdf-syntax-ns#type> ?x }","rdf:type","DomainConcept; Food; Pizza",4,4
"2hop-NamedPizza_Siciliana_196_Siciliana_196-Siciliana_196-hasTopping-AnchoviesTopping_dynamic_1-BIN","NamedPizza_Siciliana_196",117,257,"Property Assertion","BIN","ASK WHERE { <http://www.example.com/genealogy.owl#Siciliana_196> <http://www.example.com/genealogy.owl#hasTopping> <http://www.example.com/genealogy.owl#AnchoviesTopping_dynamic_1> }","hasTopping","TRUE",1,1
"2hop-NamedPizza_Siciliana_196_Siciliana_196-Siciliana_196-hasTopping-AmericanHot_131-NEG-BIN","NamedPizza_Siciliana_196",117,257,"Property Assertion","BIN","ASK WHERE { <http://www.example.com/genealogy.owl#Siciliana_196> <http://www.example.com/genealogy.owl#hasTopping> <http://www.example.com/genealogy.owl#AmericanHot_131> }","hasTopping","FALSE",1,1
"2hop-NamedPizza_Siciliana_196_Siciliana_196-Siciliana_196-rdf:type-Food-BIN","NamedPizza_Siciliana_196",117,257,"Membership","BIN","ASK WHERE { <http://www.example.com/genealogy.owl#Siciliana_196> <http://www.w3.org/1999/02/22-rdf-syntax-ns#type> <http://www.example.com/genealogy.owl#Food> }","rdf:type","TRUE",3,3
"2hop-NamedPizza_Siciliana_196_Siciliana_196-Siciliana_196-rdf:type-American-NEG-BIN","NamedPizza_Siciliana_196",117,257,"Membership","BIN","ASK WHERE { <http://www.example.com/genealogy.owl#Siciliana_196> <http://www.w3.org/1999/02/22-rdf-syntax-ns#type> <http://www.example.com/genealogy.owl#American> }","rdf:type","FALSE",3,3
"2hop-NamedPizza_Siciliana_196_Siciliana_196-Siciliana_196-hasIngredient-AnchoviesTopping_dynamic_1-BIN","NamedPizza_Siciliana_196",117,257,"Property Assertion","BIN","ASK WHERE { <http://www.example.com/genealogy.owl#Siciliana_196> <http://www.example.com/genealogy.owl#hasIngredient> <http://www.example.com/genealogy.owl#AnchoviesTopping_dynamic_1> }","hasIngredient","TRUE",2,2
"2hop-NamedPizza_Siciliana_196_Siciliana_196-Siciliana_196-hasIngredient-AmericanHot_131-NEG-BIN","NamedPizza_Siciliana_196",117,257,"Property Assertion","BIN","ASK WHERE { <http://www.example.com/genealogy.owl#Siciliana_196> <http://www.example.com/genealogy.owl#hasIngredient> <http://www.example.com/genealogy.owl#AmericanHot_131> }","hasIngredient","FALSE",2,2
"2hop-NamedPizza_Siciliana_220_Siciliana_220-Siciliana_220-rdf:type-Food-BIN","NamedPizza_Siciliana_220",117,257,"Membership","BIN","ASK WHERE { <http://www.example.com/genealogy.owl#Siciliana_220> <http://www.w3.org/1999/02/22-rdf-syntax-ns#type> <http://www.example.com/genealogy.owl#Food> }","rdf:type","TRUE",3,3
"2hop-NamedPizza_Siciliana_220_Siciliana_220-Siciliana_220-rdf:type-American-NEG-BIN","NamedPizza_Siciliana_220",117,257,"Membership","BIN","ASK WHERE { <http://www.example.com/genealogy.owl#Siciliana_220> <http://www.w3.org/1999/02/22-rdf-syntax-ns#type> <http://www.example.com/genealogy.owl#American> }","rdf:type","FALSE",3,3
"2hop-NamedPizza_Siciliana_220_Siciliana_220-Siciliana_220-rdf:type-MC","NamedPizza_Siciliana_220",117,257,"Membership","MC","SELECT ?x WHERE { <http://www.example.com/genealogy.owl#Siciliana_220> <http://www.w3.org/1999/02/22-rdf-syntax-ns#type> ?x }","rdf:type","DomainConcept; Food; Pizza",3,3
"2hop-NamedPizza_Siciliana_220_Siciliana_220-Siciliana_220-hasIngredient-MC","NamedPizza_Siciliana_220",117,257,"Property Assertion","MC","SELECT ?x WHERE { <http://www.example.com/genealogy.owl#Siciliana_220> <http://www.example.com/genealogy.owl#hasIngredient> ?x }","hasIngredient","AnchoviesTopping_dynamic_1; ArtichokeTopping_dynamic_1; GarlicTopping_dynamic_1; HamTopping_dynamic_1; MozzarellaTopping_dynamic_1; OliveTopping_dynamic_1; TomatoTopping_dynamic_1",2,2
"2hop-NamedPizza_Siciliana_220_Siciliana_220-Siciliana_220-hasTopping-MC","NamedPizza_Siciliana_220",117,257,"Property Assertion","MC","SELECT ?x WHERE { <http://www.example.com/genealogy.owl#Siciliana_220> <http://www.example.com/genealogy.owl#hasTopping> ?x }","hasTopping","AnchoviesTopping_dynamic_1; ArtichokeTopping_dynamic_1; GarlicTopping_dynamic_1; HamTopping_dynamic_1; MozzarellaTopping_dynamic_1; OliveTopping_dynamic_1; TomatoTopping_dynamic_1",1,1
"2hop-NamedPizza_Siciliana_220_Siciliana_220-Siciliana_220-hasIngredient-AnchoviesTopping_dynamic_1-BIN","NamedPizza_Siciliana_220",117,257,"Property Assertion","BIN","ASK WHERE { <http://www.example.com/genealogy.owl#Siciliana_220> <http://www.example.com/genealogy.owl#hasIngredient> <http://www.example.com/genealogy.owl#AnchoviesTopping_dynamic_1> }","hasIngredient","TRUE",2,2
"2hop-NamedPizza_Siciliana_220_Siciliana_220-Siciliana_220-hasIngredient-AmericanHot_131-NEG-BIN","NamedPizza_Siciliana_220",117,257,"Property Assertion","BIN","ASK WHERE { <http://www.example.com/genealogy.owl#Siciliana_220> <http://www.example.com/genealogy.owl#hasIngredient> <http://www.example.com/genealogy.owl#AmericanHot_131> }","hasIngredient","FALSE",2,2
"2hop-NamedPizza_Siciliana_220_Siciliana_220-Siciliana_220-hasTopping-AnchoviesTopping_dynamic_1-BIN","NamedPizza_Siciliana_220",117,257,"Property Assertion","BIN","ASK WHERE { <http://www.example.com/genealogy.owl#Siciliana_220> <http://www.example.com/genealogy.owl#hasTopping> <http://www.example.com/genealogy.owl#AnchoviesTopping_dynamic_1> }","hasTopping","TRUE",1,1
"2hop-NamedPizza_Siciliana_220_Siciliana_220-Siciliana_220-hasTopping-AmericanHot_131-NEG-BIN","NamedPizza_Siciliana_220",117,257,"Property Assertion","BIN","ASK WHERE { <http://www.example.com/genealogy.owl#Siciliana_220> <http://www.example.com/genealogy.owl#hasTopping> <http://www.example.com/genealogy.owl#AmericanHot_131> }","hasTopping","FALSE",1,1
"2hop-NamedPizza_Siciliana_247_Siciliana_247-Siciliana_247-hasTopping-MC","NamedPizza_Siciliana_247",117,257,"Property Assertion","MC","SELECT ?x WHERE { <http://www.example.com/genealogy.owl#Siciliana_247> <http://www.example.com/genealogy.owl#hasTopping> ?x }","hasTopping","AnchoviesTopping_dynamic_1; ArtichokeTopping_dynamic_1; GarlicTopping_dynamic_1; HamTopping_dynamic_1; MozzarellaTopping_dynamic_1; OliveTopping_dynamic_1; TomatoTopping_dynamic_1",1,1
"2hop-NamedPizza_Siciliana_247_Siciliana_247-Siciliana_247-rdf:type-Food-BIN","NamedPizza_Siciliana_247",117,257,"Membership","BIN","ASK WHERE { <http://www.example.com/genealogy.owl#Siciliana_247> <http://www.w3.org/1999/02/22-rdf-syntax-ns#type> <http://www.example.com/genealogy.owl#Food> }","rdf:type","TRUE",3,3
"2hop-NamedPizza_Siciliana_247_Siciliana_247-Siciliana_247-rdf:type-American-NEG-BIN","NamedPizza_Siciliana_247",117,257,"Membership","BIN","ASK WHERE { <http://www.example.com/genealogy.owl#Siciliana_247> <http://www.w3.org/1999/02/22-rdf-syntax-ns#type> <http://www.example.com/genealogy.owl#American> }","rdf:type","FALSE",3,3
"2hop-NamedPizza_Siciliana_247_Siciliana_247-Siciliana_247-rdf:type-MC","NamedPizza_Siciliana_247",117,257,"Membership","MC","SELECT ?x WHERE { <http://www.example.com/genealogy.owl#Siciliana_247> <http://www.w3.org/1999/02/22-rdf-syntax-ns#type> ?x }","rdf:type","DomainConcept; Food; Pizza",3,3
"2hop-NamedPizza_Siciliana_247_Siciliana_247-Siciliana_247-hasIngredient-AnchoviesTopping_dynamic_1-BIN","NamedPizza_Siciliana_247",117,257,"Property Assertion","BIN","ASK WHERE { <http://www.example.com/genealogy.owl#Siciliana_247> <http://www.example.com/genealogy.owl#hasIngredient> <http://www.example.com/genealogy.owl#AnchoviesTopping_dynamic_1> }","hasIngredient","TRUE",2,2
"2hop-NamedPizza_Siciliana_247_Siciliana_247-Siciliana_247-hasIngredient-AmericanHot_131-NEG-BIN","NamedPizza_Siciliana_247",117,257,"Property Assertion","BIN","ASK WHERE { <http://www.example.com/genealogy.owl#Siciliana_247> <http://www.example.com/genealogy.owl#hasIngredient> <http://www.example.com/genealogy.owl#AmericanHot_131> }","hasIngredient","FALSE",2,2
"2hop-NamedPizza_Siciliana_247_Siciliana_247-Siciliana_247-hasIngredient-MC","NamedPizza_Siciliana_247",117,257,"Property Assertion","MC","SELECT ?x WHERE { <http://www.example.com/genealogy.owl#Siciliana_247> <http://www.example.com/genealogy.owl#hasIngredient> ?x }","hasIngredient","AnchoviesTopping_dynamic_1; ArtichokeTopping_dynamic_1; GarlicTopping_dynamic_1; HamTopping_dynamic_1; MozzarellaTopping_dynamic_1; OliveTopping_dynamic_1; TomatoTopping_dynamic_1",2,2
"2hop-NamedPizza_Siciliana_247_Siciliana_247-Siciliana_247-hasTopping-AnchoviesTopping_dynamic_1-BIN","NamedPizza_Siciliana_247",117,257,"Property Assertion","BIN","ASK WHERE { <http://www.example.com/genealogy.owl#Siciliana_247> <http://www.example.com/genealogy.owl#hasTopping> <http://www.example.com/genealogy.owl#AnchoviesTopping_dynamic_1> }","hasTopping","TRUE",1,1
"2hop-NamedPizza_Siciliana_247_Siciliana_247-Siciliana_247-hasTopping-AmericanHot_131-NEG-BIN","NamedPizza_Siciliana_247",117,257,"Property Assertion","BIN","ASK WHERE { <http://www.example.com/genealogy.owl#Siciliana_247> <http://www.example.com/genealogy.owl#hasTopping> <http://www.example.com/genealogy.owl#AmericanHot_131> }","hasTopping","FALSE",1,1
"2hop-NamedPizza_Siciliana_42_Siciliana_42-Siciliana_42-hasIngredient-MC","NamedPizza_Siciliana_42",117,257,"Property Assertion","MC","SELECT ?x WHERE { <http://www.example.com/genealogy.owl#Siciliana_42> <http://www.example.com/genealogy.owl#hasIngredient> ?x }","hasIngredient","AnchoviesTopping_dynamic_1; ArtichokeTopping_dynamic_1; GarlicTopping_dynamic_1; HamTopping_dynamic_1; MozzarellaTopping_dynamic_1; OliveTopping_dynamic_1; TomatoTopping_dynamic_1",2,2
"2hop-NamedPizza_Siciliana_42_Siciliana_42-Siciliana_42-hasTopping-AnchoviesTopping_dynamic_1-BIN","NamedPizza_Siciliana_42",117,257,"Property Assertion","BIN","ASK WHERE { <http://www.example.com/genealogy.owl#Siciliana_42> <http://www.example.com/genealogy.owl#hasTopping> <http://www.example.com/genealogy.owl#AnchoviesTopping_dynamic_1> }","hasTopping","TRUE",1,1
"2hop-NamedPizza_Siciliana_42_Siciliana_42-Siciliana_42-hasTopping-AmericanHot_131-NEG-BIN","NamedPizza_Siciliana_42",117,257,"Property Assertion","BIN","ASK WHERE { <http://www.example.com/genealogy.owl#Siciliana_42> <http://www.example.com/genealogy.owl#hasTopping> <http://www.example.com/genealogy.owl#AmericanHot_131> }","hasTopping","FALSE",1,1
"2hop-NamedPizza_Siciliana_42_Siciliana_42-Siciliana_42-hasTopping-MC","NamedPizza_Siciliana_42",117,257,"Property Assertion","MC","SELECT ?x WHERE { <http://www.example.com/genealogy.owl#Siciliana_42> <http://www.example.com/genealogy.owl#hasTopping> ?x }","hasTopping","AnchoviesTopping_dynamic_1; ArtichokeTopping_dynamic_1; GarlicTopping_dynamic_1; HamTopping_dynamic_1; MozzarellaTopping_dynamic_1; OliveTopping_dynamic_1; TomatoTopping_dynamic_1",1,1
"2hop-NamedPizza_Siciliana_42_Siciliana_42-Siciliana_42-rdf:type-MC","NamedPizza_Siciliana_42",117,257,"Membership","MC","SELECT ?x WHERE { <http://www.example.com/genealogy.owl#Siciliana_42> <http://www.w3.org/1999/02/22-rdf-syntax-ns#type> ?x }","rdf:type","DomainConcept; Food; Pizza",2,2
"2hop-NamedPizza_Siciliana_42_Siciliana_42-Siciliana_42-hasIngredient-AnchoviesTopping_dynamic_1-BIN","NamedPizza_Siciliana_42",117,257,"Property Assertion","BIN","ASK WHERE { <http://www.example.com/genealogy.owl#Siciliana_42> <http://www.example.com/genealogy.owl#hasIngredient> <http://www.example.com/genealogy.owl#AnchoviesTopping_dynamic_1> }","hasIngredient","TRUE",2,2
"2hop-NamedPizza_Siciliana_42_Siciliana_42-Siciliana_42-hasIngredient-AmericanHot_131-NEG-BIN","NamedPizza_Siciliana_42",117,257,"Property Assertion","BIN","ASK WHERE { <http://www.example.com/genealogy.owl#Siciliana_42> <http://www.example.com/genealogy.owl#hasIngredient> <http://www.example.com/genealogy.owl#AmericanHot_131> }","hasIngredient","FALSE",2,2
"2hop-NamedPizza_Siciliana_42_Siciliana_42-Siciliana_42-rdf:type-Food-BIN","NamedPizza_Siciliana_42",117,257,"Membership","BIN","ASK WHERE { <http://www.example.com/genealogy.owl#Siciliana_42> <http://www.w3.org/1999/02/22-rdf-syntax-ns#type> <http://www.example.com/genealogy.owl#Food> }","rdf:type","TRUE",3,3
"2hop-NamedPizza_Siciliana_42_Siciliana_42-Siciliana_42-rdf:type-American-NEG-BIN","NamedPizza_Siciliana_42",117,257,"Membership","BIN","ASK WHERE { <http://www.example.com/genealogy.owl#Siciliana_42> <http://www.w3.org/1999/02/22-rdf-syntax-ns#type> <http://www.example.com/genealogy.owl#American> }","rdf:type","FALSE",3,3
"2hop-NamedPizza_Siciliana_44_Siciliana_44-Siciliana_44-hasIngredient-MC","NamedPizza_Siciliana_44",117,257,"Property Assertion","MC","SELECT ?x WHERE { <http://www.example.com/genealogy.owl#Siciliana_44> <http://www.example.com/genealogy.owl#hasIngredient> ?x }","hasIngredient","AnchoviesTopping_dynamic_1; ArtichokeTopping_dynamic_1; GarlicTopping_dynamic_1; HamTopping_dynamic_1; MozzarellaTopping_dynamic_1; OliveTopping_dynamic_1; TomatoTopping_dynamic_1",2,2
"2hop-NamedPizza_Siciliana_44_Siciliana_44-Siciliana_44-hasTopping-MC","NamedPizza_Siciliana_44",117,257,"Property Assertion","MC","SELECT ?x WHERE { <http://www.example.com/genealogy.owl#Siciliana_44> <http://www.example.com/genealogy.owl#hasTopping> ?x }","hasTopping","AnchoviesTopping_dynamic_1; ArtichokeTopping_dynamic_1; GarlicTopping_dynamic_1; HamTopping_dynamic_1; MozzarellaTopping_dynamic_1; OliveTopping_dynamic_1; TomatoTopping_dynamic_1",1,1
"2hop-NamedPizza_Siciliana_44_Siciliana_44-Siciliana_44-rdf:type-MC","NamedPizza_Siciliana_44",117,257,"Membership","MC","SELECT ?x WHERE { <http://www.example.com/genealogy.owl#Siciliana_44> <http://www.w3.org/1999/02/22-rdf-syntax-ns#type> ?x }","rdf:type","DomainConcept; Food; Pizza",4,4
"2hop-NamedPizza_Siciliana_44_Siciliana_44-Siciliana_44-hasTopping-AnchoviesTopping_dynamic_1-BIN","NamedPizza_Siciliana_44",117,257,"Property Assertion","BIN","ASK WHERE { <http://www.example.com/genealogy.owl#Siciliana_44> <http://www.example.com/genealogy.owl#hasTopping> <http://www.example.com/genealogy.owl#AnchoviesTopping_dynamic_1> }","hasTopping","TRUE",1,1
"2hop-NamedPizza_Siciliana_44_Siciliana_44-Siciliana_44-hasTopping-AmericanHot_131-NEG-BIN","NamedPizza_Siciliana_44",117,257,"Property Assertion","BIN","ASK WHERE { <http://www.example.com/genealogy.owl#Siciliana_44> <http://www.example.com/genealogy.owl#hasTopping> <http://www.example.com/genealogy.owl#AmericanHot_131> }","hasTopping","FALSE",1,1
"2hop-NamedPizza_Siciliana_44_Siciliana_44-Siciliana_44-rdf:type-Food-BIN","NamedPizza_Siciliana_44",117,257,"Membership","BIN","ASK WHERE { <http://www.example.com/genealogy.owl#Siciliana_44> <http://www.w3.org/1999/02/22-rdf-syntax-ns#type> <http://www.example.com/genealogy.owl#Food> }","rdf:type","TRUE",3,3
"2hop-NamedPizza_Siciliana_44_Siciliana_44-Siciliana_44-rdf:type-American-NEG-BIN","NamedPizza_Siciliana_44",117,257,"Membership","BIN","ASK WHERE { <http://www.example.com/genealogy.owl#Siciliana_44> <http://www.w3.org/1999/02/22-rdf-syntax-ns#type> <http://www.example.com/genealogy.owl#American> }","rdf:type","FALSE",3,3
"2hop-NamedPizza_Siciliana_44_Siciliana_44-Siciliana_44-hasIngredient-AnchoviesTopping_dynamic_1-BIN","NamedPizza_Siciliana_44",117,257,"Property Assertion","BIN","ASK WHERE { <http://www.example.com/genealogy.owl#Siciliana_44> <http://www.example.com/genealogy.owl#hasIngredient> <http://www.example.com/genealogy.owl#AnchoviesTopping_dynamic_1> }","hasIngredient","TRUE",2,2
"2hop-NamedPizza_Siciliana_44_Siciliana_44-Siciliana_44-hasIngredient-AmericanHot_131-NEG-BIN","NamedPizza_Siciliana_44",117,257,"Property Assertion","BIN","ASK WHERE { <http://www.example.com/genealogy.owl#Siciliana_44> <http://www.example.com/genealogy.owl#hasIngredient> <http://www.example.com/genealogy.owl#AmericanHot_131> }","hasIngredient","FALSE",2,2
"2hop-NamedPizza_Siciliana_52_Siciliana_52-Siciliana_52-hasIngredient-MC","NamedPizza_Siciliana_52",117,257,"Property Assertion","MC","SELECT ?x WHERE { <http://www.example.com/genealogy.owl#Siciliana_52> <http://www.example.com/genealogy.owl#hasIngredient> ?x }","hasIngredient","AnchoviesTopping_dynamic_1; ArtichokeTopping_dynamic_1; GarlicTopping_dynamic_1; HamTopping_dynamic_1; MozzarellaTopping_dynamic_1; OliveTopping_dynamic_1; TomatoTopping_dynamic_1",2,2
"2hop-NamedPizza_Siciliana_52_Siciliana_52-Siciliana_52-hasTopping-AnchoviesTopping_dynamic_1-BIN","NamedPizza_Siciliana_52",117,257,"Property Assertion","BIN","ASK WHERE { <http://www.example.com/genealogy.owl#Siciliana_52> <http://www.example.com/genealogy.owl#hasTopping> <http://www.example.com/genealogy.owl#AnchoviesTopping_dynamic_1> }","hasTopping","TRUE",1,1
"2hop-NamedPizza_Siciliana_52_Siciliana_52-Siciliana_52-hasTopping-AmericanHot_131-NEG-BIN","NamedPizza_Siciliana_52",117,257,"Property Assertion","BIN","ASK WHERE { <http://www.example.com/genealogy.owl#Siciliana_52> <http://www.example.com/genealogy.owl#hasTopping> <http://www.example.com/genealogy.owl#AmericanHot_131> }","hasTopping","FALSE",1,1
"2hop-NamedPizza_Siciliana_52_Siciliana_52-Siciliana_52-hasTopping-MC","NamedPizza_Siciliana_52",117,257,"Property Assertion","MC","SELECT ?x WHERE { <http://www.example.com/genealogy.owl#Siciliana_52> <http://www.example.com/genealogy.owl#hasTopping> ?x }","hasTopping","AnchoviesTopping_dynamic_1; ArtichokeTopping_dynamic_1; GarlicTopping_dynamic_1; HamTopping_dynamic_1; MozzarellaTopping_dynamic_1; OliveTopping_dynamic_1; TomatoTopping_dynamic_1",1,1
"2hop-NamedPizza_Siciliana_52_Siciliana_52-Siciliana_52-rdf:type-MC","NamedPizza_Siciliana_52",117,257,"Membership","MC","SELECT ?x WHERE { <http://www.example.com/genealogy.owl#Siciliana_52> <http://www.w3.org/1999/02/22-rdf-syntax-ns#type> ?x }","rdf:type","DomainConcept; Food; Pizza",4,4
"2hop-NamedPizza_Siciliana_52_Siciliana_52-Siciliana_52-hasIngredient-AnchoviesTopping_dynamic_1-BIN","NamedPizza_Siciliana_52",117,257,"Property Assertion","BIN","ASK WHERE { <http://www.example.com/genealogy.owl#Siciliana_52> <http://www.example.com/genealogy.owl#hasIngredient> <http://www.example.com/genealogy.owl#AnchoviesTopping_dynamic_1> }","hasIngredient","TRUE",2,2
"2hop-NamedPizza_Siciliana_52_Siciliana_52-Siciliana_52-hasIngredient-AmericanHot_131-NEG-BIN","NamedPizza_Siciliana_52",117,257,"Property Assertion","BIN","ASK WHERE { <http://www.example.com/genealogy.owl#Siciliana_52> <http://www.example.com/genealogy.owl#hasIngredient> <http://www.example.com/genealogy.owl#AmericanHot_131> }","hasIngredient","FALSE",2,2
"2hop-NamedPizza_Siciliana_52_Siciliana_52-Siciliana_52-rdf:type-Food-BIN","NamedPizza_Siciliana_52",117,257,"Membership","BIN","ASK WHERE { <http://www.example.com/genealogy.owl#Siciliana_52> <http://www.w3.org/1999/02/22-rdf-syntax-ns#type> <http://www.example.com/genealogy.owl#Food> }","rdf:type","TRUE",3,3
"2hop-NamedPizza_Siciliana_52_Siciliana_52-Siciliana_52-rdf:type-American-NEG-BIN","NamedPizza_Siciliana_52",117,257,"Membership","BIN","ASK WHERE { <http://www.example.com/genealogy.owl#Siciliana_52> <http://www.w3.org/1999/02/22-rdf-syntax-ns#type> <http://www.example.com/genealogy.owl#American> }","rdf:type","FALSE",3,3
"2hop-NamedPizza_Siciliana_6_Siciliana_6-Siciliana_6-hasTopping-MC","NamedPizza_Siciliana_6",117,257,"Property Assertion","MC","SELECT ?x WHERE { <http://www.example.com/genealogy.owl#Siciliana_6> <http://www.example.com/genealogy.owl#hasTopping> ?x }","hasTopping","AnchoviesTopping_dynamic_1; ArtichokeTopping_dynamic_1; GarlicTopping_dynamic_1; HamTopping_dynamic_1; MozzarellaTopping_dynamic_1; OliveTopping_dynamic_1; TomatoTopping_dynamic_1",1,1
"2hop-NamedPizza_Siciliana_6_Siciliana_6-Siciliana_6-hasIngredient-AnchoviesTopping_dynamic_1-BIN","NamedPizza_Siciliana_6",117,257,"Property Assertion","BIN","ASK WHERE { <http://www.example.com/genealogy.owl#Siciliana_6> <http://www.example.com/genealogy.owl#hasIngredient> <http://www.example.com/genealogy.owl#AnchoviesTopping_dynamic_1> }","hasIngredient","TRUE",2,2
"2hop-NamedPizza_Siciliana_6_Siciliana_6-Siciliana_6-hasIngredient-AmericanHot_131-NEG-BIN","NamedPizza_Siciliana_6",117,257,"Property Assertion","BIN","ASK WHERE { <http://www.example.com/genealogy.owl#Siciliana_6> <http://www.example.com/genealogy.owl#hasIngredient> <http://www.example.com/genealogy.owl#AmericanHot_131> }","hasIngredient","FALSE",2,2
"2hop-NamedPizza_Siciliana_6_Siciliana_6-Siciliana_6-hasIngredient-MC","NamedPizza_Siciliana_6",117,257,"Property Assertion","MC","SELECT ?x WHERE { <http://www.example.com/genealogy.owl#Siciliana_6> <http://www.example.com/genealogy.owl#hasIngredient> ?x }","hasIngredient","AnchoviesTopping_dynamic_1; ArtichokeTopping_dynamic_1; GarlicTopping_dynamic_1; HamTopping_dynamic_1; MozzarellaTopping_dynamic_1; OliveTopping_dynamic_1; TomatoTopping_dynamic_1",2,2
"2hop-NamedPizza_Siciliana_6_Siciliana_6-Siciliana_6-rdf:type-MC","NamedPizza_Siciliana_6",117,257,"Membership","MC","SELECT ?x WHERE { <http://www.example.com/genealogy.owl#Siciliana_6> <http://www.w3.org/1999/02/22-rdf-syntax-ns#type> ?x }","rdf:type","DomainConcept; Food; Pizza",2,2
"2hop-NamedPizza_Siciliana_6_Siciliana_6-Siciliana_6-rdf:type-Food-BIN","NamedPizza_Siciliana_6",117,257,"Membership","BIN","ASK WHERE { <http://www.example.com/genealogy.owl#Siciliana_6> <http://www.w3.org/1999/02/22-rdf-syntax-ns#type> <http://www.example.com/genealogy.owl#Food> }","rdf:type","TRUE",3,3
"2hop-NamedPizza_Siciliana_6_Siciliana_6-Siciliana_6-rdf:type-American-NEG-BIN","NamedPizza_Siciliana_6",117,257,"Membership","BIN","ASK WHERE { <http://www.example.com/genealogy.owl#Siciliana_6> <http://www.w3.org/1999/02/22-rdf-syntax-ns#type> <http://www.example.com/genealogy.owl#American> }","rdf:type","FALSE",3,3
"2hop-NamedPizza_Siciliana_6_Siciliana_6-Siciliana_6-hasTopping-AnchoviesTopping_dynamic_1-BIN","NamedPizza_Siciliana_6",117,257,"Property Assertion","BIN","ASK WHERE { <http://www.example.com/genealogy.owl#Siciliana_6> <http://www.example.com/genealogy.owl#hasTopping> <http://www.example.com/genealogy.owl#AnchoviesTopping_dynamic_1> }","hasTopping","TRUE",1,1
"2hop-NamedPizza_Siciliana_6_Siciliana_6-Siciliana_6-hasTopping-AmericanHot_131-NEG-BIN","NamedPizza_Siciliana_6",117,257,"Property Assertion","BIN","ASK WHERE { <http://www.example.com/genealogy.owl#Siciliana_6> <http://www.example.com/genealogy.owl#hasTopping> <http://www.example.com/genealogy.owl#AmericanHot_131> }","hasTopping","FALSE",1,1
"2hop-NamedPizza_SloppyGiuseppe_132_SloppyGiuseppe_132-SloppyGiuseppe_132-hasTopping-MC","NamedPizza_SloppyGiuseppe_132",117,255,"Property Assertion","MC","SELECT ?x WHERE { <http://www.example.com/genealogy.owl#SloppyGiuseppe_132> <http://www.example.com/genealogy.owl#hasTopping> ?x }","hasTopping","GreenPepperTopping_dynamic_1; HotSpicedBeefTopping_dynamic_1; MozzarellaTopping_dynamic_1; OnionTopping_dynamic_1; TomatoTopping_dynamic_1",1,1
"2hop-NamedPizza_SloppyGiuseppe_132_SloppyGiuseppe_132-SloppyGiuseppe_132-rdf:type-MC","NamedPizza_SloppyGiuseppe_132",117,255,"Membership","MC","SELECT ?x WHERE { <http://www.example.com/genealogy.owl#SloppyGiuseppe_132> <http://www.w3.org/1999/02/22-rdf-syntax-ns#type> ?x }","rdf:type","DomainConcept; Food; Pizza",2,2
"2hop-NamedPizza_SloppyGiuseppe_132_SloppyGiuseppe_132-SloppyGiuseppe_132-hasIngredient-GreenPepperTopping_dynamic_1-BIN","NamedPizza_SloppyGiuseppe_132",117,255,"Property Assertion","BIN","ASK WHERE { <http://www.example.com/genealogy.owl#SloppyGiuseppe_132> <http://www.example.com/genealogy.owl#hasIngredient> <http://www.example.com/genealogy.owl#GreenPepperTopping_dynamic_1> }","hasIngredient","TRUE",2,2
"2hop-NamedPizza_SloppyGiuseppe_132_SloppyGiuseppe_132-SloppyGiuseppe_132-hasIngredient-AmericanHot_131-NEG-BIN","NamedPizza_SloppyGiuseppe_132",117,255,"Property Assertion","BIN","ASK WHERE { <http://www.example.com/genealogy.owl#SloppyGiuseppe_132> <http://www.example.com/genealogy.owl#hasIngredient> <http://www.example.com/genealogy.owl#AmericanHot_131> }","hasIngredient","FALSE",2,2
"2hop-NamedPizza_SloppyGiuseppe_132_SloppyGiuseppe_132-SloppyGiuseppe_132-hasIngredient-MC","NamedPizza_SloppyGiuseppe_132",117,255,"Property Assertion","MC","SELECT ?x WHERE { <http://www.example.com/genealogy.owl#SloppyGiuseppe_132> <http://www.example.com/genealogy.owl#hasIngredient> ?x }","hasIngredient","GreenPepperTopping_dynamic_1; HotSpicedBeefTopping_dynamic_1; MozzarellaTopping_dynamic_1; OnionTopping_dynamic_1; TomatoTopping_dynamic_1",2,2
"2hop-NamedPizza_SloppyGiuseppe_132_SloppyGiuseppe_132-SloppyGiuseppe_132-hasTopping-GreenPepperTopping_dynamic_1-BIN","NamedPizza_SloppyGiuseppe_132",117,255,"Property Assertion","BIN","ASK WHERE { <http://www.example.com/genealogy.owl#SloppyGiuseppe_132> <http://www.example.com/genealogy.owl#hasTopping> <http://www.example.com/genealogy.owl#GreenPepperTopping_dynamic_1> }","hasTopping","TRUE",1,1
"2hop-NamedPizza_SloppyGiuseppe_132_SloppyGiuseppe_132-SloppyGiuseppe_132-hasTopping-AmericanHot_131-NEG-BIN","NamedPizza_SloppyGiuseppe_132",117,255,"Property Assertion","BIN","ASK WHERE { <http://www.example.com/genealogy.owl#SloppyGiuseppe_132> <http://www.example.com/genealogy.owl#hasTopping> <http://www.example.com/genealogy.owl#AmericanHot_131> }","hasTopping","FALSE",1,1
"2hop-NamedPizza_SloppyGiuseppe_132_SloppyGiuseppe_132-SloppyGiuseppe_132-rdf:type-Food-BIN","NamedPizza_SloppyGiuseppe_132",117,255,"Membership","BIN","ASK WHERE { <http://www.example.com/genealogy.owl#SloppyGiuseppe_132> <http://www.w3.org/1999/02/22-rdf-syntax-ns#type> <http://www.example.com/genealogy.owl#Food> }","rdf:type","TRUE",3,3
"2hop-NamedPizza_SloppyGiuseppe_132_SloppyGiuseppe_132-SloppyGiuseppe_132-rdf:type-American-NEG-BIN","NamedPizza_SloppyGiuseppe_132",117,255,"Membership","BIN","ASK WHERE { <http://www.example.com/genealogy.owl#SloppyGiuseppe_132> <http://www.w3.org/1999/02/22-rdf-syntax-ns#type> <http://www.example.com/genealogy.owl#American> }","rdf:type","FALSE",3,3
"2hop-NamedPizza_SloppyGiuseppe_147_SloppyGiuseppe_147-SloppyGiuseppe_147-hasTopping-MC","NamedPizza_SloppyGiuseppe_147",117,255,"Property Assertion","MC","SELECT ?x WHERE { <http://www.example.com/genealogy.owl#SloppyGiuseppe_147> <http://www.example.com/genealogy.owl#hasTopping> ?x }","hasTopping","GreenPepperTopping_dynamic_1; HotSpicedBeefTopping_dynamic_1; MozzarellaTopping_dynamic_1; OnionTopping_dynamic_1; TomatoTopping_dynamic_1",1,1
"2hop-NamedPizza_SloppyGiuseppe_147_SloppyGiuseppe_147-SloppyGiuseppe_147-hasIngredient-MC","NamedPizza_SloppyGiuseppe_147",117,255,"Property Assertion","MC","SELECT ?x WHERE { <http://www.example.com/genealogy.owl#SloppyGiuseppe_147> <http://www.example.com/genealogy.owl#hasIngredient> ?x }","hasIngredient","GreenPepperTopping_dynamic_1; HotSpicedBeefTopping_dynamic_1; MozzarellaTopping_dynamic_1; OnionTopping_dynamic_1; TomatoTopping_dynamic_1",2,2
"2hop-NamedPizza_SloppyGiuseppe_147_SloppyGiuseppe_147-SloppyGiuseppe_147-rdf:type-MC","NamedPizza_SloppyGiuseppe_147",117,255,"Membership","MC","SELECT ?x WHERE { <http://www.example.com/genealogy.owl#SloppyGiuseppe_147> <http://www.w3.org/1999/02/22-rdf-syntax-ns#type> ?x }","rdf:type","DomainConcept; Food; Pizza",2,2
"2hop-NamedPizza_SloppyGiuseppe_147_SloppyGiuseppe_147-SloppyGiuseppe_147-hasTopping-GreenPepperTopping_dynamic_1-BIN","NamedPizza_SloppyGiuseppe_147",117,255,"Property Assertion","BIN","ASK WHERE { <http://www.example.com/genealogy.owl#SloppyGiuseppe_147> <http://www.example.com/genealogy.owl#hasTopping> <http://www.example.com/genealogy.owl#GreenPepperTopping_dynamic_1> }","hasTopping","TRUE",1,1
"2hop-NamedPizza_SloppyGiuseppe_147_SloppyGiuseppe_147-SloppyGiuseppe_147-hasTopping-AmericanHot_131-NEG-BIN","NamedPizza_SloppyGiuseppe_147",117,255,"Property Assertion","BIN","ASK WHERE { <http://www.example.com/genealogy.owl#SloppyGiuseppe_147> <http://www.example.com/genealogy.owl#hasTopping> <http://www.example.com/genealogy.owl#AmericanHot_131> }","hasTopping","FALSE",1,1
"2hop-NamedPizza_SloppyGiuseppe_147_SloppyGiuseppe_147-SloppyGiuseppe_147-hasIngredient-GreenPepperTopping_dynamic_1-BIN","NamedPizza_SloppyGiuseppe_147",117,255,"Property Assertion","BIN","ASK WHERE { <http://www.example.com/genealogy.owl#SloppyGiuseppe_147> <http://www.example.com/genealogy.owl#hasIngredient> <http://www.example.com/genealogy.owl#GreenPepperTopping_dynamic_1> }","hasIngredient","TRUE",2,2
"2hop-NamedPizza_SloppyGiuseppe_147_SloppyGiuseppe_147-SloppyGiuseppe_147-hasIngredient-AmericanHot_131-NEG-BIN","NamedPizza_SloppyGiuseppe_147",117,255,"Property Assertion","BIN","ASK WHERE { <http://www.example.com/genealogy.owl#SloppyGiuseppe_147> <http://www.example.com/genealogy.owl#hasIngredient> <http://www.example.com/genealogy.owl#AmericanHot_131> }","hasIngredient","FALSE",2,2
"2hop-NamedPizza_SloppyGiuseppe_147_SloppyGiuseppe_147-SloppyGiuseppe_147-rdf:type-Food-BIN","NamedPizza_SloppyGiuseppe_147",117,255,"Membership","BIN","ASK WHERE { <http://www.example.com/genealogy.owl#SloppyGiuseppe_147> <http://www.w3.org/1999/02/22-rdf-syntax-ns#type> <http://www.example.com/genealogy.owl#Food> }","rdf:type","TRUE",3,3
"2hop-NamedPizza_SloppyGiuseppe_147_SloppyGiuseppe_147-SloppyGiuseppe_147-rdf:type-American-NEG-BIN","NamedPizza_SloppyGiuseppe_147",117,255,"Membership","BIN","ASK WHERE { <http://www.example.com/genealogy.owl#SloppyGiuseppe_147> <http://www.w3.org/1999/02/22-rdf-syntax-ns#type> <http://www.example.com/genealogy.owl#American> }","rdf:type","FALSE",3,3
"2hop-NamedPizza_SloppyGiuseppe_148_SloppyGiuseppe_148-SloppyGiuseppe_148-hasIngredient-MC","NamedPizza_SloppyGiuseppe_148",117,255,"Property Assertion","MC","SELECT ?x WHERE { <http://www.example.com/genealogy.owl#SloppyGiuseppe_148> <http://www.example.com/genealogy.owl#hasIngredient> ?x }","hasIngredient","GreenPepperTopping_dynamic_1; HotSpicedBeefTopping_dynamic_1; MozzarellaTopping_dynamic_1; OnionTopping_dynamic_1; TomatoTopping_dynamic_1",2,2
"2hop-NamedPizza_SloppyGiuseppe_148_SloppyGiuseppe_148-SloppyGiuseppe_148-hasTopping-MC","NamedPizza_SloppyGiuseppe_148",117,255,"Property Assertion","MC","SELECT ?x WHERE { <http://www.example.com/genealogy.owl#SloppyGiuseppe_148> <http://www.example.com/genealogy.owl#hasTopping> ?x }","hasTopping","GreenPepperTopping_dynamic_1; HotSpicedBeefTopping_dynamic_1; MozzarellaTopping_dynamic_1; OnionTopping_dynamic_1; TomatoTopping_dynamic_1",1,1
"2hop-NamedPizza_SloppyGiuseppe_148_SloppyGiuseppe_148-SloppyGiuseppe_148-hasTopping-GreenPepperTopping_dynamic_1-BIN","NamedPizza_SloppyGiuseppe_148",117,255,"Property Assertion","BIN","ASK WHERE { <http://www.example.com/genealogy.owl#SloppyGiuseppe_148> <http://www.example.com/genealogy.owl#hasTopping> <http://www.example.com/genealogy.owl#GreenPepperTopping_dynamic_1> }","hasTopping","TRUE",1,1
"2hop-NamedPizza_SloppyGiuseppe_148_SloppyGiuseppe_148-SloppyGiuseppe_148-hasTopping-AmericanHot_131-NEG-BIN","NamedPizza_SloppyGiuseppe_148",117,255,"Property Assertion","BIN","ASK WHERE { <http://www.example.com/genealogy.owl#SloppyGiuseppe_148> <http://www.example.com/genealogy.owl#hasTopping> <http://www.example.com/genealogy.owl#AmericanHot_131> }","hasTopping","FALSE",1,1
"2hop-NamedPizza_SloppyGiuseppe_148_SloppyGiuseppe_148-SloppyGiuseppe_148-hasIngredient-GreenPepperTopping_dynamic_1-BIN","NamedPizza_SloppyGiuseppe_148",117,255,"Property Assertion","BIN","ASK WHERE { <http://www.example.com/genealogy.owl#SloppyGiuseppe_148> <http://www.example.com/genealogy.owl#hasIngredient> <http://www.example.com/genealogy.owl#GreenPepperTopping_dynamic_1> }","hasIngredient","TRUE",2,2
"2hop-NamedPizza_SloppyGiuseppe_148_SloppyGiuseppe_148-SloppyGiuseppe_148-hasIngredient-AmericanHot_131-NEG-BIN","NamedPizza_SloppyGiuseppe_148",117,255,"Property Assertion","BIN","ASK WHERE { <http://www.example.com/genealogy.owl#SloppyGiuseppe_148> <http://www.example.com/genealogy.owl#hasIngredient> <http://www.example.com/genealogy.owl#AmericanHot_131> }","hasIngredient","FALSE",2,2
"2hop-NamedPizza_SloppyGiuseppe_148_SloppyGiuseppe_148-SloppyGiuseppe_148-rdf:type-MC","NamedPizza_SloppyGiuseppe_148",117,255,"Membership","MC","SELECT ?x WHERE { <http://www.example.com/genealogy.owl#SloppyGiuseppe_148> <http://www.w3.org/1999/02/22-rdf-syntax-ns#type> ?x }","rdf:type","DomainConcept; Food; Pizza",4,4
"2hop-NamedPizza_SloppyGiuseppe_148_SloppyGiuseppe_148-SloppyGiuseppe_148-rdf:type-Food-BIN","NamedPizza_SloppyGiuseppe_148",117,255,"Membership","BIN","ASK WHERE { <http://www.example.com/genealogy.owl#SloppyGiuseppe_148> <http://www.w3.org/1999/02/22-rdf-syntax-ns#type> <http://www.example.com/genealogy.owl#Food> }","rdf:type","TRUE",3,3
"2hop-NamedPizza_SloppyGiuseppe_148_SloppyGiuseppe_148-SloppyGiuseppe_148-rdf:type-American-NEG-BIN","NamedPizza_SloppyGiuseppe_148",117,255,"Membership","BIN","ASK WHERE { <http://www.example.com/genealogy.owl#SloppyGiuseppe_148> <http://www.w3.org/1999/02/22-rdf-syntax-ns#type> <http://www.example.com/genealogy.owl#American> }","rdf:type","FALSE",3,3
"2hop-NamedPizza_SloppyGiuseppe_20_SloppyGiuseppe_20-SloppyGiuseppe_20-hasTopping-GreenPepperTopping_dynamic_1-BIN","NamedPizza_SloppyGiuseppe_20",117,255,"Property Assertion","BIN","ASK WHERE { <http://www.example.com/genealogy.owl#SloppyGiuseppe_20> <http://www.example.com/genealogy.owl#hasTopping> <http://www.example.com/genealogy.owl#GreenPepperTopping_dynamic_1> }","hasTopping","TRUE",1,1
"2hop-NamedPizza_SloppyGiuseppe_20_SloppyGiuseppe_20-SloppyGiuseppe_20-hasTopping-AmericanHot_131-NEG-BIN","NamedPizza_SloppyGiuseppe_20",117,255,"Property Assertion","BIN","ASK WHERE { <http://www.example.com/genealogy.owl#SloppyGiuseppe_20> <http://www.example.com/genealogy.owl#hasTopping> <http://www.example.com/genealogy.owl#AmericanHot_131> }","hasTopping","FALSE",1,1
"2hop-NamedPizza_SloppyGiuseppe_20_SloppyGiuseppe_20-SloppyGiuseppe_20-hasTopping-MC","NamedPizza_SloppyGiuseppe_20",117,255,"Property Assertion","MC","SELECT ?x WHERE { <http://www.example.com/genealogy.owl#SloppyGiuseppe_20> <http://www.example.com/genealogy.owl#hasTopping> ?x }","hasTopping","GreenPepperTopping_dynamic_1; HotSpicedBeefTopping_dynamic_1; MozzarellaTopping_dynamic_1; OnionTopping_dynamic_1; TomatoTopping_dynamic_1",1,1
"2hop-NamedPizza_SloppyGiuseppe_20_SloppyGiuseppe_20-SloppyGiuseppe_20-rdf:type-Food-BIN","NamedPizza_SloppyGiuseppe_20",117,255,"Membership","BIN","ASK WHERE { <http://www.example.com/genealogy.owl#SloppyGiuseppe_20> <http://www.w3.org/1999/02/22-rdf-syntax-ns#type> <http://www.example.com/genealogy.owl#Food> }","rdf:type","TRUE",3,3
"2hop-NamedPizza_SloppyGiuseppe_20_SloppyGiuseppe_20-SloppyGiuseppe_20-rdf:type-American-NEG-BIN","NamedPizza_SloppyGiuseppe_20",117,255,"Membership","BIN","ASK WHERE { <http://www.example.com/genealogy.owl#SloppyGiuseppe_20> <http://www.w3.org/1999/02/22-rdf-syntax-ns#type> <http://www.example.com/genealogy.owl#American> }","rdf:type","FALSE",3,3
"2hop-NamedPizza_SloppyGiuseppe_20_SloppyGiuseppe_20-SloppyGiuseppe_20-rdf:type-MC","NamedPizza_SloppyGiuseppe_20",117,255,"Membership","MC","SELECT ?x WHERE { <http://www.example.com/genealogy.owl#SloppyGiuseppe_20> <http://www.w3.org/1999/02/22-rdf-syntax-ns#type> ?x }","rdf:type","DomainConcept; Food; Pizza",3,3
"2hop-NamedPizza_SloppyGiuseppe_20_SloppyGiuseppe_20-SloppyGiuseppe_20-hasIngredient-GreenPepperTopping_dynamic_1-BIN","NamedPizza_SloppyGiuseppe_20",117,255,"Property Assertion","BIN","ASK WHERE { <http://www.example.com/genealogy.owl#SloppyGiuseppe_20> <http://www.example.com/genealogy.owl#hasIngredient> <http://www.example.com/genealogy.owl#GreenPepperTopping_dynamic_1> }","hasIngredient","TRUE",2,2
"2hop-NamedPizza_SloppyGiuseppe_20_SloppyGiuseppe_20-SloppyGiuseppe_20-hasIngredient-AmericanHot_131-NEG-BIN","NamedPizza_SloppyGiuseppe_20",117,255,"Property Assertion","BIN","ASK WHERE { <http://www.example.com/genealogy.owl#SloppyGiuseppe_20> <http://www.example.com/genealogy.owl#hasIngredient> <http://www.example.com/genealogy.owl#AmericanHot_131> }","hasIngredient","FALSE",2,2
"2hop-NamedPizza_SloppyGiuseppe_20_SloppyGiuseppe_20-SloppyGiuseppe_20-hasIngredient-MC","NamedPizza_SloppyGiuseppe_20",117,255,"Property Assertion","MC","SELECT ?x WHERE { <http://www.example.com/genealogy.owl#SloppyGiuseppe_20> <http://www.example.com/genealogy.owl#hasIngredient> ?x }","hasIngredient","GreenPepperTopping_dynamic_1; HotSpicedBeefTopping_dynamic_1; MozzarellaTopping_dynamic_1; OnionTopping_dynamic_1; TomatoTopping_dynamic_1",2,2
"2hop-NamedPizza_SloppyGiuseppe_228_SloppyGiuseppe_228-SloppyGiuseppe_228-hasIngredient-MC","NamedPizza_SloppyGiuseppe_228",117,255,"Property Assertion","MC","SELECT ?x WHERE { <http://www.example.com/genealogy.owl#SloppyGiuseppe_228> <http://www.example.com/genealogy.owl#hasIngredient> ?x }","hasIngredient","GreenPepperTopping_dynamic_1; HotSpicedBeefTopping_dynamic_1; MozzarellaTopping_dynamic_1; OnionTopping_dynamic_1; TomatoTopping_dynamic_1",2,2
"2hop-NamedPizza_SloppyGiuseppe_228_SloppyGiuseppe_228-SloppyGiuseppe_228-rdf:type-MC","NamedPizza_SloppyGiuseppe_228",117,255,"Membership","MC","SELECT ?x WHERE { <http://www.example.com/genealogy.owl#SloppyGiuseppe_228> <http://www.w3.org/1999/02/22-rdf-syntax-ns#type> ?x }","rdf:type","DomainConcept; Food; Pizza",2,2
"2hop-NamedPizza_SloppyGiuseppe_228_SloppyGiuseppe_228-SloppyGiuseppe_228-hasTopping-GreenPepperTopping_dynamic_1-BIN","NamedPizza_SloppyGiuseppe_228",117,255,"Property Assertion","BIN","ASK WHERE { <http://www.example.com/genealogy.owl#SloppyGiuseppe_228> <http://www.example.com/genealogy.owl#hasTopping> <http://www.example.com/genealogy.owl#GreenPepperTopping_dynamic_1> }","hasTopping","TRUE",1,1
"2hop-NamedPizza_SloppyGiuseppe_228_SloppyGiuseppe_228-SloppyGiuseppe_228-hasTopping-AmericanHot_131-NEG-BIN","NamedPizza_SloppyGiuseppe_228",117,255,"Property Assertion","BIN","ASK WHERE { <http://www.example.com/genealogy.owl#SloppyGiuseppe_228> <http://www.example.com/genealogy.owl#hasTopping> <http://www.example.com/genealogy.owl#AmericanHot_131> }","hasTopping","FALSE",1,1
"2hop-NamedPizza_SloppyGiuseppe_228_SloppyGiuseppe_228-SloppyGiuseppe_228-hasTopping-MC","NamedPizza_SloppyGiuseppe_228",117,255,"Property Assertion","MC","SELECT ?x WHERE { <http://www.example.com/genealogy.owl#SloppyGiuseppe_228> <http://www.example.com/genealogy.owl#hasTopping> ?x }","hasTopping","GreenPepperTopping_dynamic_1; HotSpicedBeefTopping_dynamic_1; MozzarellaTopping_dynamic_1; OnionTopping_dynamic_1; TomatoTopping_dynamic_1",1,1
"2hop-NamedPizza_SloppyGiuseppe_228_SloppyGiuseppe_228-SloppyGiuseppe_228-rdf:type-Food-BIN","NamedPizza_SloppyGiuseppe_228",117,255,"Membership","BIN","ASK WHERE { <http://www.example.com/genealogy.owl#SloppyGiuseppe_228> <http://www.w3.org/1999/02/22-rdf-syntax-ns#type> <http://www.example.com/genealogy.owl#Food> }","rdf:type","TRUE",3,3
"2hop-NamedPizza_SloppyGiuseppe_228_SloppyGiuseppe_228-SloppyGiuseppe_228-rdf:type-American-NEG-BIN","NamedPizza_SloppyGiuseppe_228",117,255,"Membership","BIN","ASK WHERE { <http://www.example.com/genealogy.owl#SloppyGiuseppe_228> <http://www.w3.org/1999/02/22-rdf-syntax-ns#type> <http://www.example.com/genealogy.owl#American> }","rdf:type","FALSE",3,3
"2hop-NamedPizza_SloppyGiuseppe_228_SloppyGiuseppe_228-SloppyGiuseppe_228-hasIngredient-GreenPepperTopping_dynamic_1-BIN","NamedPizza_SloppyGiuseppe_228",117,255,"Property Assertion","BIN","ASK WHERE { <http://www.example.com/genealogy.owl#SloppyGiuseppe_228> <http://www.example.com/genealogy.owl#hasIngredient> <http://www.example.com/genealogy.owl#GreenPepperTopping_dynamic_1> }","hasIngredient","TRUE",2,2
"2hop-NamedPizza_SloppyGiuseppe_228_SloppyGiuseppe_228-SloppyGiuseppe_228-hasIngredient-AmericanHot_131-NEG-BIN","NamedPizza_SloppyGiuseppe_228",117,255,"Property Assertion","BIN","ASK WHERE { <http://www.example.com/genealogy.owl#SloppyGiuseppe_228> <http://www.example.com/genealogy.owl#hasIngredient> <http://www.example.com/genealogy.owl#AmericanHot_131> }","hasIngredient","FALSE",2,2
"2hop-NamedPizza_SloppyGiuseppe_24_SloppyGiuseppe_24-SloppyGiuseppe_24-rdf:type-Food-BIN","NamedPizza_SloppyGiuseppe_24",117,255,"Membership","BIN","ASK WHERE { <http://www.example.com/genealogy.owl#SloppyGiuseppe_24> <http://www.w3.org/1999/02/22-rdf-syntax-ns#type> <http://www.example.com/genealogy.owl#Food> }","rdf:type","TRUE",3,3
"2hop-NamedPizza_SloppyGiuseppe_24_SloppyGiuseppe_24-SloppyGiuseppe_24-rdf:type-American-NEG-BIN","NamedPizza_SloppyGiuseppe_24",117,255,"Membership","BIN","ASK WHERE { <http://www.example.com/genealogy.owl#SloppyGiuseppe_24> <http://www.w3.org/1999/02/22-rdf-syntax-ns#type> <http://www.example.com/genealogy.owl#American> }","rdf:type","FALSE",3,3
"2hop-NamedPizza_SloppyGiuseppe_24_SloppyGiuseppe_24-SloppyGiuseppe_24-rdf:type-MC","NamedPizza_SloppyGiuseppe_24",117,255,"Membership","MC","SELECT ?x WHERE { <http://www.example.com/genealogy.owl#SloppyGiuseppe_24> <http://www.w3.org/1999/02/22-rdf-syntax-ns#type> ?x }","rdf:type","DomainConcept; Food; Pizza",3,3
"2hop-NamedPizza_SloppyGiuseppe_24_SloppyGiuseppe_24-SloppyGiuseppe_24-hasTopping-GreenPepperTopping_dynamic_1-BIN","NamedPizza_SloppyGiuseppe_24",117,255,"Property Assertion","BIN","ASK WHERE { <http://www.example.com/genealogy.owl#SloppyGiuseppe_24> <http://www.example.com/genealogy.owl#hasTopping> <http://www.example.com/genealogy.owl#GreenPepperTopping_dynamic_1> }","hasTopping","TRUE",1,1
"2hop-NamedPizza_SloppyGiuseppe_24_SloppyGiuseppe_24-SloppyGiuseppe_24-hasTopping-AmericanHot_131-NEG-BIN","NamedPizza_SloppyGiuseppe_24",117,255,"Property Assertion","BIN","ASK WHERE { <http://www.example.com/genealogy.owl#SloppyGiuseppe_24> <http://www.example.com/genealogy.owl#hasTopping> <http://www.example.com/genealogy.owl#AmericanHot_131> }","hasTopping","FALSE",1,1
"2hop-NamedPizza_SloppyGiuseppe_24_SloppyGiuseppe_24-SloppyGiuseppe_24-hasTopping-MC","NamedPizza_SloppyGiuseppe_24",117,255,"Property Assertion","MC","SELECT ?x WHERE { <http://www.example.com/genealogy.owl#SloppyGiuseppe_24> <http://www.example.com/genealogy.owl#hasTopping> ?x }","hasTopping","GreenPepperTopping_dynamic_1; HotSpicedBeefTopping_dynamic_1; MozzarellaTopping_dynamic_1; OnionTopping_dynamic_1; TomatoTopping_dynamic_1",1,1
"2hop-NamedPizza_SloppyGiuseppe_24_SloppyGiuseppe_24-SloppyGiuseppe_24-hasIngredient-MC","NamedPizza_SloppyGiuseppe_24",117,255,"Property Assertion","MC","SELECT ?x WHERE { <http://www.example.com/genealogy.owl#SloppyGiuseppe_24> <http://www.example.com/genealogy.owl#hasIngredient> ?x }","hasIngredient","GreenPepperTopping_dynamic_1; HotSpicedBeefTopping_dynamic_1; MozzarellaTopping_dynamic_1; OnionTopping_dynamic_1; TomatoTopping_dynamic_1",2,2
"2hop-NamedPizza_SloppyGiuseppe_24_SloppyGiuseppe_24-SloppyGiuseppe_24-hasIngredient-GreenPepperTopping_dynamic_1-BIN","NamedPizza_SloppyGiuseppe_24",117,255,"Property Assertion","BIN","ASK WHERE { <http://www.example.com/genealogy.owl#SloppyGiuseppe_24> <http://www.example.com/genealogy.owl#hasIngredient> <http://www.example.com/genealogy.owl#GreenPepperTopping_dynamic_1> }","hasIngredient","TRUE",2,2
"2hop-NamedPizza_SloppyGiuseppe_24_SloppyGiuseppe_24-SloppyGiuseppe_24-hasIngredient-AmericanHot_131-NEG-BIN","NamedPizza_SloppyGiuseppe_24",117,255,"Property Assertion","BIN","ASK WHERE { <http://www.example.com/genealogy.owl#SloppyGiuseppe_24> <http://www.example.com/genealogy.owl#hasIngredient> <http://www.example.com/genealogy.owl#AmericanHot_131> }","hasIngredient","FALSE",2,2
"2hop-NamedPizza_SloppyGiuseppe_249_SloppyGiuseppe_249-SloppyGiuseppe_249-hasTopping-MC","NamedPizza_SloppyGiuseppe_249",117,255,"Property Assertion","MC","SELECT ?x WHERE { <http://www.example.com/genealogy.owl#SloppyGiuseppe_249> <http://www.example.com/genealogy.owl#hasTopping> ?x }","hasTopping","GreenPepperTopping_dynamic_1; HotSpicedBeefTopping_dynamic_1; MozzarellaTopping_dynamic_1; OnionTopping_dynamic_1; TomatoTopping_dynamic_1",1,1
"2hop-NamedPizza_SloppyGiuseppe_249_SloppyGiuseppe_249-SloppyGiuseppe_249-hasIngredient-MC","NamedPizza_SloppyGiuseppe_249",117,255,"Property Assertion","MC","SELECT ?x WHERE { <http://www.example.com/genealogy.owl#SloppyGiuseppe_249> <http://www.example.com/genealogy.owl#hasIngredient> ?x }","hasIngredient","GreenPepperTopping_dynamic_1; HotSpicedBeefTopping_dynamic_1; MozzarellaTopping_dynamic_1; OnionTopping_dynamic_1; TomatoTopping_dynamic_1",2,2
"2hop-NamedPizza_SloppyGiuseppe_249_SloppyGiuseppe_249-SloppyGiuseppe_249-hasIngredient-GreenPepperTopping_dynamic_1-BIN","NamedPizza_SloppyGiuseppe_249",117,255,"Property Assertion","BIN","ASK WHERE { <http://www.example.com/genealogy.owl#SloppyGiuseppe_249> <http://www.example.com/genealogy.owl#hasIngredient> <http://www.example.com/genealogy.owl#GreenPepperTopping_dynamic_1> }","hasIngredient","TRUE",2,2
"2hop-NamedPizza_SloppyGiuseppe_249_SloppyGiuseppe_249-SloppyGiuseppe_249-hasIngredient-AmericanHot_131-NEG-BIN","NamedPizza_SloppyGiuseppe_249",117,255,"Property Assertion","BIN","ASK WHERE { <http://www.example.com/genealogy.owl#SloppyGiuseppe_249> <http://www.example.com/genealogy.owl#hasIngredient> <http://www.example.com/genealogy.owl#AmericanHot_131> }","hasIngredient","FALSE",2,2
"2hop-NamedPizza_SloppyGiuseppe_249_SloppyGiuseppe_249-SloppyGiuseppe_249-hasTopping-GreenPepperTopping_dynamic_1-BIN","NamedPizza_SloppyGiuseppe_249",117,255,"Property Assertion","BIN","ASK WHERE { <http://www.example.com/genealogy.owl#SloppyGiuseppe_249> <http://www.example.com/genealogy.owl#hasTopping> <http://www.example.com/genealogy.owl#GreenPepperTopping_dynamic_1> }","hasTopping","TRUE",1,1
"2hop-NamedPizza_SloppyGiuseppe_249_SloppyGiuseppe_249-SloppyGiuseppe_249-hasTopping-AmericanHot_131-NEG-BIN","NamedPizza_SloppyGiuseppe_249",117,255,"Property Assertion","BIN","ASK WHERE { <http://www.example.com/genealogy.owl#SloppyGiuseppe_249> <http://www.example.com/genealogy.owl#hasTopping> <http://www.example.com/genealogy.owl#AmericanHot_131> }","hasTopping","FALSE",1,1
"2hop-NamedPizza_SloppyGiuseppe_249_SloppyGiuseppe_249-SloppyGiuseppe_249-rdf:type-Food-BIN","NamedPizza_SloppyGiuseppe_249",117,255,"Membership","BIN","ASK WHERE { <http://www.example.com/genealogy.owl#SloppyGiuseppe_249> <http://www.w3.org/1999/02/22-rdf-syntax-ns#type> <http://www.example.com/genealogy.owl#Food> }","rdf:type","TRUE",3,3
"2hop-NamedPizza_SloppyGiuseppe_249_SloppyGiuseppe_249-SloppyGiuseppe_249-rdf:type-American-NEG-BIN","NamedPizza_SloppyGiuseppe_249",117,255,"Membership","BIN","ASK WHERE { <http://www.example.com/genealogy.owl#SloppyGiuseppe_249> <http://www.w3.org/1999/02/22-rdf-syntax-ns#type> <http://www.example.com/genealogy.owl#American> }","rdf:type","FALSE",3,3
"2hop-NamedPizza_SloppyGiuseppe_249_SloppyGiuseppe_249-SloppyGiuseppe_249-rdf:type-MC","NamedPizza_SloppyGiuseppe_249",117,255,"Membership","MC","SELECT ?x WHERE { <http://www.example.com/genealogy.owl#SloppyGiuseppe_249> <http://www.w3.org/1999/02/22-rdf-syntax-ns#type> ?x }","rdf:type","DomainConcept; Food; Pizza",3,3
"2hop-NamedPizza_SloppyGiuseppe_34_SloppyGiuseppe_34-SloppyGiuseppe_34-hasTopping-MC","NamedPizza_SloppyGiuseppe_34",117,255,"Property Assertion","MC","SELECT ?x WHERE { <http://www.example.com/genealogy.owl#SloppyGiuseppe_34> <http://www.example.com/genealogy.owl#hasTopping> ?x }","hasTopping","GreenPepperTopping_dynamic_1; HotSpicedBeefTopping_dynamic_1; MozzarellaTopping_dynamic_1; OnionTopping_dynamic_1; TomatoTopping_dynamic_1",1,1
"2hop-NamedPizza_SloppyGiuseppe_34_SloppyGiuseppe_34-SloppyGiuseppe_34-rdf:type-MC","NamedPizza_SloppyGiuseppe_34",117,255,"Membership","MC","SELECT ?x WHERE { <http://www.example.com/genealogy.owl#SloppyGiuseppe_34> <http://www.w3.org/1999/02/22-rdf-syntax-ns#type> ?x }","rdf:type","DomainConcept; Food; Pizza",2,2
"2hop-NamedPizza_SloppyGiuseppe_34_SloppyGiuseppe_34-SloppyGiuseppe_34-hasIngredient-MC","NamedPizza_SloppyGiuseppe_34",117,255,"Property Assertion","MC","SELECT ?x WHERE { <http://www.example.com/genealogy.owl#SloppyGiuseppe_34> <http://www.example.com/genealogy.owl#hasIngredient> ?x }","hasIngredient","GreenPepperTopping_dynamic_1; HotSpicedBeefTopping_dynamic_1; MozzarellaTopping_dynamic_1; OnionTopping_dynamic_1; TomatoTopping_dynamic_1",2,2
"2hop-NamedPizza_SloppyGiuseppe_34_SloppyGiuseppe_34-SloppyGiuseppe_34-hasTopping-GreenPepperTopping_dynamic_1-BIN","NamedPizza_SloppyGiuseppe_34",117,255,"Property Assertion","BIN","ASK WHERE { <http://www.example.com/genealogy.owl#SloppyGiuseppe_34> <http://www.example.com/genealogy.owl#hasTopping> <http://www.example.com/genealogy.owl#GreenPepperTopping_dynamic_1> }","hasTopping","TRUE",1,1
"2hop-NamedPizza_SloppyGiuseppe_34_SloppyGiuseppe_34-SloppyGiuseppe_34-hasTopping-AmericanHot_131-NEG-BIN","NamedPizza_SloppyGiuseppe_34",117,255,"Property Assertion","BIN","ASK WHERE { <http://www.example.com/genealogy.owl#SloppyGiuseppe_34> <http://www.example.com/genealogy.owl#hasTopping> <http://www.example.com/genealogy.owl#AmericanHot_131> }","hasTopping","FALSE",1,1
"2hop-NamedPizza_SloppyGiuseppe_34_SloppyGiuseppe_34-SloppyGiuseppe_34-rdf:type-Food-BIN","NamedPizza_SloppyGiuseppe_34",117,255,"Membership","BIN","ASK WHERE { <http://www.example.com/genealogy.owl#SloppyGiuseppe_34> <http://www.w3.org/1999/02/22-rdf-syntax-ns#type> <http://www.example.com/genealogy.owl#Food> }","rdf:type","TRUE",3,3
"2hop-NamedPizza_SloppyGiuseppe_34_SloppyGiuseppe_34-SloppyGiuseppe_34-rdf:type-American-NEG-BIN","NamedPizza_SloppyGiuseppe_34",117,255,"Membership","BIN","ASK WHERE { <http://www.example.com/genealogy.owl#SloppyGiuseppe_34> <http://www.w3.org/1999/02/22-rdf-syntax-ns#type> <http://www.example.com/genealogy.owl#American> }","rdf:type","FALSE",3,3
"2hop-NamedPizza_SloppyGiuseppe_34_SloppyGiuseppe_34-SloppyGiuseppe_34-hasIngredient-GreenPepperTopping_dynamic_1-BIN","NamedPizza_SloppyGiuseppe_34",117,255,"Property Assertion","BIN","ASK WHERE { <http://www.example.com/genealogy.owl#SloppyGiuseppe_34> <http://www.example.com/genealogy.owl#hasIngredient> <http://www.example.com/genealogy.owl#GreenPepperTopping_dynamic_1> }","hasIngredient","TRUE",2,2
"2hop-NamedPizza_SloppyGiuseppe_34_SloppyGiuseppe_34-SloppyGiuseppe_34-hasIngredient-AmericanHot_131-NEG-BIN","NamedPizza_SloppyGiuseppe_34",117,255,"Property Assertion","BIN","ASK WHERE { <http://www.example.com/genealogy.owl#SloppyGiuseppe_34> <http://www.example.com/genealogy.owl#hasIngredient> <http://www.example.com/genealogy.owl#AmericanHot_131> }","hasIngredient","FALSE",2,2
"2hop-NamedPizza_SloppyGiuseppe_53_SloppyGiuseppe_53-SloppyGiuseppe_53-hasIngredient-MC","NamedPizza_SloppyGiuseppe_53",117,255,"Property Assertion","MC","SELECT ?x WHERE { <http://www.example.com/genealogy.owl#SloppyGiuseppe_53> <http://www.example.com/genealogy.owl#hasIngredient> ?x }","hasIngredient","GreenPepperTopping_dynamic_1; HotSpicedBeefTopping_dynamic_1; MozzarellaTopping_dynamic_1; OnionTopping_dynamic_1; TomatoTopping_dynamic_1",2,2
"2hop-NamedPizza_SloppyGiuseppe_53_SloppyGiuseppe_53-SloppyGiuseppe_53-hasTopping-MC","NamedPizza_SloppyGiuseppe_53",117,255,"Property Assertion","MC","SELECT ?x WHERE { <http://www.example.com/genealogy.owl#SloppyGiuseppe_53> <http://www.example.com/genealogy.owl#hasTopping> ?x }","hasTopping","GreenPepperTopping_dynamic_1; HotSpicedBeefTopping_dynamic_1; MozzarellaTopping_dynamic_1; OnionTopping_dynamic_1; TomatoTopping_dynamic_1",1,1
"2hop-NamedPizza_SloppyGiuseppe_53_SloppyGiuseppe_53-SloppyGiuseppe_53-rdf:type-Food-BIN","NamedPizza_SloppyGiuseppe_53",117,255,"Membership","BIN","ASK WHERE { <http://www.example.com/genealogy.owl#SloppyGiuseppe_53> <http://www.w3.org/1999/02/22-rdf-syntax-ns#type> <http://www.example.com/genealogy.owl#Food> }","rdf:type","TRUE",3,3
"2hop-NamedPizza_SloppyGiuseppe_53_SloppyGiuseppe_53-SloppyGiuseppe_53-rdf:type-American-NEG-BIN","NamedPizza_SloppyGiuseppe_53",117,255,"Membership","BIN","ASK WHERE { <http://www.example.com/genealogy.owl#SloppyGiuseppe_53> <http://www.w3.org/1999/02/22-rdf-syntax-ns#type> <http://www.example.com/genealogy.owl#American> }","rdf:type","FALSE",3,3
"2hop-NamedPizza_SloppyGiuseppe_53_SloppyGiuseppe_53-SloppyGiuseppe_53-rdf:type-MC","NamedPizza_SloppyGiuseppe_53",117,255,"Membership","MC","SELECT ?x WHERE { <http://www.example.com/genealogy.owl#SloppyGiuseppe_53> <http://www.w3.org/1999/02/22-rdf-syntax-ns#type> ?x }","rdf:type","DomainConcept; Food; Pizza",3,3
"2hop-NamedPizza_SloppyGiuseppe_53_SloppyGiuseppe_53-SloppyGiuseppe_53-hasTopping-GreenPepperTopping_dynamic_1-BIN","NamedPizza_SloppyGiuseppe_53",117,255,"Property Assertion","BIN","ASK WHERE { <http://www.example.com/genealogy.owl#SloppyGiuseppe_53> <http://www.example.com/genealogy.owl#hasTopping> <http://www.example.com/genealogy.owl#GreenPepperTopping_dynamic_1> }","hasTopping","TRUE",1,1
"2hop-NamedPizza_SloppyGiuseppe_53_SloppyGiuseppe_53-SloppyGiuseppe_53-hasTopping-AmericanHot_131-NEG-BIN","NamedPizza_SloppyGiuseppe_53",117,255,"Property Assertion","BIN","ASK WHERE { <http://www.example.com/genealogy.owl#SloppyGiuseppe_53> <http://www.example.com/genealogy.owl#hasTopping> <http://www.example.com/genealogy.owl#AmericanHot_131> }","hasTopping","FALSE",1,1
"2hop-NamedPizza_SloppyGiuseppe_53_SloppyGiuseppe_53-SloppyGiuseppe_53-hasIngredient-GreenPepperTopping_dynamic_1-BIN","NamedPizza_SloppyGiuseppe_53",117,255,"Property Assertion","BIN","ASK WHERE { <http://www.example.com/genealogy.owl#SloppyGiuseppe_53> <http://www.example.com/genealogy.owl#hasIngredient> <http://www.example.com/genealogy.owl#GreenPepperTopping_dynamic_1> }","hasIngredient","TRUE",2,2
"2hop-NamedPizza_SloppyGiuseppe_53_SloppyGiuseppe_53-SloppyGiuseppe_53-hasIngredient-AmericanHot_131-NEG-BIN","NamedPizza_SloppyGiuseppe_53",117,255,"Property Assertion","BIN","ASK WHERE { <http://www.example.com/genealogy.owl#SloppyGiuseppe_53> <http://www.example.com/genealogy.owl#hasIngredient> <http://www.example.com/genealogy.owl#AmericanHot_131> }","hasIngredient","FALSE",2,2
"2hop-NamedPizza_SloppyGiuseppe_58_SloppyGiuseppe_58-SloppyGiuseppe_58-hasIngredient-MC","NamedPizza_SloppyGiuseppe_58",117,255,"Property Assertion","MC","SELECT ?x WHERE { <http://www.example.com/genealogy.owl#SloppyGiuseppe_58> <http://www.example.com/genealogy.owl#hasIngredient> ?x }","hasIngredient","GreenPepperTopping_dynamic_1; HotSpicedBeefTopping_dynamic_1; MozzarellaTopping_dynamic_1; OnionTopping_dynamic_1; TomatoTopping_dynamic_1",2,2
"2hop-NamedPizza_SloppyGiuseppe_58_SloppyGiuseppe_58-SloppyGiuseppe_58-rdf:type-MC","NamedPizza_SloppyGiuseppe_58",117,255,"Membership","MC","SELECT ?x WHERE { <http://www.example.com/genealogy.owl#SloppyGiuseppe_58> <http://www.w3.org/1999/02/22-rdf-syntax-ns#type> ?x }","rdf:type","DomainConcept; Food; Pizza",2,2
"2hop-NamedPizza_SloppyGiuseppe_58_SloppyGiuseppe_58-SloppyGiuseppe_58-hasTopping-MC","NamedPizza_SloppyGiuseppe_58",117,255,"Property Assertion","MC","SELECT ?x WHERE { <http://www.example.com/genealogy.owl#SloppyGiuseppe_58> <http://www.example.com/genealogy.owl#hasTopping> ?x }","hasTopping","GreenPepperTopping_dynamic_1; HotSpicedBeefTopping_dynamic_1; MozzarellaTopping_dynamic_1; OnionTopping_dynamic_1; TomatoTopping_dynamic_1",1,1
"2hop-NamedPizza_SloppyGiuseppe_58_SloppyGiuseppe_58-SloppyGiuseppe_58-hasTopping-GreenPepperTopping_dynamic_1-BIN","NamedPizza_SloppyGiuseppe_58",117,255,"Property Assertion","BIN","ASK WHERE { <http://www.example.com/genealogy.owl#SloppyGiuseppe_58> <http://www.example.com/genealogy.owl#hasTopping> <http://www.example.com/genealogy.owl#GreenPepperTopping_dynamic_1> }","hasTopping","TRUE",1,1
"2hop-NamedPizza_SloppyGiuseppe_58_SloppyGiuseppe_58-SloppyGiuseppe_58-hasTopping-AmericanHot_131-NEG-BIN","NamedPizza_SloppyGiuseppe_58",117,255,"Property Assertion","BIN","ASK WHERE { <http://www.example.com/genealogy.owl#SloppyGiuseppe_58> <http://www.example.com/genealogy.owl#hasTopping> <http://www.example.com/genealogy.owl#AmericanHot_131> }","hasTopping","FALSE",1,1
"2hop-NamedPizza_SloppyGiuseppe_58_SloppyGiuseppe_58-SloppyGiuseppe_58-hasIngredient-GreenPepperTopping_dynamic_1-BIN","NamedPizza_SloppyGiuseppe_58",117,255,"Property Assertion","BIN","ASK WHERE { <http://www.example.com/genealogy.owl#SloppyGiuseppe_58> <http://www.example.com/genealogy.owl#hasIngredient> <http://www.example.com/genealogy.owl#GreenPepperTopping_dynamic_1> }","hasIngredient","TRUE",2,2
"2hop-NamedPizza_SloppyGiuseppe_58_SloppyGiuseppe_58-SloppyGiuseppe_58-hasIngredient-AmericanHot_131-NEG-BIN","NamedPizza_SloppyGiuseppe_58",117,255,"Property Assertion","BIN","ASK WHERE { <http://www.example.com/genealogy.owl#SloppyGiuseppe_58> <http://www.example.com/genealogy.owl#hasIngredient> <http://www.example.com/genealogy.owl#AmericanHot_131> }","hasIngredient","FALSE",2,2
"2hop-NamedPizza_SloppyGiuseppe_58_SloppyGiuseppe_58-SloppyGiuseppe_58-rdf:type-Food-BIN","NamedPizza_SloppyGiuseppe_58",117,255,"Membership","BIN","ASK WHERE { <http://www.example.com/genealogy.owl#SloppyGiuseppe_58> <http://www.w3.org/1999/02/22-rdf-syntax-ns#type> <http://www.example.com/genealogy.owl#Food> }","rdf:type","TRUE",3,3
"2hop-NamedPizza_SloppyGiuseppe_58_SloppyGiuseppe_58-SloppyGiuseppe_58-rdf:type-American-NEG-BIN","NamedPizza_SloppyGiuseppe_58",117,255,"Membership","BIN","ASK WHERE { <http://www.example.com/genealogy.owl#SloppyGiuseppe_58> <http://www.w3.org/1999/02/22-rdf-syntax-ns#type> <http://www.example.com/genealogy.owl#American> }","rdf:type","FALSE",3,3
"2hop-NamedPizza_SloppyGiuseppe_98_SloppyGiuseppe_98-SloppyGiuseppe_98-hasIngredient-MC","NamedPizza_SloppyGiuseppe_98",117,255,"Property Assertion","MC","SELECT ?x WHERE { <http://www.example.com/genealogy.owl#SloppyGiuseppe_98> <http://www.example.com/genealogy.owl#hasIngredient> ?x }","hasIngredient","GreenPepperTopping_dynamic_1; HotSpicedBeefTopping_dynamic_1; MozzarellaTopping_dynamic_1; OnionTopping_dynamic_1; TomatoTopping_dynamic_1",2,2
"2hop-NamedPizza_SloppyGiuseppe_98_SloppyGiuseppe_98-SloppyGiuseppe_98-hasTopping-GreenPepperTopping_dynamic_1-BIN","NamedPizza_SloppyGiuseppe_98",117,255,"Property Assertion","BIN","ASK WHERE { <http://www.example.com/genealogy.owl#SloppyGiuseppe_98> <http://www.example.com/genealogy.owl#hasTopping> <http://www.example.com/genealogy.owl#GreenPepperTopping_dynamic_1> }","hasTopping","TRUE",1,1
"2hop-NamedPizza_SloppyGiuseppe_98_SloppyGiuseppe_98-SloppyGiuseppe_98-hasTopping-AmericanHot_131-NEG-BIN","NamedPizza_SloppyGiuseppe_98",117,255,"Property Assertion","BIN","ASK WHERE { <http://www.example.com/genealogy.owl#SloppyGiuseppe_98> <http://www.example.com/genealogy.owl#hasTopping> <http://www.example.com/genealogy.owl#AmericanHot_131> }","hasTopping","FALSE",1,1
"2hop-NamedPizza_SloppyGiuseppe_98_SloppyGiuseppe_98-SloppyGiuseppe_98-hasTopping-MC","NamedPizza_SloppyGiuseppe_98",117,255,"Property Assertion","MC","SELECT ?x WHERE { <http://www.example.com/genealogy.owl#SloppyGiuseppe_98> <http://www.example.com/genealogy.owl#hasTopping> ?x }","hasTopping","GreenPepperTopping_dynamic_1; HotSpicedBeefTopping_dynamic_1; MozzarellaTopping_dynamic_1; OnionTopping_dynamic_1; TomatoTopping_dynamic_1",1,1
"2hop-NamedPizza_SloppyGiuseppe_98_SloppyGiuseppe_98-SloppyGiuseppe_98-rdf:type-MC","NamedPizza_SloppyGiuseppe_98",117,255,"Membership","MC","SELECT ?x WHERE { <http://www.example.com/genealogy.owl#SloppyGiuseppe_98> <http://www.w3.org/1999/02/22-rdf-syntax-ns#type> ?x }","rdf:type","DomainConcept; Food; Pizza",4,4
"2hop-NamedPizza_SloppyGiuseppe_98_SloppyGiuseppe_98-SloppyGiuseppe_98-rdf:type-Food-BIN","NamedPizza_SloppyGiuseppe_98",117,255,"Membership","BIN","ASK WHERE { <http://www.example.com/genealogy.owl#SloppyGiuseppe_98> <http://www.w3.org/1999/02/22-rdf-syntax-ns#type> <http://www.example.com/genealogy.owl#Food> }","rdf:type","TRUE",3,3
"2hop-NamedPizza_SloppyGiuseppe_98_SloppyGiuseppe_98-SloppyGiuseppe_98-rdf:type-American-NEG-BIN","NamedPizza_SloppyGiuseppe_98",117,255,"Membership","BIN","ASK WHERE { <http://www.example.com/genealogy.owl#SloppyGiuseppe_98> <http://www.w3.org/1999/02/22-rdf-syntax-ns#type> <http://www.example.com/genealogy.owl#American> }","rdf:type","FALSE",3,3
"2hop-NamedPizza_SloppyGiuseppe_98_SloppyGiuseppe_98-SloppyGiuseppe_98-hasIngredient-GreenPepperTopping_dynamic_1-BIN","NamedPizza_SloppyGiuseppe_98",117,255,"Property Assertion","BIN","ASK WHERE { <http://www.example.com/genealogy.owl#SloppyGiuseppe_98> <http://www.example.com/genealogy.owl#hasIngredient> <http://www.example.com/genealogy.owl#GreenPepperTopping_dynamic_1> }","hasIngredient","TRUE",2,2
"2hop-NamedPizza_SloppyGiuseppe_98_SloppyGiuseppe_98-SloppyGiuseppe_98-hasIngredient-AmericanHot_131-NEG-BIN","NamedPizza_SloppyGiuseppe_98",117,255,"Property Assertion","BIN","ASK WHERE { <http://www.example.com/genealogy.owl#SloppyGiuseppe_98> <http://www.example.com/genealogy.owl#hasIngredient> <http://www.example.com/genealogy.owl#AmericanHot_131> }","hasIngredient","FALSE",2,2
"2hop-NamedPizza_Soho_104_Soho_104-Soho_104-hasIngredient-MC","NamedPizza_Soho_104",117,256,"Property Assertion","MC","SELECT ?x WHERE { <http://www.example.com/genealogy.owl#Soho_104> <http://www.example.com/genealogy.owl#hasIngredient> ?x }","hasIngredient","GarlicTopping_dynamic_1; MozzarellaTopping_dynamic_1; OliveTopping_dynamic_1; ParmesanTopping_dynamic_1; RocketTopping_dynamic_1; TomatoTopping_dynamic_1",2,2
"2hop-NamedPizza_Soho_104_Soho_104-Soho_104-hasIngredient-GarlicTopping_dynamic_1-BIN","NamedPizza_Soho_104",117,256,"Property Assertion","BIN","ASK WHERE { <http://www.example.com/genealogy.owl#Soho_104> <http://www.example.com/genealogy.owl#hasIngredient> <http://www.example.com/genealogy.owl#GarlicTopping_dynamic_1> }","hasIngredient","TRUE",2,2
"2hop-NamedPizza_Soho_104_Soho_104-Soho_104-hasIngredient-AmericanHot_131-NEG-BIN","NamedPizza_Soho_104",117,256,"Property Assertion","BIN","ASK WHERE { <http://www.example.com/genealogy.owl#Soho_104> <http://www.example.com/genealogy.owl#hasIngredient> <http://www.example.com/genealogy.owl#AmericanHot_131> }","hasIngredient","FALSE",2,2
"2hop-NamedPizza_Soho_104_Soho_104-Soho_104-hasTopping-GarlicTopping_dynamic_1-BIN","NamedPizza_Soho_104",117,256,"Property Assertion","BIN","ASK WHERE { <http://www.example.com/genealogy.owl#Soho_104> <http://www.example.com/genealogy.owl#hasTopping> <http://www.example.com/genealogy.owl#GarlicTopping_dynamic_1> }","hasTopping","TRUE",1,1
"2hop-NamedPizza_Soho_104_Soho_104-Soho_104-hasTopping-AmericanHot_131-NEG-BIN","NamedPizza_Soho_104",117,256,"Property Assertion","BIN","ASK WHERE { <http://www.example.com/genealogy.owl#Soho_104> <http://www.example.com/genealogy.owl#hasTopping> <http://www.example.com/genealogy.owl#AmericanHot_131> }","hasTopping","FALSE",1,1
"2hop-NamedPizza_Soho_104_Soho_104-Soho_104-hasTopping-MC","NamedPizza_Soho_104",117,256,"Property Assertion","MC","SELECT ?x WHERE { <http://www.example.com/genealogy.owl#Soho_104> <http://www.example.com/genealogy.owl#hasTopping> ?x }","hasTopping","GarlicTopping_dynamic_1; MozzarellaTopping_dynamic_1; OliveTopping_dynamic_1; ParmesanTopping_dynamic_1; RocketTopping_dynamic_1; TomatoTopping_dynamic_1",1,1
"2hop-NamedPizza_Soho_104_Soho_104-Soho_104-rdf:type-MC","NamedPizza_Soho_104",117,256,"Membership","MC","SELECT ?x WHERE { <http://www.example.com/genealogy.owl#Soho_104> <http://www.w3.org/1999/02/22-rdf-syntax-ns#type> ?x }","rdf:type","DomainConcept; Food; Pizza",2,2
"2hop-NamedPizza_Soho_104_Soho_104-Soho_104-rdf:type-Food-BIN","NamedPizza_Soho_104",117,256,"Membership","BIN","ASK WHERE { <http://www.example.com/genealogy.owl#Soho_104> <http://www.w3.org/1999/02/22-rdf-syntax-ns#type> <http://www.example.com/genealogy.owl#Food> }","rdf:type","TRUE",3,3
"2hop-NamedPizza_Soho_104_Soho_104-Soho_104-rdf:type-American-NEG-BIN","NamedPizza_Soho_104",117,256,"Membership","BIN","ASK WHERE { <http://www.example.com/genealogy.owl#Soho_104> <http://www.w3.org/1999/02/22-rdf-syntax-ns#type> <http://www.example.com/genealogy.owl#American> }","rdf:type","FALSE",3,3
"2hop-NamedPizza_Soho_105_Soho_105-Soho_105-hasIngredient-GarlicTopping_dynamic_1-BIN","NamedPizza_Soho_105",117,256,"Property Assertion","BIN","ASK WHERE { <http://www.example.com/genealogy.owl#Soho_105> <http://www.example.com/genealogy.owl#hasIngredient> <http://www.example.com/genealogy.owl#GarlicTopping_dynamic_1> }","hasIngredient","TRUE",2,2
"2hop-NamedPizza_Soho_105_Soho_105-Soho_105-hasIngredient-AmericanHot_131-NEG-BIN","NamedPizza_Soho_105",117,256,"Property Assertion","BIN","ASK WHERE { <http://www.example.com/genealogy.owl#Soho_105> <http://www.example.com/genealogy.owl#hasIngredient> <http://www.example.com/genealogy.owl#AmericanHot_131> }","hasIngredient","FALSE",2,2
"2hop-NamedPizza_Soho_105_Soho_105-Soho_105-hasIngredient-MC","NamedPizza_Soho_105",117,256,"Property Assertion","MC","SELECT ?x WHERE { <http://www.example.com/genealogy.owl#Soho_105> <http://www.example.com/genealogy.owl#hasIngredient> ?x }","hasIngredient","GarlicTopping_dynamic_1; MozzarellaTopping_dynamic_1; OliveTopping_dynamic_1; ParmesanTopping_dynamic_1; RocketTopping_dynamic_1; TomatoTopping_dynamic_1",2,2
"2hop-NamedPizza_Soho_105_Soho_105-Soho_105-hasTopping-MC","NamedPizza_Soho_105",117,256,"Property Assertion","MC","SELECT ?x WHERE { <http://www.example.com/genealogy.owl#Soho_105> <http://www.example.com/genealogy.owl#hasTopping> ?x }","hasTopping","GarlicTopping_dynamic_1; MozzarellaTopping_dynamic_1; OliveTopping_dynamic_1; ParmesanTopping_dynamic_1; RocketTopping_dynamic_1; TomatoTopping_dynamic_1",1,1
"2hop-NamedPizza_Soho_105_Soho_105-Soho_105-hasTopping-GarlicTopping_dynamic_1-BIN","NamedPizza_Soho_105",117,256,"Property Assertion","BIN","ASK WHERE { <http://www.example.com/genealogy.owl#Soho_105> <http://www.example.com/genealogy.owl#hasTopping> <http://www.example.com/genealogy.owl#GarlicTopping_dynamic_1> }","hasTopping","TRUE",1,1
"2hop-NamedPizza_Soho_105_Soho_105-Soho_105-hasTopping-AmericanHot_131-NEG-BIN","NamedPizza_Soho_105",117,256,"Property Assertion","BIN","ASK WHERE { <http://www.example.com/genealogy.owl#Soho_105> <http://www.example.com/genealogy.owl#hasTopping> <http://www.example.com/genealogy.owl#AmericanHot_131> }","hasTopping","FALSE",1,1
"2hop-NamedPizza_Soho_105_Soho_105-Soho_105-rdf:type-MC","NamedPizza_Soho_105",117,256,"Membership","MC","SELECT ?x WHERE { <http://www.example.com/genealogy.owl#Soho_105> <http://www.w3.org/1999/02/22-rdf-syntax-ns#type> ?x }","rdf:type","DomainConcept; Food; Pizza",4,4
"2hop-NamedPizza_Soho_105_Soho_105-Soho_105-rdf:type-Food-BIN","NamedPizza_Soho_105",117,256,"Membership","BIN","ASK WHERE { <http://www.example.com/genealogy.owl#Soho_105> <http://www.w3.org/1999/02/22-rdf-syntax-ns#type> <http://www.example.com/genealogy.owl#Food> }","rdf:type","TRUE",3,3
"2hop-NamedPizza_Soho_105_Soho_105-Soho_105-rdf:type-American-NEG-BIN","NamedPizza_Soho_105",117,256,"Membership","BIN","ASK WHERE { <http://www.example.com/genealogy.owl#Soho_105> <http://www.w3.org/1999/02/22-rdf-syntax-ns#type> <http://www.example.com/genealogy.owl#American> }","rdf:type","FALSE",3,3
"2hop-NamedPizza_Soho_106_Soho_106-Soho_106-hasIngredient-GarlicTopping_dynamic_1-BIN","NamedPizza_Soho_106",117,256,"Property Assertion","BIN","ASK WHERE { <http://www.example.com/genealogy.owl#Soho_106> <http://www.example.com/genealogy.owl#hasIngredient> <http://www.example.com/genealogy.owl#GarlicTopping_dynamic_1> }","hasIngredient","TRUE",2,2
"2hop-NamedPizza_Soho_106_Soho_106-Soho_106-hasIngredient-AmericanHot_131-NEG-BIN","NamedPizza_Soho_106",117,256,"Property Assertion","BIN","ASK WHERE { <http://www.example.com/genealogy.owl#Soho_106> <http://www.example.com/genealogy.owl#hasIngredient> <http://www.example.com/genealogy.owl#AmericanHot_131> }","hasIngredient","FALSE",2,2
"2hop-NamedPizza_Soho_106_Soho_106-Soho_106-hasIngredient-MC","NamedPizza_Soho_106",117,256,"Property Assertion","MC","SELECT ?x WHERE { <http://www.example.com/genealogy.owl#Soho_106> <http://www.example.com/genealogy.owl#hasIngredient> ?x }","hasIngredient","GarlicTopping_dynamic_1; MozzarellaTopping_dynamic_1; OliveTopping_dynamic_1; ParmesanTopping_dynamic_1; RocketTopping_dynamic_1; TomatoTopping_dynamic_1",2,2
"2hop-NamedPizza_Soho_106_Soho_106-Soho_106-rdf:type-Food-BIN","NamedPizza_Soho_106",117,256,"Membership","BIN","ASK WHERE { <http://www.example.com/genealogy.owl#Soho_106> <http://www.w3.org/1999/02/22-rdf-syntax-ns#type> <http://www.example.com/genealogy.owl#Food> }","rdf:type","TRUE",3,3
"2hop-NamedPizza_Soho_106_Soho_106-Soho_106-rdf:type-American-NEG-BIN","NamedPizza_Soho_106",117,256,"Membership","BIN","ASK WHERE { <http://www.example.com/genealogy.owl#Soho_106> <http://www.w3.org/1999/02/22-rdf-syntax-ns#type> <http://www.example.com/genealogy.owl#American> }","rdf:type","FALSE",3,3
"2hop-NamedPizza_Soho_106_Soho_106-Soho_106-rdf:type-MC","NamedPizza_Soho_106",117,256,"Membership","MC","SELECT ?x WHERE { <http://www.example.com/genealogy.owl#Soho_106> <http://www.w3.org/1999/02/22-rdf-syntax-ns#type> ?x }","rdf:type","DomainConcept; Food; Pizza",3,3
"2hop-NamedPizza_Soho_106_Soho_106-Soho_106-hasTopping-MC","NamedPizza_Soho_106",117,256,"Property Assertion","MC","SELECT ?x WHERE { <http://www.example.com/genealogy.owl#Soho_106> <http://www.example.com/genealogy.owl#hasTopping> ?x }","hasTopping","GarlicTopping_dynamic_1; MozzarellaTopping_dynamic_1; OliveTopping_dynamic_1; ParmesanTopping_dynamic_1; RocketTopping_dynamic_1; TomatoTopping_dynamic_1",1,1
"2hop-NamedPizza_Soho_106_Soho_106-Soho_106-hasTopping-GarlicTopping_dynamic_1-BIN","NamedPizza_Soho_106",117,256,"Property Assertion","BIN","ASK WHERE { <http://www.example.com/genealogy.owl#Soho_106> <http://www.example.com/genealogy.owl#hasTopping> <http://www.example.com/genealogy.owl#GarlicTopping_dynamic_1> }","hasTopping","TRUE",1,1
"2hop-NamedPizza_Soho_106_Soho_106-Soho_106-hasTopping-AmericanHot_131-NEG-BIN","NamedPizza_Soho_106",117,256,"Property Assertion","BIN","ASK WHERE { <http://www.example.com/genealogy.owl#Soho_106> <http://www.example.com/genealogy.owl#hasTopping> <http://www.example.com/genealogy.owl#AmericanHot_131> }","hasTopping","FALSE",1,1
"2hop-NamedPizza_Soho_134_Soho_134-Soho_134-rdf:type-MC","NamedPizza_Soho_134",117,256,"Membership","MC","SELECT ?x WHERE { <http://www.example.com/genealogy.owl#Soho_134> <http://www.w3.org/1999/02/22-rdf-syntax-ns#type> ?x }","rdf:type","DomainConcept; Food; Pizza",4,4
"2hop-NamedPizza_Soho_134_Soho_134-Soho_134-hasTopping-GarlicTopping_dynamic_1-BIN","NamedPizza_Soho_134",117,256,"Property Assertion","BIN","ASK WHERE { <http://www.example.com/genealogy.owl#Soho_134> <http://www.example.com/genealogy.owl#hasTopping> <http://www.example.com/genealogy.owl#GarlicTopping_dynamic_1> }","hasTopping","TRUE",1,1
"2hop-NamedPizza_Soho_134_Soho_134-Soho_134-hasTopping-AmericanHot_131-NEG-BIN","NamedPizza_Soho_134",117,256,"Property Assertion","BIN","ASK WHERE { <http://www.example.com/genealogy.owl#Soho_134> <http://www.example.com/genealogy.owl#hasTopping> <http://www.example.com/genealogy.owl#AmericanHot_131> }","hasTopping","FALSE",1,1
"2hop-NamedPizza_Soho_134_Soho_134-Soho_134-hasTopping-MC","NamedPizza_Soho_134",117,256,"Property Assertion","MC","SELECT ?x WHERE { <http://www.example.com/genealogy.owl#Soho_134> <http://www.example.com/genealogy.owl#hasTopping> ?x }","hasTopping","GarlicTopping_dynamic_1; MozzarellaTopping_dynamic_1; OliveTopping_dynamic_1; ParmesanTopping_dynamic_1; RocketTopping_dynamic_1; TomatoTopping_dynamic_1",1,1
"2hop-NamedPizza_Soho_134_Soho_134-Soho_134-hasIngredient-GarlicTopping_dynamic_1-BIN","NamedPizza_Soho_134",117,256,"Property Assertion","BIN","ASK WHERE { <http://www.example.com/genealogy.owl#Soho_134> <http://www.example.com/genealogy.owl#hasIngredient> <http://www.example.com/genealogy.owl#GarlicTopping_dynamic_1> }","hasIngredient","TRUE",2,2
"2hop-NamedPizza_Soho_134_Soho_134-Soho_134-hasIngredient-AmericanHot_131-NEG-BIN","NamedPizza_Soho_134",117,256,"Property Assertion","BIN","ASK WHERE { <http://www.example.com/genealogy.owl#Soho_134> <http://www.example.com/genealogy.owl#hasIngredient> <http://www.example.com/genealogy.owl#AmericanHot_131> }","hasIngredient","FALSE",2,2
"2hop-NamedPizza_Soho_134_Soho_134-Soho_134-hasIngredient-MC","NamedPizza_Soho_134",117,256,"Property Assertion","MC","SELECT ?x WHERE { <http://www.example.com/genealogy.owl#Soho_134> <http://www.example.com/genealogy.owl#hasIngredient> ?x }","hasIngredient","GarlicTopping_dynamic_1; MozzarellaTopping_dynamic_1; OliveTopping_dynamic_1; ParmesanTopping_dynamic_1; RocketTopping_dynamic_1; TomatoTopping_dynamic_1",2,2
"2hop-NamedPizza_Soho_134_Soho_134-Soho_134-rdf:type-Food-BIN","NamedPizza_Soho_134",117,256,"Membership","BIN","ASK WHERE { <http://www.example.com/genealogy.owl#Soho_134> <http://www.w3.org/1999/02/22-rdf-syntax-ns#type> <http://www.example.com/genealogy.owl#Food> }","rdf:type","TRUE",3,3
"2hop-NamedPizza_Soho_134_Soho_134-Soho_134-rdf:type-American-NEG-BIN","NamedPizza_Soho_134",117,256,"Membership","BIN","ASK WHERE { <http://www.example.com/genealogy.owl#Soho_134> <http://www.w3.org/1999/02/22-rdf-syntax-ns#type> <http://www.example.com/genealogy.owl#American> }","rdf:type","FALSE",3,3
"2hop-NamedPizza_Soho_14_Soho_14-Soho_14-hasIngredient-MC","NamedPizza_Soho_14",117,256,"Property Assertion","MC","SELECT ?x WHERE { <http://www.example.com/genealogy.owl#Soho_14> <http://www.example.com/genealogy.owl#hasIngredient> ?x }","hasIngredient","GarlicTopping_dynamic_1; MozzarellaTopping_dynamic_1; OliveTopping_dynamic_1; ParmesanTopping_dynamic_1; RocketTopping_dynamic_1; TomatoTopping_dynamic_1",2,2
"2hop-NamedPizza_Soho_14_Soho_14-Soho_14-hasTopping-MC","NamedPizza_Soho_14",117,256,"Property Assertion","MC","SELECT ?x WHERE { <http://www.example.com/genealogy.owl#Soho_14> <http://www.example.com/genealogy.owl#hasTopping> ?x }","hasTopping","GarlicTopping_dynamic_1; MozzarellaTopping_dynamic_1; OliveTopping_dynamic_1; ParmesanTopping_dynamic_1; RocketTopping_dynamic_1; TomatoTopping_dynamic_1",1,1
"2hop-NamedPizza_Soho_14_Soho_14-Soho_14-rdf:type-MC","NamedPizza_Soho_14",117,256,"Membership","MC","SELECT ?x WHERE { <http://www.example.com/genealogy.owl#Soho_14> <http://www.w3.org/1999/02/22-rdf-syntax-ns#type> ?x }","rdf:type","DomainConcept; Food; Pizza",4,4
"2hop-NamedPizza_Soho_14_Soho_14-Soho_14-rdf:type-Food-BIN","NamedPizza_Soho_14",117,256,"Membership","BIN","ASK WHERE { <http://www.example.com/genealogy.owl#Soho_14> <http://www.w3.org/1999/02/22-rdf-syntax-ns#type> <http://www.example.com/genealogy.owl#Food> }","rdf:type","TRUE",3,3
"2hop-NamedPizza_Soho_14_Soho_14-Soho_14-rdf:type-American-NEG-BIN","NamedPizza_Soho_14",117,256,"Membership","BIN","ASK WHERE { <http://www.example.com/genealogy.owl#Soho_14> <http://www.w3.org/1999/02/22-rdf-syntax-ns#type> <http://www.example.com/genealogy.owl#American> }","rdf:type","FALSE",3,3
"2hop-NamedPizza_Soho_14_Soho_14-Soho_14-hasIngredient-GarlicTopping_dynamic_1-BIN","NamedPizza_Soho_14",117,256,"Property Assertion","BIN","ASK WHERE { <http://www.example.com/genealogy.owl#Soho_14> <http://www.example.com/genealogy.owl#hasIngredient> <http://www.example.com/genealogy.owl#GarlicTopping_dynamic_1> }","hasIngredient","TRUE",2,2
"2hop-NamedPizza_Soho_14_Soho_14-Soho_14-hasIngredient-AmericanHot_131-NEG-BIN","NamedPizza_Soho_14",117,256,"Property Assertion","BIN","ASK WHERE { <http://www.example.com/genealogy.owl#Soho_14> <http://www.example.com/genealogy.owl#hasIngredient> <http://www.example.com/genealogy.owl#AmericanHot_131> }","hasIngredient","FALSE",2,2
"2hop-NamedPizza_Soho_14_Soho_14-Soho_14-hasTopping-GarlicTopping_dynamic_1-BIN","NamedPizza_Soho_14",117,256,"Property Assertion","BIN","ASK WHERE { <http://www.example.com/genealogy.owl#Soho_14> <http://www.example.com/genealogy.owl#hasTopping> <http://www.example.com/genealogy.owl#GarlicTopping_dynamic_1> }","hasTopping","TRUE",1,1
"2hop-NamedPizza_Soho_14_Soho_14-Soho_14-hasTopping-AmericanHot_131-NEG-BIN","NamedPizza_Soho_14",117,256,"Property Assertion","BIN","ASK WHERE { <http://www.example.com/genealogy.owl#Soho_14> <http://www.example.com/genealogy.owl#hasTopping> <http://www.example.com/genealogy.owl#AmericanHot_131> }","hasTopping","FALSE",1,1
"2hop-NamedPizza_Soho_142_Soho_142-Soho_142-hasTopping-MC","NamedPizza_Soho_142",117,256,"Property Assertion","MC","SELECT ?x WHERE { <http://www.example.com/genealogy.owl#Soho_142> <http://www.example.com/genealogy.owl#hasTopping> ?x }","hasTopping","GarlicTopping_dynamic_1; MozzarellaTopping_dynamic_1; OliveTopping_dynamic_1; ParmesanTopping_dynamic_1; RocketTopping_dynamic_1; TomatoTopping_dynamic_1",1,1
"2hop-NamedPizza_Soho_142_Soho_142-Soho_142-hasIngredient-MC","NamedPizza_Soho_142",117,256,"Property Assertion","MC","SELECT ?x WHERE { <http://www.example.com/genealogy.owl#Soho_142> <http://www.example.com/genealogy.owl#hasIngredient> ?x }","hasIngredient","GarlicTopping_dynamic_1; MozzarellaTopping_dynamic_1; OliveTopping_dynamic_1; ParmesanTopping_dynamic_1; RocketTopping_dynamic_1; TomatoTopping_dynamic_1",2,2
"2hop-NamedPizza_Soho_142_Soho_142-Soho_142-rdf:type-Food-BIN","NamedPizza_Soho_142",117,256,"Membership","BIN","ASK WHERE { <http://www.example.com/genealogy.owl#Soho_142> <http://www.w3.org/1999/02/22-rdf-syntax-ns#type> <http://www.example.com/genealogy.owl#Food> }","rdf:type","TRUE",3,3
"2hop-NamedPizza_Soho_142_Soho_142-Soho_142-rdf:type-American-NEG-BIN","NamedPizza_Soho_142",117,256,"Membership","BIN","ASK WHERE { <http://www.example.com/genealogy.owl#Soho_142> <http://www.w3.org/1999/02/22-rdf-syntax-ns#type> <http://www.example.com/genealogy.owl#American> }","rdf:type","FALSE",3,3
"2hop-NamedPizza_Soho_142_Soho_142-Soho_142-rdf:type-MC","NamedPizza_Soho_142",117,256,"Membership","MC","SELECT ?x WHERE { <http://www.example.com/genealogy.owl#Soho_142> <http://www.w3.org/1999/02/22-rdf-syntax-ns#type> ?x }","rdf:type","DomainConcept; Food; Pizza",3,3
"2hop-NamedPizza_Soho_142_Soho_142-Soho_142-hasTopping-GarlicTopping_dynamic_1-BIN","NamedPizza_Soho_142",117,256,"Property Assertion","BIN","ASK WHERE { <http://www.example.com/genealogy.owl#Soho_142> <http://www.example.com/genealogy.owl#hasTopping> <http://www.example.com/genealogy.owl#GarlicTopping_dynamic_1> }","hasTopping","TRUE",1,1
"2hop-NamedPizza_Soho_142_Soho_142-Soho_142-hasTopping-AmericanHot_131-NEG-BIN","NamedPizza_Soho_142",117,256,"Property Assertion","BIN","ASK WHERE { <http://www.example.com/genealogy.owl#Soho_142> <http://www.example.com/genealogy.owl#hasTopping> <http://www.example.com/genealogy.owl#AmericanHot_131> }","hasTopping","FALSE",1,1
"2hop-NamedPizza_Soho_142_Soho_142-Soho_142-hasIngredient-GarlicTopping_dynamic_1-BIN","NamedPizza_Soho_142",117,256,"Property Assertion","BIN","ASK WHERE { <http://www.example.com/genealogy.owl#Soho_142> <http://www.example.com/genealogy.owl#hasIngredient> <http://www.example.com/genealogy.owl#GarlicTopping_dynamic_1> }","hasIngredient","TRUE",2,2
"2hop-NamedPizza_Soho_142_Soho_142-Soho_142-hasIngredient-AmericanHot_131-NEG-BIN","NamedPizza_Soho_142",117,256,"Property Assertion","BIN","ASK WHERE { <http://www.example.com/genealogy.owl#Soho_142> <http://www.example.com/genealogy.owl#hasIngredient> <http://www.example.com/genealogy.owl#AmericanHot_131> }","hasIngredient","FALSE",2,2
"2hop-NamedPizza_Soho_180_Soho_180-Soho_180-hasIngredient-MC","NamedPizza_Soho_180",117,256,"Property Assertion","MC","SELECT ?x WHERE { <http://www.example.com/genealogy.owl#Soho_180> <http://www.example.com/genealogy.owl#hasIngredient> ?x }","hasIngredient","GarlicTopping_dynamic_1; MozzarellaTopping_dynamic_1; OliveTopping_dynamic_1; ParmesanTopping_dynamic_1; RocketTopping_dynamic_1; TomatoTopping_dynamic_1",2,2
"2hop-NamedPizza_Soho_180_Soho_180-Soho_180-hasTopping-MC","NamedPizza_Soho_180",117,256,"Property Assertion","MC","SELECT ?x WHERE { <http://www.example.com/genealogy.owl#Soho_180> <http://www.example.com/genealogy.owl#hasTopping> ?x }","hasTopping","GarlicTopping_dynamic_1; MozzarellaTopping_dynamic_1; OliveTopping_dynamic_1; ParmesanTopping_dynamic_1; RocketTopping_dynamic_1; TomatoTopping_dynamic_1",1,1
"2hop-NamedPizza_Soho_180_Soho_180-Soho_180-rdf:type-Food-BIN","NamedPizza_Soho_180",117,256,"Membership","BIN","ASK WHERE { <http://www.example.com/genealogy.owl#Soho_180> <http://www.w3.org/1999/02/22-rdf-syntax-ns#type> <http://www.example.com/genealogy.owl#Food> }","rdf:type","TRUE",3,3
"2hop-NamedPizza_Soho_180_Soho_180-Soho_180-rdf:type-American-NEG-BIN","NamedPizza_Soho_180",117,256,"Membership","BIN","ASK WHERE { <http://www.example.com/genealogy.owl#Soho_180> <http://www.w3.org/1999/02/22-rdf-syntax-ns#type> <http://www.example.com/genealogy.owl#American> }","rdf:type","FALSE",3,3
"2hop-NamedPizza_Soho_180_Soho_180-Soho_180-rdf:type-MC","NamedPizza_Soho_180",117,256,"Membership","MC","SELECT ?x WHERE { <http://www.example.com/genealogy.owl#Soho_180> <http://www.w3.org/1999/02/22-rdf-syntax-ns#type> ?x }","rdf:type","DomainConcept; Food; Pizza",3,3
"2hop-NamedPizza_Soho_180_Soho_180-Soho_180-hasIngredient-GarlicTopping_dynamic_1-BIN","NamedPizza_Soho_180",117,256,"Property Assertion","BIN","ASK WHERE { <http://www.example.com/genealogy.owl#Soho_180> <http://www.example.com/genealogy.owl#hasIngredient> <http://www.example.com/genealogy.owl#GarlicTopping_dynamic_1> }","hasIngredient","TRUE",2,2
"2hop-NamedPizza_Soho_180_Soho_180-Soho_180-hasIngredient-AmericanHot_131-NEG-BIN","NamedPizza_Soho_180",117,256,"Property Assertion","BIN","ASK WHERE { <http://www.example.com/genealogy.owl#Soho_180> <http://www.example.com/genealogy.owl#hasIngredient> <http://www.example.com/genealogy.owl#AmericanHot_131> }","hasIngredient","FALSE",2,2
"2hop-NamedPizza_Soho_180_Soho_180-Soho_180-hasTopping-GarlicTopping_dynamic_1-BIN","NamedPizza_Soho_180",117,256,"Property Assertion","BIN","ASK WHERE { <http://www.example.com/genealogy.owl#Soho_180> <http://www.example.com/genealogy.owl#hasTopping> <http://www.example.com/genealogy.owl#GarlicTopping_dynamic_1> }","hasTopping","TRUE",1,1
"2hop-NamedPizza_Soho_180_Soho_180-Soho_180-hasTopping-AmericanHot_131-NEG-BIN","NamedPizza_Soho_180",117,256,"Property Assertion","BIN","ASK WHERE { <http://www.example.com/genealogy.owl#Soho_180> <http://www.example.com/genealogy.owl#hasTopping> <http://www.example.com/genealogy.owl#AmericanHot_131> }","hasTopping","FALSE",1,1
"2hop-NamedPizza_Soho_183_Soho_183-Soho_183-rdf:type-MC","NamedPizza_Soho_183",117,256,"Membership","MC","SELECT ?x WHERE { <http://www.example.com/genealogy.owl#Soho_183> <http://www.w3.org/1999/02/22-rdf-syntax-ns#type> ?x }","rdf:type","DomainConcept; Food; Pizza",2,2
"2hop-NamedPizza_Soho_183_Soho_183-Soho_183-hasIngredient-MC","NamedPizza_Soho_183",117,256,"Property Assertion","MC","SELECT ?x WHERE { <http://www.example.com/genealogy.owl#Soho_183> <http://www.example.com/genealogy.owl#hasIngredient> ?x }","hasIngredient","GarlicTopping_dynamic_1; MozzarellaTopping_dynamic_1; OliveTopping_dynamic_1; ParmesanTopping_dynamic_1; RocketTopping_dynamic_1; TomatoTopping_dynamic_1",2,2
"2hop-NamedPizza_Soho_183_Soho_183-Soho_183-hasTopping-GarlicTopping_dynamic_1-BIN","NamedPizza_Soho_183",117,256,"Property Assertion","BIN","ASK WHERE { <http://www.example.com/genealogy.owl#Soho_183> <http://www.example.com/genealogy.owl#hasTopping> <http://www.example.com/genealogy.owl#GarlicTopping_dynamic_1> }","hasTopping","TRUE",1,1
"2hop-NamedPizza_Soho_183_Soho_183-Soho_183-hasTopping-AmericanHot_131-NEG-BIN","NamedPizza_Soho_183",117,256,"Property Assertion","BIN","ASK WHERE { <http://www.example.com/genealogy.owl#Soho_183> <http://www.example.com/genealogy.owl#hasTopping> <http://www.example.com/genealogy.owl#AmericanHot_131> }","hasTopping","FALSE",1,1
"2hop-NamedPizza_Soho_183_Soho_183-Soho_183-hasTopping-MC","NamedPizza_Soho_183",117,256,"Property Assertion","MC","SELECT ?x WHERE { <http://www.example.com/genealogy.owl#Soho_183> <http://www.example.com/genealogy.owl#hasTopping> ?x }","hasTopping","GarlicTopping_dynamic_1; MozzarellaTopping_dynamic_1; OliveTopping_dynamic_1; ParmesanTopping_dynamic_1; RocketTopping_dynamic_1; TomatoTopping_dynamic_1",1,1
"2hop-NamedPizza_Soho_183_Soho_183-Soho_183-hasIngredient-GarlicTopping_dynamic_1-BIN","NamedPizza_Soho_183",117,256,"Property Assertion","BIN","ASK WHERE { <http://www.example.com/genealogy.owl#Soho_183> <http://www.example.com/genealogy.owl#hasIngredient> <http://www.example.com/genealogy.owl#GarlicTopping_dynamic_1> }","hasIngredient","TRUE",2,2
"2hop-NamedPizza_Soho_183_Soho_183-Soho_183-hasIngredient-AmericanHot_131-NEG-BIN","NamedPizza_Soho_183",117,256,"Property Assertion","BIN","ASK WHERE { <http://www.example.com/genealogy.owl#Soho_183> <http://www.example.com/genealogy.owl#hasIngredient> <http://www.example.com/genealogy.owl#AmericanHot_131> }","hasIngredient","FALSE",2,2
"2hop-NamedPizza_Soho_183_Soho_183-Soho_183-rdf:type-Food-BIN","NamedPizza_Soho_183",117,256,"Membership","BIN","ASK WHERE { <http://www.example.com/genealogy.owl#Soho_183> <http://www.w3.org/1999/02/22-rdf-syntax-ns#type> <http://www.example.com/genealogy.owl#Food> }","rdf:type","TRUE",3,3
"2hop-NamedPizza_Soho_183_Soho_183-Soho_183-rdf:type-American-NEG-BIN","NamedPizza_Soho_183",117,256,"Membership","BIN","ASK WHERE { <http://www.example.com/genealogy.owl#Soho_183> <http://www.w3.org/1999/02/22-rdf-syntax-ns#type> <http://www.example.com/genealogy.owl#American> }","rdf:type","FALSE",3,3
"2hop-NamedPizza_Soho_204_Soho_204-Soho_204-hasIngredient-GarlicTopping_dynamic_1-BIN","NamedPizza_Soho_204",117,256,"Property Assertion","BIN","ASK WHERE { <http://www.example.com/genealogy.owl#Soho_204> <http://www.example.com/genealogy.owl#hasIngredient> <http://www.example.com/genealogy.owl#GarlicTopping_dynamic_1> }","hasIngredient","TRUE",2,2
"2hop-NamedPizza_Soho_204_Soho_204-Soho_204-hasIngredient-AmericanHot_131-NEG-BIN","NamedPizza_Soho_204",117,256,"Property Assertion","BIN","ASK WHERE { <http://www.example.com/genealogy.owl#Soho_204> <http://www.example.com/genealogy.owl#hasIngredient> <http://www.example.com/genealogy.owl#AmericanHot_131> }","hasIngredient","FALSE",2,2
"2hop-NamedPizza_Soho_204_Soho_204-Soho_204-hasIngredient-MC","NamedPizza_Soho_204",117,256,"Property Assertion","MC","SELECT ?x WHERE { <http://www.example.com/genealogy.owl#Soho_204> <http://www.example.com/genealogy.owl#hasIngredient> ?x }","hasIngredient","GarlicTopping_dynamic_1; MozzarellaTopping_dynamic_1; OliveTopping_dynamic_1; ParmesanTopping_dynamic_1; RocketTopping_dynamic_1; TomatoTopping_dynamic_1",2,2
"2hop-NamedPizza_Soho_204_Soho_204-Soho_204-hasTopping-MC","NamedPizza_Soho_204",117,256,"Property Assertion","MC","SELECT ?x WHERE { <http://www.example.com/genealogy.owl#Soho_204> <http://www.example.com/genealogy.owl#hasTopping> ?x }","hasTopping","GarlicTopping_dynamic_1; MozzarellaTopping_dynamic_1; OliveTopping_dynamic_1; ParmesanTopping_dynamic_1; RocketTopping_dynamic_1; TomatoTopping_dynamic_1",1,1
"2hop-NamedPizza_Soho_204_Soho_204-Soho_204-rdf:type-Food-BIN","NamedPizza_Soho_204",117,256,"Membership","BIN","ASK WHERE { <http://www.example.com/genealogy.owl#Soho_204> <http://www.w3.org/1999/02/22-rdf-syntax-ns#type> <http://www.example.com/genealogy.owl#Food> }","rdf:type","TRUE",3,3
"2hop-NamedPizza_Soho_204_Soho_204-Soho_204-rdf:type-American-NEG-BIN","NamedPizza_Soho_204",117,256,"Membership","BIN","ASK WHERE { <http://www.example.com/genealogy.owl#Soho_204> <http://www.w3.org/1999/02/22-rdf-syntax-ns#type> <http://www.example.com/genealogy.owl#American> }","rdf:type","FALSE",3,3
"2hop-NamedPizza_Soho_204_Soho_204-Soho_204-rdf:type-MC","NamedPizza_Soho_204",117,256,"Membership","MC","SELECT ?x WHERE { <http://www.example.com/genealogy.owl#Soho_204> <http://www.w3.org/1999/02/22-rdf-syntax-ns#type> ?x }","rdf:type","DomainConcept; Food; Pizza",3,3
"2hop-NamedPizza_Soho_204_Soho_204-Soho_204-hasTopping-GarlicTopping_dynamic_1-BIN","NamedPizza_Soho_204",117,256,"Property Assertion","BIN","ASK WHERE { <http://www.example.com/genealogy.owl#Soho_204> <http://www.example.com/genealogy.owl#hasTopping> <http://www.example.com/genealogy.owl#GarlicTopping_dynamic_1> }","hasTopping","TRUE",1,1
"2hop-NamedPizza_Soho_204_Soho_204-Soho_204-hasTopping-AmericanHot_131-NEG-BIN","NamedPizza_Soho_204",117,256,"Property Assertion","BIN","ASK WHERE { <http://www.example.com/genealogy.owl#Soho_204> <http://www.example.com/genealogy.owl#hasTopping> <http://www.example.com/genealogy.owl#AmericanHot_131> }","hasTopping","FALSE",1,1
"2hop-NamedPizza_Soho_210_Soho_210-Soho_210-rdf:type-Food-BIN","NamedPizza_Soho_210",117,256,"Membership","BIN","ASK WHERE { <http://www.example.com/genealogy.owl#Soho_210> <http://www.w3.org/1999/02/22-rdf-syntax-ns#type> <http://www.example.com/genealogy.owl#Food> }","rdf:type","TRUE",3,3
"2hop-NamedPizza_Soho_210_Soho_210-Soho_210-rdf:type-American-NEG-BIN","NamedPizza_Soho_210",117,256,"Membership","BIN","ASK WHERE { <http://www.example.com/genealogy.owl#Soho_210> <http://www.w3.org/1999/02/22-rdf-syntax-ns#type> <http://www.example.com/genealogy.owl#American> }","rdf:type","FALSE",3,3
"2hop-NamedPizza_Soho_210_Soho_210-Soho_210-rdf:type-MC","NamedPizza_Soho_210",117,256,"Membership","MC","SELECT ?x WHERE { <http://www.example.com/genealogy.owl#Soho_210> <http://www.w3.org/1999/02/22-rdf-syntax-ns#type> ?x }","rdf:type","DomainConcept; Food; Pizza",3,3
"2hop-NamedPizza_Soho_210_Soho_210-Soho_210-hasIngredient-GarlicTopping_dynamic_1-BIN","NamedPizza_Soho_210",117,256,"Property Assertion","BIN","ASK WHERE { <http://www.example.com/genealogy.owl#Soho_210> <http://www.example.com/genealogy.owl#hasIngredient> <http://www.example.com/genealogy.owl#GarlicTopping_dynamic_1> }","hasIngredient","TRUE",2,2
"2hop-NamedPizza_Soho_210_Soho_210-Soho_210-hasIngredient-AmericanHot_131-NEG-BIN","NamedPizza_Soho_210",117,256,"Property Assertion","BIN","ASK WHERE { <http://www.example.com/genealogy.owl#Soho_210> <http://www.example.com/genealogy.owl#hasIngredient> <http://www.example.com/genealogy.owl#AmericanHot_131> }","hasIngredient","FALSE",2,2
"2hop-NamedPizza_Soho_210_Soho_210-Soho_210-hasIngredient-MC","NamedPizza_Soho_210",117,256,"Property Assertion","MC","SELECT ?x WHERE { <http://www.example.com/genealogy.owl#Soho_210> <http://www.example.com/genealogy.owl#hasIngredient> ?x }","hasIngredient","GarlicTopping_dynamic_1; MozzarellaTopping_dynamic_1; OliveTopping_dynamic_1; ParmesanTopping_dynamic_1; RocketTopping_dynamic_1; TomatoTopping_dynamic_1",2,2
"2hop-NamedPizza_Soho_210_Soho_210-Soho_210-hasTopping-GarlicTopping_dynamic_1-BIN","NamedPizza_Soho_210",117,256,"Property Assertion","BIN","ASK WHERE { <http://www.example.com/genealogy.owl#Soho_210> <http://www.example.com/genealogy.owl#hasTopping> <http://www.example.com/genealogy.owl#GarlicTopping_dynamic_1> }","hasTopping","TRUE",1,1
"2hop-NamedPizza_Soho_210_Soho_210-Soho_210-hasTopping-AmericanHot_131-NEG-BIN","NamedPizza_Soho_210",117,256,"Property Assertion","BIN","ASK WHERE { <http://www.example.com/genealogy.owl#Soho_210> <http://www.example.com/genealogy.owl#hasTopping> <http://www.example.com/genealogy.owl#AmericanHot_131> }","hasTopping","FALSE",1,1
"2hop-NamedPizza_Soho_210_Soho_210-Soho_210-hasTopping-MC","NamedPizza_Soho_210",117,256,"Property Assertion","MC","SELECT ?x WHERE { <http://www.example.com/genealogy.owl#Soho_210> <http://www.example.com/genealogy.owl#hasTopping> ?x }","hasTopping","GarlicTopping_dynamic_1; MozzarellaTopping_dynamic_1; OliveTopping_dynamic_1; ParmesanTopping_dynamic_1; RocketTopping_dynamic_1; TomatoTopping_dynamic_1",1,1
"2hop-NamedPizza_Soho_236_Soho_236-Soho_236-hasIngredient-MC","NamedPizza_Soho_236",117,256,"Property Assertion","MC","SELECT ?x WHERE { <http://www.example.com/genealogy.owl#Soho_236> <http://www.example.com/genealogy.owl#hasIngredient> ?x }","hasIngredient","GarlicTopping_dynamic_1; MozzarellaTopping_dynamic_1; OliveTopping_dynamic_1; ParmesanTopping_dynamic_1; RocketTopping_dynamic_1; TomatoTopping_dynamic_1",2,2
"2hop-NamedPizza_Soho_236_Soho_236-Soho_236-hasTopping-MC","NamedPizza_Soho_236",117,256,"Property Assertion","MC","SELECT ?x WHERE { <http://www.example.com/genealogy.owl#Soho_236> <http://www.example.com/genealogy.owl#hasTopping> ?x }","hasTopping","GarlicTopping_dynamic_1; MozzarellaTopping_dynamic_1; OliveTopping_dynamic_1; ParmesanTopping_dynamic_1; RocketTopping_dynamic_1; TomatoTopping_dynamic_1",1,1
"2hop-NamedPizza_Soho_236_Soho_236-Soho_236-rdf:type-MC","NamedPizza_Soho_236",117,256,"Membership","MC","SELECT ?x WHERE { <http://www.example.com/genealogy.owl#Soho_236> <http://www.w3.org/1999/02/22-rdf-syntax-ns#type> ?x }","rdf:type","DomainConcept; Food; Pizza",4,4
"2hop-NamedPizza_Soho_236_Soho_236-Soho_236-hasIngredient-GarlicTopping_dynamic_1-BIN","NamedPizza_Soho_236",117,256,"Property Assertion","BIN","ASK WHERE { <http://www.example.com/genealogy.owl#Soho_236> <http://www.example.com/genealogy.owl#hasIngredient> <http://www.example.com/genealogy.owl#GarlicTopping_dynamic_1> }","hasIngredient","TRUE",2,2
"2hop-NamedPizza_Soho_236_Soho_236-Soho_236-hasIngredient-AmericanHot_131-NEG-BIN","NamedPizza_Soho_236",117,256,"Property Assertion","BIN","ASK WHERE { <http://www.example.com/genealogy.owl#Soho_236> <http://www.example.com/genealogy.owl#hasIngredient> <http://www.example.com/genealogy.owl#AmericanHot_131> }","hasIngredient","FALSE",2,2
"2hop-NamedPizza_Soho_236_Soho_236-Soho_236-hasTopping-GarlicTopping_dynamic_1-BIN","NamedPizza_Soho_236",117,256,"Property Assertion","BIN","ASK WHERE { <http://www.example.com/genealogy.owl#Soho_236> <http://www.example.com/genealogy.owl#hasTopping> <http://www.example.com/genealogy.owl#GarlicTopping_dynamic_1> }","hasTopping","TRUE",1,1
"2hop-NamedPizza_Soho_236_Soho_236-Soho_236-hasTopping-AmericanHot_131-NEG-BIN","NamedPizza_Soho_236",117,256,"Property Assertion","BIN","ASK WHERE { <http://www.example.com/genealogy.owl#Soho_236> <http://www.example.com/genealogy.owl#hasTopping> <http://www.example.com/genealogy.owl#AmericanHot_131> }","hasTopping","FALSE",1,1
"2hop-NamedPizza_Soho_236_Soho_236-Soho_236-rdf:type-Food-BIN","NamedPizza_Soho_236",117,256,"Membership","BIN","ASK WHERE { <http://www.example.com/genealogy.owl#Soho_236> <http://www.w3.org/1999/02/22-rdf-syntax-ns#type> <http://www.example.com/genealogy.owl#Food> }","rdf:type","TRUE",3,3
"2hop-NamedPizza_Soho_236_Soho_236-Soho_236-rdf:type-American-NEG-BIN","NamedPizza_Soho_236",117,256,"Membership","BIN","ASK WHERE { <http://www.example.com/genealogy.owl#Soho_236> <http://www.w3.org/1999/02/22-rdf-syntax-ns#type> <http://www.example.com/genealogy.owl#American> }","rdf:type","FALSE",3,3
"2hop-NamedPizza_Soho_243_Soho_243-Soho_243-hasTopping-GarlicTopping_dynamic_1-BIN","NamedPizza_Soho_243",117,256,"Property Assertion","BIN","ASK WHERE { <http://www.example.com/genealogy.owl#Soho_243> <http://www.example.com/genealogy.owl#hasTopping> <http://www.example.com/genealogy.owl#GarlicTopping_dynamic_1> }","hasTopping","TRUE",1,1
"2hop-NamedPizza_Soho_243_Soho_243-Soho_243-hasTopping-AmericanHot_131-NEG-BIN","NamedPizza_Soho_243",117,256,"Property Assertion","BIN","ASK WHERE { <http://www.example.com/genealogy.owl#Soho_243> <http://www.example.com/genealogy.owl#hasTopping> <http://www.example.com/genealogy.owl#AmericanHot_131> }","hasTopping","FALSE",1,1
"2hop-NamedPizza_Soho_243_Soho_243-Soho_243-hasTopping-MC","NamedPizza_Soho_243",117,256,"Property Assertion","MC","SELECT ?x WHERE { <http://www.example.com/genealogy.owl#Soho_243> <http://www.example.com/genealogy.owl#hasTopping> ?x }","hasTopping","GarlicTopping_dynamic_1; MozzarellaTopping_dynamic_1; OliveTopping_dynamic_1; ParmesanTopping_dynamic_1; RocketTopping_dynamic_1; TomatoTopping_dynamic_1",1,1
"2hop-NamedPizza_Soho_243_Soho_243-Soho_243-hasIngredient-MC","NamedPizza_Soho_243",117,256,"Property Assertion","MC","SELECT ?x WHERE { <http://www.example.com/genealogy.owl#Soho_243> <http://www.example.com/genealogy.owl#hasIngredient> ?x }","hasIngredient","GarlicTopping_dynamic_1; MozzarellaTopping_dynamic_1; OliveTopping_dynamic_1; ParmesanTopping_dynamic_1; RocketTopping_dynamic_1; TomatoTopping_dynamic_1",2,2
"2hop-NamedPizza_Soho_243_Soho_243-Soho_243-rdf:type-Food-BIN","NamedPizza_Soho_243",117,256,"Membership","BIN","ASK WHERE { <http://www.example.com/genealogy.owl#Soho_243> <http://www.w3.org/1999/02/22-rdf-syntax-ns#type> <http://www.example.com/genealogy.owl#Food> }","rdf:type","TRUE",3,3
"2hop-NamedPizza_Soho_243_Soho_243-Soho_243-rdf:type-American-NEG-BIN","NamedPizza_Soho_243",117,256,"Membership","BIN","ASK WHERE { <http://www.example.com/genealogy.owl#Soho_243> <http://www.w3.org/1999/02/22-rdf-syntax-ns#type> <http://www.example.com/genealogy.owl#American> }","rdf:type","FALSE",3,3
"2hop-NamedPizza_Soho_243_Soho_243-Soho_243-rdf:type-MC","NamedPizza_Soho_243",117,256,"Membership","MC","SELECT ?x WHERE { <http://www.example.com/genealogy.owl#Soho_243> <http://www.w3.org/1999/02/22-rdf-syntax-ns#type> ?x }","rdf:type","DomainConcept; Food; Pizza",3,3
"2hop-NamedPizza_Soho_243_Soho_243-Soho_243-hasIngredient-GarlicTopping_dynamic_1-BIN","NamedPizza_Soho_243",117,256,"Property Assertion","BIN","ASK WHERE { <http://www.example.com/genealogy.owl#Soho_243> <http://www.example.com/genealogy.owl#hasIngredient> <http://www.example.com/genealogy.owl#GarlicTopping_dynamic_1> }","hasIngredient","TRUE",2,2
"2hop-NamedPizza_Soho_243_Soho_243-Soho_243-hasIngredient-AmericanHot_131-NEG-BIN","NamedPizza_Soho_243",117,256,"Property Assertion","BIN","ASK WHERE { <http://www.example.com/genealogy.owl#Soho_243> <http://www.example.com/genealogy.owl#hasIngredient> <http://www.example.com/genealogy.owl#AmericanHot_131> }","hasIngredient","FALSE",2,2
"2hop-NamedPizza_Soho_25_Soho_25-Soho_25-hasTopping-MC","NamedPizza_Soho_25",117,256,"Property Assertion","MC","SELECT ?x WHERE { <http://www.example.com/genealogy.owl#Soho_25> <http://www.example.com/genealogy.owl#hasTopping> ?x }","hasTopping","GarlicTopping_dynamic_1; MozzarellaTopping_dynamic_1; OliveTopping_dynamic_1; ParmesanTopping_dynamic_1; RocketTopping_dynamic_1; TomatoTopping_dynamic_1",1,1
"2hop-NamedPizza_Soho_25_Soho_25-Soho_25-rdf:type-MC","NamedPizza_Soho_25",117,256,"Membership","MC","SELECT ?x WHERE { <http://www.example.com/genealogy.owl#Soho_25> <http://www.w3.org/1999/02/22-rdf-syntax-ns#type> ?x }","rdf:type","DomainConcept; Food; Pizza",2,2
"2hop-NamedPizza_Soho_25_Soho_25-Soho_25-rdf:type-Food-BIN","NamedPizza_Soho_25",117,256,"Membership","BIN","ASK WHERE { <http://www.example.com/genealogy.owl#Soho_25> <http://www.w3.org/1999/02/22-rdf-syntax-ns#type> <http://www.example.com/genealogy.owl#Food> }","rdf:type","TRUE",3,3
"2hop-NamedPizza_Soho_25_Soho_25-Soho_25-rdf:type-American-NEG-BIN","NamedPizza_Soho_25",117,256,"Membership","BIN","ASK WHERE { <http://www.example.com/genealogy.owl#Soho_25> <http://www.w3.org/1999/02/22-rdf-syntax-ns#type> <http://www.example.com/genealogy.owl#American> }","rdf:type","FALSE",3,3
"2hop-NamedPizza_Soho_25_Soho_25-Soho_25-hasIngredient-MC","NamedPizza_Soho_25",117,256,"Property Assertion","MC","SELECT ?x WHERE { <http://www.example.com/genealogy.owl#Soho_25> <http://www.example.com/genealogy.owl#hasIngredient> ?x }","hasIngredient","GarlicTopping_dynamic_1; MozzarellaTopping_dynamic_1; OliveTopping_dynamic_1; ParmesanTopping_dynamic_1; RocketTopping_dynamic_1; TomatoTopping_dynamic_1",2,2
"2hop-NamedPizza_Soho_25_Soho_25-Soho_25-hasTopping-GarlicTopping_dynamic_1-BIN","NamedPizza_Soho_25",117,256,"Property Assertion","BIN","ASK WHERE { <http://www.example.com/genealogy.owl#Soho_25> <http://www.example.com/genealogy.owl#hasTopping> <http://www.example.com/genealogy.owl#GarlicTopping_dynamic_1> }","hasTopping","TRUE",1,1
"2hop-NamedPizza_Soho_25_Soho_25-Soho_25-hasTopping-AmericanHot_131-NEG-BIN","NamedPizza_Soho_25",117,256,"Property Assertion","BIN","ASK WHERE { <http://www.example.com/genealogy.owl#Soho_25> <http://www.example.com/genealogy.owl#hasTopping> <http://www.example.com/genealogy.owl#AmericanHot_131> }","hasTopping","FALSE",1,1
"2hop-NamedPizza_Soho_25_Soho_25-Soho_25-hasIngredient-GarlicTopping_dynamic_1-BIN","NamedPizza_Soho_25",117,256,"Property Assertion","BIN","ASK WHERE { <http://www.example.com/genealogy.owl#Soho_25> <http://www.example.com/genealogy.owl#hasIngredient> <http://www.example.com/genealogy.owl#GarlicTopping_dynamic_1> }","hasIngredient","TRUE",2,2
"2hop-NamedPizza_Soho_25_Soho_25-Soho_25-hasIngredient-AmericanHot_131-NEG-BIN","NamedPizza_Soho_25",117,256,"Property Assertion","BIN","ASK WHERE { <http://www.example.com/genealogy.owl#Soho_25> <http://www.example.com/genealogy.owl#hasIngredient> <http://www.example.com/genealogy.owl#AmericanHot_131> }","hasIngredient","FALSE",2,2
"2hop-NamedPizza_Soho_3_Soho_3-Soho_3-rdf:type-MC","NamedPizza_Soho_3",117,256,"Membership","MC","SELECT ?x WHERE { <http://www.example.com/genealogy.owl#Soho_3> <http://www.w3.org/1999/02/22-rdf-syntax-ns#type> ?x }","rdf:type","DomainConcept; Food; Pizza",2,2
"2hop-NamedPizza_Soho_3_Soho_3-Soho_3-hasIngredient-MC","NamedPizza_Soho_3",117,256,"Property Assertion","MC","SELECT ?x WHERE { <http://www.example.com/genealogy.owl#Soho_3> <http://www.example.com/genealogy.owl#hasIngredient> ?x }","hasIngredient","GarlicTopping_dynamic_1; MozzarellaTopping_dynamic_1; OliveTopping_dynamic_1; ParmesanTopping_dynamic_1; RocketTopping_dynamic_1; TomatoTopping_dynamic_1",2,2
"2hop-NamedPizza_Soho_3_Soho_3-Soho_3-hasIngredient-GarlicTopping_dynamic_1-BIN","NamedPizza_Soho_3",117,256,"Property Assertion","BIN","ASK WHERE { <http://www.example.com/genealogy.owl#Soho_3> <http://www.example.com/genealogy.owl#hasIngredient> <http://www.example.com/genealogy.owl#GarlicTopping_dynamic_1> }","hasIngredient","TRUE",2,2
"2hop-NamedPizza_Soho_3_Soho_3-Soho_3-hasIngredient-AmericanHot_131-NEG-BIN","NamedPizza_Soho_3",117,256,"Property Assertion","BIN","ASK WHERE { <http://www.example.com/genealogy.owl#Soho_3> <http://www.example.com/genealogy.owl#hasIngredient> <http://www.example.com/genealogy.owl#AmericanHot_131> }","hasIngredient","FALSE",2,2
"2hop-NamedPizza_Soho_3_Soho_3-Soho_3-hasTopping-MC","NamedPizza_Soho_3",117,256,"Property Assertion","MC","SELECT ?x WHERE { <http://www.example.com/genealogy.owl#Soho_3> <http://www.example.com/genealogy.owl#hasTopping> ?x }","hasTopping","GarlicTopping_dynamic_1; MozzarellaTopping_dynamic_1; OliveTopping_dynamic_1; ParmesanTopping_dynamic_1; RocketTopping_dynamic_1; TomatoTopping_dynamic_1",1,1
"2hop-NamedPizza_Soho_3_Soho_3-Soho_3-hasTopping-GarlicTopping_dynamic_1-BIN","NamedPizza_Soho_3",117,256,"Property Assertion","BIN","ASK WHERE { <http://www.example.com/genealogy.owl#Soho_3> <http://www.example.com/genealogy.owl#hasTopping> <http://www.example.com/genealogy.owl#GarlicTopping_dynamic_1> }","hasTopping","TRUE",1,1
"2hop-NamedPizza_Soho_3_Soho_3-Soho_3-hasTopping-AmericanHot_131-NEG-BIN","NamedPizza_Soho_3",117,256,"Property Assertion","BIN","ASK WHERE { <http://www.example.com/genealogy.owl#Soho_3> <http://www.example.com/genealogy.owl#hasTopping> <http://www.example.com/genealogy.owl#AmericanHot_131> }","hasTopping","FALSE",1,1
"2hop-NamedPizza_Soho_3_Soho_3-Soho_3-rdf:type-Food-BIN","NamedPizza_Soho_3",117,256,"Membership","BIN","ASK WHERE { <http://www.example.com/genealogy.owl#Soho_3> <http://www.w3.org/1999/02/22-rdf-syntax-ns#type> <http://www.example.com/genealogy.owl#Food> }","rdf:type","TRUE",3,3
"2hop-NamedPizza_Soho_3_Soho_3-Soho_3-rdf:type-American-NEG-BIN","NamedPizza_Soho_3",117,256,"Membership","BIN","ASK WHERE { <http://www.example.com/genealogy.owl#Soho_3> <http://www.w3.org/1999/02/22-rdf-syntax-ns#type> <http://www.example.com/genealogy.owl#American> }","rdf:type","FALSE",3,3
"2hop-NamedPizza_Soho_41_Soho_41-Soho_41-hasIngredient-MC","NamedPizza_Soho_41",117,256,"Property Assertion","MC","SELECT ?x WHERE { <http://www.example.com/genealogy.owl#Soho_41> <http://www.example.com/genealogy.owl#hasIngredient> ?x }","hasIngredient","GarlicTopping_dynamic_1; MozzarellaTopping_dynamic_1; OliveTopping_dynamic_1; ParmesanTopping_dynamic_1; RocketTopping_dynamic_1; TomatoTopping_dynamic_1",2,2
"2hop-NamedPizza_Soho_41_Soho_41-Soho_41-hasTopping-GarlicTopping_dynamic_1-BIN","NamedPizza_Soho_41",117,256,"Property Assertion","BIN","ASK WHERE { <http://www.example.com/genealogy.owl#Soho_41> <http://www.example.com/genealogy.owl#hasTopping> <http://www.example.com/genealogy.owl#GarlicTopping_dynamic_1> }","hasTopping","TRUE",1,1
"2hop-NamedPizza_Soho_41_Soho_41-Soho_41-hasTopping-AmericanHot_131-NEG-BIN","NamedPizza_Soho_41",117,256,"Property Assertion","BIN","ASK WHERE { <http://www.example.com/genealogy.owl#Soho_41> <http://www.example.com/genealogy.owl#hasTopping> <http://www.example.com/genealogy.owl#AmericanHot_131> }","hasTopping","FALSE",1,1
"2hop-NamedPizza_Soho_41_Soho_41-Soho_41-hasTopping-MC","NamedPizza_Soho_41",117,256,"Property Assertion","MC","SELECT ?x WHERE { <http://www.example.com/genealogy.owl#Soho_41> <http://www.example.com/genealogy.owl#hasTopping> ?x }","hasTopping","GarlicTopping_dynamic_1; MozzarellaTopping_dynamic_1; OliveTopping_dynamic_1; ParmesanTopping_dynamic_1; RocketTopping_dynamic_1; TomatoTopping_dynamic_1",1,1
"2hop-NamedPizza_Soho_41_Soho_41-Soho_41-hasIngredient-GarlicTopping_dynamic_1-BIN","NamedPizza_Soho_41",117,256,"Property Assertion","BIN","ASK WHERE { <http://www.example.com/genealogy.owl#Soho_41> <http://www.example.com/genealogy.owl#hasIngredient> <http://www.example.com/genealogy.owl#GarlicTopping_dynamic_1> }","hasIngredient","TRUE",2,2
"2hop-NamedPizza_Soho_41_Soho_41-Soho_41-hasIngredient-AmericanHot_131-NEG-BIN","NamedPizza_Soho_41",117,256,"Property Assertion","BIN","ASK WHERE { <http://www.example.com/genealogy.owl#Soho_41> <http://www.example.com/genealogy.owl#hasIngredient> <http://www.example.com/genealogy.owl#AmericanHot_131> }","hasIngredient","FALSE",2,2
"2hop-NamedPizza_Soho_41_Soho_41-Soho_41-rdf:type-MC","NamedPizza_Soho_41",117,256,"Membership","MC","SELECT ?x WHERE { <http://www.example.com/genealogy.owl#Soho_41> <http://www.w3.org/1999/02/22-rdf-syntax-ns#type> ?x }","rdf:type","DomainConcept; Food; Pizza",2,2
"2hop-NamedPizza_Soho_41_Soho_41-Soho_41-rdf:type-Food-BIN","NamedPizza_Soho_41",117,256,"Membership","BIN","ASK WHERE { <http://www.example.com/genealogy.owl#Soho_41> <http://www.w3.org/1999/02/22-rdf-syntax-ns#type> <http://www.example.com/genealogy.owl#Food> }","rdf:type","TRUE",3,3
"2hop-NamedPizza_Soho_41_Soho_41-Soho_41-rdf:type-American-NEG-BIN","NamedPizza_Soho_41",117,256,"Membership","BIN","ASK WHERE { <http://www.example.com/genealogy.owl#Soho_41> <http://www.w3.org/1999/02/22-rdf-syntax-ns#type> <http://www.example.com/genealogy.owl#American> }","rdf:type","FALSE",3,3
"2hop-NamedPizza_Soho_54_Soho_54-Soho_54-hasTopping-MC","NamedPizza_Soho_54",117,256,"Property Assertion","MC","SELECT ?x WHERE { <http://www.example.com/genealogy.owl#Soho_54> <http://www.example.com/genealogy.owl#hasTopping> ?x }","hasTopping","GarlicTopping_dynamic_1; MozzarellaTopping_dynamic_1; OliveTopping_dynamic_1; ParmesanTopping_dynamic_1; RocketTopping_dynamic_1; TomatoTopping_dynamic_1",1,1
"2hop-NamedPizza_Soho_54_Soho_54-Soho_54-hasIngredient-GarlicTopping_dynamic_1-BIN","NamedPizza_Soho_54",117,256,"Property Assertion","BIN","ASK WHERE { <http://www.example.com/genealogy.owl#Soho_54> <http://www.example.com/genealogy.owl#hasIngredient> <http://www.example.com/genealogy.owl#GarlicTopping_dynamic_1> }","hasIngredient","TRUE",2,2
"2hop-NamedPizza_Soho_54_Soho_54-Soho_54-hasIngredient-AmericanHot_131-NEG-BIN","NamedPizza_Soho_54",117,256,"Property Assertion","BIN","ASK WHERE { <http://www.example.com/genealogy.owl#Soho_54> <http://www.example.com/genealogy.owl#hasIngredient> <http://www.example.com/genealogy.owl#AmericanHot_131> }","hasIngredient","FALSE",2,2
"2hop-NamedPizza_Soho_54_Soho_54-Soho_54-hasIngredient-MC","NamedPizza_Soho_54",117,256,"Property Assertion","MC","SELECT ?x WHERE { <http://www.example.com/genealogy.owl#Soho_54> <http://www.example.com/genealogy.owl#hasIngredient> ?x }","hasIngredient","GarlicTopping_dynamic_1; MozzarellaTopping_dynamic_1; OliveTopping_dynamic_1; ParmesanTopping_dynamic_1; RocketTopping_dynamic_1; TomatoTopping_dynamic_1",2,2
"2hop-NamedPizza_Soho_54_Soho_54-Soho_54-rdf:type-Food-BIN","NamedPizza_Soho_54",117,256,"Membership","BIN","ASK WHERE { <http://www.example.com/genealogy.owl#Soho_54> <http://www.w3.org/1999/02/22-rdf-syntax-ns#type> <http://www.example.com/genealogy.owl#Food> }","rdf:type","TRUE",3,3
"2hop-NamedPizza_Soho_54_Soho_54-Soho_54-rdf:type-American-NEG-BIN","NamedPizza_Soho_54",117,256,"Membership","BIN","ASK WHERE { <http://www.example.com/genealogy.owl#Soho_54> <http://www.w3.org/1999/02/22-rdf-syntax-ns#type> <http://www.example.com/genealogy.owl#American> }","rdf:type","FALSE",3,3
"2hop-NamedPizza_Soho_54_Soho_54-Soho_54-rdf:type-MC","NamedPizza_Soho_54",117,256,"Membership","MC","SELECT ?x WHERE { <http://www.example.com/genealogy.owl#Soho_54> <http://www.w3.org/1999/02/22-rdf-syntax-ns#type> ?x }","rdf:type","DomainConcept; Food; Pizza",3,3
"2hop-NamedPizza_Soho_54_Soho_54-Soho_54-hasTopping-GarlicTopping_dynamic_1-BIN","NamedPizza_Soho_54",117,256,"Property Assertion","BIN","ASK WHERE { <http://www.example.com/genealogy.owl#Soho_54> <http://www.example.com/genealogy.owl#hasTopping> <http://www.example.com/genealogy.owl#GarlicTopping_dynamic_1> }","hasTopping","TRUE",1,1
"2hop-NamedPizza_Soho_54_Soho_54-Soho_54-hasTopping-AmericanHot_131-NEG-BIN","NamedPizza_Soho_54",117,256,"Property Assertion","BIN","ASK WHERE { <http://www.example.com/genealogy.owl#Soho_54> <http://www.example.com/genealogy.owl#hasTopping> <http://www.example.com/genealogy.owl#AmericanHot_131> }","hasTopping","FALSE",1,1
"2hop-NamedPizza_Soho_67_Soho_67-Soho_67-hasIngredient-GarlicTopping_dynamic_1-BIN","NamedPizza_Soho_67",117,256,"Property Assertion","BIN","ASK WHERE { <http://www.example.com/genealogy.owl#Soho_67> <http://www.example.com/genealogy.owl#hasIngredient> <http://www.example.com/genealogy.owl#GarlicTopping_dynamic_1> }","hasIngredient","TRUE",2,2
"2hop-NamedPizza_Soho_67_Soho_67-Soho_67-hasIngredient-AmericanHot_131-NEG-BIN","NamedPizza_Soho_67",117,256,"Property Assertion","BIN","ASK WHERE { <http://www.example.com/genealogy.owl#Soho_67> <http://www.example.com/genealogy.owl#hasIngredient> <http://www.example.com/genealogy.owl#AmericanHot_131> }","hasIngredient","FALSE",2,2
"2hop-NamedPizza_Soho_67_Soho_67-Soho_67-hasIngredient-MC","NamedPizza_Soho_67",117,256,"Property Assertion","MC","SELECT ?x WHERE { <http://www.example.com/genealogy.owl#Soho_67> <http://www.example.com/genealogy.owl#hasIngredient> ?x }","hasIngredient","GarlicTopping_dynamic_1; MozzarellaTopping_dynamic_1; OliveTopping_dynamic_1; ParmesanTopping_dynamic_1; RocketTopping_dynamic_1; TomatoTopping_dynamic_1",2,2
"2hop-NamedPizza_Soho_67_Soho_67-Soho_67-hasTopping-MC","NamedPizza_Soho_67",117,256,"Property Assertion","MC","SELECT ?x WHERE { <http://www.example.com/genealogy.owl#Soho_67> <http://www.example.com/genealogy.owl#hasTopping> ?x }","hasTopping","GarlicTopping_dynamic_1; MozzarellaTopping_dynamic_1; OliveTopping_dynamic_1; ParmesanTopping_dynamic_1; RocketTopping_dynamic_1; TomatoTopping_dynamic_1",1,1
"2hop-NamedPizza_Soho_67_Soho_67-Soho_67-rdf:type-Food-BIN","NamedPizza_Soho_67",117,256,"Membership","BIN","ASK WHERE { <http://www.example.com/genealogy.owl#Soho_67> <http://www.w3.org/1999/02/22-rdf-syntax-ns#type> <http://www.example.com/genealogy.owl#Food> }","rdf:type","TRUE",3,3
"2hop-NamedPizza_Soho_67_Soho_67-Soho_67-rdf:type-American-NEG-BIN","NamedPizza_Soho_67",117,256,"Membership","BIN","ASK WHERE { <http://www.example.com/genealogy.owl#Soho_67> <http://www.w3.org/1999/02/22-rdf-syntax-ns#type> <http://www.example.com/genealogy.owl#American> }","rdf:type","FALSE",3,3
"2hop-NamedPizza_Soho_67_Soho_67-Soho_67-rdf:type-MC","NamedPizza_Soho_67",117,256,"Membership","MC","SELECT ?x WHERE { <http://www.example.com/genealogy.owl#Soho_67> <http://www.w3.org/1999/02/22-rdf-syntax-ns#type> ?x }","rdf:type","DomainConcept; Food; Pizza",3,3
"2hop-NamedPizza_Soho_67_Soho_67-Soho_67-hasTopping-GarlicTopping_dynamic_1-BIN","NamedPizza_Soho_67",117,256,"Property Assertion","BIN","ASK WHERE { <http://www.example.com/genealogy.owl#Soho_67> <http://www.example.com/genealogy.owl#hasTopping> <http://www.example.com/genealogy.owl#GarlicTopping_dynamic_1> }","hasTopping","TRUE",1,1
"2hop-NamedPizza_Soho_67_Soho_67-Soho_67-hasTopping-AmericanHot_131-NEG-BIN","NamedPizza_Soho_67",117,256,"Property Assertion","BIN","ASK WHERE { <http://www.example.com/genealogy.owl#Soho_67> <http://www.example.com/genealogy.owl#hasTopping> <http://www.example.com/genealogy.owl#AmericanHot_131> }","hasTopping","FALSE",1,1
"2hop-NamedPizza_Soho_7_Soho_7-Soho_7-hasTopping-MC","NamedPizza_Soho_7",117,256,"Property Assertion","MC","SELECT ?x WHERE { <http://www.example.com/genealogy.owl#Soho_7> <http://www.example.com/genealogy.owl#hasTopping> ?x }","hasTopping","GarlicTopping_dynamic_1; MozzarellaTopping_dynamic_1; OliveTopping_dynamic_1; ParmesanTopping_dynamic_1; RocketTopping_dynamic_1; TomatoTopping_dynamic_1",1,1
"2hop-NamedPizza_Soho_7_Soho_7-Soho_7-hasIngredient-GarlicTopping_dynamic_1-BIN","NamedPizza_Soho_7",117,256,"Property Assertion","BIN","ASK WHERE { <http://www.example.com/genealogy.owl#Soho_7> <http://www.example.com/genealogy.owl#hasIngredient> <http://www.example.com/genealogy.owl#GarlicTopping_dynamic_1> }","hasIngredient","TRUE",2,2
"2hop-NamedPizza_Soho_7_Soho_7-Soho_7-hasIngredient-AmericanHot_131-NEG-BIN","NamedPizza_Soho_7",117,256,"Property Assertion","BIN","ASK WHERE { <http://www.example.com/genealogy.owl#Soho_7> <http://www.example.com/genealogy.owl#hasIngredient> <http://www.example.com/genealogy.owl#AmericanHot_131> }","hasIngredient","FALSE",2,2
"2hop-NamedPizza_Soho_7_Soho_7-Soho_7-hasIngredient-MC","NamedPizza_Soho_7",117,256,"Property Assertion","MC","SELECT ?x WHERE { <http://www.example.com/genealogy.owl#Soho_7> <http://www.example.com/genealogy.owl#hasIngredient> ?x }","hasIngredient","GarlicTopping_dynamic_1; MozzarellaTopping_dynamic_1; OliveTopping_dynamic_1; ParmesanTopping_dynamic_1; RocketTopping_dynamic_1; TomatoTopping_dynamic_1",2,2
"2hop-NamedPizza_Soho_7_Soho_7-Soho_7-rdf:type-MC","NamedPizza_Soho_7",117,256,"Membership","MC","SELECT ?x WHERE { <http://www.example.com/genealogy.owl#Soho_7> <http://www.w3.org/1999/02/22-rdf-syntax-ns#type> ?x }","rdf:type","DomainConcept; Food; Pizza",2,2
"2hop-NamedPizza_Soho_7_Soho_7-Soho_7-rdf:type-Food-BIN","NamedPizza_Soho_7",117,256,"Membership","BIN","ASK WHERE { <http://www.example.com/genealogy.owl#Soho_7> <http://www.w3.org/1999/02/22-rdf-syntax-ns#type> <http://www.example.com/genealogy.owl#Food> }","rdf:type","TRUE",3,3
"2hop-NamedPizza_Soho_7_Soho_7-Soho_7-rdf:type-American-NEG-BIN","NamedPizza_Soho_7",117,256,"Membership","BIN","ASK WHERE { <http://www.example.com/genealogy.owl#Soho_7> <http://www.w3.org/1999/02/22-rdf-syntax-ns#type> <http://www.example.com/genealogy.owl#American> }","rdf:type","FALSE",3,3
"2hop-NamedPizza_Soho_7_Soho_7-Soho_7-hasTopping-GarlicTopping_dynamic_1-BIN","NamedPizza_Soho_7",117,256,"Property Assertion","BIN","ASK WHERE { <http://www.example.com/genealogy.owl#Soho_7> <http://www.example.com/genealogy.owl#hasTopping> <http://www.example.com/genealogy.owl#GarlicTopping_dynamic_1> }","hasTopping","TRUE",1,1
"2hop-NamedPizza_Soho_7_Soho_7-Soho_7-hasTopping-AmericanHot_131-NEG-BIN","NamedPizza_Soho_7",117,256,"Property Assertion","BIN","ASK WHERE { <http://www.example.com/genealogy.owl#Soho_7> <http://www.example.com/genealogy.owl#hasTopping> <http://www.example.com/genealogy.owl#AmericanHot_131> }","hasTopping","FALSE",1,1
"2hop-NamedPizza_Soho_87_Soho_87-Soho_87-hasIngredient-MC","NamedPizza_Soho_87",117,256,"Property Assertion","MC","SELECT ?x WHERE { <http://www.example.com/genealogy.owl#Soho_87> <http://www.example.com/genealogy.owl#hasIngredient> ?x }","hasIngredient","GarlicTopping_dynamic_1; MozzarellaTopping_dynamic_1; OliveTopping_dynamic_1; ParmesanTopping_dynamic_1; RocketTopping_dynamic_1; TomatoTopping_dynamic_1",2,2
"2hop-NamedPizza_Soho_87_Soho_87-Soho_87-rdf:type-Food-BIN","NamedPizza_Soho_87",117,256,"Membership","BIN","ASK WHERE { <http://www.example.com/genealogy.owl#Soho_87> <http://www.w3.org/1999/02/22-rdf-syntax-ns#type> <http://www.example.com/genealogy.owl#Food> }","rdf:type","TRUE",3,3
"2hop-NamedPizza_Soho_87_Soho_87-Soho_87-rdf:type-American-NEG-BIN","NamedPizza_Soho_87",117,256,"Membership","BIN","ASK WHERE { <http://www.example.com/genealogy.owl#Soho_87> <http://www.w3.org/1999/02/22-rdf-syntax-ns#type> <http://www.example.com/genealogy.owl#American> }","rdf:type","FALSE",3,3
"2hop-NamedPizza_Soho_87_Soho_87-Soho_87-rdf:type-MC","NamedPizza_Soho_87",117,256,"Membership","MC","SELECT ?x WHERE { <http://www.example.com/genealogy.owl#Soho_87> <http://www.w3.org/1999/02/22-rdf-syntax-ns#type> ?x }","rdf:type","DomainConcept; Food; Pizza",3,3
"2hop-NamedPizza_Soho_87_Soho_87-Soho_87-hasIngredient-GarlicTopping_dynamic_1-BIN","NamedPizza_Soho_87",117,256,"Property Assertion","BIN","ASK WHERE { <http://www.example.com/genealogy.owl#Soho_87> <http://www.example.com/genealogy.owl#hasIngredient> <http://www.example.com/genealogy.owl#GarlicTopping_dynamic_1> }","hasIngredient","TRUE",2,2
"2hop-NamedPizza_Soho_87_Soho_87-Soho_87-hasIngredient-AmericanHot_131-NEG-BIN","NamedPizza_Soho_87",117,256,"Property Assertion","BIN","ASK WHERE { <http://www.example.com/genealogy.owl#Soho_87> <http://www.example.com/genealogy.owl#hasIngredient> <http://www.example.com/genealogy.owl#AmericanHot_131> }","hasIngredient","FALSE",2,2
"2hop-NamedPizza_Soho_87_Soho_87-Soho_87-hasTopping-MC","NamedPizza_Soho_87",117,256,"Property Assertion","MC","SELECT ?x WHERE { <http://www.example.com/genealogy.owl#Soho_87> <http://www.example.com/genealogy.owl#hasTopping> ?x }","hasTopping","GarlicTopping_dynamic_1; MozzarellaTopping_dynamic_1; OliveTopping_dynamic_1; ParmesanTopping_dynamic_1; RocketTopping_dynamic_1; TomatoTopping_dynamic_1",1,1
"2hop-NamedPizza_Soho_87_Soho_87-Soho_87-hasTopping-GarlicTopping_dynamic_1-BIN","NamedPizza_Soho_87",117,256,"Property Assertion","BIN","ASK WHERE { <http://www.example.com/genealogy.owl#Soho_87> <http://www.example.com/genealogy.owl#hasTopping> <http://www.example.com/genealogy.owl#GarlicTopping_dynamic_1> }","hasTopping","TRUE",1,1
"2hop-NamedPizza_Soho_87_Soho_87-Soho_87-hasTopping-AmericanHot_131-NEG-BIN","NamedPizza_Soho_87",117,256,"Property Assertion","BIN","ASK WHERE { <http://www.example.com/genealogy.owl#Soho_87> <http://www.example.com/genealogy.owl#hasTopping> <http://www.example.com/genealogy.owl#AmericanHot_131> }","hasTopping","FALSE",1,1
"2hop-NamedPizza_Veneziana_141_Veneziana_141-Veneziana_141-hasIngredient-MC","NamedPizza_Veneziana_141",117,257,"Property Assertion","MC","SELECT ?x WHERE { <http://www.example.com/genealogy.owl#Veneziana_141> <http://www.example.com/genealogy.owl#hasIngredient> ?x }","hasIngredient","CaperTopping_dynamic_1; MozzarellaTopping_dynamic_1; OliveTopping_dynamic_1; OnionTopping_dynamic_1; PineKernels_dynamic_1; SultanaTopping_dynamic_1; TomatoTopping_dynamic_1",2,2
"2hop-NamedPizza_Veneziana_141_Veneziana_141-Veneziana_141-hasTopping-MC","NamedPizza_Veneziana_141",117,257,"Property Assertion","MC","SELECT ?x WHERE { <http://www.example.com/genealogy.owl#Veneziana_141> <http://www.example.com/genealogy.owl#hasTopping> ?x }","hasTopping","CaperTopping_dynamic_1; MozzarellaTopping_dynamic_1; OliveTopping_dynamic_1; OnionTopping_dynamic_1; PineKernels_dynamic_1; SultanaTopping_dynamic_1; TomatoTopping_dynamic_1",1,1
"2hop-NamedPizza_Veneziana_141_Veneziana_141-Veneziana_141-rdf:type-MC","NamedPizza_Veneziana_141",117,257,"Membership","MC","SELECT ?x WHERE { <http://www.example.com/genealogy.owl#Veneziana_141> <http://www.w3.org/1999/02/22-rdf-syntax-ns#type> ?x }","rdf:type","DomainConcept; Food; Pizza",4,4
"2hop-NamedPizza_Veneziana_141_Veneziana_141-Veneziana_141-hasIngredient-CaperTopping_dynamic_1-BIN","NamedPizza_Veneziana_141",117,257,"Property Assertion","BIN","ASK WHERE { <http://www.example.com/genealogy.owl#Veneziana_141> <http://www.example.com/genealogy.owl#hasIngredient> <http://www.example.com/genealogy.owl#CaperTopping_dynamic_1> }","hasIngredient","TRUE",2,2
"2hop-NamedPizza_Veneziana_141_Veneziana_141-Veneziana_141-hasIngredient-AmericanHot_131-NEG-BIN","NamedPizza_Veneziana_141",117,257,"Property Assertion","BIN","ASK WHERE { <http://www.example.com/genealogy.owl#Veneziana_141> <http://www.example.com/genealogy.owl#hasIngredient> <http://www.example.com/genealogy.owl#AmericanHot_131> }","hasIngredient","FALSE",2,2
"2hop-NamedPizza_Veneziana_141_Veneziana_141-Veneziana_141-hasTopping-CaperTopping_dynamic_1-BIN","NamedPizza_Veneziana_141",117,257,"Property Assertion","BIN","ASK WHERE { <http://www.example.com/genealogy.owl#Veneziana_141> <http://www.example.com/genealogy.owl#hasTopping> <http://www.example.com/genealogy.owl#CaperTopping_dynamic_1> }","hasTopping","TRUE",1,1
"2hop-NamedPizza_Veneziana_141_Veneziana_141-Veneziana_141-hasTopping-AmericanHot_131-NEG-BIN","NamedPizza_Veneziana_141",117,257,"Property Assertion","BIN","ASK WHERE { <http://www.example.com/genealogy.owl#Veneziana_141> <http://www.example.com/genealogy.owl#hasTopping> <http://www.example.com/genealogy.owl#AmericanHot_131> }","hasTopping","FALSE",1,1
"2hop-NamedPizza_Veneziana_141_Veneziana_141-Veneziana_141-rdf:type-Food-BIN","NamedPizza_Veneziana_141",117,257,"Membership","BIN","ASK WHERE { <http://www.example.com/genealogy.owl#Veneziana_141> <http://www.w3.org/1999/02/22-rdf-syntax-ns#type> <http://www.example.com/genealogy.owl#Food> }","rdf:type","TRUE",3,3
"2hop-NamedPizza_Veneziana_141_Veneziana_141-Veneziana_141-rdf:type-American-NEG-BIN","NamedPizza_Veneziana_141",117,257,"Membership","BIN","ASK WHERE { <http://www.example.com/genealogy.owl#Veneziana_141> <http://www.w3.org/1999/02/22-rdf-syntax-ns#type> <http://www.example.com/genealogy.owl#American> }","rdf:type","FALSE",3,3
"2hop-NamedPizza_Veneziana_153_Veneziana_153-Veneziana_153-hasIngredient-MC","NamedPizza_Veneziana_153",117,257,"Property Assertion","MC","SELECT ?x WHERE { <http://www.example.com/genealogy.owl#Veneziana_153> <http://www.example.com/genealogy.owl#hasIngredient> ?x }","hasIngredient","CaperTopping_dynamic_1; MozzarellaTopping_dynamic_1; OliveTopping_dynamic_1; OnionTopping_dynamic_1; PineKernels_dynamic_1; SultanaTopping_dynamic_1; TomatoTopping_dynamic_1",2,2
"2hop-NamedPizza_Veneziana_153_Veneziana_153-Veneziana_153-hasTopping-MC","NamedPizza_Veneziana_153",117,257,"Property Assertion","MC","SELECT ?x WHERE { <http://www.example.com/genealogy.owl#Veneziana_153> <http://www.example.com/genealogy.owl#hasTopping> ?x }","hasTopping","CaperTopping_dynamic_1; MozzarellaTopping_dynamic_1; OliveTopping_dynamic_1; OnionTopping_dynamic_1; PineKernels_dynamic_1; SultanaTopping_dynamic_1; TomatoTopping_dynamic_1",1,1
"2hop-NamedPizza_Veneziana_153_Veneziana_153-Veneziana_153-hasIngredient-CaperTopping_dynamic_1-BIN","NamedPizza_Veneziana_153",117,257,"Property Assertion","BIN","ASK WHERE { <http://www.example.com/genealogy.owl#Veneziana_153> <http://www.example.com/genealogy.owl#hasIngredient> <http://www.example.com/genealogy.owl#CaperTopping_dynamic_1> }","hasIngredient","TRUE",2,2
"2hop-NamedPizza_Veneziana_153_Veneziana_153-Veneziana_153-hasIngredient-AmericanHot_131-NEG-BIN","NamedPizza_Veneziana_153",117,257,"Property Assertion","BIN","ASK WHERE { <http://www.example.com/genealogy.owl#Veneziana_153> <http://www.example.com/genealogy.owl#hasIngredient> <http://www.example.com/genealogy.owl#AmericanHot_131> }","hasIngredient","FALSE",2,2
"2hop-NamedPizza_Veneziana_153_Veneziana_153-Veneziana_153-hasTopping-CaperTopping_dynamic_1-BIN","NamedPizza_Veneziana_153",117,257,"Property Assertion","BIN","ASK WHERE { <http://www.example.com/genealogy.owl#Veneziana_153> <http://www.example.com/genealogy.owl#hasTopping> <http://www.example.com/genealogy.owl#CaperTopping_dynamic_1> }","hasTopping","TRUE",1,1
"2hop-NamedPizza_Veneziana_153_Veneziana_153-Veneziana_153-hasTopping-AmericanHot_131-NEG-BIN","NamedPizza_Veneziana_153",117,257,"Property Assertion","BIN","ASK WHERE { <http://www.example.com/genealogy.owl#Veneziana_153> <http://www.example.com/genealogy.owl#hasTopping> <http://www.example.com/genealogy.owl#AmericanHot_131> }","hasTopping","FALSE",1,1
"2hop-NamedPizza_Veneziana_153_Veneziana_153-Veneziana_153-rdf:type-Food-BIN","NamedPizza_Veneziana_153",117,257,"Membership","BIN","ASK WHERE { <http://www.example.com/genealogy.owl#Veneziana_153> <http://www.w3.org/1999/02/22-rdf-syntax-ns#type> <http://www.example.com/genealogy.owl#Food> }","rdf:type","TRUE",3,3
"2hop-NamedPizza_Veneziana_153_Veneziana_153-Veneziana_153-rdf:type-American-NEG-BIN","NamedPizza_Veneziana_153",117,257,"Membership","BIN","ASK WHERE { <http://www.example.com/genealogy.owl#Veneziana_153> <http://www.w3.org/1999/02/22-rdf-syntax-ns#type> <http://www.example.com/genealogy.owl#American> }","rdf:type","FALSE",3,3
"2hop-NamedPizza_Veneziana_153_Veneziana_153-Veneziana_153-rdf:type-MC","NamedPizza_Veneziana_153",117,257,"Membership","MC","SELECT ?x WHERE { <http://www.example.com/genealogy.owl#Veneziana_153> <http://www.w3.org/1999/02/22-rdf-syntax-ns#type> ?x }","rdf:type","DomainConcept; Food; Pizza",3,3
"2hop-NamedPizza_Veneziana_191_Veneziana_191-Veneziana_191-hasTopping-MC","NamedPizza_Veneziana_191",117,257,"Property Assertion","MC","SELECT ?x WHERE { <http://www.example.com/genealogy.owl#Veneziana_191> <http://www.example.com/genealogy.owl#hasTopping> ?x }","hasTopping","CaperTopping_dynamic_1; MozzarellaTopping_dynamic_1; OliveTopping_dynamic_1; OnionTopping_dynamic_1; PineKernels_dynamic_1; SultanaTopping_dynamic_1; TomatoTopping_dynamic_1",1,1
"2hop-NamedPizza_Veneziana_191_Veneziana_191-Veneziana_191-hasIngredient-CaperTopping_dynamic_1-BIN","NamedPizza_Veneziana_191",117,257,"Property Assertion","BIN","ASK WHERE { <http://www.example.com/genealogy.owl#Veneziana_191> <http://www.example.com/genealogy.owl#hasIngredient> <http://www.example.com/genealogy.owl#CaperTopping_dynamic_1> }","hasIngredient","TRUE",2,2
"2hop-NamedPizza_Veneziana_191_Veneziana_191-Veneziana_191-hasIngredient-AmericanHot_131-NEG-BIN","NamedPizza_Veneziana_191",117,257,"Property Assertion","BIN","ASK WHERE { <http://www.example.com/genealogy.owl#Veneziana_191> <http://www.example.com/genealogy.owl#hasIngredient> <http://www.example.com/genealogy.owl#AmericanHot_131> }","hasIngredient","FALSE",2,2
"2hop-NamedPizza_Veneziana_191_Veneziana_191-Veneziana_191-hasIngredient-MC","NamedPizza_Veneziana_191",117,257,"Property Assertion","MC","SELECT ?x WHERE { <http://www.example.com/genealogy.owl#Veneziana_191> <http://www.example.com/genealogy.owl#hasIngredient> ?x }","hasIngredient","CaperTopping_dynamic_1; MozzarellaTopping_dynamic_1; OliveTopping_dynamic_1; OnionTopping_dynamic_1; PineKernels_dynamic_1; SultanaTopping_dynamic_1; TomatoTopping_dynamic_1",2,2
"2hop-NamedPizza_Veneziana_191_Veneziana_191-Veneziana_191-hasTopping-CaperTopping_dynamic_1-BIN","NamedPizza_Veneziana_191",117,257,"Property Assertion","BIN","ASK WHERE { <http://www.example.com/genealogy.owl#Veneziana_191> <http://www.example.com/genealogy.owl#hasTopping> <http://www.example.com/genealogy.owl#CaperTopping_dynamic_1> }","hasTopping","TRUE",1,1
"2hop-NamedPizza_Veneziana_191_Veneziana_191-Veneziana_191-hasTopping-AmericanHot_131-NEG-BIN","NamedPizza_Veneziana_191",117,257,"Property Assertion","BIN","ASK WHERE { <http://www.example.com/genealogy.owl#Veneziana_191> <http://www.example.com/genealogy.owl#hasTopping> <http://www.example.com/genealogy.owl#AmericanHot_131> }","hasTopping","FALSE",1,1
"2hop-NamedPizza_Veneziana_191_Veneziana_191-Veneziana_191-rdf:type-MC","NamedPizza_Veneziana_191",117,257,"Membership","MC","SELECT ?x WHERE { <http://www.example.com/genealogy.owl#Veneziana_191> <http://www.w3.org/1999/02/22-rdf-syntax-ns#type> ?x }","rdf:type","DomainConcept; Food; Pizza",2,2
"2hop-NamedPizza_Veneziana_191_Veneziana_191-Veneziana_191-rdf:type-Food-BIN","NamedPizza_Veneziana_191",117,257,"Membership","BIN","ASK WHERE { <http://www.example.com/genealogy.owl#Veneziana_191> <http://www.w3.org/1999/02/22-rdf-syntax-ns#type> <http://www.example.com/genealogy.owl#Food> }","rdf:type","TRUE",3,3
"2hop-NamedPizza_Veneziana_191_Veneziana_191-Veneziana_191-rdf:type-American-NEG-BIN","NamedPizza_Veneziana_191",117,257,"Membership","BIN","ASK WHERE { <http://www.example.com/genealogy.owl#Veneziana_191> <http://www.w3.org/1999/02/22-rdf-syntax-ns#type> <http://www.example.com/genealogy.owl#American> }","rdf:type","FALSE",3,3
"2hop-NamedPizza_Veneziana_213_Veneziana_213-Veneziana_213-hasTopping-MC","NamedPizza_Veneziana_213",117,257,"Property Assertion","MC","SELECT ?x WHERE { <http://www.example.com/genealogy.owl#Veneziana_213> <http://www.example.com/genealogy.owl#hasTopping> ?x }","hasTopping","CaperTopping_dynamic_1; MozzarellaTopping_dynamic_1; OliveTopping_dynamic_1; OnionTopping_dynamic_1; PineKernels_dynamic_1; SultanaTopping_dynamic_1; TomatoTopping_dynamic_1",1,1
"2hop-NamedPizza_Veneziana_213_Veneziana_213-Veneziana_213-rdf:type-Food-BIN","NamedPizza_Veneziana_213",117,257,"Membership","BIN","ASK WHERE { <http://www.example.com/genealogy.owl#Veneziana_213> <http://www.w3.org/1999/02/22-rdf-syntax-ns#type> <http://www.example.com/genealogy.owl#Food> }","rdf:type","TRUE",3,3
"2hop-NamedPizza_Veneziana_213_Veneziana_213-Veneziana_213-rdf:type-American-NEG-BIN","NamedPizza_Veneziana_213",117,257,"Membership","BIN","ASK WHERE { <http://www.example.com/genealogy.owl#Veneziana_213> <http://www.w3.org/1999/02/22-rdf-syntax-ns#type> <http://www.example.com/genealogy.owl#American> }","rdf:type","FALSE",3,3
"2hop-NamedPizza_Veneziana_213_Veneziana_213-Veneziana_213-rdf:type-MC","NamedPizza_Veneziana_213",117,257,"Membership","MC","SELECT ?x WHERE { <http://www.example.com/genealogy.owl#Veneziana_213> <http://www.w3.org/1999/02/22-rdf-syntax-ns#type> ?x }","rdf:type","DomainConcept; Food; Pizza",3,3
"2hop-NamedPizza_Veneziana_213_Veneziana_213-Veneziana_213-hasIngredient-CaperTopping_dynamic_1-BIN","NamedPizza_Veneziana_213",117,257,"Property Assertion","BIN","ASK WHERE { <http://www.example.com/genealogy.owl#Veneziana_213> <http://www.example.com/genealogy.owl#hasIngredient> <http://www.example.com/genealogy.owl#CaperTopping_dynamic_1> }","hasIngredient","TRUE",2,2
"2hop-NamedPizza_Veneziana_213_Veneziana_213-Veneziana_213-hasIngredient-AmericanHot_131-NEG-BIN","NamedPizza_Veneziana_213",117,257,"Property Assertion","BIN","ASK WHERE { <http://www.example.com/genealogy.owl#Veneziana_213> <http://www.example.com/genealogy.owl#hasIngredient> <http://www.example.com/genealogy.owl#AmericanHot_131> }","hasIngredient","FALSE",2,2
"2hop-NamedPizza_Veneziana_213_Veneziana_213-Veneziana_213-hasIngredient-MC","NamedPizza_Veneziana_213",117,257,"Property Assertion","MC","SELECT ?x WHERE { <http://www.example.com/genealogy.owl#Veneziana_213> <http://www.example.com/genealogy.owl#hasIngredient> ?x }","hasIngredient","CaperTopping_dynamic_1; MozzarellaTopping_dynamic_1; OliveTopping_dynamic_1; OnionTopping_dynamic_1; PineKernels_dynamic_1; SultanaTopping_dynamic_1; TomatoTopping_dynamic_1",2,2
"2hop-NamedPizza_Veneziana_213_Veneziana_213-Veneziana_213-hasTopping-CaperTopping_dynamic_1-BIN","NamedPizza_Veneziana_213",117,257,"Property Assertion","BIN","ASK WHERE { <http://www.example.com/genealogy.owl#Veneziana_213> <http://www.example.com/genealogy.owl#hasTopping> <http://www.example.com/genealogy.owl#CaperTopping_dynamic_1> }","hasTopping","TRUE",1,1
"2hop-NamedPizza_Veneziana_213_Veneziana_213-Veneziana_213-hasTopping-AmericanHot_131-NEG-BIN","NamedPizza_Veneziana_213",117,257,"Property Assertion","BIN","ASK WHERE { <http://www.example.com/genealogy.owl#Veneziana_213> <http://www.example.com/genealogy.owl#hasTopping> <http://www.example.com/genealogy.owl#AmericanHot_131> }","hasTopping","FALSE",1,1
"2hop-NamedPizza_Veneziana_218_Veneziana_218-Veneziana_218-hasTopping-MC","NamedPizza_Veneziana_218",117,257,"Property Assertion","MC","SELECT ?x WHERE { <http://www.example.com/genealogy.owl#Veneziana_218> <http://www.example.com/genealogy.owl#hasTopping> ?x }","hasTopping","CaperTopping_dynamic_1; MozzarellaTopping_dynamic_1; OliveTopping_dynamic_1; OnionTopping_dynamic_1; PineKernels_dynamic_1; SultanaTopping_dynamic_1; TomatoTopping_dynamic_1",1,1
"2hop-NamedPizza_Veneziana_218_Veneziana_218-Veneziana_218-rdf:type-MC","NamedPizza_Veneziana_218",117,257,"Membership","MC","SELECT ?x WHERE { <http://www.example.com/genealogy.owl#Veneziana_218> <http://www.w3.org/1999/02/22-rdf-syntax-ns#type> ?x }","rdf:type","DomainConcept; Food; Pizza",4,4
"2hop-NamedPizza_Veneziana_218_Veneziana_218-Veneziana_218-hasIngredient-MC","NamedPizza_Veneziana_218",117,257,"Property Assertion","MC","SELECT ?x WHERE { <http://www.example.com/genealogy.owl#Veneziana_218> <http://www.example.com/genealogy.owl#hasIngredient> ?x }","hasIngredient","CaperTopping_dynamic_1; MozzarellaTopping_dynamic_1; OliveTopping_dynamic_1; OnionTopping_dynamic_1; PineKernels_dynamic_1; SultanaTopping_dynamic_1; TomatoTopping_dynamic_1",2,2
"2hop-NamedPizza_Veneziana_218_Veneziana_218-Veneziana_218-rdf:type-Food-BIN","NamedPizza_Veneziana_218",117,257,"Membership","BIN","ASK WHERE { <http://www.example.com/genealogy.owl#Veneziana_218> <http://www.w3.org/1999/02/22-rdf-syntax-ns#type> <http://www.example.com/genealogy.owl#Food> }","rdf:type","TRUE",3,3
"2hop-NamedPizza_Veneziana_218_Veneziana_218-Veneziana_218-rdf:type-American-NEG-BIN","NamedPizza_Veneziana_218",117,257,"Membership","BIN","ASK WHERE { <http://www.example.com/genealogy.owl#Veneziana_218> <http://www.w3.org/1999/02/22-rdf-syntax-ns#type> <http://www.example.com/genealogy.owl#American> }","rdf:type","FALSE",3,3
"2hop-NamedPizza_Veneziana_218_Veneziana_218-Veneziana_218-hasIngredient-CaperTopping_dynamic_1-BIN","NamedPizza_Veneziana_218",117,257,"Property Assertion","BIN","ASK WHERE { <http://www.example.com/genealogy.owl#Veneziana_218> <http://www.example.com/genealogy.owl#hasIngredient> <http://www.example.com/genealogy.owl#CaperTopping_dynamic_1> }","hasIngredient","TRUE",2,2
"2hop-NamedPizza_Veneziana_218_Veneziana_218-Veneziana_218-hasIngredient-AmericanHot_131-NEG-BIN","NamedPizza_Veneziana_218",117,257,"Property Assertion","BIN","ASK WHERE { <http://www.example.com/genealogy.owl#Veneziana_218> <http://www.example.com/genealogy.owl#hasIngredient> <http://www.example.com/genealogy.owl#AmericanHot_131> }","hasIngredient","FALSE",2,2
"2hop-NamedPizza_Veneziana_218_Veneziana_218-Veneziana_218-hasTopping-CaperTopping_dynamic_1-BIN","NamedPizza_Veneziana_218",117,257,"Property Assertion","BIN","ASK WHERE { <http://www.example.com/genealogy.owl#Veneziana_218> <http://www.example.com/genealogy.owl#hasTopping> <http://www.example.com/genealogy.owl#CaperTopping_dynamic_1> }","hasTopping","TRUE",1,1
"2hop-NamedPizza_Veneziana_218_Veneziana_218-Veneziana_218-hasTopping-AmericanHot_131-NEG-BIN","NamedPizza_Veneziana_218",117,257,"Property Assertion","BIN","ASK WHERE { <http://www.example.com/genealogy.owl#Veneziana_218> <http://www.example.com/genealogy.owl#hasTopping> <http://www.example.com/genealogy.owl#AmericanHot_131> }","hasTopping","FALSE",1,1
"2hop-NamedPizza_Veneziana_225_Veneziana_225-Veneziana_225-hasIngredient-MC","NamedPizza_Veneziana_225",117,257,"Property Assertion","MC","SELECT ?x WHERE { <http://www.example.com/genealogy.owl#Veneziana_225> <http://www.example.com/genealogy.owl#hasIngredient> ?x }","hasIngredient","CaperTopping_dynamic_1; MozzarellaTopping_dynamic_1; OliveTopping_dynamic_1; OnionTopping_dynamic_1; PineKernels_dynamic_1; SultanaTopping_dynamic_1; TomatoTopping_dynamic_1",2,2
"2hop-NamedPizza_Veneziana_225_Veneziana_225-Veneziana_225-hasTopping-MC","NamedPizza_Veneziana_225",117,257,"Property Assertion","MC","SELECT ?x WHERE { <http://www.example.com/genealogy.owl#Veneziana_225> <http://www.example.com/genealogy.owl#hasTopping> ?x }","hasTopping","CaperTopping_dynamic_1; MozzarellaTopping_dynamic_1; OliveTopping_dynamic_1; OnionTopping_dynamic_1; PineKernels_dynamic_1; SultanaTopping_dynamic_1; TomatoTopping_dynamic_1",1,1
"2hop-NamedPizza_Veneziana_225_Veneziana_225-Veneziana_225-hasIngredient-CaperTopping_dynamic_1-BIN","NamedPizza_Veneziana_225",117,257,"Property Assertion","BIN","ASK WHERE { <http://www.example.com/genealogy.owl#Veneziana_225> <http://www.example.com/genealogy.owl#hasIngredient> <http://www.example.com/genealogy.owl#CaperTopping_dynamic_1> }","hasIngredient","TRUE",2,2
"2hop-NamedPizza_Veneziana_225_Veneziana_225-Veneziana_225-hasIngredient-AmericanHot_131-NEG-BIN","NamedPizza_Veneziana_225",117,257,"Property Assertion","BIN","ASK WHERE { <http://www.example.com/genealogy.owl#Veneziana_225> <http://www.example.com/genealogy.owl#hasIngredient> <http://www.example.com/genealogy.owl#AmericanHot_131> }","hasIngredient","FALSE",2,2
"2hop-NamedPizza_Veneziana_225_Veneziana_225-Veneziana_225-hasTopping-CaperTopping_dynamic_1-BIN","NamedPizza_Veneziana_225",117,257,"Property Assertion","BIN","ASK WHERE { <http://www.example.com/genealogy.owl#Veneziana_225> <http://www.example.com/genealogy.owl#hasTopping> <http://www.example.com/genealogy.owl#CaperTopping_dynamic_1> }","hasTopping","TRUE",1,1
"2hop-NamedPizza_Veneziana_225_Veneziana_225-Veneziana_225-hasTopping-AmericanHot_131-NEG-BIN","NamedPizza_Veneziana_225",117,257,"Property Assertion","BIN","ASK WHERE { <http://www.example.com/genealogy.owl#Veneziana_225> <http://www.example.com/genealogy.owl#hasTopping> <http://www.example.com/genealogy.owl#AmericanHot_131> }","hasTopping","FALSE",1,1
"2hop-NamedPizza_Veneziana_225_Veneziana_225-Veneziana_225-rdf:type-MC","NamedPizza_Veneziana_225",117,257,"Membership","MC","SELECT ?x WHERE { <http://www.example.com/genealogy.owl#Veneziana_225> <http://www.w3.org/1999/02/22-rdf-syntax-ns#type> ?x }","rdf:type","DomainConcept; Food; Pizza",2,2
"2hop-NamedPizza_Veneziana_225_Veneziana_225-Veneziana_225-rdf:type-Food-BIN","NamedPizza_Veneziana_225",117,257,"Membership","BIN","ASK WHERE { <http://www.example.com/genealogy.owl#Veneziana_225> <http://www.w3.org/1999/02/22-rdf-syntax-ns#type> <http://www.example.com/genealogy.owl#Food> }","rdf:type","TRUE",3,3
"2hop-NamedPizza_Veneziana_225_Veneziana_225-Veneziana_225-rdf:type-American-NEG-BIN","NamedPizza_Veneziana_225",117,257,"Membership","BIN","ASK WHERE { <http://www.example.com/genealogy.owl#Veneziana_225> <http://www.w3.org/1999/02/22-rdf-syntax-ns#type> <http://www.example.com/genealogy.owl#American> }","rdf:type","FALSE",3,3
"2hop-NamedPizza_Veneziana_238_Veneziana_238-Veneziana_238-rdf:type-MC","NamedPizza_Veneziana_238",117,257,"Membership","MC","SELECT ?x WHERE { <http://www.example.com/genealogy.owl#Veneziana_238> <http://www.w3.org/1999/02/22-rdf-syntax-ns#type> ?x }","rdf:type","DomainConcept; Food; Pizza",4,4
"2hop-NamedPizza_Veneziana_238_Veneziana_238-Veneziana_238-hasTopping-MC","NamedPizza_Veneziana_238",117,257,"Property Assertion","MC","SELECT ?x WHERE { <http://www.example.com/genealogy.owl#Veneziana_238> <http://www.example.com/genealogy.owl#hasTopping> ?x }","hasTopping","CaperTopping_dynamic_1; MozzarellaTopping_dynamic_1; OliveTopping_dynamic_1; OnionTopping_dynamic_1; PineKernels_dynamic_1; SultanaTopping_dynamic_1; TomatoTopping_dynamic_1",1,1
"2hop-NamedPizza_Veneziana_238_Veneziana_238-Veneziana_238-hasIngredient-CaperTopping_dynamic_1-BIN","NamedPizza_Veneziana_238",117,257,"Property Assertion","BIN","ASK WHERE { <http://www.example.com/genealogy.owl#Veneziana_238> <http://www.example.com/genealogy.owl#hasIngredient> <http://www.example.com/genealogy.owl#CaperTopping_dynamic_1> }","hasIngredient","TRUE",2,2
"2hop-NamedPizza_Veneziana_238_Veneziana_238-Veneziana_238-hasIngredient-AmericanHot_131-NEG-BIN","NamedPizza_Veneziana_238",117,257,"Property Assertion","BIN","ASK WHERE { <http://www.example.com/genealogy.owl#Veneziana_238> <http://www.example.com/genealogy.owl#hasIngredient> <http://www.example.com/genealogy.owl#AmericanHot_131> }","hasIngredient","FALSE",2,2
"2hop-NamedPizza_Veneziana_238_Veneziana_238-Veneziana_238-hasIngredient-MC","NamedPizza_Veneziana_238",117,257,"Property Assertion","MC","SELECT ?x WHERE { <http://www.example.com/genealogy.owl#Veneziana_238> <http://www.example.com/genealogy.owl#hasIngredient> ?x }","hasIngredient","CaperTopping_dynamic_1; MozzarellaTopping_dynamic_1; OliveTopping_dynamic_1; OnionTopping_dynamic_1; PineKernels_dynamic_1; SultanaTopping_dynamic_1; TomatoTopping_dynamic_1",2,2
"2hop-NamedPizza_Veneziana_238_Veneziana_238-Veneziana_238-rdf:type-Food-BIN","NamedPizza_Veneziana_238",117,257,"Membership","BIN","ASK WHERE { <http://www.example.com/genealogy.owl#Veneziana_238> <http://www.w3.org/1999/02/22-rdf-syntax-ns#type> <http://www.example.com/genealogy.owl#Food> }","rdf:type","TRUE",3,3
"2hop-NamedPizza_Veneziana_238_Veneziana_238-Veneziana_238-rdf:type-American-NEG-BIN","NamedPizza_Veneziana_238",117,257,"Membership","BIN","ASK WHERE { <http://www.example.com/genealogy.owl#Veneziana_238> <http://www.w3.org/1999/02/22-rdf-syntax-ns#type> <http://www.example.com/genealogy.owl#American> }","rdf:type","FALSE",3,3
"2hop-NamedPizza_Veneziana_238_Veneziana_238-Veneziana_238-hasTopping-CaperTopping_dynamic_1-BIN","NamedPizza_Veneziana_238",117,257,"Property Assertion","BIN","ASK WHERE { <http://www.example.com/genealogy.owl#Veneziana_238> <http://www.example.com/genealogy.owl#hasTopping> <http://www.example.com/genealogy.owl#CaperTopping_dynamic_1> }","hasTopping","TRUE",1,1
"2hop-NamedPizza_Veneziana_238_Veneziana_238-Veneziana_238-hasTopping-AmericanHot_131-NEG-BIN","NamedPizza_Veneziana_238",117,257,"Property Assertion","BIN","ASK WHERE { <http://www.example.com/genealogy.owl#Veneziana_238> <http://www.example.com/genealogy.owl#hasTopping> <http://www.example.com/genealogy.owl#AmericanHot_131> }","hasTopping","FALSE",1,1
"2hop-NamedPizza_Veneziana_45_Veneziana_45-Veneziana_45-hasTopping-MC","NamedPizza_Veneziana_45",117,257,"Property Assertion","MC","SELECT ?x WHERE { <http://www.example.com/genealogy.owl#Veneziana_45> <http://www.example.com/genealogy.owl#hasTopping> ?x }","hasTopping","CaperTopping_dynamic_1; MozzarellaTopping_dynamic_1; OliveTopping_dynamic_1; OnionTopping_dynamic_1; PineKernels_dynamic_1; SultanaTopping_dynamic_1; TomatoTopping_dynamic_1",1,1
"2hop-NamedPizza_Veneziana_45_Veneziana_45-Veneziana_45-hasIngredient-MC","NamedPizza_Veneziana_45",117,257,"Property Assertion","MC","SELECT ?x WHERE { <http://www.example.com/genealogy.owl#Veneziana_45> <http://www.example.com/genealogy.owl#hasIngredient> ?x }","hasIngredient","CaperTopping_dynamic_1; MozzarellaTopping_dynamic_1; OliveTopping_dynamic_1; OnionTopping_dynamic_1; PineKernels_dynamic_1; SultanaTopping_dynamic_1; TomatoTopping_dynamic_1",2,2
"2hop-NamedPizza_Veneziana_45_Veneziana_45-Veneziana_45-rdf:type-Food-BIN","NamedPizza_Veneziana_45",117,257,"Membership","BIN","ASK WHERE { <http://www.example.com/genealogy.owl#Veneziana_45> <http://www.w3.org/1999/02/22-rdf-syntax-ns#type> <http://www.example.com/genealogy.owl#Food> }","rdf:type","TRUE",3,3
"2hop-NamedPizza_Veneziana_45_Veneziana_45-Veneziana_45-rdf:type-American-NEG-BIN","NamedPizza_Veneziana_45",117,257,"Membership","BIN","ASK WHERE { <http://www.example.com/genealogy.owl#Veneziana_45> <http://www.w3.org/1999/02/22-rdf-syntax-ns#type> <http://www.example.com/genealogy.owl#American> }","rdf:type","FALSE",3,3
"2hop-NamedPizza_Veneziana_45_Veneziana_45-Veneziana_45-rdf:type-MC","NamedPizza_Veneziana_45",117,257,"Membership","MC","SELECT ?x WHERE { <http://www.example.com/genealogy.owl#Veneziana_45> <http://www.w3.org/1999/02/22-rdf-syntax-ns#type> ?x }","rdf:type","DomainConcept; Food; Pizza",3,3
"2hop-NamedPizza_Veneziana_45_Veneziana_45-Veneziana_45-hasIngredient-CaperTopping_dynamic_1-BIN","NamedPizza_Veneziana_45",117,257,"Property Assertion","BIN","ASK WHERE { <http://www.example.com/genealogy.owl#Veneziana_45> <http://www.example.com/genealogy.owl#hasIngredient> <http://www.example.com/genealogy.owl#CaperTopping_dynamic_1> }","hasIngredient","TRUE",2,2
"2hop-NamedPizza_Veneziana_45_Veneziana_45-Veneziana_45-hasIngredient-AmericanHot_131-NEG-BIN","NamedPizza_Veneziana_45",117,257,"Property Assertion","BIN","ASK WHERE { <http://www.example.com/genealogy.owl#Veneziana_45> <http://www.example.com/genealogy.owl#hasIngredient> <http://www.example.com/genealogy.owl#AmericanHot_131> }","hasIngredient","FALSE",2,2
"2hop-NamedPizza_Veneziana_45_Veneziana_45-Veneziana_45-hasTopping-CaperTopping_dynamic_1-BIN","NamedPizza_Veneziana_45",117,257,"Property Assertion","BIN","ASK WHERE { <http://www.example.com/genealogy.owl#Veneziana_45> <http://www.example.com/genealogy.owl#hasTopping> <http://www.example.com/genealogy.owl#CaperTopping_dynamic_1> }","hasTopping","TRUE",1,1
"2hop-NamedPizza_Veneziana_45_Veneziana_45-Veneziana_45-hasTopping-AmericanHot_131-NEG-BIN","NamedPizza_Veneziana_45",117,257,"Property Assertion","BIN","ASK WHERE { <http://www.example.com/genealogy.owl#Veneziana_45> <http://www.example.com/genealogy.owl#hasTopping> <http://www.example.com/genealogy.owl#AmericanHot_131> }","hasTopping","FALSE",1,1
"2hop-NamedPizza_Veneziana_60_Veneziana_60-Veneziana_60-hasTopping-MC","NamedPizza_Veneziana_60",117,257,"Property Assertion","MC","SELECT ?x WHERE { <http://www.example.com/genealogy.owl#Veneziana_60> <http://www.example.com/genealogy.owl#hasTopping> ?x }","hasTopping","CaperTopping_dynamic_1; MozzarellaTopping_dynamic_1; OliveTopping_dynamic_1; OnionTopping_dynamic_1; PineKernels_dynamic_1; SultanaTopping_dynamic_1; TomatoTopping_dynamic_1",1,1
"2hop-NamedPizza_Veneziana_60_Veneziana_60-Veneziana_60-hasIngredient-MC","NamedPizza_Veneziana_60",117,257,"Property Assertion","MC","SELECT ?x WHERE { <http://www.example.com/genealogy.owl#Veneziana_60> <http://www.example.com/genealogy.owl#hasIngredient> ?x }","hasIngredient","CaperTopping_dynamic_1; MozzarellaTopping_dynamic_1; OliveTopping_dynamic_1; OnionTopping_dynamic_1; PineKernels_dynamic_1; SultanaTopping_dynamic_1; TomatoTopping_dynamic_1",2,2
"2hop-NamedPizza_Veneziana_60_Veneziana_60-Veneziana_60-rdf:type-MC","NamedPizza_Veneziana_60",117,257,"Membership","MC","SELECT ?x WHERE { <http://www.example.com/genealogy.owl#Veneziana_60> <http://www.w3.org/1999/02/22-rdf-syntax-ns#type> ?x }","rdf:type","DomainConcept; Food; Pizza",4,4
"2hop-NamedPizza_Veneziana_60_Veneziana_60-Veneziana_60-rdf:type-Food-BIN","NamedPizza_Veneziana_60",117,257,"Membership","BIN","ASK WHERE { <http://www.example.com/genealogy.owl#Veneziana_60> <http://www.w3.org/1999/02/22-rdf-syntax-ns#type> <http://www.example.com/genealogy.owl#Food> }","rdf:type","TRUE",3,3
"2hop-NamedPizza_Veneziana_60_Veneziana_60-Veneziana_60-rdf:type-American-NEG-BIN","NamedPizza_Veneziana_60",117,257,"Membership","BIN","ASK WHERE { <http://www.example.com/genealogy.owl#Veneziana_60> <http://www.w3.org/1999/02/22-rdf-syntax-ns#type> <http://www.example.com/genealogy.owl#American> }","rdf:type","FALSE",3,3
"2hop-NamedPizza_Veneziana_60_Veneziana_60-Veneziana_60-hasIngredient-CaperTopping_dynamic_1-BIN","NamedPizza_Veneziana_60",117,257,"Property Assertion","BIN","ASK WHERE { <http://www.example.com/genealogy.owl#Veneziana_60> <http://www.example.com/genealogy.owl#hasIngredient> <http://www.example.com/genealogy.owl#CaperTopping_dynamic_1> }","hasIngredient","TRUE",2,2
"2hop-NamedPizza_Veneziana_60_Veneziana_60-Veneziana_60-hasIngredient-AmericanHot_131-NEG-BIN","NamedPizza_Veneziana_60",117,257,"Property Assertion","BIN","ASK WHERE { <http://www.example.com/genealogy.owl#Veneziana_60> <http://www.example.com/genealogy.owl#hasIngredient> <http://www.example.com/genealogy.owl#AmericanHot_131> }","hasIngredient","FALSE",2,2
"2hop-NamedPizza_Veneziana_60_Veneziana_60-Veneziana_60-hasTopping-CaperTopping_dynamic_1-BIN","NamedPizza_Veneziana_60",117,257,"Property Assertion","BIN","ASK WHERE { <http://www.example.com/genealogy.owl#Veneziana_60> <http://www.example.com/genealogy.owl#hasTopping> <http://www.example.com/genealogy.owl#CaperTopping_dynamic_1> }","hasTopping","TRUE",1,1
"2hop-NamedPizza_Veneziana_60_Veneziana_60-Veneziana_60-hasTopping-AmericanHot_131-NEG-BIN","NamedPizza_Veneziana_60",117,257,"Property Assertion","BIN","ASK WHERE { <http://www.example.com/genealogy.owl#Veneziana_60> <http://www.example.com/genealogy.owl#hasTopping> <http://www.example.com/genealogy.owl#AmericanHot_131> }","hasTopping","FALSE",1,1
"2hop-NamedPizza_Veneziana_61_Veneziana_61-Veneziana_61-hasIngredient-MC","NamedPizza_Veneziana_61",117,257,"Property Assertion","MC","SELECT ?x WHERE { <http://www.example.com/genealogy.owl#Veneziana_61> <http://www.example.com/genealogy.owl#hasIngredient> ?x }","hasIngredient","CaperTopping_dynamic_1; MozzarellaTopping_dynamic_1; OliveTopping_dynamic_1; OnionTopping_dynamic_1; PineKernels_dynamic_1; SultanaTopping_dynamic_1; TomatoTopping_dynamic_1",2,2
"2hop-NamedPizza_Veneziana_61_Veneziana_61-Veneziana_61-hasTopping-MC","NamedPizza_Veneziana_61",117,257,"Property Assertion","MC","SELECT ?x WHERE { <http://www.example.com/genealogy.owl#Veneziana_61> <http://www.example.com/genealogy.owl#hasTopping> ?x }","hasTopping","CaperTopping_dynamic_1; MozzarellaTopping_dynamic_1; OliveTopping_dynamic_1; OnionTopping_dynamic_1; PineKernels_dynamic_1; SultanaTopping_dynamic_1; TomatoTopping_dynamic_1",1,1
"2hop-NamedPizza_Veneziana_61_Veneziana_61-Veneziana_61-hasIngredient-CaperTopping_dynamic_1-BIN","NamedPizza_Veneziana_61",117,257,"Property Assertion","BIN","ASK WHERE { <http://www.example.com/genealogy.owl#Veneziana_61> <http://www.example.com/genealogy.owl#hasIngredient> <http://www.example.com/genealogy.owl#CaperTopping_dynamic_1> }","hasIngredient","TRUE",2,2
"2hop-NamedPizza_Veneziana_61_Veneziana_61-Veneziana_61-hasIngredient-AmericanHot_131-NEG-BIN","NamedPizza_Veneziana_61",117,257,"Property Assertion","BIN","ASK WHERE { <http://www.example.com/genealogy.owl#Veneziana_61> <http://www.example.com/genealogy.owl#hasIngredient> <http://www.example.com/genealogy.owl#AmericanHot_131> }","hasIngredient","FALSE",2,2
"2hop-NamedPizza_Veneziana_61_Veneziana_61-Veneziana_61-rdf:type-MC","NamedPizza_Veneziana_61",117,257,"Membership","MC","SELECT ?x WHERE { <http://www.example.com/genealogy.owl#Veneziana_61> <http://www.w3.org/1999/02/22-rdf-syntax-ns#type> ?x }","rdf:type","DomainConcept; Food; Pizza",4,4
"2hop-NamedPizza_Veneziana_61_Veneziana_61-Veneziana_61-rdf:type-Food-BIN","NamedPizza_Veneziana_61",117,257,"Membership","BIN","ASK WHERE { <http://www.example.com/genealogy.owl#Veneziana_61> <http://www.w3.org/1999/02/22-rdf-syntax-ns#type> <http://www.example.com/genealogy.owl#Food> }","rdf:type","TRUE",3,3
"2hop-NamedPizza_Veneziana_61_Veneziana_61-Veneziana_61-rdf:type-American-NEG-BIN","NamedPizza_Veneziana_61",117,257,"Membership","BIN","ASK WHERE { <http://www.example.com/genealogy.owl#Veneziana_61> <http://www.w3.org/1999/02/22-rdf-syntax-ns#type> <http://www.example.com/genealogy.owl#American> }","rdf:type","FALSE",3,3
"2hop-NamedPizza_Veneziana_61_Veneziana_61-Veneziana_61-hasTopping-CaperTopping_dynamic_1-BIN","NamedPizza_Veneziana_61",117,257,"Property Assertion","BIN","ASK WHERE { <http://www.example.com/genealogy.owl#Veneziana_61> <http://www.example.com/genealogy.owl#hasTopping> <http://www.example.com/genealogy.owl#CaperTopping_dynamic_1> }","hasTopping","TRUE",1,1
"2hop-NamedPizza_Veneziana_61_Veneziana_61-Veneziana_61-hasTopping-AmericanHot_131-NEG-BIN","NamedPizza_Veneziana_61",117,257,"Property Assertion","BIN","ASK WHERE { <http://www.example.com/genealogy.owl#Veneziana_61> <http://www.example.com/genealogy.owl#hasTopping> <http://www.example.com/genealogy.owl#AmericanHot_131> }","hasTopping","FALSE",1,1
"2hop-NamedPizza_Veneziana_65_Veneziana_65-Veneziana_65-rdf:type-MC","NamedPizza_Veneziana_65",117,257,"Membership","MC","SELECT ?x WHERE { <http://www.example.com/genealogy.owl#Veneziana_65> <http://www.w3.org/1999/02/22-rdf-syntax-ns#type> ?x }","rdf:type","DomainConcept; Food; Pizza",2,2
"2hop-NamedPizza_Veneziana_65_Veneziana_65-Veneziana_65-hasTopping-MC","NamedPizza_Veneziana_65",117,257,"Property Assertion","MC","SELECT ?x WHERE { <http://www.example.com/genealogy.owl#Veneziana_65> <http://www.example.com/genealogy.owl#hasTopping> ?x }","hasTopping","CaperTopping_dynamic_1; MozzarellaTopping_dynamic_1; OliveTopping_dynamic_1; OnionTopping_dynamic_1; PineKernels_dynamic_1; SultanaTopping_dynamic_1; TomatoTopping_dynamic_1",1,1
"2hop-NamedPizza_Veneziana_65_Veneziana_65-Veneziana_65-hasIngredient-MC","NamedPizza_Veneziana_65",117,257,"Property Assertion","MC","SELECT ?x WHERE { <http://www.example.com/genealogy.owl#Veneziana_65> <http://www.example.com/genealogy.owl#hasIngredient> ?x }","hasIngredient","CaperTopping_dynamic_1; MozzarellaTopping_dynamic_1; OliveTopping_dynamic_1; OnionTopping_dynamic_1; PineKernels_dynamic_1; SultanaTopping_dynamic_1; TomatoTopping_dynamic_1",2,2
"2hop-NamedPizza_Veneziana_65_Veneziana_65-Veneziana_65-rdf:type-Food-BIN","NamedPizza_Veneziana_65",117,257,"Membership","BIN","ASK WHERE { <http://www.example.com/genealogy.owl#Veneziana_65> <http://www.w3.org/1999/02/22-rdf-syntax-ns#type> <http://www.example.com/genealogy.owl#Food> }","rdf:type","TRUE",3,3
"2hop-NamedPizza_Veneziana_65_Veneziana_65-Veneziana_65-rdf:type-American-NEG-BIN","NamedPizza_Veneziana_65",117,257,"Membership","BIN","ASK WHERE { <http://www.example.com/genealogy.owl#Veneziana_65> <http://www.w3.org/1999/02/22-rdf-syntax-ns#type> <http://www.example.com/genealogy.owl#American> }","rdf:type","FALSE",3,3
"2hop-NamedPizza_Veneziana_65_Veneziana_65-Veneziana_65-hasTopping-CaperTopping_dynamic_1-BIN","NamedPizza_Veneziana_65",117,257,"Property Assertion","BIN","ASK WHERE { <http://www.example.com/genealogy.owl#Veneziana_65> <http://www.example.com/genealogy.owl#hasTopping> <http://www.example.com/genealogy.owl#CaperTopping_dynamic_1> }","hasTopping","TRUE",1,1
"2hop-NamedPizza_Veneziana_65_Veneziana_65-Veneziana_65-hasTopping-AmericanHot_131-NEG-BIN","NamedPizza_Veneziana_65",117,257,"Property Assertion","BIN","ASK WHERE { <http://www.example.com/genealogy.owl#Veneziana_65> <http://www.example.com/genealogy.owl#hasTopping> <http://www.example.com/genealogy.owl#AmericanHot_131> }","hasTopping","FALSE",1,1
"2hop-NamedPizza_Veneziana_65_Veneziana_65-Veneziana_65-hasIngredient-CaperTopping_dynamic_1-BIN","NamedPizza_Veneziana_65",117,257,"Property Assertion","BIN","ASK WHERE { <http://www.example.com/genealogy.owl#Veneziana_65> <http://www.example.com/genealogy.owl#hasIngredient> <http://www.example.com/genealogy.owl#CaperTopping_dynamic_1> }","hasIngredient","TRUE",2,2
"2hop-NamedPizza_Veneziana_65_Veneziana_65-Veneziana_65-hasIngredient-AmericanHot_131-NEG-BIN","NamedPizza_Veneziana_65",117,257,"Property Assertion","BIN","ASK WHERE { <http://www.example.com/genealogy.owl#Veneziana_65> <http://www.example.com/genealogy.owl#hasIngredient> <http://www.example.com/genealogy.owl#AmericanHot_131> }","hasIngredient","FALSE",2,2
"2hop-OliveTopping_OliveTopping_dynamic_1_OliveTopping_dynamic_1-OliveTopping_dynamic_1-isToppingOf-MC","OliveTopping_OliveTopping_dynamic_1",117,130,"Property Assertion","MC","SELECT ?x WHERE { <http://www.example.com/genealogy.owl#OliveTopping_dynamic_1> <http://www.example.com/genealogy.owl#isToppingOf> ?x }","isToppingOf","Capricciosa_101; Capricciosa_117; Capricciosa_119; Capricciosa_125; Capricciosa_159; Capricciosa_16; Capricciosa_202; Capricciosa_212; Capricciosa_216; Capricciosa_46; Capricciosa_47; Capricciosa_57; Capricciosa_72; Fiorentina_130; Fiorentina_145; Fiorentina_149; Fiorentina_156; Fiorentina_222; Fiorentina_232; Fiorentina_234; Fiorentina_241; Fiorentina_84; Fiorentina_99; FourSeasons_127; FourSeasons_146; FourSeasons_171; FourSeasons_174; FourSeasons_182; FourSeasons_188; FourSeasons_190; FourSeasons_233; FourSeasons_235; FourSeasons_56; FourSeasons_62; FourSeasons_88; FourSeasons_89; FourSeasons_9; FourSeasons_90; Giardiniera_118; Giardiniera_175; Giardiniera_176; Giardiniera_206; Giardiniera_226; Giardiniera_4; Giardiniera_48; LaReine_123; LaReine_15; LaReine_184; LaReine_209; LaReine_217; LaReine_230; LaReine_231; LaReine_246; LaReine_49; LaReine_59; LaReine_71; Napoletana_102; Napoletana_126; Napoletana_151; Napoletana_169; Napoletana_189; Napoletana_195; Napoletana_203; Napoletana_211; Napoletana_248; Napoletana_83; Siciliana_0; Siciliana_109; Siciliana_113; Siciliana_154; Siciliana_157; Siciliana_164; Siciliana_167; Siciliana_196; Siciliana_220; Siciliana_247; Siciliana_42; Siciliana_44; Siciliana_52; Siciliana_6; Soho_104; Soho_105; Soho_106; Soho_134; Soho_14; Soho_142; Soho_180; Soho_183; Soho_204; Soho_210; Soho_236; Soho_243; Soho_25; Soho_3; Soho_41; Soho_54; Soho_67; Soho_7; Soho_87; Veneziana_141; Veneziana_153; Veneziana_191; Veneziana_213; Veneziana_218; Veneziana_225; Veneziana_238; Veneziana_45; Veneziana_60; Veneziana_61; Veneziana_65",2,2
"2hop-OliveTopping_OliveTopping_dynamic_1_OliveTopping_dynamic_1-OliveTopping_dynamic_1-isToppingOf-Capricciosa_101-BIN","OliveTopping_OliveTopping_dynamic_1",117,130,"Property Assertion","BIN","ASK WHERE { <http://www.example.com/genealogy.owl#OliveTopping_dynamic_1> <http://www.example.com/genealogy.owl#isToppingOf> <http://www.example.com/genealogy.owl#Capricciosa_101> }","isToppingOf","TRUE",2,2
"2hop-OliveTopping_OliveTopping_dynamic_1_OliveTopping_dynamic_1-OliveTopping_dynamic_1-isToppingOf-AnchoviesTopping_dynamic_1-NEG-BIN","OliveTopping_OliveTopping_dynamic_1",117,130,"Property Assertion","BIN","ASK WHERE { <http://www.example.com/genealogy.owl#OliveTopping_dynamic_1> <http://www.example.com/genealogy.owl#isToppingOf> <http://www.example.com/genealogy.owl#AnchoviesTopping_dynamic_1> }","isToppingOf","FALSE",2,2
"2hop-OliveTopping_OliveTopping_dynamic_1_OliveTopping_dynamic_1-OliveTopping_dynamic_1-rdf:type-Food-BIN","OliveTopping_OliveTopping_dynamic_1",117,130,"Membership","BIN","ASK WHERE { <http://www.example.com/genealogy.owl#OliveTopping_dynamic_1> <http://www.w3.org/1999/02/22-rdf-syntax-ns#type> <http://www.example.com/genealogy.owl#Food> }","rdf:type","TRUE",4,4
"2hop-OliveTopping_OliveTopping_dynamic_1_OliveTopping_dynamic_1-OliveTopping_dynamic_1-rdf:type-American-NEG-BIN","OliveTopping_OliveTopping_dynamic_1",117,130,"Membership","BIN","ASK WHERE { <http://www.example.com/genealogy.owl#OliveTopping_dynamic_1> <http://www.w3.org/1999/02/22-rdf-syntax-ns#type> <http://www.example.com/genealogy.owl#American> }","rdf:type","FALSE",4,4
"2hop-OliveTopping_OliveTopping_dynamic_1_OliveTopping_dynamic_1-OliveTopping_dynamic_1-rdf:type-MC","OliveTopping_OliveTopping_dynamic_1",117,130,"Membership","MC","SELECT ?x WHERE { <http://www.example.com/genealogy.owl#OliveTopping_dynamic_1> <http://www.w3.org/1999/02/22-rdf-syntax-ns#type> ?x }","rdf:type","DomainConcept; Food; PizzaTopping; VegetableTopping",4,4
"2hop-OnionTopping_OnionTopping_dynamic_1_OnionTopping_dynamic_1-OnionTopping_dynamic_1-isToppingOf-MC","OnionTopping_OnionTopping_dynamic_1",117,47,"Property Assertion","MC","SELECT ?x WHERE { <http://www.example.com/genealogy.owl#OnionTopping_dynamic_1> <http://www.example.com/genealogy.owl#isToppingOf> ?x }","isToppingOf","Cajun_108; Cajun_110; Cajun_112; Cajun_138; Cajun_140; Cajun_17; Cajun_181; Cajun_193; Cajun_197; Cajun_198; Cajun_229; Cajun_242; Cajun_92; SloppyGiuseppe_132; SloppyGiuseppe_147; SloppyGiuseppe_148; SloppyGiuseppe_20; SloppyGiuseppe_228; SloppyGiuseppe_24; SloppyGiuseppe_249; SloppyGiuseppe_34; SloppyGiuseppe_53; SloppyGiuseppe_58; SloppyGiuseppe_98; Veneziana_141; Veneziana_153; Veneziana_191; Veneziana_213; Veneziana_218; Veneziana_225; Veneziana_238; Veneziana_45; Veneziana_60; Veneziana_61; Veneziana_65",2,2
"2hop-OnionTopping_OnionTopping_dynamic_1_OnionTopping_dynamic_1-OnionTopping_dynamic_1-rdf:type-MC","OnionTopping_OnionTopping_dynamic_1",117,47,"Membership","MC","SELECT ?x WHERE { <http://www.example.com/genealogy.owl#OnionTopping_dynamic_1> <http://www.w3.org/1999/02/22-rdf-syntax-ns#type> ?x }","rdf:type","DomainConcept; Food; PizzaTopping; VegetableTopping",2,2
"2hop-OnionTopping_OnionTopping_dynamic_1_OnionTopping_dynamic_1-OnionTopping_dynamic_1-isToppingOf-Cajun_108-BIN","OnionTopping_OnionTopping_dynamic_1",117,47,"Property Assertion","BIN","ASK WHERE { <http://www.example.com/genealogy.owl#OnionTopping_dynamic_1> <http://www.example.com/genealogy.owl#isToppingOf> <http://www.example.com/genealogy.owl#Cajun_108> }","isToppingOf","TRUE",2,2
"2hop-OnionTopping_OnionTopping_dynamic_1_OnionTopping_dynamic_1-OnionTopping_dynamic_1-isToppingOf-CaperTopping_dynamic_1-NEG-BIN","OnionTopping_OnionTopping_dynamic_1",117,47,"Property Assertion","BIN","ASK WHERE { <http://www.example.com/genealogy.owl#OnionTopping_dynamic_1> <http://www.example.com/genealogy.owl#isToppingOf> <http://www.example.com/genealogy.owl#CaperTopping_dynamic_1> }","isToppingOf","FALSE",2,2
"2hop-OnionTopping_OnionTopping_dynamic_1_OnionTopping_dynamic_1-OnionTopping_dynamic_1-rdf:type-Food-BIN","OnionTopping_OnionTopping_dynamic_1",117,47,"Membership","BIN","ASK WHERE { <http://www.example.com/genealogy.owl#OnionTopping_dynamic_1> <http://www.w3.org/1999/02/22-rdf-syntax-ns#type> <http://www.example.com/genealogy.owl#Food> }","rdf:type","TRUE",4,4
"2hop-OnionTopping_OnionTopping_dynamic_1_OnionTopping_dynamic_1-OnionTopping_dynamic_1-rdf:type-American-NEG-BIN","OnionTopping_OnionTopping_dynamic_1",117,47,"Membership","BIN","ASK WHERE { <http://www.example.com/genealogy.owl#OnionTopping_dynamic_1> <http://www.w3.org/1999/02/22-rdf-syntax-ns#type> <http://www.example.com/genealogy.owl#American> }","rdf:type","FALSE",4,4
"2hop-ParmesanTopping_ParmesanTopping_dynamic_1_ParmesanTopping_dynamic_1-ParmesanTopping_dynamic_1-rdf:type-MC","ParmesanTopping_ParmesanTopping_dynamic_1",117,62,"Membership","MC","SELECT ?x WHERE { <http://www.example.com/genealogy.owl#ParmesanTopping_dynamic_1> <http://www.w3.org/1999/02/22-rdf-syntax-ns#type> ?x }","rdf:type","CheeseTopping; DomainConcept; Food; PizzaTopping",5,5
"2hop-ParmesanTopping_ParmesanTopping_dynamic_1_ParmesanTopping_dynamic_1-ParmesanTopping_dynamic_1-isToppingOf-MC","ParmesanTopping_ParmesanTopping_dynamic_1",117,62,"Property Assertion","MC","SELECT ?x WHERE { <http://www.example.com/genealogy.owl#ParmesanTopping_dynamic_1> <http://www.example.com/genealogy.owl#isToppingOf> ?x }","isToppingOf","Fiorentina_130; Fiorentina_145; Fiorentina_149; Fiorentina_156; Fiorentina_222; Fiorentina_232; Fiorentina_234; Fiorentina_241; Fiorentina_84; Fiorentina_99; Parmense_121; Parmense_129; Parmense_165; Parmense_173; Parmense_221; Parmense_23; Parmense_30; Parmense_43; Parmense_55; Parmense_76; Parmense_78; Parmense_96; PrinceCarlo_100; PrinceCarlo_122; PrinceCarlo_155; PrinceCarlo_172; PrinceCarlo_187; PrinceCarlo_39; PrinceCarlo_8; PrinceCarlo_85; PrinceCarlo_86; PrinceCarlo_93; Soho_104; Soho_105; Soho_106; Soho_134; Soho_14; Soho_142; Soho_180; Soho_183; Soho_204; Soho_210; Soho_236; Soho_243; Soho_25; Soho_3; Soho_41; Soho_54; Soho_67; Soho_7; Soho_87",2,2
"2hop-ParmesanTopping_ParmesanTopping_dynamic_1_ParmesanTopping_dynamic_1-ParmesanTopping_dynamic_1-rdf:type-CheeseTopping-BIN","ParmesanTopping_ParmesanTopping_dynamic_1",117,62,"Membership","BIN","ASK WHERE { <http://www.example.com/genealogy.owl#ParmesanTopping_dynamic_1> <http://www.w3.org/1999/02/22-rdf-syntax-ns#type> <http://www.example.com/genealogy.owl#CheeseTopping> }","rdf:type","TRUE",2,2
"2hop-ParmesanTopping_ParmesanTopping_dynamic_1_ParmesanTopping_dynamic_1-ParmesanTopping_dynamic_1-rdf:type-American-NEG-BIN","ParmesanTopping_ParmesanTopping_dynamic_1",117,62,"Membership","BIN","ASK WHERE { <http://www.example.com/genealogy.owl#ParmesanTopping_dynamic_1> <http://www.w3.org/1999/02/22-rdf-syntax-ns#type> <http://www.example.com/genealogy.owl#American> }","rdf:type","FALSE",2,2
"2hop-ParmesanTopping_ParmesanTopping_dynamic_1_ParmesanTopping_dynamic_1-ParmesanTopping_dynamic_1-isToppingOf-Fiorentina_130-BIN","ParmesanTopping_ParmesanTopping_dynamic_1",117,62,"Property Assertion","BIN","ASK WHERE { <http://www.example.com/genealogy.owl#ParmesanTopping_dynamic_1> <http://www.example.com/genealogy.owl#isToppingOf> <http://www.example.com/genealogy.owl#Fiorentina_130> }","isToppingOf","TRUE",2,2
"2hop-ParmesanTopping_ParmesanTopping_dynamic_1_ParmesanTopping_dynamic_1-ParmesanTopping_dynamic_1-isToppingOf-AsparagusTopping_dynamic_1-NEG-BIN","ParmesanTopping_ParmesanTopping_dynamic_1",117,62,"Property Assertion","BIN","ASK WHERE { <http://www.example.com/genealogy.owl#ParmesanTopping_dynamic_1> <http://www.example.com/genealogy.owl#isToppingOf> <http://www.example.com/genealogy.owl#AsparagusTopping_dynamic_1> }","isToppingOf","FALSE",2,2
"2hop-PeperonataTopping_PeperonataTopping_dynamic_1_PeperonataTopping_dynamic_1-PeperonataTopping_dynamic_1-rdf:type-MC","PeperonataTopping_PeperonataTopping_dynamic_1",117,47,"Membership","MC","SELECT ?x WHERE { <http://www.example.com/genealogy.owl#PeperonataTopping_dynamic_1> <http://www.w3.org/1999/02/22-rdf-syntax-ns#type> ?x }","rdf:type","DomainConcept; Food; PepperTopping; PizzaTopping; VegetableTopping",3,3
"2hop-PeperonataTopping_PeperonataTopping_dynamic_1_PeperonataTopping_dynamic_1-PeperonataTopping_dynamic_1-isToppingOf-MC","PeperonataTopping_PeperonataTopping_dynamic_1",117,47,"Property Assertion","MC","SELECT ?x WHERE { <http://www.example.com/genealogy.owl#PeperonataTopping_dynamic_1> <http://www.example.com/genealogy.owl#isToppingOf> ?x }","isToppingOf","Cajun_108; Cajun_110; Cajun_112; Cajun_138; Cajun_140; Cajun_17; Cajun_181; Cajun_193; Cajun_197; Cajun_198; Cajun_229; Cajun_242; Cajun_92; Capricciosa_101; Capricciosa_117; Capricciosa_119; Capricciosa_125; Capricciosa_159; Capricciosa_16; Capricciosa_202; Capricciosa_212; Capricciosa_216; Capricciosa_46; Capricciosa_47; Capricciosa_57; Capricciosa_72; Giardiniera_118; Giardiniera_175; Giardiniera_176; Giardiniera_206; Giardiniera_226; Giardiniera_4; Giardiniera_48",2,2
"2hop-PeperonataTopping_PeperonataTopping_dynamic_1_PeperonataTopping_dynamic_1-PeperonataTopping_dynamic_1-rdf:type-Food-BIN","PeperonataTopping_PeperonataTopping_dynamic_1",117,47,"Membership","BIN","ASK WHERE { <http://www.example.com/genealogy.owl#PeperonataTopping_dynamic_1> <http://www.w3.org/1999/02/22-rdf-syntax-ns#type> <http://www.example.com/genealogy.owl#Food> }","rdf:type","TRUE",5,5
"2hop-PeperonataTopping_PeperonataTopping_dynamic_1_PeperonataTopping_dynamic_1-PeperonataTopping_dynamic_1-rdf:type-American-NEG-BIN","PeperonataTopping_PeperonataTopping_dynamic_1",117,47,"Membership","BIN","ASK WHERE { <http://www.example.com/genealogy.owl#PeperonataTopping_dynamic_1> <http://www.w3.org/1999/02/22-rdf-syntax-ns#type> <http://www.example.com/genealogy.owl#American> }","rdf:type","FALSE",5,5
"2hop-PeperonataTopping_PeperonataTopping_dynamic_1_PeperonataTopping_dynamic_1-PeperonataTopping_dynamic_1-isToppingOf-Cajun_108-BIN","PeperonataTopping_PeperonataTopping_dynamic_1",117,47,"Property Assertion","BIN","ASK WHERE { <http://www.example.com/genealogy.owl#PeperonataTopping_dynamic_1> <http://www.example.com/genealogy.owl#isToppingOf> <http://www.example.com/genealogy.owl#Cajun_108> }","isToppingOf","TRUE",2,2
"2hop-PeperonataTopping_PeperonataTopping_dynamic_1_PeperonataTopping_dynamic_1-PeperonataTopping_dynamic_1-isToppingOf-AnchoviesTopping_dynamic_1-NEG-BIN","PeperonataTopping_PeperonataTopping_dynamic_1",117,47,"Property Assertion","BIN","ASK WHERE { <http://www.example.com/genealogy.owl#PeperonataTopping_dynamic_1> <http://www.example.com/genealogy.owl#isToppingOf> <http://www.example.com/genealogy.owl#AnchoviesTopping_dynamic_1> }","isToppingOf","FALSE",2,2
"2hop-PeperoniSausageTopping_PeperoniSausageTopping_dynamic_1_PeperoniSausageTopping_dynamic_1-PeperoniSausageTopping_dynamic_1-isToppingOf-MC","PeperoniSausageTopping_PeperoniSausageTopping_dynamic_1",117,50,"Property Assertion","MC","SELECT ?x WHERE { <http://www.example.com/genealogy.owl#PeperoniSausageTopping_dynamic_1> <http://www.example.com/genealogy.owl#isToppingOf> ?x }","isToppingOf","AmericanHot_131; AmericanHot_136; AmericanHot_139; AmericanHot_177; AmericanHot_179; AmericanHot_186; AmericanHot_19; AmericanHot_199; AmericanHot_237; AmericanHot_239; AmericanHot_50; AmericanHot_63; AmericanHot_64; AmericanHot_79; American_107; American_13; American_143; American_158; American_162; American_2; American_215; American_245; American_27; American_68; American_69; American_94; FourSeasons_127; FourSeasons_146; FourSeasons_171; FourSeasons_174; FourSeasons_182; FourSeasons_188; FourSeasons_190; FourSeasons_233; FourSeasons_235; FourSeasons_56; FourSeasons_62; FourSeasons_88; FourSeasons_89; FourSeasons_9; FourSeasons_90",2,2
"2hop-PeperoniSausageTopping_PeperoniSausageTopping_dynamic_1_PeperoniSausageTopping_dynamic_1-PeperoniSausageTopping_dynamic_1-rdf:type-Food-BIN","PeperoniSausageTopping_PeperoniSausageTopping_dynamic_1",117,50,"Membership","BIN","ASK WHERE { <http://www.example.com/genealogy.owl#PeperoniSausageTopping_dynamic_1> <http://www.w3.org/1999/02/22-rdf-syntax-ns#type> <http://www.example.com/genealogy.owl#Food> }","rdf:type","TRUE",4,4
"2hop-PeperoniSausageTopping_PeperoniSausageTopping_dynamic_1_PeperoniSausageTopping_dynamic_1-PeperoniSausageTopping_dynamic_1-rdf:type-American-NEG-BIN","PeperoniSausageTopping_PeperoniSausageTopping_dynamic_1",117,50,"Membership","BIN","ASK WHERE { <http://www.example.com/genealogy.owl#PeperoniSausageTopping_dynamic_1> <http://www.w3.org/1999/02/22-rdf-syntax-ns#type> <http://www.example.com/genealogy.owl#American> }","rdf:type","FALSE",4,4
"2hop-PeperoniSausageTopping_PeperoniSausageTopping_dynamic_1_PeperoniSausageTopping_dynamic_1-PeperoniSausageTopping_dynamic_1-rdf:type-MC","PeperoniSausageTopping_PeperoniSausageTopping_dynamic_1",117,50,"Membership","MC","SELECT ?x WHERE { <http://www.example.com/genealogy.owl#PeperoniSausageTopping_dynamic_1> <http://www.w3.org/1999/02/22-rdf-syntax-ns#type> ?x }","rdf:type","DomainConcept; Food; MeatTopping; PizzaTopping",4,4
"2hop-PeperoniSausageTopping_PeperoniSausageTopping_dynamic_1_PeperoniSausageTopping_dynamic_1-PeperoniSausageTopping_dynamic_1-isToppingOf-AmericanHot_131-BIN","PeperoniSausageTopping_PeperoniSausageTopping_dynamic_1",117,50,"Property Assertion","BIN","ASK WHERE { <http://www.example.com/genealogy.owl#PeperoniSausageTopping_dynamic_1> <http://www.example.com/genealogy.owl#isToppingOf> <http://www.example.com/genealogy.owl#AmericanHot_131> }","isToppingOf","TRUE",2,2
"2hop-PeperoniSausageTopping_PeperoniSausageTopping_dynamic_1_PeperoniSausageTopping_dynamic_1-PeperoniSausageTopping_dynamic_1-isToppingOf-AnchoviesTopping_dynamic_1-NEG-BIN","PeperoniSausageTopping_PeperoniSausageTopping_dynamic_1",117,50,"Property Assertion","BIN","ASK WHERE { <http://www.example.com/genealogy.owl#PeperoniSausageTopping_dynamic_1> <http://www.example.com/genealogy.owl#isToppingOf> <http://www.example.com/genealogy.owl#AnchoviesTopping_dynamic_1> }","isToppingOf","FALSE",2,2
"2hop-PetitPoisTopping_PetitPoisTopping_dynamic_1_PetitPoisTopping_dynamic_1-PetitPoisTopping_dynamic_1-isToppingOf-MC","PetitPoisTopping_PetitPoisTopping_dynamic_1",117,15,"Property Assertion","MC","SELECT ?x WHERE { <http://www.example.com/genealogy.owl#PetitPoisTopping_dynamic_1> <http://www.example.com/genealogy.owl#isToppingOf> ?x }","isToppingOf","Giardiniera_118; Giardiniera_175; Giardiniera_176; Giardiniera_206; Giardiniera_226; Giardiniera_4; Giardiniera_48",2,2
"2hop-PetitPoisTopping_PetitPoisTopping_dynamic_1_PetitPoisTopping_dynamic_1-PetitPoisTopping_dynamic_1-isToppingOf-Giardiniera_118-BIN","PetitPoisTopping_PetitPoisTopping_dynamic_1",117,15,"Property Assertion","BIN","ASK WHERE { <http://www.example.com/genealogy.owl#PetitPoisTopping_dynamic_1> <http://www.example.com/genealogy.owl#isToppingOf> <http://www.example.com/genealogy.owl#Giardiniera_118> }","isToppingOf","TRUE",2,2
"2hop-PetitPoisTopping_PetitPoisTopping_dynamic_1_PetitPoisTopping_dynamic_1-PetitPoisTopping_dynamic_1-isToppingOf-LeekTopping_dynamic_1-NEG-BIN","PetitPoisTopping_PetitPoisTopping_dynamic_1",117,15,"Property Assertion","BIN","ASK WHERE { <http://www.example.com/genealogy.owl#PetitPoisTopping_dynamic_1> <http://www.example.com/genealogy.owl#isToppingOf> <http://www.example.com/genealogy.owl#LeekTopping_dynamic_1> }","isToppingOf","FALSE",2,2
"2hop-PetitPoisTopping_PetitPoisTopping_dynamic_1_PetitPoisTopping_dynamic_1-PetitPoisTopping_dynamic_1-rdf:type-MC","PetitPoisTopping_PetitPoisTopping_dynamic_1",117,15,"Membership","MC","SELECT ?x WHERE { <http://www.example.com/genealogy.owl#PetitPoisTopping_dynamic_1> <http://www.w3.org/1999/02/22-rdf-syntax-ns#type> ?x }","rdf:type","DomainConcept; Food; PizzaTopping; VegetableTopping",2,3
"2hop-PetitPoisTopping_PetitPoisTopping_dynamic_1_PetitPoisTopping_dynamic_1-PetitPoisTopping_dynamic_1-rdf:type-Food-BIN","PetitPoisTopping_PetitPoisTopping_dynamic_1",117,15,"Membership","BIN","ASK WHERE { <http://www.example.com/genealogy.owl#PetitPoisTopping_dynamic_1> <http://www.w3.org/1999/02/22-rdf-syntax-ns#type> <http://www.example.com/genealogy.owl#Food> }","rdf:type","TRUE",4,4
"2hop-PetitPoisTopping_PetitPoisTopping_dynamic_1_PetitPoisTopping_dynamic_1-PetitPoisTopping_dynamic_1-rdf:type-American-NEG-BIN","PetitPoisTopping_PetitPoisTopping_dynamic_1",117,15,"Membership","BIN","ASK WHERE { <http://www.example.com/genealogy.owl#PetitPoisTopping_dynamic_1> <http://www.w3.org/1999/02/22-rdf-syntax-ns#type> <http://www.example.com/genealogy.owl#American> }","rdf:type","FALSE",4,4
"2hop-PineKernels_PineKernels_dynamic_1_PineKernels_dynamic_1-PineKernels_dynamic_1-rdf:type-MC","PineKernels_PineKernels_dynamic_1",117,18,"Membership","MC","SELECT ?x WHERE { <http://www.example.com/genealogy.owl#PineKernels_dynamic_1> <http://www.w3.org/1999/02/22-rdf-syntax-ns#type> ?x }","rdf:type","DomainConcept; Food; NutTopping; PizzaTopping",2,3
"2hop-PineKernels_PineKernels_dynamic_1_PineKernels_dynamic_1-PineKernels_dynamic_1-isToppingOf-MC","PineKernels_PineKernels_dynamic_1",117,18,"Property Assertion","MC","SELECT ?x WHERE { <http://www.example.com/genealogy.owl#PineKernels_dynamic_1> <http://www.example.com/genealogy.owl#isToppingOf> ?x }","isToppingOf","Veneziana_141; Veneziana_153; Veneziana_191; Veneziana_213; Veneziana_218; Veneziana_225; Veneziana_238; Veneziana_45; Veneziana_60; Veneziana_61; Veneziana_65",2,2
"2hop-PineKernels_PineKernels_dynamic_1_PineKernels_dynamic_1-PineKernels_dynamic_1-isToppingOf-Veneziana_141-BIN","PineKernels_PineKernels_dynamic_1",117,18,"Property Assertion","BIN","ASK WHERE { <http://www.example.com/genealogy.owl#PineKernels_dynamic_1> <http://www.example.com/genealogy.owl#isToppingOf> <http://www.example.com/genealogy.owl#Veneziana_141> }","isToppingOf","TRUE",2,2
"2hop-PineKernels_PineKernels_dynamic_1_PineKernels_dynamic_1-PineKernels_dynamic_1-isToppingOf-CaperTopping_dynamic_1-NEG-BIN","PineKernels_PineKernels_dynamic_1",117,18,"Property Assertion","BIN","ASK WHERE { <http://www.example.com/genealogy.owl#PineKernels_dynamic_1> <http://www.example.com/genealogy.owl#isToppingOf> <http://www.example.com/genealogy.owl#CaperTopping_dynamic_1> }","isToppingOf","FALSE",2,2
"2hop-PineKernels_PineKernels_dynamic_1_PineKernels_dynamic_1-PineKernels_dynamic_1-rdf:type-Food-BIN","PineKernels_PineKernels_dynamic_1",117,18,"Membership","BIN","ASK WHERE { <http://www.example.com/genealogy.owl#PineKernels_dynamic_1> <http://www.w3.org/1999/02/22-rdf-syntax-ns#type> <http://www.example.com/genealogy.owl#Food> }","rdf:type","TRUE",4,4
"2hop-PineKernels_PineKernels_dynamic_1_PineKernels_dynamic_1-PineKernels_dynamic_1-rdf:type-American-NEG-BIN","PineKernels_PineKernels_dynamic_1",117,18,"Membership","BIN","ASK WHERE { <http://www.example.com/genealogy.owl#PineKernels_dynamic_1> <http://www.w3.org/1999/02/22-rdf-syntax-ns#type> <http://www.example.com/genealogy.owl#American> }","rdf:type","FALSE",4,4
"2hop-PrawnsTopping_PrawnsTopping_dynamic_1_PrawnsTopping_dynamic_1-PrawnsTopping_dynamic_1-isToppingOf-MC","PrawnsTopping_PrawnsTopping_dynamic_1",117,19,"Property Assertion","MC","SELECT ?x WHERE { <http://www.example.com/genealogy.owl#PrawnsTopping_dynamic_1> <http://www.example.com/genealogy.owl#isToppingOf> ?x }","isToppingOf","Cajun_108; Cajun_110; Cajun_112; Cajun_138; Cajun_140; Cajun_17; Cajun_181; Cajun_193; Cajun_197; Cajun_198; Cajun_229; Cajun_242; Cajun_92",2,2
"2hop-PrawnsTopping_PrawnsTopping_dynamic_1_PrawnsTopping_dynamic_1-PrawnsTopping_dynamic_1-rdf:type-MC","PrawnsTopping_PrawnsTopping_dynamic_1",117,19,"Membership","MC","SELECT ?x WHERE { <http://www.example.com/genealogy.owl#PrawnsTopping_dynamic_1> <http://www.w3.org/1999/02/22-rdf-syntax-ns#type> ?x }","rdf:type","DomainConcept; FishTopping; Food; PizzaTopping",2,3
"2hop-PrawnsTopping_PrawnsTopping_dynamic_1_PrawnsTopping_dynamic_1-PrawnsTopping_dynamic_1-isToppingOf-Cajun_108-BIN","PrawnsTopping_PrawnsTopping_dynamic_1",117,19,"Property Assertion","BIN","ASK WHERE { <http://www.example.com/genealogy.owl#PrawnsTopping_dynamic_1> <http://www.example.com/genealogy.owl#isToppingOf> <http://www.example.com/genealogy.owl#Cajun_108> }","isToppingOf","TRUE",2,2
"2hop-PrawnsTopping_PrawnsTopping_dynamic_1_PrawnsTopping_dynamic_1-PrawnsTopping_dynamic_1-isToppingOf-MozzarellaTopping_dynamic_1-NEG-BIN","PrawnsTopping_PrawnsTopping_dynamic_1",117,19,"Property Assertion","BIN","ASK WHERE { <http://www.example.com/genealogy.owl#PrawnsTopping_dynamic_1> <http://www.example.com/genealogy.owl#isToppingOf> <http://www.example.com/genealogy.owl#MozzarellaTopping_dynamic_1> }","isToppingOf","FALSE",2,2
"2hop-PrawnsTopping_PrawnsTopping_dynamic_1_PrawnsTopping_dynamic_1-PrawnsTopping_dynamic_1-rdf:type-FishTopping-BIN","PrawnsTopping_PrawnsTopping_dynamic_1",117,19,"Membership","BIN","ASK WHERE { <http://www.example.com/genealogy.owl#PrawnsTopping_dynamic_1> <http://www.w3.org/1999/02/22-rdf-syntax-ns#type> <http://www.example.com/genealogy.owl#FishTopping> }","rdf:type","TRUE",2,2
"2hop-PrawnsTopping_PrawnsTopping_dynamic_1_PrawnsTopping_dynamic_1-PrawnsTopping_dynamic_1-rdf:type-American-NEG-BIN","PrawnsTopping_PrawnsTopping_dynamic_1",117,19,"Membership","BIN","ASK WHERE { <http://www.example.com/genealogy.owl#PrawnsTopping_dynamic_1> <http://www.w3.org/1999/02/22-rdf-syntax-ns#type> <http://www.example.com/genealogy.owl#American> }","rdf:type","FALSE",2,2
"2hop-RedOnionTopping_RedOnionTopping_dynamic_1_RedOnionTopping_dynamic_1-RedOnionTopping_dynamic_1-isToppingOf-MC","RedOnionTopping_RedOnionTopping_dynamic_1",117,18,"Property Assertion","MC","SELECT ?x WHERE { <http://www.example.com/genealogy.owl#RedOnionTopping_dynamic_1> <http://www.example.com/genealogy.owl#isToppingOf> ?x }","isToppingOf","PolloAdAstra_11; PolloAdAstra_115; PolloAdAstra_178; PolloAdAstra_18; PolloAdAstra_205; PolloAdAstra_22; PolloAdAstra_33; PolloAdAstra_70; PolloAdAstra_74; PolloAdAstra_91; PolloAdAstra_95",2,2
"2hop-RedOnionTopping_RedOnionTopping_dynamic_1_RedOnionTopping_dynamic_1-RedOnionTopping_dynamic_1-isToppingOf-PolloAdAstra_11-BIN","RedOnionTopping_RedOnionTopping_dynamic_1",117,18,"Property Assertion","BIN","ASK WHERE { <http://www.example.com/genealogy.owl#RedOnionTopping_dynamic_1> <http://www.example.com/genealogy.owl#isToppingOf> <http://www.example.com/genealogy.owl#PolloAdAstra_11> }","isToppingOf","TRUE",2,2
"2hop-RedOnionTopping_RedOnionTopping_dynamic_1_RedOnionTopping_dynamic_1-RedOnionTopping_dynamic_1-isToppingOf-CajunSpiceTopping_dynamic_1-NEG-BIN","RedOnionTopping_RedOnionTopping_dynamic_1",117,18,"Property Assertion","BIN","ASK WHERE { <http://www.example.com/genealogy.owl#RedOnionTopping_dynamic_1> <http://www.example.com/genealogy.owl#isToppingOf> <http://www.example.com/genealogy.owl#CajunSpiceTopping_dynamic_1> }","isToppingOf","FALSE",2,2
"2hop-RedOnionTopping_RedOnionTopping_dynamic_1_RedOnionTopping_dynamic_1-RedOnionTopping_dynamic_1-rdf:type-MC","RedOnionTopping_RedOnionTopping_dynamic_1",117,18,"Membership","MC","SELECT ?x WHERE { <http://www.example.com/genealogy.owl#RedOnionTopping_dynamic_1> <http://www.w3.org/1999/02/22-rdf-syntax-ns#type> ?x }","rdf:type","DomainConcept; Food; OnionTopping; PizzaTopping; VegetableTopping",2,2
"2hop-RedOnionTopping_RedOnionTopping_dynamic_1_RedOnionTopping_dynamic_1-RedOnionTopping_dynamic_1-rdf:type-Food-BIN","RedOnionTopping_RedOnionTopping_dynamic_1",117,18,"Membership","BIN","ASK WHERE { <http://www.example.com/genealogy.owl#RedOnionTopping_dynamic_1> <http://www.w3.org/1999/02/22-rdf-syntax-ns#type> <http://www.example.com/genealogy.owl#Food> }","rdf:type","TRUE",5,5
"2hop-RedOnionTopping_RedOnionTopping_dynamic_1_RedOnionTopping_dynamic_1-RedOnionTopping_dynamic_1-rdf:type-American-NEG-BIN","RedOnionTopping_RedOnionTopping_dynamic_1",117,18,"Membership","BIN","ASK WHERE { <http://www.example.com/genealogy.owl#RedOnionTopping_dynamic_1> <http://www.w3.org/1999/02/22-rdf-syntax-ns#type> <http://www.example.com/genealogy.owl#American> }","rdf:type","FALSE",5,5
"2hop-RocketTopping_RocketTopping_dynamic_1_RocketTopping_dynamic_1-RocketTopping_dynamic_1-isToppingOf-MC","RocketTopping_RocketTopping_dynamic_1",117,25,"Property Assertion","MC","SELECT ?x WHERE { <http://www.example.com/genealogy.owl#RocketTopping_dynamic_1> <http://www.example.com/genealogy.owl#isToppingOf> ?x }","isToppingOf","Soho_104; Soho_105; Soho_106; Soho_134; Soho_14; Soho_142; Soho_180; Soho_183; Soho_204; Soho_210; Soho_236; Soho_243; Soho_25; Soho_3; Soho_41; Soho_54; Soho_67; Soho_7; Soho_87",2,2
"2hop-RocketTopping_RocketTopping_dynamic_1_RocketTopping_dynamic_1-RocketTopping_dynamic_1-rdf:type-MC","RocketTopping_RocketTopping_dynamic_1",117,25,"Membership","MC","SELECT ?x WHERE { <http://www.example.com/genealogy.owl#RocketTopping_dynamic_1> <http://www.w3.org/1999/02/22-rdf-syntax-ns#type> ?x }","rdf:type","DomainConcept; Food; PizzaTopping; VegetableTopping",5,5
"2hop-RocketTopping_RocketTopping_dynamic_1_RocketTopping_dynamic_1-RocketTopping_dynamic_1-rdf:type-Food-BIN","RocketTopping_RocketTopping_dynamic_1",117,25,"Membership","BIN","ASK WHERE { <http://www.example.com/genealogy.owl#RocketTopping_dynamic_1> <http://www.w3.org/1999/02/22-rdf-syntax-ns#type> <http://www.example.com/genealogy.owl#Food> }","rdf:type","TRUE",4,4
"2hop-RocketTopping_RocketTopping_dynamic_1_RocketTopping_dynamic_1-RocketTopping_dynamic_1-rdf:type-American-NEG-BIN","RocketTopping_RocketTopping_dynamic_1",117,25,"Membership","BIN","ASK WHERE { <http://www.example.com/genealogy.owl#RocketTopping_dynamic_1> <http://www.w3.org/1999/02/22-rdf-syntax-ns#type> <http://www.example.com/genealogy.owl#American> }","rdf:type","FALSE",4,4
"2hop-RocketTopping_RocketTopping_dynamic_1_RocketTopping_dynamic_1-RocketTopping_dynamic_1-isToppingOf-Soho_104-BIN","RocketTopping_RocketTopping_dynamic_1",117,25,"Property Assertion","BIN","ASK WHERE { <http://www.example.com/genealogy.owl#RocketTopping_dynamic_1> <http://www.example.com/genealogy.owl#isToppingOf> <http://www.example.com/genealogy.owl#Soho_104> }","isToppingOf","TRUE",2,2
"2hop-RocketTopping_RocketTopping_dynamic_1_RocketTopping_dynamic_1-RocketTopping_dynamic_1-isToppingOf-GarlicTopping_dynamic_1-NEG-BIN","RocketTopping_RocketTopping_dynamic_1",117,25,"Property Assertion","BIN","ASK WHERE { <http://www.example.com/genealogy.owl#RocketTopping_dynamic_1> <http://www.example.com/genealogy.owl#isToppingOf> <http://www.example.com/genealogy.owl#GarlicTopping_dynamic_1> }","isToppingOf","FALSE",2,2
"2hop-RosemaryTopping_RosemaryTopping_dynamic_1_RosemaryTopping_dynamic_1-RosemaryTopping_dynamic_1-rdf:type-Food-BIN","RosemaryTopping_RosemaryTopping_dynamic_1",117,15,"Membership","BIN","ASK WHERE { <http://www.example.com/genealogy.owl#RosemaryTopping_dynamic_1> <http://www.w3.org/1999/02/22-rdf-syntax-ns#type> <http://www.example.com/genealogy.owl#Food> }","rdf:type","TRUE",4,4
"2hop-RosemaryTopping_RosemaryTopping_dynamic_1_RosemaryTopping_dynamic_1-RosemaryTopping_dynamic_1-rdf:type-American-NEG-BIN","RosemaryTopping_RosemaryTopping_dynamic_1",117,15,"Membership","BIN","ASK WHERE { <http://www.example.com/genealogy.owl#RosemaryTopping_dynamic_1> <http://www.w3.org/1999/02/22-rdf-syntax-ns#type> <http://www.example.com/genealogy.owl#American> }","rdf:type","FALSE",4,4
"2hop-RosemaryTopping_RosemaryTopping_dynamic_1_RosemaryTopping_dynamic_1-RosemaryTopping_dynamic_1-rdf:type-MC","RosemaryTopping_RosemaryTopping_dynamic_1",117,15,"Membership","MC","SELECT ?x WHERE { <http://www.example.com/genealogy.owl#RosemaryTopping_dynamic_1> <http://www.w3.org/1999/02/22-rdf-syntax-ns#type> ?x }","rdf:type","DomainConcept; Food; HerbSpiceTopping; PizzaTopping",4,4
"2hop-RosemaryTopping_RosemaryTopping_dynamic_1_RosemaryTopping_dynamic_1-RosemaryTopping_dynamic_1-isToppingOf-MC","RosemaryTopping_RosemaryTopping_dynamic_1",117,15,"Property Assertion","MC","SELECT ?x WHERE { <http://www.example.com/genealogy.owl#RosemaryTopping_dynamic_1> <http://www.example.com/genealogy.owl#isToppingOf> ?x }","isToppingOf","PrinceCarlo_100; PrinceCarlo_122; PrinceCarlo_155; PrinceCarlo_172; PrinceCarlo_187; PrinceCarlo_39; PrinceCarlo_8; PrinceCarlo_85; PrinceCarlo_86; PrinceCarlo_93",2,2
"2hop-RosemaryTopping_RosemaryTopping_dynamic_1_RosemaryTopping_dynamic_1-RosemaryTopping_dynamic_1-isToppingOf-PrinceCarlo_100-BIN","RosemaryTopping_RosemaryTopping_dynamic_1",117,15,"Property Assertion","BIN","ASK WHERE { <http://www.example.com/genealogy.owl#RosemaryTopping_dynamic_1> <http://www.example.com/genealogy.owl#isToppingOf> <http://www.example.com/genealogy.owl#PrinceCarlo_100> }","isToppingOf","TRUE",2,2
"2hop-RosemaryTopping_RosemaryTopping_dynamic_1_RosemaryTopping_dynamic_1-RosemaryTopping_dynamic_1-isToppingOf-LeekTopping_dynamic_1-NEG-BIN","RosemaryTopping_RosemaryTopping_dynamic_1",117,15,"Property Assertion","BIN","ASK WHERE { <http://www.example.com/genealogy.owl#RosemaryTopping_dynamic_1> <http://www.example.com/genealogy.owl#isToppingOf> <http://www.example.com/genealogy.owl#LeekTopping_dynamic_1> }","isToppingOf","FALSE",2,2
"2hop-SlicedTomatoTopping_SlicedTomatoTopping_dynamic_1_SlicedTomatoTopping_dynamic_1-SlicedTomatoTopping_dynamic_1-rdf:type-MC","SlicedTomatoTopping_SlicedTomatoTopping_dynamic_1",117,15,"Membership","MC","SELECT ?x WHERE { <http://www.example.com/genealogy.owl#SlicedTomatoTopping_dynamic_1> <http://www.w3.org/1999/02/22-rdf-syntax-ns#type> ?x }","rdf:type","DomainConcept; Food; PizzaTopping; TomatoTopping; VegetableTopping",3,3
"2hop-SlicedTomatoTopping_SlicedTomatoTopping_dynamic_1_SlicedTomatoTopping_dynamic_1-SlicedTomatoTopping_dynamic_1-isToppingOf-MC","SlicedTomatoTopping_SlicedTomatoTopping_dynamic_1",117,15,"Property Assertion","MC","SELECT ?x WHERE { <http://www.example.com/genealogy.owl#SlicedTomatoTopping_dynamic_1> <http://www.example.com/genealogy.owl#isToppingOf> ?x }","isToppingOf","Giardiniera_118; Giardiniera_175; Giardiniera_176; Giardiniera_206; Giardiniera_226; Giardiniera_4; Giardiniera_48",2,2
"2hop-SlicedTomatoTopping_SlicedTomatoTopping_dynamic_1_SlicedTomatoTopping_dynamic_1-SlicedTomatoTopping_dynamic_1-isToppingOf-Giardiniera_118-BIN","SlicedTomatoTopping_SlicedTomatoTopping_dynamic_1",117,15,"Property Assertion","BIN","ASK WHERE { <http://www.example.com/genealogy.owl#SlicedTomatoTopping_dynamic_1> <http://www.example.com/genealogy.owl#isToppingOf> <http://www.example.com/genealogy.owl#Giardiniera_118> }","isToppingOf","TRUE",2,2
"2hop-SlicedTomatoTopping_SlicedTomatoTopping_dynamic_1_SlicedTomatoTopping_dynamic_1-SlicedTomatoTopping_dynamic_1-isToppingOf-LeekTopping_dynamic_1-NEG-BIN","SlicedTomatoTopping_SlicedTomatoTopping_dynamic_1",117,15,"Property Assertion","BIN","ASK WHERE { <http://www.example.com/genealogy.owl#SlicedTomatoTopping_dynamic_1> <http://www.example.com/genealogy.owl#isToppingOf> <http://www.example.com/genealogy.owl#LeekTopping_dynamic_1> }","isToppingOf","FALSE",2,2
"2hop-SlicedTomatoTopping_SlicedTomatoTopping_dynamic_1_SlicedTomatoTopping_dynamic_1-SlicedTomatoTopping_dynamic_1-rdf:type-Food-BIN","SlicedTomatoTopping_SlicedTomatoTopping_dynamic_1",117,15,"Membership","BIN","ASK WHERE { <http://www.example.com/genealogy.owl#SlicedTomatoTopping_dynamic_1> <http://www.w3.org/1999/02/22-rdf-syntax-ns#type> <http://www.example.com/genealogy.owl#Food> }","rdf:type","TRUE",5,5
"2hop-SlicedTomatoTopping_SlicedTomatoTopping_dynamic_1_SlicedTomatoTopping_dynamic_1-SlicedTomatoTopping_dynamic_1-rdf:type-American-NEG-BIN","SlicedTomatoTopping_SlicedTomatoTopping_dynamic_1",117,15,"Membership","BIN","ASK WHERE { <http://www.example.com/genealogy.owl#SlicedTomatoTopping_dynamic_1> <http://www.w3.org/1999/02/22-rdf-syntax-ns#type> <http://www.example.com/genealogy.owl#American> }","rdf:type","FALSE",5,5
"2hop-SpinachTopping_SpinachTopping_dynamic_1_SpinachTopping_dynamic_1-SpinachTopping_dynamic_1-rdf:type-MC","SpinachTopping_SpinachTopping_dynamic_1",117,16,"Membership","MC","SELECT ?x WHERE { <http://www.example.com/genealogy.owl#SpinachTopping_dynamic_1> <http://www.w3.org/1999/02/22-rdf-syntax-ns#type> ?x }","rdf:type","DomainConcept; Food; PizzaTopping; VegetableTopping",2,3
"2hop-SpinachTopping_SpinachTopping_dynamic_1_SpinachTopping_dynamic_1-SpinachTopping_dynamic_1-isToppingOf-MC","SpinachTopping_SpinachTopping_dynamic_1",117,16,"Property Assertion","MC","SELECT ?x WHERE { <http://www.example.com/genealogy.owl#SpinachTopping_dynamic_1> <http://www.example.com/genealogy.owl#isToppingOf> ?x }","isToppingOf","Fiorentina_130; Fiorentina_145; Fiorentina_149; Fiorentina_156; Fiorentina_222; Fiorentina_232; Fiorentina_234; Fiorentina_241; Fiorentina_84; Fiorentina_99",2,2
"2hop-SpinachTopping_SpinachTopping_dynamic_1_SpinachTopping_dynamic_1-SpinachTopping_dynamic_1-isToppingOf-Fiorentina_130-BIN","SpinachTopping_SpinachTopping_dynamic_1",117,16,"Property Assertion","BIN","ASK WHERE { <http://www.example.com/genealogy.owl#SpinachTopping_dynamic_1> <http://www.example.com/genealogy.owl#isToppingOf> <http://www.example.com/genealogy.owl#Fiorentina_130> }","isToppingOf","TRUE",2,2
"2hop-SpinachTopping_SpinachTopping_dynamic_1_SpinachTopping_dynamic_1-SpinachTopping_dynamic_1-isToppingOf-GarlicTopping_dynamic_1-NEG-BIN","SpinachTopping_SpinachTopping_dynamic_1",117,16,"Property Assertion","BIN","ASK WHERE { <http://www.example.com/genealogy.owl#SpinachTopping_dynamic_1> <http://www.example.com/genealogy.owl#isToppingOf> <http://www.example.com/genealogy.owl#GarlicTopping_dynamic_1> }","isToppingOf","FALSE",2,2
"2hop-SpinachTopping_SpinachTopping_dynamic_1_SpinachTopping_dynamic_1-SpinachTopping_dynamic_1-rdf:type-Food-BIN","SpinachTopping_SpinachTopping_dynamic_1",117,16,"Membership","BIN","ASK WHERE { <http://www.example.com/genealogy.owl#SpinachTopping_dynamic_1> <http://www.w3.org/1999/02/22-rdf-syntax-ns#type> <http://www.example.com/genealogy.owl#Food> }","rdf:type","TRUE",4,4
"2hop-SpinachTopping_SpinachTopping_dynamic_1_SpinachTopping_dynamic_1-SpinachTopping_dynamic_1-rdf:type-American-NEG-BIN","SpinachTopping_SpinachTopping_dynamic_1",117,16,"Membership","BIN","ASK WHERE { <http://www.example.com/genealogy.owl#SpinachTopping_dynamic_1> <http://www.w3.org/1999/02/22-rdf-syntax-ns#type> <http://www.example.com/genealogy.owl#American> }","rdf:type","FALSE",4,4
"2hop-SultanaTopping_SultanaTopping_dynamic_1_SultanaTopping_dynamic_1-SultanaTopping_dynamic_1-isToppingOf-Veneziana_141-BIN","SultanaTopping_SultanaTopping_dynamic_1",117,18,"Property Assertion","BIN","ASK WHERE { <http://www.example.com/genealogy.owl#SultanaTopping_dynamic_1> <http://www.example.com/genealogy.owl#isToppingOf> <http://www.example.com/genealogy.owl#Veneziana_141> }","isToppingOf","TRUE",2,2
"2hop-SultanaTopping_SultanaTopping_dynamic_1_SultanaTopping_dynamic_1-SultanaTopping_dynamic_1-isToppingOf-CaperTopping_dynamic_1-NEG-BIN","SultanaTopping_SultanaTopping_dynamic_1",117,18,"Property Assertion","BIN","ASK WHERE { <http://www.example.com/genealogy.owl#SultanaTopping_dynamic_1> <http://www.example.com/genealogy.owl#isToppingOf> <http://www.example.com/genealogy.owl#CaperTopping_dynamic_1> }","isToppingOf","FALSE",2,2
"2hop-SultanaTopping_SultanaTopping_dynamic_1_SultanaTopping_dynamic_1-SultanaTopping_dynamic_1-isToppingOf-MC","SultanaTopping_SultanaTopping_dynamic_1",117,18,"Property Assertion","MC","SELECT ?x WHERE { <http://www.example.com/genealogy.owl#SultanaTopping_dynamic_1> <http://www.example.com/genealogy.owl#isToppingOf> ?x }","isToppingOf","Veneziana_141; Veneziana_153; Veneziana_191; Veneziana_213; Veneziana_218; Veneziana_225; Veneziana_238; Veneziana_45; Veneziana_60; Veneziana_61; Veneziana_65",2,2
"2hop-SultanaTopping_SultanaTopping_dynamic_1_SultanaTopping_dynamic_1-SultanaTopping_dynamic_1-rdf:type-Food-BIN","SultanaTopping_SultanaTopping_dynamic_1",117,18,"Membership","BIN","ASK WHERE { <http://www.example.com/genealogy.owl#SultanaTopping_dynamic_1> <http://www.w3.org/1999/02/22-rdf-syntax-ns#type> <http://www.example.com/genealogy.owl#Food> }","rdf:type","TRUE",4,4
"2hop-SultanaTopping_SultanaTopping_dynamic_1_SultanaTopping_dynamic_1-SultanaTopping_dynamic_1-rdf:type-American-NEG-BIN","SultanaTopping_SultanaTopping_dynamic_1",117,18,"Membership","BIN","ASK WHERE { <http://www.example.com/genealogy.owl#SultanaTopping_dynamic_1> <http://www.w3.org/1999/02/22-rdf-syntax-ns#type> <http://www.example.com/genealogy.owl#American> }","rdf:type","FALSE",4,4
"2hop-SultanaTopping_SultanaTopping_dynamic_1_SultanaTopping_dynamic_1-SultanaTopping_dynamic_1-rdf:type-MC","SultanaTopping_SultanaTopping_dynamic_1",117,18,"Membership","MC","SELECT ?x WHERE { <http://www.example.com/genealogy.owl#SultanaTopping_dynamic_1> <http://www.w3.org/1999/02/22-rdf-syntax-ns#type> ?x }","rdf:type","DomainConcept; Food; FruitTopping; PizzaTopping",4,4
"2hop-SundriedTomatoTopping_SundriedTomatoTopping_dynamic_1_SundriedTomatoTopping_dynamic_1-SundriedTomatoTopping_dynamic_1-rdf:type-MC","SundriedTomatoTopping_SundriedTomatoTopping_dynamic_1",117,10,"Membership","MC","SELECT ?x WHERE { <http://www.example.com/genealogy.owl#SundriedTomatoTopping_dynamic_1> <http://www.w3.org/1999/02/22-rdf-syntax-ns#type> ?x }","rdf:type","DomainConcept; Food; PizzaTopping; TomatoTopping; VegetableTopping",2,2
"2hop-SundriedTomatoTopping_SundriedTomatoTopping_dynamic_1_SundriedTomatoTopping_dynamic_1-SundriedTomatoTopping_dynamic_1-isToppingOf-MC","SundriedTomatoTopping_SundriedTomatoTopping_dynamic_1",117,10,"Property Assertion","MC","SELECT ?x WHERE { <http://www.example.com/genealogy.owl#SundriedTomatoTopping_dynamic_1> <http://www.example.com/genealogy.owl#isToppingOf> ?x }","isToppingOf","Caprina_10; Caprina_133; Caprina_194; Caprina_227; Caprina_36; Caprina_75",2,2
"2hop-SundriedTomatoTopping_SundriedTomatoTopping_dynamic_1_SundriedTomatoTopping_dynamic_1-SundriedTomatoTopping_dynamic_1-isToppingOf-Caprina_10-BIN","SundriedTomatoTopping_SundriedTomatoTopping_dynamic_1",117,10,"Property Assertion","BIN","ASK WHERE { <http://www.example.com/genealogy.owl#SundriedTomatoTopping_dynamic_1> <http://www.example.com/genealogy.owl#isToppingOf> <http://www.example.com/genealogy.owl#Caprina_10> }","isToppingOf","TRUE",2,2
"2hop-SundriedTomatoTopping_SundriedTomatoTopping_dynamic_1_SundriedTomatoTopping_dynamic_1-SundriedTomatoTopping_dynamic_1-isToppingOf-GoatsCheeseTopping_dynamic_1-NEG-BIN","SundriedTomatoTopping_SundriedTomatoTopping_dynamic_1",117,10,"Property Assertion","BIN","ASK WHERE { <http://www.example.com/genealogy.owl#SundriedTomatoTopping_dynamic_1> <http://www.example.com/genealogy.owl#isToppingOf> <http://www.example.com/genealogy.owl#GoatsCheeseTopping_dynamic_1> }","isToppingOf","FALSE",2,2
"2hop-SundriedTomatoTopping_SundriedTomatoTopping_dynamic_1_SundriedTomatoTopping_dynamic_1-SundriedTomatoTopping_dynamic_1-rdf:type-Food-BIN","SundriedTomatoTopping_SundriedTomatoTopping_dynamic_1",117,10,"Membership","BIN","ASK WHERE { <http://www.example.com/genealogy.owl#SundriedTomatoTopping_dynamic_1> <http://www.w3.org/1999/02/22-rdf-syntax-ns#type> <http://www.example.com/genealogy.owl#Food> }","rdf:type","TRUE",5,5
"2hop-SundriedTomatoTopping_SundriedTomatoTopping_dynamic_1_SundriedTomatoTopping_dynamic_1-SundriedTomatoTopping_dynamic_1-rdf:type-American-NEG-BIN","SundriedTomatoTopping_SundriedTomatoTopping_dynamic_1",117,10,"Membership","BIN","ASK WHERE { <http://www.example.com/genealogy.owl#SundriedTomatoTopping_dynamic_1> <http://www.w3.org/1999/02/22-rdf-syntax-ns#type> <http://www.example.com/genealogy.owl#American> }","rdf:type","FALSE",5,5
"2hop-SweetPepperTopping_SweetPepperTopping_dynamic_1_SweetPepperTopping_dynamic_1-SweetPepperTopping_dynamic_1-rdf:type-Food-BIN","SweetPepperTopping_SweetPepperTopping_dynamic_1",117,18,"Membership","BIN","ASK WHERE { <http://www.example.com/genealogy.owl#SweetPepperTopping_dynamic_1> <http://www.w3.org/1999/02/22-rdf-syntax-ns#type> <http://www.example.com/genealogy.owl#Food> }","rdf:type","TRUE",5,5
"2hop-SweetPepperTopping_SweetPepperTopping_dynamic_1_SweetPepperTopping_dynamic_1-SweetPepperTopping_dynamic_1-rdf:type-American-NEG-BIN","SweetPepperTopping_SweetPepperTopping_dynamic_1",117,18,"Membership","BIN","ASK WHERE { <http://www.example.com/genealogy.owl#SweetPepperTopping_dynamic_1> <http://www.w3.org/1999/02/22-rdf-syntax-ns#type> <http://www.example.com/genealogy.owl#American> }","rdf:type","FALSE",5,5
"2hop-SweetPepperTopping_SweetPepperTopping_dynamic_1_SweetPepperTopping_dynamic_1-SweetPepperTopping_dynamic_1-rdf:type-MC","SweetPepperTopping_SweetPepperTopping_dynamic_1",117,18,"Membership","MC","SELECT ?x WHERE { <http://www.example.com/genealogy.owl#SweetPepperTopping_dynamic_1> <http://www.w3.org/1999/02/22-rdf-syntax-ns#type> ?x }","rdf:type","DomainConcept; Food; PepperTopping; PizzaTopping; VegetableTopping",5,5
"2hop-SweetPepperTopping_SweetPepperTopping_dynamic_1_SweetPepperTopping_dynamic_1-SweetPepperTopping_dynamic_1-isToppingOf-MC","SweetPepperTopping_SweetPepperTopping_dynamic_1",117,18,"Property Assertion","MC","SELECT ?x WHERE { <http://www.example.com/genealogy.owl#SweetPepperTopping_dynamic_1> <http://www.example.com/genealogy.owl#isToppingOf> ?x }","isToppingOf","PolloAdAstra_11; PolloAdAstra_115; PolloAdAstra_178; PolloAdAstra_18; PolloAdAstra_205; PolloAdAstra_22; PolloAdAstra_33; PolloAdAstra_70; PolloAdAstra_74; PolloAdAstra_91; PolloAdAstra_95",2,2
"2hop-SweetPepperTopping_SweetPepperTopping_dynamic_1_SweetPepperTopping_dynamic_1-SweetPepperTopping_dynamic_1-isToppingOf-PolloAdAstra_11-BIN","SweetPepperTopping_SweetPepperTopping_dynamic_1",117,18,"Property Assertion","BIN","ASK WHERE { <http://www.example.com/genealogy.owl#SweetPepperTopping_dynamic_1> <http://www.example.com/genealogy.owl#isToppingOf> <http://www.example.com/genealogy.owl#PolloAdAstra_11> }","isToppingOf","TRUE",2,2
"2hop-SweetPepperTopping_SweetPepperTopping_dynamic_1_SweetPepperTopping_dynamic_1-SweetPepperTopping_dynamic_1-isToppingOf-CajunSpiceTopping_dynamic_1-NEG-BIN","SweetPepperTopping_SweetPepperTopping_dynamic_1",117,18,"Property Assertion","BIN","ASK WHERE { <http://www.example.com/genealogy.owl#SweetPepperTopping_dynamic_1> <http://www.example.com/genealogy.owl#isToppingOf> <http://www.example.com/genealogy.owl#CajunSpiceTopping_dynamic_1> }","isToppingOf","FALSE",2,2
"2hop-TobascoPepperSauce_TobascoPepperSauce_dynamic_1_TobascoPepperSauce_dynamic_1-TobascoPepperSauce_dynamic_1-isToppingOf-MC","TobascoPepperSauce_TobascoPepperSauce_dynamic_1",117,19,"Property Assertion","MC","SELECT ?x WHERE { <http://www.example.com/genealogy.owl#TobascoPepperSauce_dynamic_1> <http://www.example.com/genealogy.owl#isToppingOf> ?x }","isToppingOf","Cajun_108; Cajun_110; Cajun_112; Cajun_138; Cajun_140; Cajun_17; Cajun_181; Cajun_193; Cajun_197; Cajun_198; Cajun_229; Cajun_242; Cajun_92",2,2
"2hop-TobascoPepperSauce_TobascoPepperSauce_dynamic_1_TobascoPepperSauce_dynamic_1-TobascoPepperSauce_dynamic_1-rdf:type-Food-BIN","TobascoPepperSauce_TobascoPepperSauce_dynamic_1",117,19,"Membership","BIN","ASK WHERE { <http://www.example.com/genealogy.owl#TobascoPepperSauce_dynamic_1> <http://www.w3.org/1999/02/22-rdf-syntax-ns#type> <http://www.example.com/genealogy.owl#Food> }","rdf:type","TRUE",4,4
"2hop-TobascoPepperSauce_TobascoPepperSauce_dynamic_1_TobascoPepperSauce_dynamic_1-TobascoPepperSauce_dynamic_1-rdf:type-American-NEG-BIN","TobascoPepperSauce_TobascoPepperSauce_dynamic_1",117,19,"Membership","BIN","ASK WHERE { <http://www.example.com/genealogy.owl#TobascoPepperSauce_dynamic_1> <http://www.w3.org/1999/02/22-rdf-syntax-ns#type> <http://www.example.com/genealogy.owl#American> }","rdf:type","FALSE",4,4
"2hop-TobascoPepperSauce_TobascoPepperSauce_dynamic_1_TobascoPepperSauce_dynamic_1-TobascoPepperSauce_dynamic_1-rdf:type-MC","TobascoPepperSauce_TobascoPepperSauce_dynamic_1",117,19,"Membership","MC","SELECT ?x WHERE { <http://www.example.com/genealogy.owl#TobascoPepperSauce_dynamic_1> <http://www.w3.org/1999/02/22-rdf-syntax-ns#type> ?x }","rdf:type","DomainConcept; Food; PizzaTopping; SauceTopping",4,4
"2hop-TobascoPepperSauce_TobascoPepperSauce_dynamic_1_TobascoPepperSauce_dynamic_1-TobascoPepperSauce_dynamic_1-isToppingOf-Cajun_108-BIN","TobascoPepperSauce_TobascoPepperSauce_dynamic_1",117,19,"Property Assertion","BIN","ASK WHERE { <http://www.example.com/genealogy.owl#TobascoPepperSauce_dynamic_1> <http://www.example.com/genealogy.owl#isToppingOf> <http://www.example.com/genealogy.owl#Cajun_108> }","isToppingOf","TRUE",2,2
"2hop-TobascoPepperSauce_TobascoPepperSauce_dynamic_1_TobascoPepperSauce_dynamic_1-TobascoPepperSauce_dynamic_1-isToppingOf-MozzarellaTopping_dynamic_1-NEG-BIN","TobascoPepperSauce_TobascoPepperSauce_dynamic_1",117,19,"Property Assertion","BIN","ASK WHERE { <http://www.example.com/genealogy.owl#TobascoPepperSauce_dynamic_1> <http://www.example.com/genealogy.owl#isToppingOf> <http://www.example.com/genealogy.owl#MozzarellaTopping_dynamic_1> }","isToppingOf","FALSE",2,2
"2hop-TomatoTopping_TomatoTopping_dynamic_1_TomatoTopping_dynamic_1-TomatoTopping_dynamic_1-isToppingOf-MC","TomatoTopping_TomatoTopping_dynamic_1",117,287,"Property Assertion","MC","SELECT ?x WHERE { <http://www.example.com/genealogy.owl#TomatoTopping_dynamic_1> <http://www.example.com/genealogy.owl#isToppingOf> ?x }","isToppingOf","AmericanHot_131; AmericanHot_136; AmericanHot_139; AmericanHot_177; AmericanHot_179; AmericanHot_186; AmericanHot_19; AmericanHot_199; AmericanHot_237; AmericanHot_239; AmericanHot_50; AmericanHot_63; AmericanHot_64; AmericanHot_79; American_107; American_13; American_143; American_158; American_162; American_2; American_215; American_245; American_27; American_68; American_69; American_94; Cajun_108; Cajun_110; Cajun_112; Cajun_138; Cajun_140; Cajun_17; Cajun_181; Cajun_193; Cajun_197; Cajun_198; Cajun_229; Cajun_242; Cajun_92; Capricciosa_101; Capricciosa_117; Capricciosa_119; Capricciosa_125; Capricciosa_159; Capricciosa_16; Capricciosa_202; Capricciosa_212; Capricciosa_216; Capricciosa_46; Capricciosa_47; Capricciosa_57; Capricciosa_72; Caprina_10; Caprina_133; Caprina_194; Caprina_227; Caprina_36; Caprina_75; Fiorentina_130; Fiorentina_145; Fiorentina_149; Fiorentina_156; Fiorentina_222; Fiorentina_232; Fiorentina_234; Fiorentina_241; Fiorentina_84; Fiorentina_99; FourSeasons_127; FourSeasons_146; FourSeasons_171; FourSeasons_174; FourSeasons_182; FourSeasons_188; FourSeasons_190; FourSeasons_233; FourSeasons_235; FourSeasons_56; FourSeasons_62; FourSeasons_88; FourSeasons_89; FourSeasons_9; FourSeasons_90; FruttiDiMare_114; FruttiDiMare_128; FruttiDiMare_160; FruttiDiMare_163; FruttiDiMare_207; FruttiDiMare_214; FruttiDiMare_240; FruttiDiMare_244; FruttiDiMare_26; FruttiDiMare_28; FruttiDiMare_32; FruttiDiMare_37; FruttiDiMare_38; Giardiniera_118; Giardiniera_175; Giardiniera_176; Giardiniera_206; Giardiniera_226; Giardiniera_4; Giardiniera_48; LaReine_123; LaReine_15; LaReine_184; LaReine_209; LaReine_217; LaReine_230; LaReine_231; LaReine_246; LaReine_49; LaReine_59; LaReine_71; Margherita_12; Margherita_144; Margherita_150; Margherita_192; Margherita_29; Margherita_31; Margherita_73; Margherita_77; Margherita_97; Mushroom_1; Mushroom_103; Mushroom_124; Mushroom_152; Mushroom_170; Mushroom_200; Mushroom_21; Mushroom_224; Mushroom_35; Mushroom_40; Mushroom_5; Mushroom_80; Napoletana_102; Napoletana_126; Napoletana_151; Napoletana_169; Napoletana_189; Napoletana_195; Napoletana_203; Napoletana_211; Napoletana_248; Napoletana_83; Parmense_121; Parmense_129; Parmense_165; Parmense_173; Parmense_221; Parmense_23; Parmense_30; Parmense_43; Parmense_55; Parmense_76; Parmense_78; Parmense_96; PolloAdAstra_11; PolloAdAstra_115; PolloAdAstra_178; PolloAdAstra_18; PolloAdAstra_205; PolloAdAstra_22; PolloAdAstra_33; PolloAdAstra_70; PolloAdAstra_74; PolloAdAstra_91; PolloAdAstra_95; PrinceCarlo_100; PrinceCarlo_122; PrinceCarlo_155; PrinceCarlo_172; PrinceCarlo_187; PrinceCarlo_39; PrinceCarlo_8; PrinceCarlo_85; PrinceCarlo_86; PrinceCarlo_93; QuattroFormaggi_111; QuattroFormaggi_116; QuattroFormaggi_120; QuattroFormaggi_137; QuattroFormaggi_168; QuattroFormaggi_185; QuattroFormaggi_219; QuattroFormaggi_223; QuattroFormaggi_51; QuattroFormaggi_66; QuattroFormaggi_81; Rosa_135; Rosa_161; Rosa_166; Rosa_201; Rosa_208; Rosa_82; Siciliana_0; Siciliana_109; Siciliana_113; Siciliana_154; Siciliana_157; Siciliana_164; Siciliana_167; Siciliana_196; Siciliana_220; Siciliana_247; Siciliana_42; Siciliana_44; Siciliana_52; Siciliana_6; SloppyGiuseppe_132; SloppyGiuseppe_147; SloppyGiuseppe_148; SloppyGiuseppe_20; SloppyGiuseppe_228; SloppyGiuseppe_24; SloppyGiuseppe_249; SloppyGiuseppe_34; SloppyGiuseppe_53; SloppyGiuseppe_58; SloppyGiuseppe_98; Soho_104; Soho_105; Soho_106; Soho_134; Soho_14; Soho_142; Soho_180; Soho_183; Soho_204; Soho_210; Soho_236; Soho_243; Soho_25; Soho_3; Soho_41; Soho_54; Soho_67; Soho_7; Soho_87; Veneziana_141; Veneziana_153; Veneziana_191; Veneziana_213; Veneziana_218; Veneziana_225; Veneziana_238; Veneziana_45; Veneziana_60; Veneziana_61; Veneziana_65",2,2
"2hop-TomatoTopping_TomatoTopping_dynamic_1_TomatoTopping_dynamic_1-TomatoTopping_dynamic_1-rdf:type-MC","TomatoTopping_TomatoTopping_dynamic_1",117,287,"Membership","MC","SELECT ?x WHERE { <http://www.example.com/genealogy.owl#TomatoTopping_dynamic_1> <http://www.w3.org/1999/02/22-rdf-syntax-ns#type> ?x }","rdf:type","DomainConcept; Food; PizzaTopping; VegetableTopping",2,2
"2hop-TomatoTopping_TomatoTopping_dynamic_1_TomatoTopping_dynamic_1-TomatoTopping_dynamic_1-isToppingOf-AmericanHot_131-BIN","TomatoTopping_TomatoTopping_dynamic_1",117,287,"Property Assertion","BIN","ASK WHERE { <http://www.example.com/genealogy.owl#TomatoTopping_dynamic_1> <http://www.example.com/genealogy.owl#isToppingOf> <http://www.example.com/genealogy.owl#AmericanHot_131> }","isToppingOf","TRUE",2,2
"2hop-TomatoTopping_TomatoTopping_dynamic_1_TomatoTopping_dynamic_1-TomatoTopping_dynamic_1-isToppingOf-AnchoviesTopping_dynamic_1-NEG-BIN","TomatoTopping_TomatoTopping_dynamic_1",117,287,"Property Assertion","BIN","ASK WHERE { <http://www.example.com/genealogy.owl#TomatoTopping_dynamic_1> <http://www.example.com/genealogy.owl#isToppingOf> <http://www.example.com/genealogy.owl#AnchoviesTopping_dynamic_1> }","isToppingOf","FALSE",2,2
"2hop-TomatoTopping_TomatoTopping_dynamic_1_TomatoTopping_dynamic_1-TomatoTopping_dynamic_1-rdf:type-Food-BIN","TomatoTopping_TomatoTopping_dynamic_1",117,287,"Membership","BIN","ASK WHERE { <http://www.example.com/genealogy.owl#TomatoTopping_dynamic_1> <http://www.w3.org/1999/02/22-rdf-syntax-ns#type> <http://www.example.com/genealogy.owl#Food> }","rdf:type","TRUE",4,4
"2hop-TomatoTopping_TomatoTopping_dynamic_1_TomatoTopping_dynamic_1-TomatoTopping_dynamic_1-rdf:type-American-NEG-BIN","TomatoTopping_TomatoTopping_dynamic_1",117,287,"Membership","BIN","ASK WHERE { <http://www.example.com/genealogy.owl#TomatoTopping_dynamic_1> <http://www.w3.org/1999/02/22-rdf-syntax-ns#type> <http://www.example.com/genealogy.owl#American> }","rdf:type","FALSE",4,4
